image	C:/Users/diogo/OneDrive - Universidade de Lisboa/Ambiente de Trabalho/CYSK_Workspace/HPACellCytoskeleton/tosoax1.tiff
intensity-scaling	0
gaussian-std	1
ridge-threshold	0.01
maximum-foreground	65535
minimum-foreground	0
init-z	true
snake-point-spacing	1
minimum-snake-length	4
maximum-iterations	10000
change-threshold	0.1
check-period	100
alpha	0.01
beta	0.1
gamma	2
external-factor	1
stretch-factor	0.2
number-of-background-radial-sectors	8
background-z-xy-ratio	2.88
radial-near	4
radial-far	8
delta	4
overlap-threshold	1
grouping-distance-threshold	4
grouping-delta	8
minimum-angle-for-soac-linking	2.1
damp-z	false

s           p           x           y           z      fg_int      bg_int
#1
0           0     122.793     313.022           0     1.16119           0
0           1     122.334     313.912           0      154.79           0
0           2     121.871     314.799           0     221.996           0
0           3     121.418     315.692           0     135.515           0
0           4     120.968     316.587           0     246.883           0
0           5     120.553     317.498           0     127.559           0
0           6     120.206     318.437           0     202.465           0
0           7     119.863     319.378           0     220.106           0
0           8     119.513     320.316           0     128.743           0
0           9     119.118     321.235           0     224.976           0
0          10     118.679     322.135           0     160.819           0
0          11     118.235     323.033           0     195.039           0
0          12     117.802     323.936           0      204.63           0
0          13     117.435     324.867           0     139.654           0
0          14     117.152     325.827           0     216.141           0
0          15     116.925     326.802           0     235.811           0
0          16     116.691     327.776           0     176.159           0
0          17     116.434     328.743           0     135.691           0
0          18     116.188     329.714           0     207.012           0
0          19      115.96     330.689           0     244.922           0
0          20     115.703     331.656           0     179.343           0
0          21     115.377     332.603           0     133.953           0
0          22     114.989     333.526           0     252.287           0
0          23     114.592     334.445           0     130.089           0
0          24     114.228     335.378           0     196.828           0
0          25     113.892     336.321           0     227.567           0
0          26     113.574      337.27           0     136.174           0
0          27     113.258      338.22           0     189.219           0
0          28     112.942      339.17           0      240.24           0
0          29     112.626      340.12           0     151.953           0
0          30     112.307     341.069           0     176.693           0
0          31      111.99     342.019           0     252.549           0
0          32      111.68     342.971           0      173.32           0
0          33     111.387     343.928           0     152.092           0
0          34     111.135     344.897           0     220.562           0
0          35     110.912     345.873           0     232.462           0
0          36     110.674     346.845           0     171.802           0
0          37     110.415     347.813           0     141.094           0
0          38     110.168     348.783           0     212.285           0
0          39      109.94     349.758           0     239.765           0
0          40     109.703      350.73           0     179.231           0
0          41     109.446     351.698           0     132.948           0
0          42     109.197     352.668           0     204.853           0
0          43     108.967     353.642           0     246.478           0
0          44     108.731     354.615           0     186.478           0
0          45     108.478     355.584           0     128.454           0
0          46     108.228     356.553           0     196.981           0
0          47     107.996     357.527           0     254.107           0
0          48     107.761       358.5           0     194.098           0
0          49     107.494     359.465           0      127.39           0
0          50     107.193      360.42           0     205.751           0
0          51     106.866     361.366           0     220.756           0
0          52     106.511     362.302           0     128.566           0
0          53     106.124     363.226           0     223.428     10.3974
0          54     105.733     364.147           0     169.319     40.1533
0          55      105.39     365.088           0     155.574           0
0          56     105.104     366.048           0      228.39           0
0          57     104.811     367.005           0     206.932           0
0          58     104.416     367.924           0     106.058           0
0          59     103.905     368.785           0     181.193     2.40271
0          60     103.381     369.638           0     135.886     88.6378
0          61     103.015      370.57           0     251.171           0
0          62       102.9     371.563           0     229.527           0
0          63     102.919     372.564           0     234.382           0
0          64     102.971     373.564           0     247.571           0
0          65     103.055     374.561           0      241.05           0
0          66      103.23     375.547           0     196.276           0
0          67     103.564     376.491           0     181.766           0
0          68     104.057     377.362           0     158.756     21.1449
0          69     104.623     378.187           0     158.829     37.3014
0          70     105.174     379.023           0     206.755     39.0191
0          71     105.677     379.889           0     162.631     40.8679
0          72     106.145     380.774           0     218.101      53.274
0          73     106.595     381.668           0     135.636     4.24101
0          74     107.041     382.565           0     244.659           0
0          75     107.484     383.462           0     127.803           0
0          76     107.919     384.364           0     234.331           0
0          77     108.333     385.276           0     146.623           0
0          78     108.706     386.205           0     180.091           0
0          79     109.044     387.147           0     243.778           0
0          80     109.364     388.096           0     155.456           0
0          81     109.686     389.044           0     174.922           0
0          82     110.032     389.983           0     246.914           0
0          83     110.431     390.901           0     144.985           0
0          84       110.9     391.786           0      185.82     9.77748
0          85     111.412     392.647           0     120.886     45.7329
0          86     111.925     393.506           0     235.775     44.2984
0          87     112.421     394.376           0     132.526     36.0249
0          88     112.913     395.248           0     232.701     36.2013
0          89     113.428     396.106           0     142.019     3.22417
0          90      113.97     396.948           0     234.885           0
0          91     114.526     397.781           0     131.205           0
0          92      115.08     398.614           0     234.576           0
0          93     115.634     399.449           0     124.003           0
0          94     116.184     400.285           0     162.146           0
0          95     116.716     401.133           0     182.622           0
0          96     117.221     401.998           0      198.77           0
0          97     117.709     402.872           0     167.142           0
0          98      118.21     403.739           0     201.488           0
0          99     118.739     404.589           0       138.3           0
0         100     119.289     405.425           0     135.548           0
0         101     119.844     406.259           0     215.101           0
0         102      120.39     407.097           0     150.009           0
0         103      120.91     407.953           0     222.241           0
0         104     121.356      408.85           0     101.789           0
0         105     121.689     409.793           0     175.781     76.0539
0         106     121.966     410.755           0     246.313     99.8466
0         107     122.318     411.692           0     109.679     36.4551
0         108     122.795     412.572           0     202.786           0
0         109     123.321     413.424           0     134.432           0
0         110     123.837     414.282           0     213.399           0
0         111     124.354     415.139           0     154.299           0
0         112     124.939     415.952           0     228.633           0
0         113     125.638     416.668           0     92.3945           0
0         114      126.41     417.305           0           0           0
0         115     127.154     417.975           0      38.239     2.38749
0         116     127.697     418.815           0     177.776    0.482264
0         117     127.875     419.799           0     223.001           0
0         118      127.89       420.8           0      226.88           0
0         119      128.08     421.782           0     234.643       33.68
0         120     128.547     422.668           0     131.499     26.6696
0         121     129.107     423.497           0     128.016     2.73181
0         122     129.631     424.351           0     160.889           0
0         123       130.1     425.235           0     229.511      1.0516
0         124     130.583     426.112           0     111.151     9.32432
0         125     131.156     426.933           0     200.864     33.2328
0         126     131.834     427.669           0     156.365     18.7121
0         127       132.6     428.314           0     118.079     16.2875
0         128     133.426      428.88           0     224.319      17.293
0         129     134.274     429.411           0       137.7     18.1702
0         130     135.093     429.987           0     251.749     15.2827
0         131     135.835      430.66           0     86.7607     19.2746
0         132     136.513     431.396           0           0     18.1367
0         133     137.201     432.124           0     31.5524     19.0041
0         134     137.956     432.781           0     199.146     14.3327
0         135     138.768     433.366           0     161.661     36.2171
0         136     139.576     433.957           0     145.312     17.3707
0         137     140.358     434.583           0      121.51     29.9251
0         138     141.158     435.184           0     222.115     36.8249
0         139     142.044     435.651           0     165.924     21.5891
0         140     143.001     435.942           0     240.115     23.0145
0         141     143.981     436.148           0     217.309     16.6241
0         142     144.957     436.373           0     159.784     3.81244
0         143     145.919      436.65           0      159.49     1.27809
0         144     146.872     436.955           0     243.573           0
0         145     147.824     437.265           0     187.488           0
0         146     148.782     437.558           0     135.858           0
0         147     149.748     437.819           0     208.919           0
0         148     150.717      438.07           0      237.15           0
0         149     151.669     438.379           0     158.244           0
0         150      152.58     438.796           0     139.532           0
0         151     153.444     439.301           0     133.162           0
0         152     154.281     439.851           0     217.089           0
0         153     155.081     440.453           0     137.628           0
0         154     155.825     441.122           0     184.659           0
0         155     156.514     441.849           0     129.982           0
0         156     157.197     442.581           0     204.768           0
0         157     157.953     443.237           0     66.7217           0
0         158     158.828     443.723           0     184.326           0
0         159     159.774     444.051           0     241.926           0
0         160     160.739     444.315           0     174.634           0
0         161     161.708      444.57           0     134.898           0
0         162     162.684     444.789           0     201.095           0
0         163     163.676     444.927           0     236.396           0
0         164     164.676     444.984           0     250.881           0
0         165     165.677     444.999           0     254.686     17.9637
0         166     166.678     445.022           0     249.493     30.2453
0         167     167.675     445.104           0     228.594     27.9828
0         168      168.66     445.281           0     183.225     28.0201
0         169     169.627     445.542           0     130.219     14.1373
0         170     170.581     445.845           0     215.538     15.4166
0         171     171.526     446.177           0     209.842     21.5993
0         172     172.457     446.545           0     126.506     11.0652
0         173     173.357     446.984           0     250.829     4.13793
0         174     174.209     447.509           0     126.177     8.91934
0         175     175.006     448.116           0     224.446     16.8662
0         176     175.757     448.777           0     163.826     35.6593
0         177     176.478     449.471           0     127.815     34.2734
0         178     177.187     450.179           0     178.794     19.9323
0         179     177.892      450.89           0     205.379     46.7768
0         180     178.595     451.602           0     132.463     48.1431
0         181       179.3     452.313           0     146.547     44.9988
0         182     180.017     453.012           0     247.696     20.5857
0         183     180.769     453.673           0     151.241     23.6814
0         184     181.586     454.251           0      116.52     16.9728
0         185     182.489     454.684           0     174.461     7.75205
0         186     183.445     454.982           0     250.516           0
0         187     184.417     455.222           0     198.323           0
0         188     185.384     455.481           0     128.638           0
0         189     186.343     455.768           0     195.924           0
0         190     187.302     456.057           0     240.552           0
0         191     188.219     456.457           0     133.608           0
0         192     189.115     456.904           0     230.545           0
0         193     189.994     457.384           0     156.995     9.38703
0         194     190.864      457.88           0     197.911     13.4607
0         195     191.725     458.391           0     42.7917     21.9115
#1
1           0     112.414     413.847           0     165.663     76.3657
1           1     113.348     413.496           0     128.475     8.41376
1           2     114.312      413.24           0     193.749           0
1           3     115.298     413.086           0     233.082           0
1           4     116.293     413.013           0     251.625           0
1           5     117.288     412.946           0     241.217           0
1           6     118.276     412.806           0     205.593           0
1           7     119.241     412.554           0     134.633           0
1           8     120.162      412.17           0     211.765           0
1           9     121.019      411.66           0     166.782     43.3002
1          10     121.808      411.05           0     198.313     35.9445
1          11     122.579     410.416           0     107.375     75.0633
1          12     123.426     409.889           0           0           0
1          13     124.332     409.472           0           0           0
1          14      125.26     409.105           0     59.3033           0
1          15     126.185     408.731           0     164.699           0
1          16      127.11     408.359           0     163.541           0
1          17     128.044     408.009           0     252.792           0
1          18     128.988     407.684           0     174.484           0
1          19     129.933     407.365           0     157.269           0
1          20     130.871     407.025           0     248.498           0
1          21     131.774     406.602           0      153.51      4.1205
1          22      132.61     406.057           0     152.335     16.8514
1          23     133.377     405.419           0      122.38     21.9773
1          24     134.148     404.786           0     225.439     14.3172
1          25     135.008     404.281           0     183.247     19.2228
1          26     135.944     403.934           0     238.259     13.3998
1          27     136.893     403.629           0     160.307           0
1          28     137.827     403.278           0     164.581           0
1          29     138.741     402.877           0     223.726           0
1          30     139.668     402.508           0     126.788           0
1          31     140.626     402.231           0     196.164           0
1          32     141.608     402.055           0      240.88           0
1          33     142.597     401.922           0     235.091           0
1          34     143.575     401.728           0     185.553           0
1          35     144.524      401.42           0     128.487           0
1          36     145.425     400.991           0     252.738           0
1          37     146.272     400.463           0     123.237           0
1          38     147.067     399.862           0     207.317           0
1          39     147.836     399.226           0     174.477           0
1          40     148.601     398.585           0     123.101           0
1          41     149.386      397.97           0     250.263           0
1          42      150.23     397.438           0     222.031           0
1          43      151.18     397.135           0     67.9358     2.46763
1          44     152.172     397.026           0     248.496     28.5971
1          45     153.169     396.996           0      253.96     62.7185
1          46     154.166     396.959           0     244.492     36.8826
1          47     155.156     396.835           0     213.038      27.444
1          48     156.121     396.584           0     143.709     31.1156
1          49      157.05     396.219           0     199.055     24.2751
1          50     157.947     395.783           0      199.64     15.7618
1          51     158.839     395.335           0      155.98     9.61389
1          52     159.726     394.879           0     224.099           0
1          53     160.619     394.434           0     131.486           0
1          54     161.516     393.998           0     254.458           0
1          55     162.425     393.588           0      130.84           0
1          56     163.354     393.224           0     197.861           0
1          57     164.295     392.891           0     227.321           0
1          58     165.244     392.585           0     138.642     9.38132
1          59     166.203     392.307           0     176.598     57.2897
1          60     167.173     392.075           0      235.77       35.15
1          61     168.146     391.858           0     192.057     43.6676
1          62     169.092     391.539           0     130.179           0
1          63      169.92     390.984           0      250.85           0
1          64     170.677     390.334           0     142.534           0
1          65     171.508     389.781           0     199.238     19.1929
1          66     172.416     389.369           0     121.925     75.4621
1          67     173.332     388.973           0     248.012     42.6779
1          68     174.215     388.509           0      128.83     5.14087
1          69     175.062     387.981           0     235.067           0
1          70     175.894     387.431           0     141.289     7.81832
1          71      176.72     386.871           0     222.115      63.202
1          72     177.532     386.292           0     130.861     15.3213
1          73     178.315     385.673           0     143.891           0
1          74     179.089     385.045           0     221.718     12.7098
1          75     179.866     384.419           0     142.629     36.2546
1          76      180.62     383.766           0     195.286     40.4976
1          77     181.321     383.055           0     86.8098     52.3321
1          78     181.965     382.293           0     245.982     31.9348
1          79     182.654     381.572           0     159.562           0
1          80     183.466     380.993           0     253.122           0
1          81     184.348     380.527           0     129.566           0
1          82     185.252     380.104           0     228.355           0
1          83      186.15      379.67           0     157.799           0
1          84     187.038     379.215           0     200.076           0
1          85       187.9     378.713           0     181.714           0
1          86     188.742     378.178           0      167.22           0
1          87     189.569      377.62           0     123.307           0
1          88     190.403     377.072           0     236.563           0
1          89     191.236     376.523           0     130.642           0
1          90     192.064     375.967           0     231.415           0
1          91     192.893     375.413           0     145.036           0
1          92     193.714     374.845           0     215.565           0
1          93     194.491      374.22           0     126.232           0
1          94     195.154     373.475           0     123.087           0
1          95     195.648     372.608           0     165.188           0
1          96     195.977     371.666           0      249.06     8.72728
1          97     196.201     370.694           0      203.76     64.1577
1          98     196.362      369.71           0     189.426     4.04649
1          99     196.441     368.715           0     214.351     10.4586
1         100     196.379     367.719           0     114.009    0.681804
1         101     196.222     366.734           0       198.3           0
1         102     196.081     365.747           0     234.387           0
1         103     196.056     364.749           0     240.805           0
1         104     196.214     363.764           0     200.362           0
1         105     196.579     362.836           0     113.988           0
1         106     197.123         362           0     223.586           0
1         107     197.768     361.239           0     163.218           0
1         108     198.458     360.518           0     127.892           0
1         109     199.162     359.812           0     181.168           0
1         110     199.874     359.112           0     201.405           0
1         111      200.61     358.439           0     130.906           0
1         112     201.405     357.836           0      143.79           0
1         113     202.288     357.373           0     159.905           0
1         114     203.249     357.104           0     228.427           0
1         115     204.245     357.052           0     241.856           0
1         116     205.233     357.195           0       205.3           0
1         117     206.184     357.496           0     128.179           0
1         118     207.098     357.896           0     206.111           0
1         119     208.001     358.318           0           0           0
#1
2           0     237.496     574.456           0      57.736      24.803
2           1     237.928     575.357           0     236.649     21.4354
2           2     238.361     576.257           0     144.743     21.0003
2           3       238.8     577.154           0     203.977     32.6561
2           4     239.258     578.041           0      184.08     15.5214
2           5     239.715     578.929           0     174.564     8.45976
2           6     240.175     579.816           0     210.338     4.63658
2           7     240.617     580.711           0     140.118           0
2           8     241.103     581.584           0     228.747           0
2           9     241.622     582.437           0      123.59           0
2          10     242.175     583.269           0     165.828           0
2          11     242.729       584.1           0     185.829           0
2          12     243.297     584.921           0     179.256           0
2          13     243.887     585.727           0     172.311           0
2          14     244.508     586.509           0     127.537           0
2          15     245.127     587.293           0     166.926           0
2          16     245.711     588.103           0     181.283           0
2          17     246.275     588.927           0     184.878           0
2          18     246.844     589.748           0     170.994           0
2          19     247.467     590.528           0     127.032           0
2          20     248.166     591.241           0     222.822           0
2          21     248.965     591.841           0      215.76           0
2          22     249.814     592.367           0     161.499           0
2          23     250.653     592.908           0     159.441           0
2          24     251.445     593.517           0     127.036           0
2          25     252.215     594.153           0     177.918           0
2          26     253.015     594.751           0     188.755           0
2          27     253.869     595.269           0     24.4934           0
2          28     254.763     595.713           0     138.812           0
2          29     255.668     596.136           0     220.367     4.19635
2          30     256.575     596.553           0     129.543     19.9505
2          31     257.479     596.979           0     249.624      33.722
2          32      258.39     597.389           0     133.765     1.25727
2          33     259.319     597.754           0     192.329           0
2          34     260.257     598.096           0     230.491           0
2          35     261.194     598.442           0       136.5           0
2          36     262.119      598.82           0     209.154           0
2          37      263.04     599.205           0     196.684           0
2          38     263.989     599.518           0     131.895           0
2          39     264.959     599.753           0      191.91           0
2          40     265.924     600.012           0      251.85           0
2          41     266.855     600.372           0     104.278     7.98195
2          42     267.771      600.77           0     196.374     18.5781
2          43     268.682      601.18           0     209.124           0
2          44     269.595     601.584           0     131.591           0
2          45     270.499     602.008           0     252.868           0
2          46     271.397     602.446           0     130.338           0
2          47     272.292     602.889           0     226.651           0
2          48     273.182     603.342           0     153.138           0
2          49     274.077     603.785           0       200.2           0
2          50     274.976      604.22           0     198.869           0
2          51     275.898     604.606           0     148.915           0
2          52     276.837     604.944           0     240.794           0
2          53     277.784     605.263           0     188.003           0
2          54     278.732     605.575           0     136.358     2.18122
2          55     279.681     605.887           0     226.244           0
2          56     280.629     606.202           0     203.535           0
2          57     281.598     606.443           0     209.574     1.99632
2          58     282.597     606.445           0     187.263     69.1772
2          59      283.58     606.272           0     185.578     8.82069
2          60     284.564     606.099           0     229.655           0
2          61     285.551     605.951           0     242.394           0
2          62     286.525     605.727           0     185.338     40.8757
2          63     287.437      605.32           0     121.687     15.1525
2          64     288.201     604.678           0      172.81     53.0523
2          65     288.799     603.878           0     24.9046     4.16052
2          66      289.37     603.058           0     240.138           0
2          67     290.096     602.372           0     101.176     8.98004
2          68     290.994     601.936           0     237.133      73.377
2          69     291.907     601.532           0     135.557     16.6698
2          70      292.77     601.028           0      192.43     2.55103
2          71     293.555      600.41           0     129.992           0
2          72     294.273     599.717           0     152.593           0
2          73     294.936      598.97           0     231.609           0
2          74     295.538     598.173           0     133.875           0
2          75     296.059     597.321           0     239.875           0
2          76     296.477     596.414           0      126.47           0
2          77     296.777     595.461           0     198.159           0
2          78     296.954     594.479           0     243.339           0
2          79     297.009     593.481           0     252.814           0
2          80     296.936     592.485           0     238.718           0
2          81     296.702     591.514           0     179.044           0
2          82     296.285     590.607           0     115.769           0
2          83     295.709     589.791           0     158.548           0
2          84     295.047     589.043           0     232.972           0
2          85     294.348     588.331           0     140.671           0
2          86     293.638     587.628           0     136.495           0
2          87     292.927     586.926           0     220.364           0
2          88     292.229     586.212           0     167.288           0
2          89     291.517     585.512           0     127.602           0
2          90     290.802     584.815           0     175.944           0
2          91     290.093     584.112           0     208.204           0
2          92     289.389     583.403           0     133.003           0
2          93     288.688     582.692           0      121.31           0
2          94     287.987      581.98           0           0           0
#1
3           0     289.502     602.012           0     128.563     8.83638
3           1     289.289     601.035           0     181.296     40.0024
3           2     289.105     600.052           0      228.23     36.6525
3           3     289.014     599.056           0     251.465     34.0722
3           4     288.971     598.057           0     247.702     31.1157
3           5     288.919     597.058           0     234.349     21.2757
3           6     288.857      596.06           0     13.1471     4.12274
#1
4           0     140.206     45.0397           0     2.08788           0
4           1     140.679     45.9194           0     159.137           0
4           2     141.156     46.7964           0      215.16           0
4           3     141.612     47.6852           0     138.035           0
4           4     142.052     48.5813           0     241.685           0
4           5      142.48     49.4836           0     127.668           0
4           6     142.926     50.3768           0     236.226           0
4           7     143.346     51.2828           0     144.514           0
4           8     143.715     52.2107           0     182.406           0
4           9     144.052     53.1507           0     241.622           0
4          10     144.391     54.0901           0     150.271           0
4          11     144.772     55.0134           0     196.754           0
4          12     145.204     55.9135           0     203.006           0
4          13     145.658     56.8027           0     151.953           0
4          14      146.16      57.666           0     214.136           0
4          15     146.714     58.4969           0     127.159           0
4          16     147.326     59.2864           0     146.504           0
4          17      147.95     60.0656           0     226.356           0
4          18     148.542     60.8697           0     135.463           0
4          19     149.075     61.7144           0     235.934           0
4          20     149.555     62.5901           0     130.014           0
4          21     150.036     63.4652           0      245.91           0
4          22     150.549     64.3215           0     122.994           0
4          23       151.1     65.1548           0     197.979           0
4          24     151.656     65.9842           0      165.98           0
4          25     152.219     66.8086           0     199.087           0
4          26     152.796     67.6238           0      146.19           0
4          27     153.405     68.4152           0     131.608           0
4          28     154.022     69.2005           0     200.535           0
4          29     154.647     69.9791           0     163.437           0
4          30     155.361     70.6772           0     225.278           0
4          31     156.251     71.1301           0     221.825     43.6215
4          32     157.219      71.376           0     159.115     35.2691
4          33     158.168     71.6861           0     95.9888     42.9382
4          34      159.04      72.173           0     204.245     41.6346
4          35     159.845     72.7633           0     173.865      48.386
4          36     160.638     73.3711           0     118.454     16.7525
4          37     161.451     73.9509           0     242.486           0
4          38     162.262     74.5325           0     123.565           0
4          39     163.044     75.1534           0     208.033           0
4          40      163.79     75.8173           0     174.482           0
4          41     164.507     76.5123           0     127.546           0
4          42     165.213     77.2188           0     168.647           0
4          43     165.928     77.9157           0     218.298           0
4          44     166.678     78.5749           0     134.314           0
4          45     167.481      79.169           0     130.705           0
4          46     168.326     79.7005           0     178.619           0
4          47     169.146     80.2713           0      195.89           0
4          48     169.835     80.9941           0     213.083           0
4          49     170.393     81.8223           0     154.897           0
4          50     170.942     82.6562           0     162.702           0
4          51     171.576     83.4279           0     124.715           0
4          52     172.289     84.1263           0     167.633           0
4          53     173.033     84.7927           0     202.126           0
4          54     173.731     85.5073           0     125.644           0
4          55     174.383     86.2635           0           0           0
4          56     175.038     87.0167           0      4.2712           0
4          57     175.783      87.682           0     173.901           0
4          58     176.605     88.2495           0     191.386           0
4          59     177.428     88.8143           0     115.997           0
4          60     178.169     89.4839           0     130.226           0
4          61     178.806      90.253           0       205.5           0
4          62     179.396     91.0584           0      150.88           0
4          63     179.999     91.8544           0     217.718           0
4          64     180.648     92.6137           0     136.065           0
4          65     181.335     93.3379           0     141.122           0
4          66     182.051      94.034           0     234.161           0
4          67     182.793     94.7028           0      157.78           0
4          68     183.551     95.3529           0     123.696           0
4          69     184.294       96.02           0     249.909           0
4          70     184.951     96.7721           0     58.1071           0
4          71     185.517     97.5944           0      78.394           0
4          72     186.037     98.4469           0     245.513           0
4          73     186.572     99.2901           0     119.765           0
4          74     187.171     100.089           0     196.454           0
4          75     187.796     100.868           0     183.042           0
4          76     188.401     101.662           0     119.306           0
4          77     188.946     102.499           0     241.208           0
4          78     189.434      103.37           0     131.848           0
4          79     189.879     104.264           0       224.2           0
4          80     190.292     105.174           0     162.144     11.4554
4          81     190.637     106.111           0     162.478     33.1301
4          82     190.936     107.063           0     238.804     33.5807
4          83     191.282         108           0     183.226      19.519
4          84     191.798     108.855           0     225.484     26.2856
4          85      192.47     109.594           0     126.067     8.32926
4          86     193.196     110.279           0     161.768           0
4          87     193.922     110.964           0     227.526           0
4          88     194.612     111.687           0     138.145           0
4          89     195.249     112.455           0     133.205           0
4          90     195.831     113.267           0     211.967           0
4          91     196.407     114.083           0     147.298           0
4          92     197.013     114.876           0       220.5           0
4          93     197.666     115.632           0     138.667           0
4          94     198.353     116.357           0     138.247           0
4          95     199.055     117.067           0     225.805           0
4          96      199.76     117.774           0     163.836           0
4          97     200.468     118.478           0     127.854           0
4          98     201.192     119.166           0     179.967           0
4          99     201.955      119.81           0     199.433           0
4         100      202.77     120.387           0     111.909           0
4         101     203.623     120.907           0     231.296           0
4         102     204.458     121.454           0       192.2           0
4         103     205.212     122.108           0     184.924           0
4         104     205.868     122.861           0     195.392           0
4         105     206.454      123.67           0     123.514           0
4         106     206.976     124.522           0     248.818           0
4         107     207.451       125.4           0     130.021           0
4         108     207.894     126.295           0     227.908           0
4         109     208.317     127.199           0      155.58           0
4         110      208.69     128.126           0     176.075           0
4         111     209.024     129.067           0     248.843           0
4         112     209.338     130.015           0     167.522           0
4         113     209.653     130.962           0     163.487           0
4         114     209.967      131.91           0      246.61           0
4         115     210.302     132.851           0     178.029           0
4         116     210.677     133.776           0     152.452           0
4         117     211.102      134.68           0     229.041           0
4         118      211.54     135.578           0      129.07           0
4         119     211.977     136.475           0      249.07           0
4         120     212.391     137.384           0     133.948           0
4         121     212.756     138.313           0     192.864           0
4         122     213.088     139.255           0     232.441           0
4         123     213.402     140.203           0      142.37           0
4         124     213.714     141.152           0     182.151           0
4         125     214.031     142.099           0     247.009           0
4         126     214.368     143.039           0     158.479           0
4         127     214.752     143.961           0     186.667           0
4         128     215.185      144.86           0     207.813           0
4         129     215.628     145.756           0     144.121           0
4         130      216.08     146.646           0      234.67           0
4         131     216.524      147.54           0     127.995           0
4         132      216.96     148.439           0      244.75           0
4         133     217.373     149.348           0      137.34           0
4         134     217.739     150.277           0     188.517           0
4         135     218.079     151.216           0     234.957           0
4         136     218.423     152.153           0      141.18           0
4         137     218.806     153.075           0     205.579           0
4         138     219.221     153.984           0     198.592           0
4         139     219.604     154.906           0     149.119           0
4         140     219.946     155.844           0     241.135           0
4         141     220.268     156.789           0     186.767           0
4         142     220.584     157.737           0     137.611           0
4         143     220.898     158.684           0     229.062           0
4         144     221.214     159.632           0     200.474           0
4         145     221.514     160.584           0     128.088           0
4         146      221.78     161.547           0      198.87           0
4         147      222.01     162.519           0      252.45           0
4         148      222.24      163.49           0     193.734           0
4         149     222.495     164.456           0     127.613           0
4         150     222.736     165.425           0     187.746           0
4         151     222.904     166.409           0     230.566           0
4         152     222.994     167.404           0     253.398           0
4         153     223.075     168.399           0     235.756           0
4         154     223.228     169.386           0     196.787           0
4         155     223.464     170.356           0     130.145           0
4         156     223.721     171.321           0     183.764           0
4         157     223.914     172.301           0     233.183           0
4         158     223.998     173.296           0     254.431           0
4         159     223.958     174.294           0     244.225           0
4         160     223.768     175.274           0     195.907           0
4         161     223.416     176.208           0     114.947           0
4         162     222.948      177.09           0     220.996           0
4         163     222.492     177.979           0     129.564           0
4         164     222.181     178.928           0     208.942     14.1661
4         165     222.025     179.914           0     248.519           0
4         166     221.948      180.91           0     241.689           0
4         167     221.864     181.905           0     220.441           0
4         168     221.755     182.897           0     19.7532     15.5726
#1
5           0     155.209     70.8838           0     248.797           0
5           1     155.287     71.8775           0       190.8     21.0523
5           2     155.185      72.869           0     207.738     51.0669
5           3     155.102     73.8623           0     228.889     61.1677
5           4     155.128     74.8587           0     222.243     49.1155
5           5     155.294     75.8415           0     180.005     37.2587
5           6     155.566     76.8005           0      137.58     10.6812
5           7     155.821      77.764           0      209.39           0
5           8     156.046     78.7351           0     243.387           0
5           9     156.284      79.703           0       182.7           0
5          10     156.562       80.66           0     132.571           0
5          11     156.868     81.6087           0     221.254           0
5          12     157.184     82.5538           0     207.967           0
5          13     157.487     83.5036           0     127.476           0
5          14     157.756     84.4633           0      192.67           0
5          15     157.984     85.4335           0      250.97           0
5          16     158.208     86.4047           0     201.841           0
5          17     158.471     87.3661           0     129.468           0
5          18     158.772     88.3162           0     196.984           0
5          19     159.092     89.2604           0      231.55           0
5          20     159.404     90.2069           0     141.807           0
5          21     159.685     91.1632           0     174.723           0
5          22     159.884     92.1399           0     225.378           0
5          23     159.975     93.1325           0     248.639           0
5          24     160.003     94.1288           0     254.139           0
5          25     160.042     95.1248           0     244.346           0
5          26     160.157     96.1148           0     214.852           0
5          27     160.374     97.0877           0     154.044           0
5          28     160.641     98.0478           0     163.563           0
5          29     160.888     99.0135           0     226.517           0
5          30     161.113     99.9846           0     226.217           0
5          31      161.35     100.953           0     165.626     5.57472
5          32     161.508     101.937           0     246.792     1.59317
5          33     161.397     102.927           0     161.103     30.7002
5          34     161.191     103.902           0     206.318      56.002
5          35     161.021     104.884           0     249.762     70.5308
5          36     160.865     105.869           0     220.533     37.3246
5          37     160.672     106.847           0     171.313     2.15276
5          38     160.492     107.827           0      128.86           0
5          39     160.464     108.823           0     136.761           0
5          40     160.615     109.808           0     145.661           0
5          41     160.811     110.786           0     206.732           0
5          42     160.943     111.774           0     240.377           0
5          43     160.994     112.769           0     253.403           0
5          44     160.999     113.766           0     254.789           0
5          45     160.998     114.763           0     254.483           0
5          46     161.028     115.759           0     247.885           0
5          47     161.131      116.75           0     221.694           0
5          48     161.314      117.73           0     174.947           0
5          49     161.475     118.714           0     220.344           0
5          50     161.417     119.709           0     179.627     14.7736
5          51     161.205     120.683           0     202.841           0
5          52      160.97     121.651           0     247.368           0
5          53     160.728     122.618           0     185.652           0
5          54     160.467      123.58           0     128.855           0
5          55     160.226     124.547           0     197.315           0
5          56     160.058      125.53           0     240.275           0
5          57      159.97     126.523           0     247.339           0
5          58     159.939     127.519           0     239.447           0
5          59     159.954     128.515           0     243.266     19.3621
5          60     159.999     129.511           0     254.715     31.8955
5          61     160.025     130.507           0     248.505     31.8893
5          62     159.939       131.5           0     247.263     33.3182
5          63     159.666     132.459           0     177.117     43.2859
5          64      159.35     133.404           0      165.81     48.4264
5          65     159.113     134.372           0     226.205     32.7217
5          66     158.954     135.356           0     243.299     57.7758
5          67     158.777     136.337           0     198.246     35.3698
5          68     158.508     137.297           0     128.348     33.5164
5          69     158.147     138.226           0     217.582     38.7873
5          70      157.74     139.136           0     172.103     43.1142
5          71     157.344      140.05           0     167.365    0.311877
5          72     156.918     140.952           0     234.065           0
5          73     156.379      141.79           0     221.681           0
5          74     155.603     142.415           0     149.108     64.1745
5          75     154.723     142.884           0     83.8683     31.4446
5          76     153.865     143.392           0     147.668     4.36155
5          77     153.072     143.995           0     235.583           0
5          78     152.335     144.666           0     141.483           0
5          79     151.606     145.345           0     135.821    0.460333
5          80     150.838     145.981           0     209.509     10.0972
5          81     150.004     146.527           0     134.262     15.7199
5          82     149.114     146.975           0     248.649     56.3791
5          83     148.211     147.398           0     112.487     25.9638
#1
6           0     156.627     142.268           0     229.497      8.3552
6           1     156.803     143.251           0     204.673     36.2915
6           2      157.08      144.21           0     234.621     42.2074
6           3     157.381     145.162           0     148.035     6.07906
6           4     157.695      146.11           0     177.132           0
6           5     158.035     147.048           0     246.083           0
6           6     158.455     147.954           0     139.058           0
6           7      158.98     148.803           0     201.775           0
6           8     159.582       149.6           0     131.677    0.391751
6           9     160.194     150.389           0     144.807     45.4137
6          10     160.758     151.213           0     193.296     49.3074
6          11     161.272     152.069           0     177.573     49.2322
6          12     161.733     152.954           0     181.567     23.5941
6          13     162.169     153.852           0     211.797     6.67548
6          14     162.555     154.773           0     135.226           0
6          15     162.899     155.711           0     229.326           0
6          16     163.239     156.649           0     193.997           0
6          17     163.602      157.58           0     131.649           0
6          18     164.001     158.495           0     254.746           0
6          19     164.388     159.415           0     132.336           0
6          20     164.707     160.361           0     180.372           0
6          21     164.963     161.326           0      245.62           0
6          22     165.228     162.289           0     196.845           0
6          23     165.592     163.219           0     114.253           0
6          24     166.075     164.093           0     215.809           0
6          25     166.606     164.938           0     151.135           0
6          26     167.147     165.777           0     217.417     0.15281
6          27     167.692     166.614           0     138.663     69.7867
6          28     168.255     167.439           0     135.178     20.4561
6          29     168.792     168.281           0     201.841    0.362029
6          30     169.298     169.141           0     164.495     19.6865
6          31     169.777     170.017           0     198.021     62.2613
6          32     170.282     170.879           0     183.209      31.686
6          33     170.814     171.724           0     163.263     2.94936
6          34      171.37     172.553           0     124.014           0
6          35     171.919     173.387           0     234.381           0
6          36     172.474     174.217           0     131.266           0
6          37     173.037     175.041           0     235.863    0.574356
6          38     173.583     175.877           0      143.53     43.1221
6          39     174.082     176.742           0     234.001     57.4543
6          40     174.505     177.646           0     127.851      20.286
6          41     174.863     178.578           0     220.138    0.273247
6          42     175.192     179.521           0     206.036           0
6          43     175.493     180.473           0       127.6           0
6          44     175.743      181.44           0     189.524           0
6          45     175.901     182.425           0     229.842           0
6          46      175.97     183.422           0     247.435           0
6          47     176.037     184.418           0     245.469           0
6          48     176.238     185.396           0      194.42           0
6          49     176.729     186.265           0     118.469     53.9309
6          50     177.567     186.807           0     205.738           0
6          51     178.493     187.181           0       208.8           0
6          52      179.37     187.659           0     149.038     15.5067
6          53      180.02     188.417           0     249.907     27.9949
6          54     180.486       189.3           0     128.904           0
6          55     180.913     190.202           0     232.786           0
6          56     181.409     191.068           0     147.438           0
6          57     182.001     191.873           0      222.36           0
6          58      182.69     192.595           0     136.723           0
6          59     183.477      193.21           0     130.936           0
6          60     184.361     193.674           0      171.84     58.5845
6          61     185.311     193.982           0     250.494     10.5232
6          62     186.283     194.209           0      201.77     23.4198
6          63     187.252     194.451           0     133.653     53.6056
6          64     188.208     194.738           0     188.071     29.0166
6          65     189.158     195.045           0     243.432      48.193
6          66     190.106     195.358           0     156.055     3.51525
6          67     191.052     195.678           0     172.807     2.31426
6          68     191.992     196.015           0     251.114           0
6          69     192.909     196.409           0     150.763           0
6          70     193.787     196.884           0     183.791           0
6          71      194.63     197.419           0     122.121           0
6          72     195.459     197.975           0      248.75           0
6          73     196.258     198.574           0     118.337           0
6          74     197.011     199.231           0     194.669           0
6          75     197.744     199.909           0     178.312           0
6          76     198.522     200.534           0     192.965           0
6          77     199.362     201.074           0     236.008           0
6          78     200.225     201.576           0     116.797           0
6          79     201.077     202.097           0     214.532           0
6          80     201.927      202.62           0       153.7           0
6          81     202.798     203.109           0     227.137           0
6          82     203.707     203.522           0     129.832           0
6          83     204.643     203.869           0     221.489           0
6          84     205.588     204.192           0     205.975           0
6          85     206.526     204.534           0      127.95           0
6          86     207.432     204.954           0      243.33           0
6          87     208.276     205.486           0     131.015           0
6          88     209.084     206.074           0     38.5906     19.1776
6          89      209.94     206.588           0     248.651           0
6          90     210.891      206.89           0      229.89           0
6          91     211.861     207.128           0     222.417           0
6          92     212.812     207.431           0     145.116           0
6          93     213.715     207.857           0     166.703     51.3196
6          94     214.569     208.376           0     123.155     29.1601
6          95     215.406     208.919           0     234.311           0
6          96     216.224     209.492           0     128.588           0
6          97     217.006     210.112           0     225.136           0
6          98     217.745     210.784           0      162.98           0
6          99     218.434     211.507           0     127.263           0
6         100     219.076     212.271           0     176.981           0
6         101     219.706     213.046           0     180.006           0
6         102     220.424      213.74           0     226.921           0
6         103     221.313     214.193           0     205.697           0
6         104     222.282     214.436           0     143.709     73.1616
6         105     223.241     214.713           0     99.4227      37.838
6         106     224.154     215.117           0     195.066     25.2021
6         107     225.049      215.56           0     142.763      103.24
6         108     225.957     215.975           0     248.599      37.936
6         109     226.863     216.395           0     154.307           0
6         110     227.747     216.859           0     172.667           0
6         111      228.62     217.344           0     117.955           0
6         112     229.521     217.773           0     197.139           0
6         113     230.445     218.152           0     216.139           0
6         114     231.375     218.515           0     126.558           0
6         115     232.295     218.904           0     230.448           0
6         116     233.207     219.309           0      156.02           0
6         117     234.132     219.685           0     174.792           0
6         118     235.061      220.05           0     242.137           0
6         119     235.975     220.453           0     139.576    0.549265
6         120     236.858     220.918           0     203.882     36.0773
6         121     237.741     221.384           0     113.257     43.9827
6         122     238.667     221.757           0     193.121     42.4382
6         123     239.623     222.046           0      243.33     75.0855
6         124     240.582     222.325           0     172.109     15.9102
6         125     241.534     222.627           0     129.673     8.89851
6         126       242.5     222.879           0     112.192     44.9022
6         127     243.491     222.998           0     124.955     61.0109
6         128     244.489     223.022           0     249.381     0.39516
6         129     245.488     223.015           0     251.264           0
6         130     246.486     223.005           0     253.658           0
6         131     247.484     223.001           0     254.827           0
6         132     248.483         223           0     254.898           0
6         133     249.481         223           0     254.957           0
6         134      250.48         223           0     254.977           0
6         135     251.478         223           0     254.917     15.0298
6         136     252.477     222.998           0     254.529     46.8644
6         137     253.475     222.996           0     253.981      48.808
6         138     254.474     222.996           0     254.439     73.2642
6         139     255.472     223.005           0     254.372     81.5402
6         140      256.47     223.036           0     245.752           0
6         141     257.466     223.108           0     227.479           0
6         142     258.453     223.256           0     189.744           0
6         143     259.425     223.484           0     128.093           0
6         144     260.394     223.727           0     185.454           0
6         145     261.377     223.901           0     229.732           0
6         146     262.372     223.979           0      249.68     59.2564
6         147      263.37     224.009           0     252.599      29.781
6         148     264.367     224.065           0     238.421     10.7081
6         149     265.355     224.207           0     202.095           0
6         150     266.325     224.447           0     132.265           0
6         151     267.278     224.745           0     189.925           0
6         152     268.222     225.068           0     237.577           0
6         153      269.16     225.412           0     142.783           0
6         154     270.081     225.798           0     203.378           0
6         155      270.98     226.231           0     196.165           0
6         156     271.869     226.687           0     162.568           0
6         157     272.723     227.203           0     203.286           0
6         158     273.523       227.8           0     131.031           0
6         159     274.231     228.504           0      126.92           0
6         160     274.845     229.291           0     215.597           0
6         161     275.414     230.112           0     144.443           0
6         162     275.971      230.94           0     233.398           0
6         163     276.519     231.775           0     130.153           0
6         164     277.032     232.632           0     246.963           0
6         165     277.501     233.513           0     127.506           0
6         166      277.95     234.405           0     242.187           0
6         167     278.402     235.296           0     137.733           0
6         168     278.865      236.18           0     220.613           0
6         169     279.361     237.047           0     159.637           0
6         170     279.855     237.914           0     202.523           0
6         171     280.321     238.797           0     35.0912           0
6         172     280.729     239.709           0           0           0
6         173     281.084     240.642           0           0           0
6         174     281.393     241.591           0           0           0
6         175     281.657     242.554           0     92.8124           0
6         176      281.85     243.534           0     216.633           0
6         177     281.955     244.527           0     243.506           0
6         178     282.006     245.524           0     253.363           0
6         179     282.078      246.52           0     235.206           0
6         180      282.25     247.503           0      191.24    0.175636
6         181     282.507     248.468           0     127.388     14.4683
6         182     282.792     249.425           0     201.866     22.4478
6         183     283.057     250.388           0     240.421     29.3229
6         184     283.299     251.356           0     115.032     44.8428
#1
7           0     220.386     214.297           0     225.836           0
7           1     220.509      215.29           0     125.264     13.8243
7           2     220.611     216.286           0     115.367     59.6008
7           3     220.767     217.276           0     195.509     61.5537
7           4     220.946     218.261           0     241.146      23.101
7           5     221.165     219.238           0     212.872     13.1017
7           6     221.422     220.206           0     139.256     3.54037
7           7     221.685     221.172           0     174.711           0
7           8     221.882     222.154           0     224.809           0
7           9     221.973     223.151           0     248.229           0
7          10     222.001     224.152           0     254.654           0
7          11      222.04     225.152           0      244.79           0
7          12     222.166     226.146           0     212.795           0
7          13     222.419     227.115           0     143.391           0
7          14     222.781     228.048           0     199.249           0
7          15     223.196      228.96           0     205.007           0
7          16     223.583     229.883           0     143.656           0
7          17     223.943     230.818           0      240.44           0
7          18     224.345     231.735           0     167.032           0
7          19      224.85     232.599           0     145.207           0
7          20     225.481     233.377           0     128.686           0
7          21     226.212     234.062           0     191.981           0
7          22     227.018     234.655           0      167.11           0
7          23     227.873     235.176           0     210.015           0
7          24     228.761     235.639           0     146.029           0
7          25     229.656     236.089           0     232.263           0
7          26     230.554      236.53           0     128.345     26.4235
7          27     231.452     236.975           0     248.671     24.5702
7          28     232.347     237.424           0     133.462           0
7          29     233.246     237.864           0     220.366           0
7          30     234.151     238.293           0     164.342           0
7          31     235.078     238.673           0     171.494           0
7          32     236.021     239.009           0     252.722           0
7          33     236.971     239.326           0     171.842           0
7          34      237.92     239.643           0     158.134           0
7          35     238.871     239.957           0     244.052           0
7          36     239.821     240.275           0     184.792           0
7          37     240.769     240.596           0     140.731           0
7          38     241.718     240.915           0      233.41           0
7          39     242.671     241.225           0     197.726     26.5478
7          40     243.639     241.479           0         126     37.5134
7          41     244.623     241.666           0     169.791     42.3061
7          42     245.611     241.829           0     211.451     23.8856
7          43      246.56      242.15           0     216.839     18.9874
#1
8           0     235.741     203.451           0     85.3062     41.8898
8           1     236.261     204.303           0     151.529      26.581
8           2     236.769     205.162           0      195.97     19.0883
8           3     237.261     206.029           0     184.813     14.9321
8           4     237.713     206.919           0     173.049     5.67023
8           5     238.144     207.819           0      218.19     1.45823
8           6     238.542     208.734           0     132.505           0
8           7     238.889     209.669           0     226.709           0
8           8     239.212     210.613           0     200.983           0
8           9      239.51     211.565           0     127.836           0
8          10     239.773     212.527           0     197.094           0
8          11     239.997       213.5           0      254.36           0
8          12     240.223     214.471           0     198.069           0
8          13     240.492     215.432           0     127.766           0
8          14      240.81     216.378           0       206.5           0
8          15     241.167      217.31           0      212.53     41.5412
8          16     241.522     218.242           0     124.663     53.8021
8          17     241.782     219.205           0     158.425     64.4323
8          18     241.776     220.203           0           0     32.5618
8          19     241.552     221.175           0     19.9899     97.1983
8          20     241.439     222.166           0     137.812     9.00598
8          21      241.65     223.142           0     142.191     8.94583
8          22     241.883     224.112           0     25.1243      99.718
8          23     241.986     225.104           0     251.418           0
8          24     242.037       226.1           0     245.577     18.9694
8          25     242.148     227.092           0      217.22     23.5576
8          26     242.393     228.059           0     151.599           0
8          27     242.755     228.989           0     191.029           0
8          28     243.191     229.886           0     206.199           0
8          29     243.637     230.779           0     146.929           0
8          30     244.076     231.674           0     235.528           0
8          31     244.476     232.588           0     126.397           0
8          32     244.829     233.522           0     211.352           0
8          33      245.17     234.459           0     211.738           0
8          34     245.527     235.391           0     126.021           0
8          35     245.924     236.306           0     235.618     3.67812
8          36     246.327     237.218           0     152.287     27.0355
8          37     246.643     238.165           0     164.082     29.6214
8          38     246.798      239.15           0     203.427     23.4291
8          39      246.78     240.148           0     198.775     36.9087
8          40     246.735     241.145           0     197.175     37.9073
8          41      246.95     242.119           0      224.75           0
8          42       247.4     243.009           0     101.895           0
8          43     247.858     243.896           0     218.814           0
8          44     248.269     244.805           0     186.407           0
8          45     248.662     245.722           0     145.828           0
8          46     249.084     246.626           0     233.577           0
8          47     249.519     247.524           0     127.727           0
8          48     249.954     248.422           0     243.162           0
8          49     250.361     249.332           0     139.389           0
8          50     250.694     250.273           0     176.869           0
8          51      250.95     251.237           0     242.178           0
8          52     251.173      252.21           0     210.917           0
8          53      251.42     253.176           0     140.712           0
8          54     251.677      254.14           0     172.741           0
8          55     251.873     255.118           0     222.622           0
8          56     251.975     256.111           0     248.574           0
8          57     252.039     257.106           0     245.052           0
8          58     252.156     258.097           0     215.165           0
8          59     252.375     259.071           0     154.854           0
8          60     252.668     260.024           0     170.276           0
8          61     252.981     260.971           0     250.275           0
8          62     253.299     261.917           0     178.693           0
8          63     253.617     262.863           0     149.178           0
8          64     253.934     263.809           0     238.279           0
8          65     254.271     264.748           0     185.831           0
8          66     254.643     265.674           0     140.148           0
8          67     255.051     266.584           0      241.94           0
8          68     255.438     267.504           0     127.377           0
8          69     255.739     268.455           0     188.493           0
8          70     255.923     269.435           0     235.492           0
8          71     255.996      270.43           0     254.064           0
8          72     256.006     271.428           0     253.452           0
8          73     255.998     272.426           0     254.491           0
8          74     256.006     273.423           0      253.55           0
8          75     256.068     274.419           0     237.592           0
8          76     256.223     275.405           0     198.108      1.8822
8          77     256.459     276.374           0     130.165     29.7625
8          78     256.707      277.34           0     180.261     6.51024
8          79     256.899     278.319           0     229.144     29.5071
8          80     257.036     279.308           0      245.89     103.098
8          81     257.195     280.293           0     205.335           0
8          82     257.428     281.263           0      136.23           0
8          83     257.725     282.215           0     184.807           0
8          84     258.075     283.149           0     235.991           0
8          85     258.504      284.05           0     126.662           0
8          86     259.041      284.89           0     217.646     38.9991
8          87     259.645     285.685           0     141.189     3.75882
8          88     260.258     286.472           0     130.914           0
8          89     260.839     287.283           0      213.85           0
8          90     261.418     288.096           0      144.42           0
8          91     262.019     288.892           0     223.159           0
8          92     262.642     289.671           0     139.894           0
8          93     263.256     290.457           0     132.812           0
8          94     263.833     291.272           0     212.328           0
8          95     264.394     292.097           0     149.333           0
8          96     264.957      292.92           0     225.409           0
8          97     265.509     293.751           0     128.606           0
8          98     266.052     294.588           0     241.817           0
8          99     266.605     295.418           0     123.103           0
8         100      267.19     296.227           0     159.729           0
8         101     267.788     297.025           0           0           0
#1
9           0     262.162     681.001           0           0           0
9           1     262.651     680.126           0     145.024           0
9           2     263.139     679.252           0     219.587           0
9           3       263.6     678.363           0     134.504           0
9           4     264.064     677.475           0     238.781           0
9           5     264.579     676.616           0      122.85           0
9           6     265.233     675.858           0     176.179           0
9           7     265.899      675.11           0     206.969           0
9           8     266.604     674.398           0     132.907           0
9           9      267.33     673.708           0     145.544           0
9          10     268.067     673.029           0     230.983           0
9          11      268.79     672.336           0     151.666           0
9          12     269.456     671.589           0     197.908           0
9          13     270.044     670.778           0     243.708           0
9          14     270.601     669.946           0      104.48           0
9          15     271.172     669.123           0     223.716           0
9          16     271.707     668.276           0     200.789           0
9          17     272.208     667.408           0      202.08           0
9          18     272.703     666.538           0     123.534           0
9          19     273.229     665.685           0     153.153           0
9          20     273.752     664.831           0     191.668           0
9          21      274.27     663.974           0     183.071           0
9          22      274.78     663.112           0     182.907           0
9          23     275.286     662.248           0     236.925           0
9          24      275.73      661.35           0     210.306           0
9          25      276.13     660.432           0     221.869           0
9          26     276.488     659.496           0     127.476           0
9          27     276.816      658.55           0     208.041           0
9          28     277.144     657.604           0     218.309           0
9          29     277.491     656.664           0     128.234           0
9          30     277.881     655.742           0     224.642           0
9          31     278.299     654.832           0     161.435           0
9          32     278.703     653.915           0     179.331           0
9          33     279.097     652.994           0     230.362           0
9          34     279.456     652.059           0     248.103           0
9          35     279.761     651.105           0     200.473           0
9          36     280.037     650.143           0     245.489           0
9          37     280.331     649.185           0     170.681           0
9          38     280.679     648.246           0     150.713           0
9          39     281.081     647.329           0     234.289           0
9          40     281.475     646.408           0     126.323           0
9          41      281.83     645.471           0     211.689           0
9          42     282.161     644.526           0     214.069           0
9          43     282.475     643.575           0     128.457           0
9          44     282.789     642.624           0     201.157           0
9          45     283.115     641.677           0     225.762           0
9          46     283.462     640.737           0     132.042           0
9          47     283.852     639.815           0     217.331           0
9          48     284.268     638.904           0     175.273           0
9          49     284.649     637.977           0     165.516           0
9          50     284.988     637.035           0      252.02           0
9          51     285.308     636.086           0     176.382           0
9          52     285.627     635.136           0     151.046           0
9          53     285.945     634.187           0     240.955           0
9          54     286.264     633.237           0     187.688           0
9          55     286.564     632.282           0     134.642           0
9          56     286.805      631.31           0     205.233           0
9          57     286.948     630.318           0     241.798           0
9          58     287.003     629.318           0     254.307           0
9          59     287.011     628.317           0     252.095           0
9          60     287.007     627.315           0     253.204           0
9          61     287.003     626.314           0     254.266           0
9          62     287.001     625.312           0     254.728           0
9          63         287      624.31           0     254.897           0
9          64     286.995     623.309           0     253.737           0
9          65     286.985     622.307           0     251.112           0
9          66     286.974     621.306           0     248.486           0
9          67     286.997     620.305           0     254.143           0
9          68     287.135     619.313           0     220.572           0
9          69     287.488     618.376           0     126.764           0
9          70     288.008      617.52           0     132.428     38.0019
9          71     288.499     616.647           0     127.325     35.8737
9          72     288.833     615.702           0     212.537      33.183
9          73     288.981     614.712           0     250.216     32.1045
9          74     289.009     613.711           0     252.744     31.8755
9          75     288.992     612.709           0     253.015     31.4984
9          76     288.985     611.708           0     251.186     31.8915
9          77     289.057     610.709           0     240.579     26.9655
9          78     289.317     609.742           0     174.259     5.57722
9          79     289.861     608.901           0     53.6466     40.8308
9          80     290.696     608.348           0      166.37      37.979
9          81     291.678     608.152           0     216.234     31.8945
9          82     292.671     608.278           0     184.002           0
9          83     293.621     608.597           0      133.47           0
9          84     294.536     609.004           0     253.859           0
9          85     295.455     609.403           0     129.749           0
9          86     296.406     609.715           0     182.376           0
9          87     297.388     609.915           0     233.325           0
9          88     298.382     610.033           0     246.495           0
9          89     299.375     610.163           0      213.53           0
9          90     300.357     610.359           0     104.971           0
9          91     301.329     610.601           0     50.4794           0
9          92     302.309      610.81           0     206.498           0
9          93     303.307     610.899           0     229.191           0
9          94     304.304     610.806           0     205.538           0
9          95     305.278     610.576           0     136.065           0
9          96     306.245     610.315           0     174.739           0
9          97     307.228     610.119           0     224.588           0
9          98     308.224     610.016           0       250.8           0
9          99     309.223     609.943           0     240.484           0
9         100     310.216     609.812           0     207.024           0
9         101     311.193     609.592           0     141.881           0
9         102      312.16      609.33           0     170.861           0
9         103     313.132     609.091           0     231.852           0
9         104     314.108     608.866           0     220.861           0
9         105      315.07     608.588           0     146.798           0
9         106     316.005     608.228           0     196.801           0
9         107     316.919     607.818           0     208.652           0
9         108     317.843     607.432           0     139.316           0
9         109     318.777     607.071           0     236.843           0
9         110     319.695      606.67           0     170.929           0
9         111     320.566     606.175           0     138.385           0
9         112     321.363     605.569           0     132.319           0
9         113     322.105     604.896           0     207.305           0
9         114     322.818     604.193           0      177.33           0
9         115     323.522      603.48           0      127.72           0
9         116     324.228      602.77           0     164.945           0
9         117     324.943     602.069           0     224.969           0
9         118     325.677     601.387           0     137.677           0
9         119     326.433     600.731           0      135.33           0
9         120     327.205     600.092           0     231.619           0
9         121     327.954     599.427           0     248.298           0
9         122     328.645     598.702           0     227.986           0
9         123     329.289     597.935           0     174.361           0
9         124     329.888     597.132           0     200.258           0
9         125     330.464     596.313           0     124.063           0
9         126     331.022     595.481           0     249.267           0
9         127     331.596      594.66           0     119.674           0
9         128     332.209     593.869           0     182.137           0
9         129     332.838     593.089           0     198.358           0
9         130      333.44     592.289           0     121.065           0
9         131     333.972      591.44           0     247.837           0
9         132      334.42     590.544           0       129.3           0
9         133     334.791     589.614           0     201.806           0
9         134     335.123     588.669           0     223.732           0
9         135     335.427     587.714           0     135.512           0
9         136     335.705     586.752           0     179.803           0
9         137     335.943      585.78           0     240.569           0
9         138     336.165     584.803           0     212.813           0
9         139     336.416     583.833           0     141.723           0
9         140      336.68     582.867           0      173.29           0
9         141     336.882     581.886           0     224.958           0
9         142     336.983      580.89           0     250.697           0
9         143     337.011     579.888           0     252.201           0
9         144      337.01     578.887           0     252.401           0
9         145     337.005     577.885           0      253.84           0
9         146     337.001     576.884           0     254.719           0
9         147         337     575.882           0     254.989           0
9         148         337     574.881           0     254.964           0
9         149         337     573.879           0         255           0
9         150         337     572.878           0     254.972           0
9         151         337     571.876           0     254.962           0
9         152         337     570.874           0     254.961           0
9         153         337     569.873           0     254.962           0
9         154         337     568.871           0     254.963           0
9         155         337      567.87           0     254.964           0
9         156         337     566.868           0     254.965           0
9         157         337     565.867           0     254.965           0
9         158         337     564.865           0     254.962           0
9         159         337     563.863           0     254.948           0
9         160         337     562.862           0     254.916           0
9         161         337      561.86           0     254.887           0
9         162         337     560.859           0     254.964           0
9         163     336.998     559.857           0     254.608           0
9         164     336.994     558.856           0     253.547           0
9         165     336.989     557.854           0     252.212           0
9         166     336.994     556.853           0      253.36           0
9         167     337.038     555.852           0       245.4           0
9         168     337.166     554.859           0     212.602           0
9         169     337.393     553.883           0     148.449           0
9         170     337.659     552.918           0     168.045           0
9         171     337.868     551.938           0     221.296           0
9         172      337.97     550.942           0     247.343           0
9         173     338.002     549.941           0     254.526           0
9         174     338.037      548.94           0     245.542           0
9         175     338.147     547.944           0     217.544           0
9         176     338.361     546.966           0     160.496           0
9         177     338.631     546.001           0     160.906           0
9         178     338.879     545.031           0     224.241           0
9         179     339.098     544.054           0     230.129           0
9         180     339.338     543.081           0     168.716           0
9         181     339.605     542.116           0     148.042           0
9         182     339.848     541.144           0     216.305           0
9         183     340.068     540.167           0     237.654           0
9         184     340.328       539.2           0     171.353           0
9         185     340.667     538.257           0     148.106           0
9         186      341.07     537.341           0     237.043           0
9         187     341.482     536.428           0     126.821           0
9         188      341.88     535.509           0     224.499           0
9         189     342.262     534.583           0     216.063           0
9         190     342.592     533.637           0     217.259           0
9         191      342.88     532.678           0      224.52           0
9         192     343.154     531.715           0     215.611           0
9         193     343.436     530.754           0     135.769           0
9         194     343.742       529.8           0      189.27           0
9         195     344.064     528.851           0      238.68     6.93677
9         196     344.381     527.901           0     151.812     11.9175
9         197      344.66      526.94           0     168.377      30.116
9         198     344.815      525.95           0     207.769     29.7717
9         199     344.777     524.949           0     198.077     30.4098
9         200     344.613     523.961           0     160.072      70.983
9         201     344.546     522.962           0     250.596           0
9         202     344.826     522.001           0     210.729           0
9         203     345.245     521.091           0     192.628           0
9         204     345.676     520.187           0     155.573           0
9         205     346.119     519.288           0      224.71           0
9         206     346.559     518.389           0     130.842           0
9         207     347.004     517.492           0     253.928           0
9         208      347.45     516.595           0     129.922           0
9         209     347.894     515.697           0     227.914           0
9         210     348.345     514.803           0     151.374           0
9         211     348.792     513.907           0     202.071           0
9         212     349.249     513.015           0     191.412           0
9         213     349.695     512.118           0     165.444           0
9         214     350.133     511.218           0     221.006           0
9         215     350.529     510.298           0     130.483           0
9         216     350.879     509.359           0     224.096           0
9         217     351.204     508.412           0     202.963           0
9         218     351.504     507.457           0     127.598           0
9         219      351.77     506.491           0     196.402           0
9         220     351.998     505.516           0      254.48           0
9         221     352.223      504.54           0      198.07           0
9         222      352.48     503.572           0     128.233           0
9         223     352.757     502.609           0     192.973           0
9         224     353.035     501.647           0     246.107           0
9         225      353.31     500.684           0     200.952           0
9         226     353.576     499.718           0     224.538           0
9         227     353.797     498.741           0     203.186           0
9         228     353.933     497.749           0     237.802           0
9         229     353.987     496.749           0      251.63           0
9         230     354.007     495.748           0     253.239           0
9         231     354.056     494.747           0     240.681           0
9         232     354.192     493.755           0     206.072           0
9         233     354.421      492.78           0     138.711           0
9         234     354.682     491.813           0     174.032           0
9         235     354.884     490.832           0       225.5           0
9         236     354.986     489.836           0     251.306           0
9         237     355.017     488.835           0     250.733           0
9         238     355.021     487.833           0      249.65           0
9         239     355.011     486.831           0     252.134           0
9         240     354.965     485.831           0     246.103           0
9         241     354.838     484.838           0     213.564           0
9         242     354.608     483.863           0     147.525           0
9         243     354.313     482.906           0     175.192           0
9         244     354.001     481.954           0     254.815           0
9         245     353.687     481.003           0     175.071           0
9         246     353.357     480.057           0     159.826           0
9         247     352.977      479.13           0      249.26           0
9         248     352.487     478.257           0     124.098           0
9         249     351.902     477.444           0     127.966           0
9         250     351.387     476.585           0     122.633     80.4019
9         251     351.243     475.594           0     114.662           0
9         252     351.346     474.598           0           0           0
9         253     351.401     473.598           0     102.552           0
9         254     351.147     472.629           0     160.423     37.8588
9         255     350.618     471.779           0     97.4717     18.4532
9         256     350.097     470.923           0     230.249     9.11527
9         257     349.684     470.011           0     174.301     6.47352
9         258     349.369      469.06           0     156.922     3.70174
9         259     349.151     468.083           0      216.52     1.03461
9         260     349.012     467.091           0     251.912           0
9         261     348.853     466.102           0     217.619           0
9         262     348.565     465.143           0     144.003           0
9         263     348.137     464.237           0     176.111           0
9         264     347.654      463.36           0     116.525           0
9         265      347.22     462.457           0       198.8           0
9         266     346.849     461.527           0     216.502           0
9         267     346.524      460.58           0     128.479           0
9         268     346.213     459.627           0     200.629           0
9         269     345.894     458.678           0     228.057           0
9         270     345.546     457.739           0     133.098           0
9         271     345.122     456.832           0     223.874           0
9         272     344.591     455.982           0     149.922           0
9         273     343.979      455.19           0     202.213           0
9         274     343.355     454.406           0      134.44           0
9         275     342.869     453.531           0     239.288           0
9         276      342.72      452.54           0     183.595     82.9331
9         277     342.724     451.539           0     184.642     31.9165
9         278     342.618     450.543           0     157.569     32.4961
9         279     342.332     449.583           0     120.416     33.5738
9         280     341.973     448.648           0     250.572     30.5871
9         281     341.722     447.678           0     232.173           0
#1
10           0      351.13     477.071           0      30.908     87.3344
10           1     350.133     476.923           0     206.505      74.318
10           2      349.13     477.015           0     251.099           0
10           3      348.16     477.289           0     181.181           0
10           4     347.223     477.662           0     150.367           0
10           5     346.306     478.081           0     234.384           0
10           6     345.381      478.48           0     126.297           0
10           7     344.439      478.84           0     214.308           0
10           8     343.492     479.185           0     207.757           0
10           9      342.55     479.544           0     126.374           0
10          10     341.623     479.941           0     240.047           0
10          11     340.702     480.351           0     142.874           0
10          12     339.766     480.725           0     184.765           0
10          13     338.819      481.07           0     237.221           0
10          14     337.875     481.423           0     128.758           0
10          15     336.945     481.812           0           0           0
10          16     336.022     482.218           0           0           0
10          17     335.081     482.578           0     135.529           0
10          18     334.113      482.86           0     219.233           0
10          19      333.13     483.084           0     233.616           0
10          20     332.153     483.333           0     170.028           0
10          21     331.195     483.645           0     150.092     4.72299
10          22     330.254     484.008           0     253.017     76.7125
10          23     329.329     484.408           0     119.486     45.5766
#1
11           0     202.729     500.687           0     105.718     54.5055
11           1     203.485      500.04           0     126.086     28.5284
11           2     204.231     499.381           0     157.896           0
11           3     204.986     498.733           0     186.816      19.388
11           4      205.75     498.094           0     179.161     40.0137
11           5     206.467     497.405           0     125.924     42.1118
11           6     207.098     496.635           0     155.222      53.918
11           7     207.623      495.79           0     158.812     60.6757
11           8     208.117     494.926           0      225.08     11.7977
11           9     208.708     494.125           0     74.5734           0
11          10      209.45     493.462           0     137.144           0
11          11     210.258      492.88           0     232.373           0
11          12     211.035     492.259           0     246.128     65.1198
11          13     211.719     491.536           0     123.467     3.61439
11          14      212.38     490.793           0     145.371           0
11          15     213.085      490.09           0     212.297           0
11          16     213.852     489.455           0     135.488           0
11          17     214.659     488.874           0     222.872           0
11          18     215.476     488.305           0     125.117     4.43236
11          19     216.272     487.709           0     151.716     32.4569
11          20     217.063     487.104           0     214.112     64.1005
11          21     217.853     486.498           0     127.797     39.7065
11          22     218.613     485.856           0       240.8     91.3512
11          23     219.289     485.126           0     181.409     21.3597
11          24     219.902     484.342           0     159.918           0
11          25     220.528     483.569           0     126.503           0
11          26     221.192     482.827           0     178.894           0
11          27     221.883     482.111           0     203.484           0
11          28     222.585     481.406           0     131.593           0
11          29     223.288     480.702           0     149.259           0
11          30      223.99     479.996           0      251.57           0
11          31     224.699     479.297           0     148.051           0
11          32     225.433     478.626           0     131.788           0
11          33     226.218     478.014           0     196.769           0
11          34     227.058      477.48           0     132.706           0
11          35     227.904     476.956           0     243.893           0
11          36     228.642     476.289           0     190.142           0
11          37     229.017     475.368           0     250.541     91.2693
11          38     229.168     474.384           0     212.147           0
11          39     229.315       473.4           0     174.616           0
11          40     229.528     472.427           0     128.535           0
11          41     229.749     471.457           0     190.966           0
11          42     229.918     470.476           0      234.02           0
11          43     230.065     469.492           0      238.33           0
11          44     230.303     468.526           0     177.647           0
11          45     230.713     467.619           0      114.63           0
11          46     231.302     466.817           0     159.532     48.4716
11          47     232.025     466.133           0      215.59     38.9462
11          48     232.846     465.571           0     115.059     1.11543
11          49     233.723     465.101           0     229.143           0
11          50     234.577     464.589           0     150.226      31.102
11          51     235.304      463.91           0     77.6023     48.1878
11          52     235.757     463.024           0     193.071     33.0435
11          53     235.828     462.032           0     211.019     55.7177
11          54      235.55     461.076           0     140.274     24.8296
11          55     235.053     460.214           0     192.753     18.4513
11          56     234.456     459.417           0     129.346     51.8324
11          57     233.865     458.616           0     149.209     14.0439
11          58     233.371     457.753           0     160.472           0
11          59     232.961     456.846           0     245.009           0
11          60     232.602     455.918           0     149.165           0
11          61     232.243      454.99           0     193.056           0
11          62     231.877     454.064           0     223.718     10.0132
11          63     231.536      453.13           0     120.787     76.3099
11          64     231.207      452.19           0     244.955     74.6731
#1
12           0     229.571     476.571           0     192.474     85.6493
12           1     230.551     476.774           0     197.351           0
12           2     231.539     476.927           0     236.389           0
12           3     232.537     476.999           0     254.709           0
12           4     233.537     477.014           0     251.512           0
12           5     234.538     477.004           0      253.95           0
12           6     235.538     476.995           0       253.8           0
12           7     236.538     477.001           0     254.694           0
12           8     237.539     477.003           0     254.335           0
12           9     238.539     477.008           0     253.041     53.7412
12          10      239.54     477.011           0     252.276     47.9434
12          11      240.54     476.993           0     253.323           0
12          12     241.537     476.918           0     234.028           0
12          13     242.523     476.747           0     190.546           0
12          14     243.493     476.501           0     127.505           0
12          15     244.462     476.255           0     190.057           0
12          16     245.448     476.082           0     234.006           0
12          17     246.445     476.005           0     253.752           0
12          18     247.445     475.986           0     251.501           0
12          19     248.446     475.989           0     252.189     46.2307
12          20     249.446     475.998           0     254.569     61.7645
12          21     250.446     476.013           0     251.605     31.8778
12          22     251.447     476.025           0     248.707     19.5513
12          23     252.446     475.984           0     250.804     2.37092
12          24     253.423     475.767           0     220.748     1.03751
12          25     254.297     475.281           0     179.239     50.1183
12          26     255.114     474.703           0     75.6854     40.2728
12          27     256.007     474.254           0     190.313     40.9525
12          28     256.984     474.035           0     246.179     32.1763
12          29     257.982      473.98           0      249.94     32.5518
12          30     258.983     473.985           0     251.085     31.1829
12          31     259.983     473.995           0     253.692     1.95866
12          32     260.984     473.997           0     254.357           0
12          33     261.984     473.995           0     4.09062           0
#1
13           0     165.447     450.631           0     71.9773     40.3328
13           1     166.218     451.275           0     159.881     57.6635
13           2     166.992     451.915           0      231.49     29.4306
13           3     167.796     452.516           0     129.987     10.2261
13           4     168.653     453.039           0     245.118     4.28208
13           5     169.564     453.462           0      126.26     8.25137
13           6     170.505     453.811           0     206.921     21.7869
13           7     171.452     454.145           0      218.01     14.6872
13           8       172.4     454.476           0     128.729     31.6688
13           9     173.319      454.88           0      224.43     22.1884
13          10     174.163     455.424           0     164.534     29.1955
13          11     174.863     456.145           0     219.963     19.5659
13          12     175.468     456.946           0     135.738     21.5281
13          13     176.091     457.733           0     170.028     19.7171
13          14     176.794     458.451           0     120.122     32.4781
13          15     177.549     459.112           0     226.382     17.5879
13          16     178.291     459.789           0     96.6456     41.4014
13          17     178.955     460.542           0     243.526    0.295843
13          18     179.575     461.332           0     121.021   0.0550364
13          19      180.21      462.11           0     185.212     21.7616
13          20     180.885     462.853           0     196.845      22.371
13          21     181.608     463.549           0     130.235     20.2441
13          22      182.38     464.193           0     146.371     19.0542
13          23     183.193     464.781           0     199.109     37.8245
13          24     184.013     465.361           0      162.06     16.5202
13          25     184.814     465.967           0     202.187     27.2855
13          26     185.578     466.618           0     132.198     16.5728
13          27     186.324      467.29           0     146.332      26.372
13          28     187.085     467.945           0     220.565     34.2242
13          29     187.878     468.561           0     139.245     7.86892
13          30     188.696     469.144           0      218.34           0
13          31     189.511      469.73           0     128.779           0
13          32     190.288     470.367           0     141.943           0
13          33     191.035     471.037           0     237.239           0
13          34     191.783     471.707           0     157.395           0
13          35     192.565     472.337           0     122.073           0
13          36     193.405     472.888           0     226.345           0
13          37     194.296      473.35           0     143.073           0
13          38     195.239     473.696           0     177.512           0
13          39     196.219     473.914           0     232.974           0
13          40     197.219     473.999           0     254.755           0
13          41     198.223     473.971           0     247.674           0
13          42     199.218     473.835           0     212.875           0
13          43     200.194     473.597           0     142.695           0
13          44     201.152     473.299           0     178.722           0
13          45     202.104     472.979           0     249.691           0
13          46     203.047     472.634           0     158.552           0
13          47     203.966     472.229           0     191.897           0
13          48     204.839     471.732           0     186.769           0
13          49     205.667     471.165           0      156.03           0
13          50     206.456     470.543           0     128.481           0
13          51      207.24     469.916           0     182.738           0
13          52     208.048      469.32           0     173.493           0
13          53     208.873     468.748           0     190.786     1.37855
13          54      209.71     468.193           0     160.355       19.24
13          55     210.536     467.622           0     73.6277      37.585
#1
14           0     4.98587     342.427           0           0           0
14           1     5.95221     342.716           0     173.947           0
14           2     6.91872     343.005           0      253.67           0
14           3     7.88199     343.305           0     177.306           0
14           4     8.84751     343.597           0     144.654           0
14           5     9.82522     343.845           0      215.49           0
14           6     10.8099     344.064           0     238.642           0
14           7     11.7866     344.316           0     174.386           0
14           8     12.7597     344.582           0     138.382           0
14           9      13.742     344.811           0     206.928           0
14          10     14.7412      344.95           0     242.232           0
14          11     15.7486     345.002           0     254.504           0
14          12     16.7573      345.01           0     252.496           0
14          13     17.7661     345.005           0     253.632           0
14          14     18.7748     345.001           0     254.704           0
14          15     19.7835     344.999           0     254.786           0
14          16     20.7923     344.998           0     254.396           0
14          17      21.801     344.994           0     253.548           0
14          18     22.8097     344.989           0     252.129           0
14          19     23.8185     344.988           0     251.859           0
14          20     24.8269     345.015           0     251.248           0
14          21     25.8306     345.115           0     225.787           0
14          22     26.8189     345.317           0     174.196           0
14          23     27.7933     345.578           0     139.143           0
14          24     28.7762     345.805           0     205.243           0
14          25     29.7756     345.941           0     240.067           0
14          26     30.7816     346.016           0     250.864           0
14          27     31.7853     346.116           0     225.325           0
14          28     32.7762     346.306           0     177.064           0
14          29     33.7518     346.562           0     135.436           0
14          30     34.7279     346.816           0      208.18           0
14          31     35.7101     347.046           0     243.156           0
14          32     36.6898     347.287           0      181.88           0
14          33     37.6641     347.548           0     131.531           0
14          34     38.6472     347.774           0      197.37           0
14          35     39.6403     347.951           0      242.52           0
14          36     40.6369     348.107           0     227.748           0
14          37     41.6275     348.298           0     179.118           0
14          38     42.6141     348.508           0     127.955           0
14          39     43.6148     348.634           0      161.73           0
14          40     44.6219     348.576           0     146.761     15.7431
#1
15           0     59.6273     403.973           0     2.52547           0
15           1     59.3206      403.03           0     168.129           0
15           2     59.0198     402.084           0     249.957           0
15           3     58.6952     401.146           0      177.27           0
15           4     58.3236     400.225           0     152.201           0
15           5     57.9031     399.326           0     230.285           0
15           6     57.4671     398.435           0     128.594           0
15           7     57.0252     397.546           0      248.58           0
15           8     56.6192     396.641           0     136.041           0
15           9     56.3031       395.7           0     177.722           0
15          10     56.1038     394.727           0     228.541           0
15          11      56.009     393.739           0       252.7           0
15          12      55.939     392.749           0     239.448           0
15          13     55.8051     391.766           0       205.3           0
15          14     55.5807     390.799           0     139.814           0
15          15     55.3216     389.841           0     172.988           0
15          16     55.1202     388.869           0     224.356           0
15          17     55.0235     387.882           0     249.007           0
15          18     55.0037     386.889           0     254.065           0
15          19     55.0062     385.897           0     253.409           0
15          20     54.9729     384.905           0     248.089           0
15          21     54.8283     383.923           0     211.211           0
15          22     54.5135     382.982           0     130.807           0
15          23     54.0461     382.106           0     218.684           0
15          24     53.5162     381.267           0     125.572           0
15          25     53.0127     380.412           0     251.754           0
15          26     52.5863     379.515           0     128.177           0
15          27     52.2615     378.578           0     188.314     17.9702
15          28     52.0152     377.616           0     251.113     21.0161
15          29     51.7914     376.649           0     201.799     32.7942
15          30      51.542     375.688           0     131.539     32.9082
15          31     51.2901     374.728           0     181.028     17.4629
15          32     51.1029     373.754           0     228.762     19.3619
15          33     51.0126     372.765           0     251.778           0
15          34     50.9888     371.773           0     252.135           0
15          35     50.9905     370.781           0     252.581           0
15          36     50.9983     369.788           0      254.56           0
15          37     51.0084     368.796           0     252.853   0.0322458
15          38     51.0203     367.803           0      249.83     15.8011
15          39     51.0207     366.811           0     250.715     72.9389
15          40     50.9735      365.82           0     253.781     16.6456
15          41     50.8644     364.833           0     220.418     61.5555
15          42     50.7289      363.85           0     185.863     87.1502
15          43     50.5483     362.874           0     136.718     16.4341
15          44     50.3252     361.907           0     172.071      6.1815
15          45     50.1325     360.933           0     221.205           0
15          46          50      359.95           0     254.989           0
15          47     49.8611     358.967           0     219.581           0
15          48     49.6444     357.998           0     164.206           0
15          49     49.3584     357.048           0     160.151           0
15          50     49.0466     356.106           0     243.125           0
15          51     48.7109     355.172           0     181.273           0
15          52     48.3395     354.251           0     147.862           0
15          53     47.9215     353.351           0     234.976           0
15          54      47.484      352.46           0     127.825           0
15          55     47.0229     351.581           0     249.168           0
15          56     46.5306      350.72           0     130.926           0
15          57     46.0334     349.861           0      246.47           0
15          58     45.6445     348.947           0     250.237           0
15          59     45.6456     347.955           0     164.641     60.3272
15          60     45.8178     346.978           0     208.535           0
15          61     45.9469     345.994           0     241.472           0
15          62     46.0007     345.003           0     254.825           0
15          63      46.014      344.01           0     251.434           0
15          64     46.0185     343.018           0     250.274           0
15          65     46.0254     342.025           0     6.24845           0
#1
16           0     164.013     472.976           0           0           0
16           1     164.003     473.975           0      247.71           0
16           2     163.991     474.973           0     252.803           0
16           3      163.98     475.972           0     249.986           0
16           4     163.983     476.971           0     250.652           0
16           5     164.026     477.969           0     248.486           0
16           6     164.144      478.96           0     218.287           0
16           7     164.351     479.937           0     165.422           0
16           8     164.618       480.9           0     151.524      25.541
16           9      164.81      481.88           0     206.613      39.287
16          10     164.833     482.878           0     212.397     36.5063
16          11     164.702     483.868           0     178.948     82.7349
16          12     164.577     484.859           0     147.139     5.23843
16          13     164.718     485.848           0     244.078           0
16          14     165.157     486.745           0     215.001           0
16          15     165.694     487.587           0     136.124           0
16          16     166.261     488.409           0     138.536           0
16          17     166.815      489.24           0     207.935     5.62887
16          18     167.384     490.061           0     153.431     35.2404
16          19     167.988     490.857           0     216.263           0
16          20     168.643      491.61           0     135.563           0
16          21     169.347     492.319           0     141.627           0
16          22     170.098     492.978           0     224.911           0
16          23     170.898     493.575           0     142.724           0
16          24     171.744     494.106           0     227.887           0
16          25     172.624     494.577           0     132.413           0
16          26     173.521     495.018           0     250.428           0
16          27     174.438     495.412           0     130.258           0
16          28     175.389     495.717           0     182.942     10.8161
16          29     176.368     495.919           0     234.229     69.7105
16          30     177.357     496.053           0     241.448           0
16          31     178.344      496.21           0     201.456           0
16          32     179.317     496.433           0     133.773           0
16          33      180.28     496.698           0     177.954           0
16          34     181.234     496.994           0     253.455           0
16          35     182.149     497.393           0     169.778           0
16          36     182.927      498.02           0     236.353     5.05844
16          37     183.572     498.782           0     109.207     43.1522
16          38     184.218     499.544           0      138.78     56.1335
16          39     184.933     500.242           0     193.407     58.9797
16          40     185.705     500.875           0     166.664     30.5275
16          41     186.482     501.502           0     127.484           0
16          42     187.267     502.119           0     172.672           0
16          43     188.077     502.704           0     179.485           0
16          44     188.901     503.269           0     186.475           0
16          45     189.733     503.821           0     165.631           0
16          46     190.561      504.38           0     123.794           0
16          47     191.397     504.926           0     236.055           0
16          48     192.231     505.475           0      130.88           0
16          49     193.058     506.035           0      232.27           0
16          50     193.885     506.595           0     146.151           0
16          51     194.711     507.156           0     215.147           0
16          52     195.526     507.734           0     130.602           0
16          53     196.312     508.351           0     141.864           0
16          54     197.092     508.974           0     225.515           0
16          55     197.899     509.563           0     140.212           0
16          56     198.745     510.093           0     231.309           0
16          57     199.621     510.572           0     131.956           0
16          58     200.496     511.055           0     241.072           0
16          59     201.351      511.57           0     122.194           0
16          60     202.191      512.11           0     188.899           0
16          61     203.017     512.671           0     171.178    0.001966
16          62     203.834     513.246           0     192.146           0
16          63     204.644     513.831           0     151.761           0
16          64     205.431     514.446           0     129.409           0
16          65     206.209     515.072           0     187.221           0
16          66     206.986       515.7           0     1.10796           0
#1
17           0     183.253         497           0     190.484     4.39485
17           1     184.156      496.57           0     109.585     50.3666
17           2     185.099     496.236           0     194.844     41.6001
17           3     186.084     496.062           0     239.317     37.4106
17           4     187.081     495.967           0     246.602     32.9003
17           5     188.069     495.814           0     207.498     7.01074
17           6     189.024     495.516           0     131.334           0
17           7     189.935       495.1           0     216.037           0
17           8     190.856      494.71           0     244.316           0
17           9     191.854     494.639           0     176.405     105.957
17          10     192.847     494.761           0     194.117     6.81793
17          11     193.846     494.807           0     205.852     5.91928
17          12     194.837     494.672           0     171.343     5.63109
17          13     195.798     494.394           0     143.569     8.11785
17          14     196.737     494.047           0     243.072     25.9037
17          15     197.666     493.675           0     172.233     56.4854
17          16      198.61     493.344           0     136.225     9.04085
17          17     199.586     493.126           0     222.777    0.828997
17          18     200.582     493.026           0      248.36    0.365419
17          19     201.582     492.997           0     254.334           0
17          20     202.582     492.994           0     253.583     18.6838
17          21     203.583     492.995           0     253.808     31.8184
17          22     204.583     492.995           0      105.73      31.876
#1
18           0     198.676     176.048           0     8.35101     4.54547
18           1     198.811     177.037           0     206.734           0
18           2     198.929     178.028           0      236.78           0
18           3     199.089     179.013           0     232.312           0
18           4     199.418     179.955           0     148.331     62.1437
18           5     199.965      180.79           0     8.94111           0
18           6     200.564     181.589           0     143.743           0
18           7     200.962     182.504           0     245.188     29.4977
18           8     201.131     183.488           0     221.584     48.4105
18           9     201.291     184.473           0     180.866    0.557317
18          10     201.555     185.435           0     125.667           0
18          11     201.919     186.365           0     234.312           0
18          12     202.311     187.283           0     148.512           0
18          13      202.66     188.217           0      168.33           0
18          14     203.001     189.155           0     254.647           0
18          15      203.45     190.047           0     145.639           0
18          16     204.141     190.767           0     195.615           0
18          17     204.996     191.281           0     183.376           0
18          18     205.929     191.636           0     157.151           0
18          19     206.894     191.889           0     226.819           0
18          20     207.871     192.094           0     231.025           0
18          21     208.838      192.34           0     168.389           0
18          22     209.785     192.654           0     149.922     2.95898
18          23     210.723     192.998           0     254.364     44.4743
18          24     211.663      193.33           0     57.4872     28.2393
#1
19           0       151.2     210.603           0     20.2566     16.4642
19           1     151.905     209.895           0     206.626     1.62821
19           2     152.611     209.189           0     145.178     13.2149
19           3      153.36     208.527           0     163.309     43.2951
19           4     154.149     207.914           0     21.8362     79.4731
19           5     154.929      207.29           0     180.947    0.361593
19           6     155.521     206.486           0     192.176           0
19           7     155.912     205.566           0      232.52           0
19           8     156.257     204.629           0      189.42           0
19           9     156.671     203.719           0     108.411           0
19          10     157.223     202.887           0     182.148     24.4308
19          11     157.881     202.135           0     198.411     61.2824
19          12     158.615     201.457           0     130.011           0
19          13     159.407     200.849           0     144.017           0
19          14     160.239     200.295           0     179.867           0
19          15     161.046     199.706           0     183.404           0
19          16     161.747     198.995           0     190.578           0
19          17     162.332     198.185           0     170.326           0
19          18      162.89     197.356           0     156.167           0
19          19     163.506     196.569           0     127.286           0
19          20     164.188      195.84           0      181.49    0.567683
19          21     164.928     195.168           0     199.947     7.03685
19          22     165.712     194.549           0     122.137     33.4844
19          23     166.529     193.974           0     248.426     42.1528
19          24     167.344     193.396           0     119.283      20.046
19          25     168.124     192.772           0     179.649     72.0848
19          26     168.873      192.11           0     201.557     31.5486
19          27     169.615     191.442           0       130.9           0
19          28     170.388     190.808           0     145.158           0
19          29     171.212     190.244           0     192.766           0
19          30     172.071     189.734           0     178.648           0
19          31     172.946     189.252           0     183.997           0
19          32     173.792     188.721           0     183.831           0
19          33     174.597     188.129           0     145.865           0
19          34     175.378     187.506           0     127.864           0
19          35     176.238     186.998           0     254.864           0
19          36     177.228     186.866           0     220.844           0
19          37     178.214      187.03           0     247.234           0
19          38     179.208     187.125           0     229.764           0
19          39      180.16      186.82           0     183.052     41.8364
19          40     180.984     186.256           0     187.832    0.848309
19          41     181.792     185.669           0     102.356           0
19          42     182.668     185.187           0     207.319           0
19          43     183.584      184.79           0     201.416           0
19          44     184.509     184.412           0     127.912           0
19          45     185.415     183.991           0      252.68           0
19          46     186.306      183.54           0     131.407           0
19          47     187.211     183.115           0     178.043           0
19          48     188.146     182.763           0           0           0
19          49     189.112     182.509           0           0           0
19          50     190.096     182.336           0           0           0
19          51     191.086     182.204           0     17.4934           0
19          52      192.08     182.101           0     229.308           0
19          53     193.077     182.039           0     245.007           0
19          54     194.076     182.019           0     250.255           0
19          55     195.075     182.003           0     254.203           0
19          56     196.071     181.928           0     236.704           0
19          57     197.048      181.72           0     183.725           0
19          58     197.989     181.386           0     98.3447           0
19          59     198.954     181.125           0     214.324     21.8638
19          60     199.949     181.217           0     10.2518           0
19          61     200.927     181.417           0     236.491     11.2502
19          62     201.926     181.384           0     164.397     62.1505
19          63     202.914     181.234           0     195.218     17.7136
19          64     203.912     181.201           0     203.835     16.8367
19          65     204.902     181.338           0      168.86     27.3086
19          66     205.881     181.537           0     134.682     51.5379
19          67     206.875     181.633           0     161.437     61.0666
19          68     207.873     181.593           0     151.203     35.8534
19          69     208.871     181.634           0     242.991     5.93218
19          70     209.792     182.022           0     249.312           0
19          71      210.65     182.533           0     130.025     23.5959
19          72     211.507     183.048           0     242.795      77.786
19          73     212.411     183.473           0     128.727     69.5408
19          74     213.398     183.624           0     133.964     58.4451
19          75     214.388     183.488           0     130.485     97.5499
19          76     215.383     183.402           0     152.523     57.6067
19          77      216.37     183.555           0     123.846     32.9421
19          78      217.31     183.895           0      228.21       36.39
19          79     218.225     184.296           0     156.187     12.5332
19          80     219.163     184.639           0      162.98     7.93892
19          81     220.129     184.893           0     227.813     53.3318
19          82     221.105     185.107           0     227.612     70.3204
19          83     222.066     185.381           0     153.803           0
19          84     222.993     185.752           0     190.925           0
19          85     223.891      186.19           0     206.574           0
19          86     224.786     186.635           0      147.18           0
19          87     225.677     187.086           0     232.943           0
19          88     226.569     187.537           0     128.803           0
19          89     227.444     188.018           0     250.402           0
19          90     228.284      188.56           0     120.914           0
19          91     229.071     189.175           0     198.677           0
19          92     229.818     189.839           0     182.346           0
19          93     230.547     190.521           0     128.011           0
19          94     231.291     191.188           0     160.759     4.45703
19          95     232.058     191.828           0     198.881     58.1422
19          96     232.797       192.5           0     127.497     39.6011
19          97     233.353     193.331           0     170.714           0
19          98       233.6     194.298           0           0           0
19          99     233.672     195.295           0     75.2011           0
19         100     233.609     196.292           0      209.63     52.7804
19         101     233.281     197.236           0     183.281           0
19         102     232.783     198.101           0     185.015           0
19         103     232.288     198.969           0     178.226           0
19         104     231.812     199.848           0     207.097           0
19         105     231.364      200.74           0     144.221     3.16119
19         106     230.929      201.64           0     237.015      40.351
19         107     230.545     202.562           0     126.078     46.2248
19         108     230.239     203.513           0     194.028     43.4531
19         109     229.998     204.483           0     254.481     97.5423
19         110     229.759     205.453           0     193.436     23.9483
19         111     229.457     206.405           0     125.422           0
19         112     229.079      207.33           0     234.823           0
19         113     228.672     208.242           0      150.12           0
19         114       228.3      209.17           0     178.377           0
19         115     227.974     210.114           0     248.363           0
19         116     227.671     211.066           0      159.74           0
19         117      227.36     212.015           0           0           0
#1
20           0     233.967      192.32           0     81.5727     70.9189
20           1      234.77      191.73           0     143.274    0.525143
20           2     235.415      190.97           0      105.81           0
20           3     235.818     190.058           0     208.492           0
20           4     236.008      189.08           0     252.835           0
20           5     236.137     188.091           0     220.137           0
20           6     236.339     187.115           0     168.521           0
20           7     236.594     186.152           0     144.165           0
20           8      236.84     185.186           0     214.246           0
20           9     237.062     184.214           0     239.313           0
20          10     237.298     183.245           0     179.072           0
20          11      237.56     182.284           0     134.116           0
20          12      237.81     181.319           0     206.673           0
20          13     238.036     180.348           0     245.789           0
20          14     238.272      179.38           0      185.66           0
20          15     238.532     178.417           0     128.855           0
20          16      238.77      177.45           0     196.429           0
20          17     238.928     176.465           0     236.752           0
20          18     238.996     175.471           0     253.924           0
20          19      239.01     174.474           0     252.459           0
20          20     239.007     173.477           0     253.133           0
20          21     239.005     172.481           0     253.695           0
20          22     239.008     171.484           0     253.049           0
20          23      239.01     170.487           0     252.421           0
20          24     238.994     169.491           0     253.499           0
20          25     238.922     168.496           0     235.016           0
20          26     238.756     167.514           0     192.661           0
20          27     238.513     166.547           0     127.803           0
20          28     238.266     165.581           0     187.091           0
20          29     238.094     164.599           0     230.935           0
20          30     238.018     163.605           0     250.411           0
20          31     237.987     162.609           0     251.662           0
20          32     237.927     161.614           0       236.4           0
20          33      237.78     160.628           0     198.962           0
20          34     237.549     159.659           0     131.478           0
20          35       237.3     158.693           0     178.423           0
20          36     237.107     157.716           0      227.75           0
20          37     236.969     156.728           0     247.029           0
20          38     236.801     155.746           0     204.253           0
20          39     236.534     154.786           0     132.399           0
20          40     236.167     153.859           0     212.313           0
20          41     235.756      152.95           0      186.41           0
20          42     235.395     152.021           0     153.042           0
20          43      235.12     151.063           0     224.294           0
20          44     234.902     150.091           0      229.92           0
20          45     234.667     149.122           0     170.172           0
20          46     234.406      148.16           0     143.833           0
20          47     234.163     147.193           0     213.479           0
20          48     233.942     146.221           0     240.221           0
20          49     233.684     145.259           0     174.398           0
20          50      233.35      144.32           0     141.336           0
20          51     232.955     143.404           0     243.487           0
20          52     232.574     142.483           0     126.853           0
20          53     232.264     141.536           0     187.687           0
20          54     232.011     140.572           0     252.176           0
20          55     231.735     139.614           0     187.545           0
20          56     231.353     138.693           0     112.972           0
20          57     230.853     137.831           0     187.103           0
20          58     230.319     136.989           0     173.676           0
20          59     229.817     136.128           0     208.271           0
20          60     229.429      135.21           0     138.055           0
20          61     229.157     134.251           0     54.0037           0
20          62     228.936     133.279           0           0           0
20          63     228.659     132.322           0     113.888           0
20          64     228.251     131.412           0     138.658           0
20          65     227.734      130.56           0     134.673           0
20          66     227.204     129.716           0      202.93           0
20          67       226.7     128.856           0     163.809           0
20          68     226.237     127.973           0      194.47           0
20          69     225.782     127.086           0     199.434           0
20          70      225.34     126.193           0     152.541           0
20          71     224.892     125.302           0     227.519           0
20          72     224.451     124.408           0      129.78           0
20          73     224.008     123.516           0     253.002           0
20          74     223.564     122.623           0     131.501           0
20          75     223.122      121.73           0     223.952           0
20          76     222.672      120.84           0      157.33           0
20          77     222.228     119.948           0     196.837           0
20          78     221.776      119.06           0     197.816           0
20          79     221.331     118.168           0      156.18           0
20          80      220.87     117.284           0     221.759           0
20          81      220.44     116.385           0     131.045           0
20          82     219.978     115.501           0      249.44           0
20          83      219.46      114.65           0     124.423           0
20          84     218.894     113.829           0     189.052           0
20          85     218.311     113.021           0     1.65582           0
#1
21           0      267.34     471.677           0     54.3163     36.0951
21           1     266.565     471.037           0     245.534           0
21           2     265.821     470.361           0     104.837     8.83149
21           3     265.187     469.581           0     207.294     18.5906
21           4     264.676     468.715           0     146.771           0
21           5      264.28     467.791           0     183.673           0
21           6     263.918     466.853           0      234.06           0
21           7     263.505     465.936           0     128.567           0
21           8     263.013     465.059           0     236.907           0
21           9      262.47     464.213           0     131.919           0
21          10     261.915     463.375           0     233.408           0
21          11     261.359     462.537           0     124.803           0
21          12     260.791     461.708           0     158.316           0
21          13      260.25      460.86           0     191.331           0
21          14      259.76     459.982           0     191.429           0
21          15     259.391     459.047           0     152.752     81.8474
21          16      259.21     458.058           0     201.417           0
21          17     259.317     457.059           0     174.117           0
21          18     259.773     456.163           0     222.923           0
21          19     260.436     455.407           0     124.484           0
21          20     261.155     454.704           0     163.359           0
21          21     261.861     453.988           0     216.745           0
21          22     262.541     453.248           0     132.797           0
21          23     263.223     452.509           0     226.083      23.785
21          24     263.916      451.78           0     250.257     42.3621
21          25     264.572     451.018           0         255     18.9954
21          26     265.087     450.155           0     232.834       66.74
21          27     265.518     449.246           0     129.773           0
21          28     265.893     448.314           0      227.84           0
21          29      266.23     447.366           0     196.385           0
21          30     266.508       446.4           0     127.887           0
21          31     266.671     445.408           0     171.011     2.36152
21          32     266.675     444.403           0     172.135     47.4108
21          33     266.631     443.398           0     161.016     45.8287
21          34     266.796     442.406           0     233.871     8.64467
21          35     267.213     441.492           0     126.257     5.51818
21          36     267.697     440.611           0     177.828     39.9747
21          37     268.196     439.738           0     204.923     40.6536
21          38     268.692     438.863           0     91.9347     35.2451
21          39     269.095     437.942           0     253.591     34.5462
21          40     269.069     436.937           0     237.472           0
21          41      268.74     435.987           0     187.088           0
21          42     268.409     435.038           0     149.028           0
21          43     268.247     434.045           0     191.939           0
21          44     268.352     433.045           0     165.354           0
21          45     268.615     432.075           0     152.333           0
21          46     268.903     431.112           0      230.15           0
21          47      269.16      430.14           0     214.169     7.68373
21          48     269.406     429.165           0     111.536     87.9852
21          49     269.763     428.225           0     194.647           0
21          50     270.398     427.446           0     209.773           0
21          51      271.21     426.853           0     217.447           0
21          52     272.035     426.279           0     74.9996           0
21          53     272.782     425.606           0     199.504           0
21          54     273.467      424.87           0     133.676     13.5922
21          55     274.142     424.124           0     191.579     63.2833
21          56      274.83     423.391           0     145.793     40.2167
21          57     275.498      422.64           0     127.662     12.8744
21          58       276.1     421.835           0     195.777     12.3999
21          59     276.652     420.994           0     166.259     44.7379
21          60     277.221     420.166           0     198.662     38.0921
21          61     277.819     419.357           0     150.725           0
21          62     278.447     418.572           0     129.451           0
21          63     279.049     417.767           0     188.931           0
21          64     279.544     416.892           0     138.652           0
21          65     279.859     415.937           0     219.084           0
21          66     279.997     414.941           0     254.192           0
21          67     280.032     413.937           0     246.864           0
21          68     280.027     412.931           0      248.18           0
21          69     279.985     411.927           0     251.089           0
21          70      279.86     410.929           0     219.367           0
21          71     279.611     409.955           0     153.256           0
21          72     279.248     409.018           0     189.596           0
21          73     278.811     408.112           0     206.767           0
21          74     278.368      407.21           0     147.098           0
21          75     277.909     406.315           0     231.814           0
21          76      277.45     405.421           0     129.541           0
21          77     276.969     404.537           0     247.174           0
21          78      276.45     403.677           0     122.973           0
21          79     275.889     402.842           0     190.886           0
21          80      275.31      402.02           0     1.57038           0
#1
22           0     272.473     438.327           0     210.992     54.1498
22           1     273.475     438.274           0     221.808     38.5328
22           2     274.429     437.959           0     244.458           0
22           3     275.347     437.553           0     131.663           0
22           4     276.255     437.123           0     223.595           0
22           5     277.152     436.673           0     158.125     8.12787
22           6     278.052     436.228           0     196.817     16.3349
22           7     278.956      435.79           0     201.554     41.7835
22           8     279.875     435.385           0     149.431     64.3635
22           9     280.804     435.004           0     253.871     37.4217
22          10     281.747      434.66           0     233.063     48.6127
22          11     282.701     434.347           0         255     18.6171
22          12     283.624      433.95           0     242.268      38.465
22          13     284.521     433.501           0     127.492     48.0893
22          14     285.416     433.044           0     243.863      9.0178
22          15     286.311      432.59           0     136.175           0
22          16     287.214      432.15           0     216.778           0
22          17     288.123     431.723           0      170.38           0
22          18     289.054     431.346           0     166.694           0
22          19     289.999     431.008           0     252.876           0
22          20     290.952     430.692           0     176.563           0
22          21     291.937     430.497           0     246.924     12.3194
22          22     292.935     430.611           0     162.254     45.7968
22          23     293.917     430.818           0     208.652     2.20191
22          24     294.911     430.959           0     244.656    0.102401
22          25     295.914     431.012           0     251.904           0
22          26     296.918     430.986           0     251.454           0
22          27     297.916     430.878           0     224.011           0
22          28       298.9     430.677           0     172.599           0
22          29     299.875     430.439           0     139.155           0
22          30     300.864     430.262           0     188.133           0
22          31     301.861     430.146           0     217.891     97.2125
22          32     302.842     429.929           0     236.993     21.6852
#1
23           0     283.881     469.605           0     166.356     42.9166
23           1     284.674     469.003           0     171.655     70.8485
23           2     285.488     468.429           0     127.061     17.4552
23           3     286.302     467.855           0     163.405           0
23           4     287.112     467.276           0     184.506           0
23           5     287.913     466.685           0     174.595           0
23           6     288.727     466.111           0     172.574           0
23           7     289.486     465.466           0     127.266           0
23           8     290.215     464.787           0     169.284           0
23           9     290.925     464.089           0     216.556           0
23          10     291.625     463.381           0       135.1           0
23          11      292.31     462.658           0     142.806           0
23          12     292.964     461.907           0     222.932           0
23          13     293.573     461.119           0     141.674           0
23          14     294.143     460.302           0     218.541           0
23          15     294.694     459.473           0     130.212           0
23          16     295.251     458.647           0     146.203           0
23          17     295.782     457.805           0     199.377           0
23          18     296.264     456.933           0     179.724           0
23          19     296.633     456.008           0      160.86           0
23          20     296.827     455.032           0     210.901           0
23          21     296.776     454.037           0     197.868           0
23          22     296.566     453.063           0     144.406           0
23          23     296.465     452.073           0     8.62607     46.3841
23          24     296.821     451.143           0     218.474           0
23          25     297.472     450.389           0     125.912           0
23          26     298.186     449.696           0     158.799           0
23          27     298.858      448.96           0     210.145           0
23          28     299.403     448.127           0     109.127           0
23          29     299.748     447.193           0     190.637           0
23          30     299.935     446.215           0     238.455           0
23          31     300.113     445.235           0     226.141     10.8044
23          32     300.411     444.284           0     225.233     62.2346
23          33     300.785     443.362           0     220.022     3.99885
23          34     301.088     442.413           0     232.511     57.2098
23          35     301.335     441.448           0     169.628     26.7169
23          36      301.62     440.494           0     127.869     28.9781
23          37     301.984     439.567           0     250.911     6.61781
23          38     302.371      438.65           0     137.322           0
23          39     302.693     437.707           0     176.637           0
23          40     302.901     436.733           0     229.635           0
23          41     302.991     435.741           0     252.616           0
23          42     303.016     434.746           0      251.02           0
23          43     303.033      433.75           0     246.685           0
23          44     303.074     432.755           0     236.245           0
23          45     303.144     431.762           0     174.976      96.984
23          46     303.272     430.774           0     111.331     10.4991
23          47     303.584     429.828           0     236.817           0
23          48     304.072      428.96           0     227.875           0
23          49     304.541     428.082           0     136.316           0
23          50     304.931     427.165           0     237.372           0
23          51     305.284     426.234           0     182.586     6.11208
23          52     305.651     425.308           0     142.242     31.8694
23          53     306.053     424.397           0     241.571     3.34947
23          54     306.447     423.483           0     127.036           0
23          55     306.806     422.554           0     205.619           0
23          56      307.14     421.616           0     219.179           0
23          57     307.449     420.669           0     131.903           0
23          58     307.719      419.71           0     183.404           0
23          59     307.911     418.733           0     232.373           0
23          60     308.005     417.742           0     253.675           0
23          61     308.022     416.746           0     249.272           0
23          62     307.963     415.752           0     245.561           0
23          63     307.779     414.773           0     198.694           0
23          64     307.436     413.838           0     116.545           0
23          65     306.974     412.956           0     237.716           0
23          66     306.522     412.069           0     122.687           0
23          67     306.206     411.124           0     202.353     19.0627
23          68     306.056      410.14           0     240.681     32.2291
23          69     305.989     409.146           0     252.226     32.0296
23          70      305.86     408.158           0     219.374     32.9288
23          71     305.535     407.217           0      136.33     40.3725
23          72     304.971     406.396           0     149.471     19.3729
23          73     304.226     405.736           0     94.5573     12.2727
23          74      303.41     405.164           0     213.141     66.3875
23          75     302.678     404.489           0     166.678           0
23          76     302.242     403.594           0     193.265           0
23          77     302.054     402.616           0     241.256           0
23          78     301.985     401.623           0     251.189           0
23          79     301.923     400.629           0     235.414           0
23          80     301.784     399.643           0     199.947           0
23          81     301.557     398.673           0     132.525           0
23          82     301.297     397.712           0     179.177           0
23          83     301.062     396.744           0     239.295           0
23          84      300.84     395.773           0     214.318           0
23          85     300.587      394.81           0     141.223     14.8461
23          86     300.292     393.859           0     180.433     33.3625
23          87     299.976     392.914           0     248.843     42.7047
23          88     299.634     391.979           0     160.293      34.441
23          89      299.25      391.06           0     183.532     1.28697
23          90     298.837     390.154           0     213.562           0
23          91     298.469     389.228           0     131.742           0
23          92      298.18     388.275           0     209.048           0
23          93      297.95     387.306           0     242.322           0
23          94      297.72     386.338           0     183.655           0
23          95     297.464     385.375           0     129.777           0
23          96     297.215     384.411           0     200.302           0
23          97     296.991     383.441           0      252.67     23.9891
23          98     296.762     382.472           0     194.187     32.8703
23          99     296.497     381.511           0     127.483     33.1726
23         100     296.199     380.561           0      204.23     33.5161
23         101     295.866     379.623           0     220.919     12.1903
23         102     295.509     378.693           0     128.433           0
23         103     295.108     377.782           0     227.561           0
23         104     294.657     376.893           0     149.741           0
23         105     294.199     376.009           0    0.474109           0
#1
24           0      128.79     504.021           0     1.11192           0
24           1     128.131     504.772           0     171.165           0
24           2     127.483     505.533           0     127.795           0
24           3     126.879      506.33           0     160.289           0
24           4     126.371     507.191           0     160.495           0
24           5     125.963     508.104           0     245.504           0
24           6     125.626     509.045           0     156.771           0
24           7     125.344     510.004           0     167.258           0
24           8     125.224     510.997           0     197.978           0
24           9     125.346     511.989           0      166.88           0
24          10     125.621      512.95           0     155.295           0
24          11     125.959     513.891           0     244.639           0
24          12     126.358     514.808           0     163.743           0
24          13     126.829      515.69           0      159.28           0
24          14      127.36     516.537           0     124.874           0
24          15     127.905     517.375           0     230.695           0
24          16      128.48     518.192           0     130.651           0
24          17       129.1     518.977           0     224.119           0
24          18     129.758     519.729           0     157.663           0
24          19     130.428     520.471           0     128.565           0
24          20     131.071     521.237           0     185.089           0
24          21     131.653      522.05           0     166.457           0
24          22     132.191     522.892           0     206.375           0
24          23     132.727     523.736           0     154.838           0
24          24      133.34     524.526           0     213.857           0
24          25     134.056     525.224           0     190.067           0
24          26     134.859     525.818           0      185.87           0
24          27     135.712     526.341           0     110.387     24.4667
24          28     136.573     526.849           0     216.434     74.9468
24          29      137.34      527.49           0     172.628     21.5806
24          30     137.844     528.353           0     215.172     18.8841
24          31     138.173     529.297           0      210.81     22.3398
24          32     138.452     530.257           0     133.444     5.15261
24          33     138.743     531.214           0      189.51     13.2309
24          34     139.057     532.163           0     240.484     21.3088
24          35       139.4     533.102           0     147.835     13.4145
24          36     139.789     534.023           0     201.081     6.24667
24          37     140.205     534.932           0     202.752     16.4618
24          38     140.565     535.864           0     139.644      7.1275
24          39     140.821     536.831           0     209.376           0
24          40     140.976     537.818           0     248.866           0
24          41     141.113     538.809           0     226.198  0.00287269
24          42     141.333     539.784           0     170.075    0.280467
24          43     141.661     540.728           0     146.203           0
24          44      142.06     541.645           0     239.577           0
24          45     142.457     542.562           0     126.126           0
24          46     142.815     543.496           0     207.903     11.3349
24          47     143.158     544.435           0     214.687   0.0191204
24          48     143.511      545.37           0     126.772    0.283225
24          49     143.902      546.29           0     229.894     10.1267
24          50      144.31     547.203           0     156.246     12.8232
24          51     144.683      548.13           0     174.204           0
24          52     145.023     549.071           0      249.26           0
24          53     145.361     550.011           0     162.089           0
24          54      145.74     550.937           0     180.939           0
24          55     146.169      551.84           0      211.92           0
24          56     146.618     552.733           0      141.51           0
24          57     147.111     553.602           0     226.653           0
24          58     147.666     554.434           0     121.938           0
24          59     148.308     555.201           0     156.883           0
24          60     149.027     555.895           0      221.93           0
24          61     149.808     556.519           0     130.522           0
24          62     150.625     557.095           0     230.658           0
24          63     151.443      557.67           0     122.536           0
24          64     152.223     558.295           0     156.423           0
24          65     152.959     558.972           0     237.932           0
24          66     153.646     559.698           0     142.248           0
24          67     154.276     560.474           0     130.461           0
24          68     154.827     561.309           0     210.771           0
24          69     155.301     562.189           0     159.095           0
24          70      155.69      563.11           0     175.886           0
24          71     156.025     564.052           0     248.714           0
24          72     156.339     565.001           0     168.498           0
24          73     156.656     565.949           0     163.219           0
24          74     156.971     566.898           0     247.622           0
24          75     157.283     567.847           0     182.718           0
24          76     157.579     568.802           0     139.629           0
24          77     157.831      569.77           0     211.921           0
24          78     158.051     570.745           0     242.023           0
24          79     158.302     571.713           0     177.876           0
24          80     158.631     572.657           0     137.964           0
24          81     159.036     573.571           0     245.841           0
24          82     159.479     574.467           0      127.86           0
24          83     159.951     575.348           0     242.572           0
24          84     160.468     576.204           0     132.321           0
24          85     161.019     577.038           0     240.845           0
24          86     161.578     577.867           0     142.074           0
24          87     162.139     578.694           0      219.54           0
24          88      162.72     579.508           0     128.401           0
24          89     163.355      580.28           0     143.769           0
24          90     164.032     581.016           0     243.117           0
24          91     164.728     581.734           0     154.622           0
24          92     165.414      582.46           0      129.24           0
24          93     166.066     583.218           0     189.864           0
24          94     166.667     584.017           0     170.005           0
24          95     167.233     584.841           0     195.545           0
24          96     167.781     585.677           0     152.924           0
24          97     168.338     586.507           0     126.884           0
24          98     168.894     587.338           0     228.002           0
24          99     169.488     588.143           0     129.672     2.40064
24         100     170.138     588.902           0     198.418     24.0703
24         101     170.812     589.641           0     149.879     15.4928
24         102     171.447     590.413           0     196.716     18.8029
24         103         172     591.246           0     254.914     16.5285
24         104     172.522     592.098           0     123.074     8.92957
24         105     173.088     592.922           0     214.409     6.48212
24         106     173.728     593.691           0     149.622     1.13704
24         107     174.438     594.394           0     130.856           0
24         108     175.215     595.024           0     196.867           0
24         109     176.056     595.564           0     143.825           0
24         110     176.933     596.043           0     244.045    0.377681
24         111     177.789     596.559           0     112.468           0
24         112     178.589      597.16           0           0           0
24         113     179.351     597.807           0           0           0
24         114     180.148      598.41           0     104.445           0
24         115     181.012     598.912           0     232.456           0
24         116     181.923     599.324           0     172.291           0
24         117     182.843     599.717           0     165.364           0
24         118     183.754     600.127           0     222.585           0
24         119     184.676     600.514           0     128.767           0
24         120     185.613     600.862           0     219.877           0
24         121     186.558      601.19           0     206.641           0
24         122     187.506     601.505           0     127.515           0
24         123     188.456     601.818           0     208.661           0
24         124     189.404     602.136           0     220.371           0
24         125     190.352     602.451           0     131.179           0
24         126       191.3     602.769           0     196.062           0
24         127     192.248     603.087           0     232.698           0
24         128     193.199     603.395           0     143.646           0
24         129     194.157      603.68           0     173.457           0
24         130     195.127     603.922           0     235.167           0
24         131     196.103     604.141           0     219.034           0
24         132     197.071      604.39           0     151.663           0
24         133     198.034     604.658           0     167.783           0
24         134     199.011      604.87           0      221.94           0
24         135     200.005      604.98           0     249.932           0
24         136     201.004     605.015           0     251.189           0
24         137     202.003     605.021           0      249.63           0
24         138     203.003     605.017           0     250.716           0
24         139     204.002     604.985           0     251.134           0
24         140     204.996     604.877           0     223.593           0
24         141     205.971     604.656           0     167.189           0
24         142     206.922     604.348           0     160.269           0
24         143      207.86     604.002           0     254.381     9.20821
24         144     208.804     603.672           0     171.313     62.5019
24         145     209.796     603.552           0      231.75           0
24         146     210.774      603.76           0     57.6139           0
24         147     211.727     604.063           0           0           0
24         148     212.724     604.135           0     184.597     19.9143
24         149     213.594     603.644           0      120.61           0
24         150     214.293     602.929           0     172.777           0
24         151     214.985     602.208           0     199.805           0
24         152     215.739     601.551           0     121.292           0
24         153     216.544     600.959           0      244.43           0
24         154      217.36     600.381           0     118.987           0
24         155     218.152     599.771           0     175.515           0
24         156     218.933     599.146           0     205.571           0
24         157     219.732     598.546           0     122.019           0
24         158     220.573     598.006           0     253.548           0
24         159     221.447      597.52           0     128.042           0
24         160     222.344     597.077           0     235.303           0
24         161     223.253     596.661           0     147.804           0
24         162     224.183     596.294           0     180.023           0
24         163     225.129     595.972           0      247.76           0
24         164     226.082      595.67           0     156.802           0
24         165     227.033     595.361           0           0           0
#1
25           0     183.363     513.012           0     1.07901           0
25           1     183.761      513.93           0     180.536           0
25           2     184.168     514.845           0     212.247           0
25           3     184.527      515.78           0     131.335           0
25           4     184.792     516.745           0     202.054           0
25           5     184.948     517.734           0     241.713           0
25           6     185.028     518.732           0     247.872           0
25           7     185.113     519.729           0      226.28           0
25           8     185.297     520.714           0      179.21           0
25           9     185.545     521.683           0     131.754           0
25          10     185.779     522.657           0     198.555           0
25          11     185.949     523.644           0     241.956           0
25          12     186.092     524.635           0     231.563           0
25          13     186.284     525.617           0     182.684           0
25          14     186.531     526.587           0       128.9           0
25          15     186.769      527.56           0     196.174           0
25          16     186.928     528.548           0     236.691           0
25          17     186.994     529.547           0     253.397           0
25          18     187.003     530.548           0     254.224           0
25          19     186.997      531.55           0     254.207           0
25          20      187.01     532.551           0     252.539           0
25          21     187.083     533.549           0     233.756           0
25          22     187.253     534.536           0     190.566           0
25          23     187.495     535.507           0     127.483           0
25          24     187.738     536.479           0     188.244           0
25          25     187.921     537.463           0     234.788           0
25          26      188.06     538.454           0     239.724           0
25          27     188.235      539.44           0     195.148           0
25          28     188.484      540.41           0     128.243           0
25          29     188.785     541.365           0       200.3           0
25          30     189.107     542.313           0     227.647           0
25          31     189.418     543.264           0     137.393           0
25          32     189.692     544.227           0     176.412           0
25          33     189.892     545.208           0     227.524           0
25          34     190.027       546.2           0     248.043           0
25          35     190.179      547.19           0     209.373           0
25          36     190.409     548.164           0     143.045           0
25          37     190.704     549.121           0     179.557           0
25          38     191.021     550.071           0     249.606           0
25          39     191.336     551.021           0      167.52           0
25          40     191.634     551.977           0     160.031           0
25          41     191.884     552.947           0     225.326           0
25          42     192.101     553.924           0     229.312           0
25          43     192.343     554.895           0     167.472           0
25          44      192.61      555.86           0     147.713           0
25          45      192.83     556.837           0     211.714           0
25          46     192.952     557.831           0      242.82           0
25          47     192.995     558.831           0     253.784           0
25          48     193.026     559.832           0     248.422           0
25          49     193.117     560.829           0     225.191           0
25          50      193.31     561.811           0     176.001           0
25          51     193.569     562.778           0     137.268           0
25          52     193.823     563.747           0     209.786           0
25          53     194.051     564.721           0     242.107           0
25          54     194.289     565.694           0     181.379           0
25          55     194.548     566.661           0     131.425           0
25          56      194.78     567.635           0     198.849           0
25          57     194.947     568.622           0     241.602           0
25          58     195.086     569.613           0     232.954           0
25          59     195.272     570.597           0     185.667           0
25          60     195.516     571.568           0     128.065           0
25          61      195.77     572.537           0     196.389           0
25          62     196.001     573.511           0      254.78           0
25          63     196.232     574.485           0     195.954           0
25          64     196.487     575.453           0     127.804           0
25          65     196.745     576.421           0     190.026           0
25          66     196.977     577.394           0     249.152           0
25          67     197.203      578.37           0     203.252           0
25          68     197.454     579.339           0     131.308           0
25          69      197.71     580.307           0      181.15           0
25          70     197.939     581.282           0     239.471           0
25          71     198.168     582.256           0     212.252           0
25          72      198.47     583.211           0     131.891           0
25          73     198.895     584.117           0     228.313           0
25          74     199.441     584.957           0     142.663           0
25          75     200.024      585.77           0      196.41           0
25          76     200.526     586.637           0     178.064           0
25          77     200.899     587.566           0     229.305           0
25          78     201.248     588.504           0     191.835     11.2796
25          79     201.697     589.399           0     77.3452     52.9081
25          80     202.273     590.218           0     69.6616      13.129
25          81     202.854     591.033           0     217.776     83.9998
25          82     203.383     591.883           0     157.306     1.22203
25          83     203.893     592.744           0     176.526           0
25          84     204.416     593.598           0     123.324           0
25          85     204.922     594.462           0      235.04           0
25          86     205.406     595.339           0     135.242           0
25          87     205.883     596.219           0     225.255           0
25          88     206.398     597.077           0     149.441           0
25          89     206.947     597.915           0     222.064           0
25          90      207.51     598.743           0     128.717           0
25          91     208.049     599.586           0      242.42           0
25          92     208.542     600.458           0      126.59           0
25          93     208.981     601.358           0     160.594     8.40664
25          94     209.373     602.279           0     95.1494      69.235
25          95     209.883      603.14           0     229.411     0.63753
25          96     210.681     603.745           0     81.3028           0
25          97     211.551      604.24           0           0           0
25          98     212.358     604.833           0     91.2514     74.1185
25          99     212.954     605.638           0      243.24           0
25         100     213.351     606.557           0     165.445           0
25         101     213.758     607.471           0      123.73           0
25         102     214.252     608.342           0     147.459           0
25         103     214.783     609.191           0     199.744           0
25         104     215.337     610.025           0     166.919           0
25         105     215.898     610.854           0     199.372           0
25         106     216.462     611.681           0     123.992           0
25         107     217.013     612.517           0     251.735           0
25         108     217.561     613.355           0     122.955           0
25         109     218.122     614.185           0     188.343           0
25         110     218.677     615.017           0     172.719           0
25         111     219.242     615.844           0     193.183           0
25         112     219.833     616.653           0     153.392           0
25         113     220.478     617.418           0     128.434           0
25         114     221.161      618.15           0     187.998           0
25         115     221.858     618.869           0     194.835           0
25         116      222.54     619.602           0      129.56           0
25         117     223.181     620.371           0     148.512           0
25         118      223.77      621.18           0      196.42           0
25         119     224.349     621.997           0     166.037           0
25         120     224.952     622.797           0     195.852           0
25         121     225.604     623.556           0     130.481           0
25         122     226.291     624.284           0     150.469           0
25         123     226.987     625.004           0     250.824           0
25         124     227.663     625.743           0     147.662           0
25         125     228.296     626.519           0      125.56           0
25         126     228.878     627.333           0     223.889           0
25         127     229.458     628.149           0      134.98           0
25         128     230.073     628.939           0      221.83           0
25         129     230.728     629.696           0     150.334           0
25         130     231.398     630.441           0       130.6           0
25         131     232.046     631.203           0     196.153           0
25         132      232.65     632.002           0     165.709           0
25         133      233.23     632.818           0     196.228           0
25         134     233.821     633.626           0     148.159           0
25         135     234.461     634.396           0     129.581           0
25         136     235.129     635.141           0     195.261           0
25         137     235.792     635.892           0     185.867           0
25         138     236.418     636.674           0     120.204           0
25         139     236.994     637.493           0     253.359           0
25         140     237.547     638.327           0     123.303           0
25         141     238.107     639.157           0     196.281           0
25         142     238.662      639.99           0     168.017           0
25         143     239.227     640.817           0      197.22           0
25         144     239.816     641.626           0     147.859           0
25         145     240.457     642.395           0       129.8           0
25         146     241.127     643.139           0     196.128           0
25         147      241.79      643.89           0     185.071           0
25         148     242.415     644.672           0     120.072           0
25         149      242.99     645.491           0     252.472           0
25         150     243.544     646.325           0     123.564           0
25         151     244.109     647.152           0     196.961           0
25         152     244.684     647.971           0     171.725           0
25         153     245.285     648.772           0     182.286           0
25         154     245.893     649.568           0     141.045           0
25         155      246.47     650.386           0     202.788           0
25         156     246.965     651.256           0     246.129           0
25         157     247.398     652.159           0     145.308           0
25         158     247.809     653.071           0      206.37           0
25         159     248.244     653.973           0     192.827           0
25         160     248.688     654.871           0     163.077           0
25         161     249.161     655.753           0     213.891           0
25         162     249.651     656.626           0     137.207           0
25         163     250.142     657.499           0     236.859           0
25         164      250.55     658.413           0     207.623           0
25         165     250.831     659.374           0     211.798           0
25         166     251.029     660.355           0     247.638           0
25         167      251.22     661.338           0     198.986           0
25         168     251.452     662.312           0      132.14           0
25         169     251.711     663.279           0     181.272           0
25         170     251.895     664.263           0     228.235           0
25         171     252.023     665.256           0     249.145           0
25         172     252.202     666.241           0     203.415           0
25         173     252.506     667.195           0     126.522           0
25         174     252.914      668.11           0     207.533           0
25         175     253.351      669.01           0           0           0
#1
26           0     259.738     448.476           0     89.6492     49.7446
26           1     260.595     449.014           0     251.373     31.9505
26           2     261.455     449.546           0     126.427     8.46742
26           3     262.297     450.106           0     228.011     21.2418
26           4     263.139     450.666           0     96.8499     111.345
26           5     264.034     451.138           0         255     66.4153
26           6     265.002     451.428           0     254.641     97.2168
26           7     265.975     451.705           0     181.579     11.4218
26           8     266.939      452.01           0     252.385           0
26           9     267.895      452.34           0     168.191           0
26          10     268.834     452.716           0     164.293           0
26          11     269.756     453.131           0     221.517           0
26          12     270.694     453.511           0     128.632           0
26          13     271.664     453.798           0     203.466           0
26          14     272.662      453.96           0     244.916           0
26          15     273.672     453.998           0     254.583           0
26          16      274.68     453.917           0     233.732           0
26          17      275.67     453.708           0     180.656           0
26          18     276.633     453.399           0     134.332           0
26          19     277.585     453.057           0     240.372     104.838
26          20     278.548     452.748           0      219.81     124.094
26          21     279.518     452.462           0     127.846     13.3552
26          22     280.482     452.158           0     214.817           0
26          23      281.44     451.833           0     212.495           0
26          24      282.39     451.485           0     126.678           0
26          25     283.324     451.097           0     230.312     6.01881
26          26     284.248     450.688           0     151.573     12.7271
26          27     285.178     450.289           0      181.28           0
26          28     286.088     449.847           0     219.477           0
26          29     286.917     449.269           0     239.562    0.153019
26          30     287.504     448.445           0     126.407     95.8888
26          31     287.963     447.544           0     117.147     5.04813
26          32     288.459     446.663           0     130.911           0
26          33     289.008     445.813           0     205.723           0
26          34      289.58     444.979           0           0           0
#1
27           0     287.508     449.744           0     221.863     20.9122
27           1     288.513     449.906           0     231.111     19.3492
27           2      289.49     450.195           0     205.211           0
27           3     290.444     450.549           0      126.11           0
27           4     291.376     450.959           0      244.65           0
27           5      292.31     451.366           0     140.489           0
27           6      293.28     451.675           0     172.097           0
27           7     294.293     451.777           0     198.188     13.0641
27           8     295.297     451.607           0     138.536     32.7498
27           9     296.224     451.186           0     207.644      55.827
#1
28           0      236.32     569.968           0     2.60472           0
28           1     236.647      569.02           0     161.667     9.01643
28           2      236.97      568.07           0     247.224     37.9819
28           3     237.329     567.133           0      171.05     46.8843
28           4     237.692     566.198           0     220.017     27.7514
28           5     237.928     565.223           0     240.732     4.51865
#1
29           0     260.634     591.315           0     63.9153     29.1031
29           1     260.044     590.509           0     243.857           0
29           2     259.445     589.709           0     121.616   0.0256816
29           3     258.792     588.953           0     194.854           0
29           4     258.092      588.24           0      181.64           0
29           5     257.383     587.535           0     125.408           0
29           6     256.739     586.772           0     196.893           0
29           7     256.215     585.921           0           0           0
29           8      255.77     585.027           0           0           0
29           9     255.252     584.173           0     211.009           0
29          10     254.589     583.425           0     124.107           0
29          11     253.855     582.746           0     172.173           0
29          12     253.116     582.075           0     210.831           0
29          13     252.392     581.386           0      133.78           0
29          14     251.681     580.684           0     144.487           0
29          15     250.975     579.977           0     243.065           0
29          16     250.269      579.27           0     154.587           0
29          17     249.563     578.563           0     129.528           0
29          18     248.855     577.858           0     192.342           0
29          19     248.147     577.153           0     189.938           0
29          20     247.441     576.446           0     129.119           0
29          21     246.749     575.726           0     156.141     5.97553
29          22      246.09     574.975           0     226.184     10.6061
29          23     245.486     574.179           0      129.81     10.9892
29          24     244.951     573.335           0     242.606     29.0443
29          25     244.472     572.458           0     128.104     21.4612
29          26     243.994     571.581           0     253.559     32.8642
29          27     243.484     570.722           0     125.648     7.27216
29          28     242.938     569.885           0     213.485           0
29          29     242.383     569.054           0     154.115           0
29          30     241.801     568.242           0     204.146           0
29          31     241.145     567.488           0     129.615           0
29          32     240.369     566.859           0     103.465           0
29          33     239.515     566.341           0      168.06     6.34199
29          34     238.692     565.774           0     215.017           0
29          35     238.104     564.966           0     228.547           0
29          36     237.775     564.023           0     197.515           0
29          37      237.45     563.078           0     114.776           0
29          38     236.984     562.194           0     202.287           0
29          39     236.405      561.38           0     133.317           0
29          40     235.792     560.591           0     141.074           0
29          41     235.206     559.782           0     202.363           0
29          42     234.641     558.958           0     160.366           0
29          43     234.098     558.119           0     205.591           0
29          44     233.593     557.257           0     115.916           0
29          45     233.171     556.351           0     211.378           0
29          46       232.8     555.424           0     203.922           0
29          47     232.426     554.497           0     127.604           0
29          48     231.992     553.597           0     252.954           0
29          49     231.494     552.731           0     126.812           0
29          50     230.967     551.882           0     218.582           0
29          51     230.469     551.016           0      135.08           0
29          52     230.014     550.127           0     251.404           0
29          53     229.537     549.249           0     136.829           0
29          54     229.014     548.398           0     152.865    0.244339
29          55     228.529     547.524           0      190.88           0
29          56     228.196     546.582           0     205.103           0
29          57     228.041     545.595           0     244.533  0.00532931
29          58     228.023     544.596           0     249.148    0.112326
29          59     228.104       543.6           0      228.37     1.40685
29          60     228.232     542.609           0     195.899     93.6461
29          61     228.245      541.61           0     216.824     31.3393
29          62     227.886     540.678           0     162.572     1.53187
29          63     227.333     539.846           0     170.095           0
29          64     226.737     539.044           0     187.986           0
29          65      226.16     538.228           0     174.587           0
29          66     225.601     537.401           0     122.396           0
29          67     225.083     536.546           0     233.904           0
29          68     224.597     535.673           0     136.072           0
29          69     224.122     534.794           0     223.922           0
29          70      223.61     533.936           0     151.939           0
29          71     223.067     533.098           0     216.428           0
29          72     222.518     532.263           0     125.379           0
29          73     222.002     531.407           0     254.429           0
29          74     221.523      530.53           0     127.858           0
29          75     221.043     529.654           0     244.128           0
29          76     220.507     528.811           0      128.64           0
29          77     219.901     528.016           0     226.031           0
29          78      219.24     527.267           0     158.361           0
29          79     218.548     526.546           0     128.641     9.79197
29          80     217.855     525.827           0     186.684     47.8007
29          81     217.186     525.085           0     194.018     67.8601
29          82     216.556     524.309           0     122.007     13.1274
29          83     215.972     523.499           0      247.81           0
29          84     215.429      522.66           0       121.7           0
29          85     214.918     521.802           0     191.758           0
29          86     214.583      520.86           0     106.343           0
29          87     214.665     519.865           0     96.7805     47.6453
29          88     215.104     518.967           0     221.902     56.0091
29          89      215.66     518.137           0     157.147     52.9969
29          90     216.209     517.302           0     60.9803     34.5363
#1
30           0     231.754     541.558           0     220.001     33.8586
30           1     232.628     542.054           0     98.3422     113.532
30           2     233.487     542.576           0     146.761      32.534
30           3     234.371     543.054           0     241.218           0
30           4     235.286     543.469           0     130.896           0
30           5     236.199      543.89           0     226.993           0
30           6     237.076     544.381           0     153.314           0
30           7     237.914     544.936           0     219.383           0
30           8     238.746     545.499           0     127.412           0
30           9     239.582     546.057           0     240.428           0
30          10      240.42     546.611           0     122.956           0
30          11     241.254     547.173           0     168.618           0
30          12     242.107     547.704           0     179.612           0
30          13     242.986     548.191           0     206.224           0
30          14     243.893     548.623           0     152.109           0
30          15     244.797     549.063           0     238.825           0
30          16     245.667     549.566           0     206.969           0
30          17     246.486     550.148           0     130.002           0
30          18     247.287     550.756           0     192.654           0
30          19     248.093     551.356           0     157.364           0
30          20     248.915     551.935           0     219.393           0
30          21     249.744     552.502           0     127.714           0
30          22      250.58     553.061           0     239.569           0
30          23     251.401      553.64           0     120.429           0
30          24     252.191     554.261           0     165.136           0
30          25     252.937     554.935           0     224.343           0
30          26     253.674     555.617           0     137.936           0
30          27     254.442     556.266           0     134.378           0
30          28     255.256     556.856           0      218.34           0
30          29     256.086     557.423           0     134.566           0
30          30     256.924     557.978           0     0.43475           0
#1
31           0     231.754     541.558           0     220.001     2.05667
31           1     232.368     540.766           0     145.363     76.7846
31           2     233.043     540.025           0      238.12     51.7108
31           3      233.73     539.295           0     151.481    0.299447
31           4     234.408     538.558           0     130.204           0
31           5     235.056     537.793           0     193.915           0
31           6     235.659     536.993           0     168.029           0
31           7     236.237     536.175           0     194.457           0
31           8     236.823     535.361           0      150.34           0
31           9     237.442     534.573           0     129.675           0
31          10     238.065     533.788           0     191.493           0
31          11      238.66     532.982           0     168.356           0
31          12      239.24     532.165           0     193.814           0
31          13     239.824     531.351           0     152.162           0
31          14     240.442     530.562           0     129.328           0
31          15      241.07     529.781           0     189.085           0
31          16     241.695     528.997           0     177.203           0
31          17     242.352     528.241           0     165.123           0
31          18     243.035     527.508           0       125.5           0
31          19     243.676     526.738           0     233.328    0.222739
31          20     244.098     525.828           0     230.064     46.2382
31          21     244.291     524.845           0     180.732           0
31          22     244.497     523.865           0     127.978           0
31          23      244.82     522.916           0     209.028           0
31          24     245.239     522.006           0     193.936           0
31          25     245.685     521.108           0     164.519           0
31          26     246.144     520.218           0     218.222           0
31          27     246.592     519.321           0     135.902           0
31          28     247.041     518.425           0     244.632           0
31          29     247.484     517.526           0     127.716           0
31          30     247.927     516.627           0     236.328           0
31          31     248.382     515.735           0     141.635           0
31          32     248.851     514.849           0     217.019           0
31          33     249.357     513.984           0     162.709           0
31          34     249.858     513.116           0     197.581     38.1436
31          35     250.265       512.2           0     241.478     14.8958
31          36     250.499     511.226           0     156.448           0
31          37     250.828      510.28           0     12.2436      24.638
31          38     251.338     509.417           0           0     5.39785
31          39      251.97      508.64           0     89.1738           0
31          40     252.653     507.906           0     230.986           0
31          41     253.343     507.179           0     101.758           0
31          42     253.953     506.384           0     243.094           0
31          43     254.474     505.529           0     127.873           0
31          44     254.932     504.637           0     237.679           0
31          45     255.352     503.727           0     144.622           0
31          46     255.721     502.796           0     183.847           0
31          47     256.054      501.85           0     241.308           0
31          48     256.368     500.899           0     154.319           0
31          49     256.683     499.947           0     174.091           0
31          50     256.999     498.997           0     254.764           0
31          51     257.336     498.053           0     169.296           0
31          52     257.718     497.126           0     169.056           0
31          53      258.15     496.222           0     216.692           0
31          54     258.591     495.322           0     135.761           0
31          55      259.03     494.421           0     247.436           0
31          56     259.436     493.505           0     127.674           0
31          57     259.796      492.57           0     202.937           0
31          58     260.137     491.628           0     220.006           0
31          59     260.488     490.689           0     128.676           0
31          60     260.875     489.765           0     223.155           0
31          61     261.278     488.848           0     166.774           0
31          62     261.636     487.911           0      162.17           0
31          63     261.957     486.962           0     244.153     10.9814
31          64     262.321     486.029           0     173.081       33.03
31          65     262.789     485.142           0     53.7587     66.8859
31          66     263.316      484.29           0     80.4873     56.5205
31          67     263.782     483.403           0     199.403      69.968
31          68     264.175     482.481           0      210.37     47.8841
31          69     264.544     481.549           0     126.382           0
31          70     264.943      480.63           0      240.58           0
31          71     265.381     479.729           0     141.419           0
31          72     265.844      478.84           0     215.298           0
31          73     266.357     477.979           0     162.499     27.3518
31          74     266.903     477.139           0     201.686     10.3909
31          75     267.465      476.31           0     124.136           0
31          76     268.017     475.473           0     250.569           0
31          77     268.565     474.634           0     123.044           0
31          78      269.12       473.8           0     185.559     10.4344
31          79     269.655     472.953           0     167.131     61.7411
31          80     270.163     472.088           0     213.454      51.134
31          81     270.631     471.202           0     147.349     27.5728
31          82     271.091     470.312           0     231.809     4.42419
31          83     271.545     469.419           0     129.354           0
31          84     272.027      468.54           0     248.143           0
31          85      272.57     467.698           0     120.411           0
31          86     273.186     466.907           0     192.816           0
31          87     273.853      466.16           0     188.745           0
31          88     274.551     465.441           0     129.039           0
31          89     275.261     464.733           0     155.975           0
31          90     275.974     464.029           0     241.244           0
31          91     276.688     463.326           0     25.9657     14.6894
#1
32           0      253.41     475.756           0     218.285     6.58767
32           1     253.974     476.581           0     251.175      47.895
32           2     254.575      477.38           0     122.919      47.788
32           3     255.224     478.141           0     178.077     51.4635
32           4     255.951     478.828           0      202.75     39.4502
32           5     256.746     479.433           0     119.139      38.318
32           6     257.546     480.033           0     246.627     6.18424
32           7     258.358     480.615           0     119.186           0
32           8     259.138     481.241           0     175.346           0
32           9     259.879     481.912           0     207.145           0
32          10     260.599     482.606           0     132.833     5.93919
32          11      261.34     483.277           0     145.731     28.0042
32          12     262.154     483.857           0     184.746      28.752
32          13     263.075     484.247           0     19.0519     144.468
32          14     264.013     484.592           0      253.65     69.6354
32          15     264.853     485.133           0     220.987     44.5147
32          16     265.631     485.762           0     144.949     5.51222
32          17     266.375     486.429           0     132.017           0
32          18     267.112     487.105           0     205.698           0
32          19     267.873     487.753           0     175.657           0
32          20      268.69     488.329           0     110.866           0
32          21     269.573     488.799           0     203.673           0
32          22     270.476     489.227           0     197.177           0
32          23     271.357     489.699           0     113.059           0
32          24     272.181     490.266           0     165.649           0
32          25     272.971     490.878           0     218.336           0
32          26     273.771     491.477           0     124.324           0
32          27     274.613     492.016           0     250.915           0
32          28     275.496     492.486           0      127.53           0
32          29     276.405     492.903           0     230.158           0
32          30     277.337     493.262           0     147.213     47.0884
32          31     278.296     493.544           0      132.12     156.419
32          32     279.237     493.883           0     76.1391     37.5246
32          33     280.111     494.368           0     153.703     17.8718
32          34     280.941     494.925           0     223.203           0
32          35     281.767     495.489           0     126.014           0
32          36     282.618     496.013           0     251.604           0
32          37     283.494     496.496           0     127.514           0
32          38     284.371     496.975           0     248.574           0
32          39     285.229     497.488           0     129.107           0
32          40     286.067     498.033           0     230.584           0
32          41     286.906     498.576           0     143.342           0
32          42     287.751     499.112           0     226.522           0
32          43     288.576     499.675           0     134.326           0
32          44      289.32     500.343           0     195.447           0
32          45      289.93     501.136           0     237.127           0
32          46     290.463     501.981           0     136.835           0
32          47      291.02     502.812           0     202.949           0
32          48     291.646     503.591           0      134.27           0
32          49     292.326     504.324           0     143.134           0
32          50     293.031     505.033           0     239.291           0
32          51     293.737     505.741           0     156.562           0
32          52     294.425     506.466           0     128.799           0
32          53     295.075     507.225           0     187.028           0
32          54     295.675     508.025           0     172.071           0
32          55     296.243     508.847           0      192.94           0
32          56     296.795     509.681           0     154.767           0
32          57     297.348     510.514           0     126.398           0
32          58     297.868     511.368           0     221.461           0
32          59     298.357      512.24           0     146.469           0
32          60     298.814     513.129           0     207.543           0
32          61      299.27     514.019           0     183.964           0
32          62     299.713     514.915           0     172.593           0
32          63      300.15     515.814           0      216.84           0
32          64     300.543     516.733           0     132.589           0
32          65      300.89     517.671           0     227.063           0
32          66     301.214     518.617           0     200.416           0
32          67     301.513      519.57           0     127.984           0
32          68     301.779     520.534           0     198.569           0
32          69     302.008     521.507           0      252.95           0
32          70     302.237     522.481           0     194.664           0
32          71     302.489     523.448           0     127.785           0
32          72     302.732     524.418           0      186.65           0
32          73     302.916       525.4           0     233.647           0
32          74     303.057      526.39           0     240.472           0
32          75      303.23     527.375           0     196.315           0
32          76     303.468     528.346           0     129.994           0
32          77     303.722     529.313           0     184.096           0
32          78     303.906     530.295           0     230.982           0
32          79     303.967     531.293           0     246.548           0
32          80     303.905     532.291           0     230.704           0
32          81     303.748     533.278           0     190.857     49.8047
32          82     303.582     534.264           0     176.564     32.9016
32          83     303.559     535.264           0     225.371           0
32          84     303.716     536.251           0     182.567           0
32          85     303.892     537.235           0      227.34           0
32          86     304.021     538.226           0     249.737     11.4434
32          87     304.136     539.219           0     220.344     35.6048
32          88      304.24     540.214           0     193.828     48.8577
32          89     304.174     541.211           0     220.058           0
32          90     303.659     542.068           0     162.533           0
32          91     302.934     542.756           0     180.088           0
32          92     302.221     543.457           0      30.598           0
32          93     301.761     544.344           0     106.815     87.0445
32          94     301.735     545.344           0     187.475           0
32          95     301.815      546.34           0     207.836           0
32          96     301.767     547.339           0     195.623           0
32          97      301.56     548.317           0     133.085           0
32          98     301.264     549.272           0      187.57           0
32          99     300.935     550.216           0     238.489           0
32         100     300.585     551.152           0     142.544           0
32         101     300.197     552.074           0     204.847           0
32         102     299.782     552.983           0     199.377           0
32         103     299.402     553.908           0     147.856           0
32         104     299.061     554.848           0     239.542           0
32         105      298.71     555.784           0     181.028           0
32         106     298.299     556.695           0     147.513           0
32         107     297.797     557.559           0     203.155     12.8008
32         108     297.277     558.414           0     117.684     53.3877
32         109     296.846     559.316           0     174.533     7.53765
32         110      296.58     560.279           0     71.2313           0
32         111     296.262     561.227           0     239.868     52.6056
32         112     295.723     562.069           0     176.505           0
32         113     295.089     562.842           0      199.18           0
32         114     294.444     563.606           0     130.513           0
32         115     293.848     564.408           0     143.775           0
32         116     293.348     565.274           0     166.187           0
32         117     292.919     566.177           0      234.42           0
32         118     292.473     567.072           0     121.544           0
32         119     291.925     567.908           0     214.046           0
32         120     291.289     568.679           0     146.798           0
32         121     290.603     569.406           0      132.41           0
32         122     289.896     570.113           0      205.58           0
32         123     289.185     570.816           0     178.295           0
32         124     288.474     571.519           0     127.753           0
32         125     287.766     572.225           0     164.833           0
32         126     287.066     572.938           0     224.571           0
32         127     286.389     573.674           0     137.368           0
32         128     285.753     574.445           0      134.56           0
32         129     285.171     575.258           0     211.518           0
32         130     284.608     576.085           0     150.434           0
32         131      284.05     576.914           0      222.48           0
32         132     283.498     577.747           0     127.732           0
32         133      282.98     578.603           0     249.996     2.42156
32         134     282.505     579.482           0     127.546     16.1147
32         135     282.061     580.378           0     239.426     7.86236
32         136     281.651      581.29           0     143.713    0.468389
32         137     281.316     582.232           0      174.37           0
32         138     281.059     583.198           0     240.016           0
32         139     280.836     584.172           0     213.273           0
32         140     280.588     585.141           0     143.707           0
32         141     280.325     586.105           0     172.034           0
32         142     280.121     587.084           0     224.184           0
32         143     280.018     588.078           0     250.421           0
32         144     279.988     589.078           0     251.915           0
32         145     279.985     590.077           0     251.058           0
32         146     279.985     591.077           0     251.069           0
32         147      279.99     592.077           0      252.38           0
32         148     280.039     593.075           0     245.125           0
32         149     280.157     594.068           0     215.079           0
32         150     280.356     595.048           0     160.779           0
32         151     280.635     596.008           0     161.811           0
32         152     280.938      596.96           0     239.097           0
32         153     281.231     597.916           0      196.07           0
32         154     281.519     598.874           0     15.5255      5.7709
#1
33           0     210.616     493.252           0     190.694     36.3674
33           1     211.554     493.622           0      130.84     50.4572
33           2     212.397     494.174           0     144.539     16.8502
33           3     213.214     494.766           0     195.211           0
33           4     214.028     495.361           0     161.008           0
33           5     214.838     495.961           0      207.08           0
33           6     215.628     496.588           0     133.249           0
33           7     216.406      497.23           0     140.475           0
33           8     217.203     497.847           0     216.013           0
33           9     217.996      498.47           0     135.115           0
33          10     218.809     499.066           0      206.41     9.35108
33          11     219.672     499.588           0     154.149     77.8875
33          12     220.552      500.08           0     129.579     2.16718
33          13     221.399     500.628           0     120.942           0
33          14     222.192     501.251           0     166.616           0
33          15     222.941     501.926           0     223.317           0
33          16     223.687     502.604           0     137.444           0
33          17     224.464     503.247           0     132.146           0
33          18      225.28     503.839           0     214.012           0
33          19     226.102     504.424           0     143.005           0
33          20     226.907      505.03           0     224.376           0
33          21     227.695      505.66           0     143.403           0
33          22      228.49      506.28           0     128.609           0
33          23     229.314     506.861           0     219.633           0
33          24     230.153     507.421           0     141.453           0
33          25     231.001     507.966           0     245.994           0
33          26     231.865     508.487           0     125.114           0
33          27     232.739     508.989           0     252.282           0
33          28     233.605     509.507           0     203.917           0
33          29     234.421     510.098           0     143.599           0
33          30     235.214     510.721           0     183.976           0
33          31     236.009     511.342           0     167.026           0
33          32     236.816     511.946           0     199.444     23.9638
33          33     237.628     512.544           0     130.375     55.6823
33          34     238.463     513.109           0     227.094     34.7263
#1
34           0     207.963     479.279           0           0           0
34           1     208.779     479.858           0     170.475           0
34           2     209.606     480.422           0     123.274           0
34           3      210.46     480.944           0     240.719           0
34           4      211.34     481.421           0     133.982           0
34           5     212.241     481.856           0     218.356           0
34           6     213.149     482.277           0     167.484           0
34           7     214.067     482.676           0     172.458           0
34           8     214.985     483.074           0     236.087           0
34           9     215.866      483.55           0      114.87     3.38287
34          10     216.688     484.119           0           0      16.204
34          11     217.465      484.75           0           0     62.3585
34          12     218.238     485.386           0     135.678     62.2772
34          13     218.999     486.036           0     245.825     51.5432
34          14     219.724     486.726           0     153.309           0
34          15     220.436      487.43           0     129.811           0
34          16     221.153     488.127           0      193.43           0
34          17     221.899     488.795           0     187.448           0
34          18     222.681     489.419           0      120.07           0
34          19     223.491     490.007           0     253.139           0
34          20     224.289     490.612           0     115.473           0
34          21     225.042      491.27           0     181.214           0
34          22     225.779     491.947           0     191.143           0
34          23     226.572     492.558           0     190.618           0
34          24     227.439     493.058           0     240.265           0
34          25     228.342     493.488           0     128.473           0
34          26     229.244     493.923           0     235.463           0
34          27     230.114     494.418           0     143.678           0
34          28     230.955      494.96           0     234.213           0
34          29     231.783     495.522           0     130.615           0
34          30     232.612     496.083           0     233.813           0
34          31      233.43     496.659           0     121.867           0
34          32     234.221     497.272           0     159.899           0
34          33     235.002     497.898           0     228.411           0
34          34     235.797     498.505           0     128.322           0
34          35     236.613     499.085           0     233.353           0
34          36      237.43     499.663           0     121.687           0
34          37     238.222     500.276           0     159.339           0
34          38     239.004       500.9           0     228.399           0
34          39     239.801     501.505           0     128.324           0
34          40     240.618     502.083           0     233.793           0
34          41     241.433     502.664           0       121.9           0
34          42     242.211     503.293           0     157.966           0
34          43     242.953     503.965           0     234.927           0
34          44      243.67     504.663           0     141.648           0
34          45     244.378     505.371           0     135.557           0
34          46     245.084      506.08           0     216.638           0
34          47     245.791     506.788           0      170.27           0
34          48     246.501     507.494           0     127.497           0
34          49      247.21       508.2           0     171.894           0
34          50     247.908     508.917           0      214.28           0
34          51     248.576     509.662           0     133.787     9.97899
34          52     249.198     510.446           0       135.8     83.8226
34          53     249.793     511.251           0     202.182      29.096
34          54     250.466     511.992           0     254.019     23.2701
34          55     251.295     512.552           0     122.104     44.5483
34          56      252.19         513           0     254.997     0.45586
34          57     253.071     513.474           0     133.125           0
34          58     253.897      514.04           0     219.554           0
34          59     254.661     514.687           0     142.795           0
34          60     255.383     515.379           0       134.7           0
34          61     256.089     516.088           0     213.722           0
34          62     256.801     516.792           0      172.32           0
34          63     257.538     517.469           0     126.886           0
34          64     258.318     518.096           0     164.981           0
34          65      259.14     518.667           0     170.086           0
34          66     259.959     519.243           0     252.447     2.18118
34          67     260.695     519.921           0     91.9072     2.60854
34          68      261.29     520.725           0     131.384           0
34          69     261.844     521.559           0     137.773           0
34          70     262.447     522.357           0      131.34           0
34          71     263.121     523.097           0     205.341     2.41954
34          72     263.856     523.777           0     177.728     7.13119
34          73     264.636     524.403           0     120.764     5.25861
34          74     265.456     524.977           0     249.159     12.3893
34          75     266.292     525.527           0     124.587     46.7136
34          76     267.136     526.065           0     208.231     60.2102
34          77     268.013     526.547           0     139.567       35.21
34          78     268.931     526.947           0     241.511     3.59256
34          79     269.864     527.309           0     176.227           0
34          80     270.784     527.701           0     156.656           0
34          81     271.667     528.172           0     211.123           0
34          82     272.516     528.703           0     129.149           0
34          83     273.346     529.261           0     146.209           0
34          84     274.231     529.729           0     185.982           0
34          85     275.221     529.873           0      180.57     1.76534
34          86     276.192     529.632           0     93.9193     65.6353
34          87      277.17     529.418           0     148.375      41.199
34          88      278.17     529.453           0     135.418      51.685
34          89     279.151     529.654           0     166.844     18.0863
34          90      280.13     529.858           0     218.715      2.4626
34          91      281.12     530.007           0     253.237           0
34          92     282.109     530.162           0     213.803     9.68376
34          93     283.085     530.383           0     152.219      2.7289
34          94      284.05     530.649           0     165.445           0
34          95      285.02     530.892           0     227.586           0
34          96     285.997      531.11           0      226.87           0
34          97     286.968     531.355           0     164.466           0
34          98     287.932     531.621           0     154.161           0
34          99     288.909      531.84           0     214.109           0
34         100     289.899     531.987           0     251.646           0
34         101      290.89     532.128           0     222.295           0
34         102     291.868     532.338           0     168.721           0
34         103     292.834     532.599           0      144.33           0
34         104      293.81     532.824           0     209.997           0
34         105     294.802     532.952           0     242.794           0
34         106     295.802     532.992           0     253.048           0
34         107     296.803     532.995           0     253.724           0
34         108     297.804      533.01           0     252.397           0
34         109     298.797      533.13           0     221.929           0
34         110     299.761     533.401           0     152.787     1.95598
34         111     300.684     533.786           0      154.38     43.4362
34         112     301.607     534.173           0     109.683     28.6686
34         113     302.584     534.391           0     99.7988     49.7324
34         114     303.579      534.29           0     178.885      26.335
#1
35           0     274.528     530.225           0     227.928     10.3464
35           1     275.025       531.1           0     248.555     14.9658
35           2     275.476         532           0     133.581     57.4898
35           3     275.945     532.891           0     216.192     63.2673
35           4      276.42     533.778           0     116.196     12.3252
35           5     276.855     534.686           0     217.912     1.79238
35           6     277.284     535.597           0      182.66           0
35           7     277.765     536.481           0     124.905           0
35           8     278.365     537.289           0      142.01           0
35           9     279.043     538.033           0     236.281           0
35          10     279.781     538.718           0     158.724           0
35          11      280.57     539.343           0     121.949           0
35          12     281.411     539.895           0     228.316           0
35          13     282.286     540.393           0     139.175           0
35          14     283.184     540.849           0     216.471           0
35          15     284.094     541.278           0     173.423           0
35          16     285.038     541.628           0     160.248           0
35          17     286.016     541.867           0     221.121           0
35          18     287.012     542.009           0     252.763           0
35          19     288.009     542.149           0     217.119           0
35          20     288.992     542.366           0     161.651           0
35          21     289.963     542.633           0     158.837     3.67911
35          22     290.945     542.852           0      217.35     5.35691
35          23     291.945     542.968           0     246.895           0
35          24     292.951     543.002           0     254.455           0
35          25     293.957     543.008           0     253.087           0
35          26     294.964      543.03           0     247.424           0
35          27     295.968     543.103           0     228.818           0
35          28     296.967     543.222           0     198.509           0
35          29     297.969     543.316           0     83.4741           0
35          30     298.976      543.35           0     163.838           0
35          31      299.98     543.411           0     150.255           0
35          32     300.985     543.467           0     253.251     55.4212
35          33     301.966     543.241           0     8.62752           0
35          34     302.841     542.743           0      159.48           0
35          35     303.667     542.167           0     155.777           0
35          36     304.542      541.67           0      209.38     17.9591
35          37     305.502     541.369           0     94.2129     105.509
35          38     306.464     541.071           0     119.526     62.6812
35          39     307.381     540.656           0     136.988      35.333
35          40     308.258     540.162           0     213.618     13.4471
35          41     309.092     539.599           0      148.08           0
35          42     309.895     538.992           0     226.278           0
35          43     310.677     538.358           0      140.34           0
35          44     311.465     537.731           0     131.677           0
35          45     312.282     537.143           0     218.417           0
35          46     313.111     536.573           0     129.815           0
35          47     313.948     536.013           0    0.170762           0
#1
36           0     314.147     460.993           0           0           0
36           1     314.624     461.873           0     138.943           0
36           2     315.098     462.755           0     229.972           0
36           3     315.566      463.64           0     132.176           0
36           4     316.099     464.487           0     229.707           0
36           5     316.764     465.235           0     91.9117     30.8586
36           6     317.576      465.82           0     88.7208     31.4956
#1
37           0     307.984     489.797           0           0           0
37           1      308.79     489.211           0     158.835           0
37           2     309.607     488.642           0     119.781           0
37           3     310.436     488.089           0     232.425           0
37           4     311.238     487.499           0     127.346           0
37           5     311.995     486.851           0     215.901           0
37           6      312.71     486.157           0     164.231           0
37           7     313.306     485.359           0     113.586           0
37           8     313.775      484.48           0     197.561           0
37           9     314.156      483.56           0     215.137           0
37          10     314.513      482.63           0     126.609           0
37          11     314.907     481.715           0     231.315           0
37          12     315.343     480.819           0     153.013           0
37          13     315.787     479.927           0     200.673           0
37          14     316.224     479.032           0     198.004           0
37          15     316.589     478.105           0     145.366           0
37          16     316.843     477.142           0     214.906           0
37          17     316.973     476.154           0      248.24           0
37          18     317.017     475.159           0     250.542           0
37          19     317.023     474.163           0     249.158           0
37          20     317.005     473.167           0     253.836           0
37          21     316.939     472.173           0     239.424     9.51702
37          22     316.793     471.187           0     202.148     50.2101
37          23     316.606     470.209           0     154.465     29.2896
37          24     316.595     469.213           0     233.019           0
37          25     316.929     468.274           0     69.9367           0
37          26     317.447     467.423           0     65.6989           0
37          27     318.131     466.699           0     165.024     54.5756
37          28     318.963     466.152           0     209.716   0.0741944
37          29     319.835      465.67           0     170.826           0
37          30     320.697     465.171           0     160.623           0
37          31      321.54     464.639           0     124.698     6.77527
37          32     322.393     464.125           0     223.049     42.3541
37          33     323.261     463.636           0     144.107     65.8523
37          34     324.137     463.162           0     213.689      30.951
37          35     324.994     462.654           0     166.881           0
37          36     325.833     462.117           0      192.55           0
37          37      326.66     461.561           0     122.532           0
37          38     327.489     461.009           0     252.677           0
37          39     328.304     460.436           0     121.146           0
37          40     329.082     459.814           0     194.493           0
37          41     329.824     459.149           0      185.42           0
37          42     330.542     458.458           0      128.38           0
37          43     331.262      457.77           0     160.333           0
37          44     332.008      457.11           0     225.139           0
37          45      332.79     456.494           0      128.43           0
37          46     333.603     455.917           0      233.94           0
37          47      334.42     455.348           0     121.315           0
37          48     335.216     454.748           0     163.478           0
37          49     336.001     454.135           0     220.203           0
37          50     336.779     453.513           0     125.614           0
37          51     337.507     452.833           0     233.979           0
37          52     338.037      451.99           0     245.577      84.096
37          53     338.334     451.039           0     169.917     34.0951
37          54     338.703     450.113           0     75.7489     38.6554
37          55      339.31     449.323           0     119.149     50.6017
37          56     340.077     448.688           0     79.5186     54.7302
37          57     340.876     448.093           0     231.182     11.5058
37          58     341.507     447.322           0     169.774           0
37          59     341.855     446.389           0     218.008           0
37          60     342.083     445.419           0     233.752           0
37          61     342.344     444.458           0     167.294           0
37          62     342.715     443.533           0     123.857           0
37          63     343.192     442.659           0     152.458           0
37          64     343.652     441.775           0     166.271           0
37          65     344.043     440.859           0     243.922           0
37          66     344.395     439.927           0     143.093           0
37          67     344.753     438.997           0           0           0
#1
38           0     338.347     452.719           0     230.082     34.4894
38           1     339.316     452.973           0     248.042       39.85
38           2     340.276     453.261           0     154.822      89.927
38           3     341.254     453.478           0     121.807     70.3258
38           4     342.241     453.649           0     187.012     20.0555
#1
39           0     118.993     469.827           0           0           0
39           1     119.983     469.901           0     225.952           0
39           2     120.975     469.963           0     245.498           0
39           3     121.966     470.026           0      248.27           0
39           4     122.952     470.145           0     217.993           0
39           5     123.924     470.352           0     165.278           0
39           6     124.887     470.594           0      146.09           0
39           7     125.869     470.741           0     188.902           0
39           8     126.858     470.651           0     166.057           0
39           9     127.824     470.419           0     140.895           0
39          10     128.791     470.191           0     206.418           0
39          11     129.774     470.049           0     242.402           0
39          12     130.766     469.995           0     253.832           0
39          13     131.759     469.986           0     251.365           0
39          14     132.752     469.989           0     252.121           0
39          15     133.746     469.996           0     253.884           0
39          16     134.739     470.015           0     251.162           0
39          17     135.731     470.063           0     238.924           0
39          18     136.721     470.143           0     218.543           0
39          19     137.711     470.227           0     197.028           0
39          20     138.703     470.275           0     184.964           0
39          21     139.696     470.261           0     188.362           0
39          22     140.687     470.194           0     205.542           0
39          23     141.677     470.109           0     227.089           0
39          24     142.668     470.052           0      241.81     12.2045
39          25     143.661     470.035           0     246.079     51.1629
39          26     144.655     470.031           0     247.028     34.7624
39          27     145.646     469.963           0     245.654     22.9285
39          28     146.597     469.677           0     221.771     98.6413
39          29     147.415     469.113           0     149.298     53.2451
39          30     148.151     468.447           0     140.993     50.4567
39          31     148.889     467.782           0     199.342     1.20783
39          32      149.63      467.12           0     152.639           0
39          33     150.309     466.395           0     117.308           0
39          34     150.884     465.585           0     225.409           0
39          35     151.351     464.709           0     143.367           0
39          36     151.692     463.776           0     176.443           0
39          37     151.905     462.806           0     230.803           0
39          38         152     461.817           0         255           0
39          39     152.025     460.824           0     248.618           0
39          40     152.016     459.831           0      250.92           0
39          41     151.963     458.839           0     245.668           0
39          42     151.829     457.854           0       211.5           0
39          43       151.6     456.888           0     147.327           0
39          44     151.335     455.931           0     169.643     3.17381
39          45     151.162     454.953           0     213.668     2.54197
39          46     151.191      453.96           0     206.204     0.29947
39          47     151.434     452.997           0      144.63           0
39          48     151.811     452.077           0     238.988     3.22843
39          49     152.183     451.157           0     215.706      63.844
#1
40           0     97.7638     170.993           0      1.3242           0
40           1     97.8659     169.996           0     220.813           0
40           2     97.9569     168.999           0     244.007           0
40           3     98.0591     168.002           0     239.937           0
40           4     98.2134     167.012           0     200.587           0
40           5     98.3778     166.024           0     158.668     14.7883
40           6     98.3325     165.023           0     253.059           0
40           7     97.9297     164.106           0     237.066           0
40           8     97.4352     163.234           0     136.285           0
40           9      96.945      162.36           0     240.966           0
40          10     96.4838     161.471           0     127.741           0
40          11     96.0351     160.575           0     246.061           0
40          12     95.5866     159.679           0      135.41           0
40          13     95.1467     158.779           0     217.585           0
40          14     94.7169     157.874           0     168.849           0
40          15     94.3361     156.947           0     169.297           0
40          16     93.9989     156.004           0     254.731           0
40          17     93.6806     155.054           0     173.553           0
40          18     93.3624     154.103           0     155.322           0
40          19     93.0466     153.153           0     243.114           0
40          20     92.7326     152.201           0     186.804           0
40          21     92.4359     151.244           0     135.862           0
40          22     92.1805     150.275           0     208.972           0
40          23     91.9588     149.298           0     244.499           0
40          24     91.7112     148.327           0     181.363           0
40          25     91.3934     147.377           0     134.175           0
40          26     91.0046     146.454           0     253.838           0
40          27     90.5701     145.551           0     129.324           0
40          28     90.0581      144.69           0     240.183           0
40          29     89.3699     143.962           0     245.247     2.19972
40          30     88.5297     143.416           0     126.224     57.5549
40          31     87.6631     142.913           0     232.824     59.1893
40          32     86.8567     142.319           0     94.4836     49.1792
40          33     86.1859     141.574           0     207.586     43.0159
40          34     85.6339     140.738           0     143.761     36.3177
40          35     85.1667     139.852           0     212.486     35.2629
40          36     84.7351     138.948           0      181.16      34.614
40          37     84.3544     138.021           0     163.088     28.2601
40          38      84.015     137.078           0     251.176      15.483
40          39     83.6955     136.129           0     177.346           0
40          40     83.3996     135.171           0     144.333           0
40          41     83.1691     134.196           0     211.873           0
40          42     83.0396     133.203           0     244.894           0
40          43     82.9944     132.202           0     253.583           0
40          44     82.9884       131.2           0     252.032           0
40          45     82.9902     130.198           0     252.507           0
40          46     82.9888     129.196           0     252.145           0
40          47     82.9886     128.194           0     252.083           0
40          48     83.0123     127.192           0     251.856           0
40          49     83.1044     126.195           0     228.386           0
40          50     83.2997     125.212           0     178.573           0
40          51     83.5747     124.249           0     137.075           0
40          52     83.8837     123.296           0     225.337           0
40          53     84.2189     122.351           0     199.185           0
40          54     84.5928     121.422           0     131.202           0
40          55     85.0424     120.526           0     244.196     4.50512
40          56     85.5752     119.678           0     120.679     9.85367
40          57     86.1903     118.887           0     188.626     17.4309
40          58     86.8643     118.146           0     193.331     33.4475
40          59     87.5864     117.451           0     129.654     42.4739
40          60     88.3555     116.809           0     150.273     54.0397
40          61     89.1804      116.24           0     193.708     36.8882
40          62     90.0538     115.749           0      184.25     17.3139
40          63     90.9825     115.373           0     158.675     6.78229
40          64      91.954     115.129           0     222.216    0.228576
40          65     92.9495     115.015           0     251.132           0
40          66      93.951     114.986           0     251.438           0
40          67      94.953     114.988           0     251.981           0
40          68     95.9549     114.995           0     253.705           0
40          69     96.9568     114.999           0      254.74           0
40          70     97.9587     115.001           0     254.856           0
40          71     98.9606     115.001           0     254.766           0
40          72     99.9626         115           0     254.971           0
40          73     100.964     114.997           0     254.124     30.9771
40          74     101.966     114.996           0     254.035      31.878
40          75     102.968     115.024           0     248.882     48.0422
40          76     103.964     115.128           0     222.356     57.1171
40          77     104.944     115.337           0     169.088     32.3544
40          78      105.91     115.605           0     149.435     37.0831
40          79      106.88     115.856           0     218.396           0
40          80     107.856      116.08           0     234.563           0
40          81     108.828     116.323           0     172.721           0
40          82     109.794     116.589           0     140.893     3.28122
40          83     110.768     116.826           0     210.603      6.4817
40          84     111.755     116.995           0     253.648     58.6158
40          85      112.75     117.115           0     225.752     57.8525
40          86     113.746     117.229           0     93.5338     26.4635
40          87     114.732     117.402           0     214.211           0
#1
41           0     117.457     54.4595           0     63.6587     23.4634
41           1     117.163     55.4174           0      213.42     37.9758
41           2     116.861     56.3726           0     219.466     33.9776
41           3      116.52     57.3147           0     129.365     34.0854
41           4     116.128     58.2367           0     222.427     15.9255
41           5     115.711     59.1479           0     165.417    0.291771
41           6     115.331     60.0749           0     170.585           0
41           7     114.994     61.0183           0      253.38           0
41           8     114.677     61.9687           0     172.539           0
41           9     114.362     62.9201           0     156.974           0
41          10     114.049     63.8716           0     242.539           0
41          11     113.713     64.8156           0     181.812           0
41          12     113.327     65.7401           0     148.694           0
41          13     112.863     66.6283           0     220.159           0
41          14     112.345     67.4855           0      126.35           0
41          15      111.79       68.32           0     154.146           0
41          16     111.254     69.1661           0      190.31           0
41          17     110.747     70.0303           0     186.626           0
41          18     110.285     70.9193           0     173.531           0
41          19     109.845     71.8194           0     215.418           0
41          20     109.452     72.7412           0     133.392           0
41          21     109.104     73.6806           0     228.533           0
41          22     108.778     74.6282           0     198.478           0
41          23     108.481     75.5848           0     128.339           0
41          24     108.234     76.5559           0     195.317           0
41          25      108.06     77.5425           0     239.698           0
41          26     107.921     78.5347           0      234.82           0
41          27     107.738     79.5199           0     188.265           0
41          28     107.496     80.4919           0     127.482           0
41          29     107.253     81.4639           0     190.551           0
41          30     107.083     82.4513           0     233.882           0
41          31     107.007     83.4503           0     253.279           0
41          32     106.989     84.4521           0     252.069           0
41          33     106.989      85.454           0     252.147           0
41          34     106.989     86.4559           0     252.181           0
41          35     106.988     87.4578           0     251.989           0
41          36     107.004     88.4595           0     254.088           0
41          37     107.073      89.459           0     236.392           0
41          38     107.235     90.4477           0     194.982           0
41          39     107.478     91.4198           0     128.416           0
41          40     107.728     92.3898           0     185.754           0
41          41     107.908     93.3755           0      231.56           0
41          42     107.989     94.3741           0     252.116           0
41          43     108.004     95.3759           0     254.043           0
41          44     107.996     96.3778           0     253.987           0
41          45         108     97.3797           0     254.886           0
41          46     108.056       98.38           0     240.625           0
41          47     108.217     99.3689           0     199.681           0
41          48     108.499      100.33           0     127.613           0
41          49     108.875     101.259           0     223.164           0
41          50     109.289     102.171           0     162.843           0
41          51     109.669     103.098           0     170.492           0
41          52     110.011      104.04           0     252.146           0
41          53     110.352     104.982           0     165.127           0
41          54     110.735     105.908           0     176.322           0
41          55     111.167     106.812           0     212.422           0
41          56     111.608     107.712           0     139.142           0
41          57     112.047     108.612           0     243.138           0
41          58     112.451     109.529           0     126.781           0
41          59     112.811     110.464           0     206.773           0
41          60     113.155     111.405           0     215.474           0
41          61     113.506     112.343           0     127.002           0
41          62     113.878     113.274           0     223.834     38.9886
41          63      114.22     114.215           0     168.138     66.3694
41          64     114.449     115.191           0     114.523     49.3161
41          65     114.612     116.179           0     155.948     41.5736
41          66     114.936     117.127           0     240.737           0
41          67     115.616     117.863           0     233.509           0
41          68     116.441     118.432           0     129.567           0
41          69     117.305     118.938           0     239.117           0
41          70     118.153     119.471           0     132.606           0
41          71     118.948     120.081           0     222.142           0
41          72     119.663     120.783           0     151.067           0
41          73     120.273     121.578           0     118.503           0
41          74     120.752     122.458           0     191.668           0
41          75      121.13     123.386           0     221.765           0
41          76     121.453     124.334           0     131.463           0
41          77     121.765     125.286           0     195.021           0
41          78     122.086     126.235           0     233.114           0
41          79      122.43     127.176           0      139.06           0
41          80     122.819       128.1           0     208.779           0
41          81     123.242     129.008           0     191.715           0
41          82     123.658     129.919           0     7.04664     3.06939
#1
42           0     108.532     393.502           0     59.8904     34.3829
42           1      108.08     394.398           0     234.543     40.0883
42           2     107.662     395.311           0     143.154      8.3322
42           3     107.321     396.255           0     173.064     10.8746
42           4     107.047      397.22           0     243.131     31.6675
42           5     106.773     398.186           0     197.122     45.1706
42           6     106.432      399.13           0      114.74     34.9231
42           7     106.049     400.058           0     242.445     21.0461
42           8     105.742     401.013           0     254.126           0
#1
43           0      92.345     376.021           0     1.81571           0
43           1     92.9098     376.845           0     196.009           0
43           2     93.4572     377.681           0      123.55           0
43           3     93.9575     378.546           0      244.17           0
43           4     94.3961     379.443           0     130.496           0
43           5     94.7694      380.37           0     196.196     2.69527
43           6       95.11      381.31           0     226.957     32.6867
43           7     95.4609     382.245           0     132.581     35.3692
43           8     95.9272     383.129           0     236.446     41.0867
43           9     96.5397     383.918           0     117.372     46.0556
43          10     97.2423     384.629           0     160.342     45.1362
43          11     97.9167     385.366           0     247.226      29.544
43          12     98.4229     386.227           0     138.209           0
43          13     98.7446     387.173           0     189.868           0
43          14      98.964     388.148           0     245.823           0
43          15     99.1588     389.128           0     214.506           0
43          16     99.3938     390.099           0     149.189           0
43          17     99.6515     391.065           0     166.144           0
43          18     99.8574     392.043           0     218.634           0
43          19     99.9958     393.032           0     253.924           0
43          20     100.162     394.017           0     213.583           0
43          21     100.467     394.969           0     135.912           0
43          22     100.921     395.859           0      204.56           0
43          23     101.454     396.704           0      122.69           0
43          24     102.013     397.532           0      251.58     9.57477
43          25     102.623     398.324           0      116.48     27.0749
43          26      103.32     399.039           0     169.731     48.5793
43          27     104.088     399.678           0     157.694      82.222
43          28      104.85     400.325           0     96.1952     9.06275
43          29     105.476     401.103           0     241.194           0
43          30     105.805     402.047           0     205.371           0
43          31     105.951     403.035           0     242.564           0
43          32     106.026     404.032           0     248.444           0
43          33     106.139     405.025           0     219.559           0
43          34     106.376     405.995           0      159.15           0
43          35     106.745     406.924           0     180.528           0
43          36     107.221     407.802           0     198.592     8.34983
43          37     107.748     408.652           0     146.633     2.40594
43          38     108.304     409.482           0     129.342           0
43          39     108.862     410.311           0     219.684           0
43          40     109.466     411.107           0     134.403           0
43          41     110.153     411.832           0      179.61           0
43          42     110.917     412.475           0     122.265           0
43          43     111.705      413.09           0     248.246           0
43          44     112.395     413.812           0     173.138           0
43          45     112.791      414.73           0     161.614     87.1519
43          46     113.039     415.698           0     245.046           0
43          47     113.275     416.669           0     184.756           0
43          48      113.53     417.635           0     129.559     2.81504
43          49     113.763     418.607           0     194.441     2.18806
43          50     113.956     419.587           0     243.841           0
43          51     114.183      420.56           0     208.265           0
43          52     114.567     421.482           0     180.126           0
43          53      115.16     422.287           0     164.489           0
43          54     115.868     422.992           0     219.763           0
43          55     116.606     423.665           0     136.432           0
43          56      117.35     424.332           0     140.334           0
43          57     118.112     424.978           0     221.342           0
43          58     118.907     425.584           0     144.915           0
43          59     119.723      426.16           0     214.236           0
43          60     120.536     426.741           0     131.958     25.4595
43          61     121.307     427.377           0       139.6     62.0099
43          62     122.031     428.065           0     231.416     28.2202
43          63     122.719      428.79           0     159.905           0
43          64     123.401      429.52           0     126.497           0
43          65     124.121     430.214           0     230.839           0
43          66     124.923     430.809           0     210.151           0
43          67     125.773     431.334           0     169.811     15.6624
43          68     126.616     431.871           0     149.409     15.9018
43          69     127.407     432.482           0     128.377     16.1204
43          70     128.149     433.151           0     190.077     14.8743
43          71     128.862      433.85           0     192.195     41.1431
43          72     129.566      434.56           0     129.502     16.2655
43          73     130.269      435.27           0     154.652     20.9337
43          74     130.972     435.979           0     242.948           0
43          75     131.682     436.683           0     144.453           0
43          76     132.406     437.371           0     133.666     18.7079
43          77     133.162     438.025           0     209.448     37.9326
43          78     133.956     438.631           0     157.899     37.9624
43          79     134.778     439.199           0     204.257     20.8724
43          80      135.62     439.738           0      142.02        34.2
43          81     136.474     440.256           0     130.714     60.7912
43          82     137.365     440.709           0      180.73     17.1158
43          83     138.276     441.119           0      224.64     49.4906
43          84     139.179     441.547           0     119.737       35.58
43          85      140.04     442.053           0     232.256     26.8031
43          86      140.86     442.625           0     150.367     2.45077
43          87     141.633     443.257           0     189.433     1.72088
43          88     142.374     443.928           0     99.9432     20.5958
43          89      143.12     444.592           0     242.483     6.81714
43          90     143.964     445.127           0     223.715     8.22773
43          91     144.874     445.539           0     117.453           0
43          92     145.776     445.971           0     193.698           0
43          93     146.646     446.462           0     124.671           0
43          94     147.496     446.988           0      251.85           0
43          95     148.317     447.557           0      122.21           0
43          96     149.089      448.19           0     192.332           0
43          97     149.798     448.895           0      187.49           0
43          98     150.425     449.673           0     120.923           0
43          99     151.006     450.486           0     131.147           0
43         100     151.643     451.255           0     187.292           0
43         101     152.499     451.771           0      225.78     42.6395
43         102     153.479     451.966           0     246.211     42.2713
43         103     154.472      452.08           0     234.537           0
43         104     155.457     452.248           0     191.772           0
43         105     156.415     452.533           0     126.069           0
43         106     157.325     452.944           0     240.743           0
43         107     158.177     453.466           0     133.132           0
43         108     158.972     454.071           0     230.263           0
43         109     159.717     454.737           0     153.759           0
43         110     160.415     455.452           0     129.577     13.5559
43         111     161.065     456.211           0     191.586     16.7015
43         112     161.661     457.013           0     168.667     11.5753
43         113     162.236      457.83           0     194.915     6.93728
43         114     162.821      458.64           0     150.441           0
43         115     163.462     459.407           0     129.307           0
43         116     164.154     460.127           0     193.225           0
43         117     164.892     460.801           0     187.713           0
43         118     165.664     461.435           0     122.099           0
43         119     166.457     462.043           0     244.087           0
43         120     167.252     462.649           0     108.675           0
43         121     168.048     463.252           0     245.787           0
43         122     168.896     463.781           0     205.004           0
43         123     169.787     464.234           0     195.293           0
43         124     170.692     464.657           0     142.865           0
43         125     171.578     465.118           0     224.792           0
43         126     172.437     465.629           0     123.375     1.44367
43         127     173.272     466.177           0     164.968           0
43         128     174.117     466.712           0     181.493           0
43         129     174.977     467.219           0     199.171      11.775
43         130     175.856     467.695           0     162.902      14.732
43         131     176.723     468.191           0      206.27      20.348
43         132     177.575     468.713           0      135.67     25.9457
43         133     178.408     469.265           0     138.499     26.7624
43         134     179.244     469.813           0     207.349     18.8659
43         135     180.065     470.383           0     153.538     33.0318
43         136     180.853     470.997           0     216.891     26.4387
43         137     181.583     471.679           0     135.077     24.3275
43         138     182.244     472.428           0     136.872     19.4772
43         139      182.83     473.237           0     211.712     27.8244
43         140     183.379     474.072           0     146.872     6.09588
43         141      183.91     474.919           0     1.86479           0
43         142     184.455     475.756           0           0     1.19517
43         143     185.022     476.579           0           0           0
43         144      185.61     477.387           0     60.1594           0
43         145     186.241     478.162           0     172.236           0
43         146     186.915     478.899           0     211.973           0
43         147     187.611     479.616           0      134.07           0
43         148     188.302     480.338           0     143.881           0
43         149     188.961     481.088           0     223.468           0
43         150     189.575     481.877           0     141.859           0
43         151     190.143     482.699           0      218.47           0
43         152     190.678     483.543           0     131.413           0
43         153     191.195     484.398           0     143.366           0
43         154      191.67     485.277           0     170.924           0
43         155     192.154     486.151           0     221.623           0
43         156     192.757     486.948           0     244.983           0
43         157     193.579     487.517           0     123.255     62.6196
43         158     194.465     487.978           0     118.896     45.0776
43         159     195.322     488.491           0     128.344     27.2194
43         160     196.102     489.116           0     205.465     23.0068
43         161       196.8     489.831           0     178.115     22.3954
43         162     197.415     490.618           0     122.391     23.8363
43         163      197.93     491.475           0     124.485     33.6559
43         164     198.341     492.386           0     33.4978     43.5775
43         165     198.611     493.347           0     136.173     36.2565
#1
44           0     251.491      400.42           0     200.419     37.0949
44           1     252.242     399.759           0       161.6     74.2071
44           2     252.958      399.06           0     230.288     50.0545
44           3     253.666     398.353           0     139.973      8.6264
44           4     254.364     397.635           0     136.897           0
44           5     255.059     396.915           0      220.93           0
44           6      255.78     396.221           0     167.293           0
44           7     256.487     395.513           0     127.586           0
44           8     257.195     394.806           0     175.059           0
44           9     257.902     394.098           0     210.032           0
44          10     258.605     393.385           0      133.65           0
44          11     259.298     392.663           0     144.309           0
44          12     259.978     391.929           0     231.624           0
44          13     260.659     391.196           0     152.201     8.37154
44          14     261.352     390.473           0     165.277     38.1271
44          15     262.011     389.721           0      73.305     28.1356
44          16     262.559     388.883           0     241.878   0.0323579
44          17     262.962     387.967           0     245.366      9.8388
44          18     263.333     387.038           0      170.17     85.5657
44          19     263.752     386.129           0     175.181           0
44          20     264.293     385.287           0     180.204           0
44          21     264.952     384.533           0     119.805           0
44          22     265.708     383.879           0     224.038           0
44          23     266.505     383.273           0       128.1           0
44          24     267.293     382.655           0     143.929     25.3514
44          25     268.077     382.034           0     227.435     48.9336
44          26     268.879     381.435           0     140.117     35.8449
44          27     269.702     380.865           0     220.689     7.22624
44          28     270.531     380.306           0      130.61           0
44          29     271.337     379.712           0     145.135           0
44          30     272.114     379.082           0     234.141     7.02592
44          31     272.852     378.406           0     232.591     28.0212
44          32     273.606     377.748           0     114.086     67.2418
44          33     274.446     377.204           0     112.334     5.67285
44          34     275.394     376.883           0     106.847           0
44          35     276.394     376.832           0     212.057           0
44          36     277.392     376.904           0     230.609           0
44          37      278.39      376.97           0     247.471           0
44          38     279.391     376.998           0     254.415           0
44          39     280.391     377.002           0     154.835           0
44          40     281.392     377.001           0           0     49.7837
44          41     282.393     377.002           0     100.223     75.2879
44          42     283.394     377.007           0     254.335     47.4691
44          43     284.395     377.009           0     252.586     73.2145
44          44     285.395     376.995           0      253.82           0
44          45     286.394     376.937           0     239.007           0
44          46     287.383     376.783           0     199.617           0
44          47     288.343     376.501           0     127.547           0
44          48     289.257     376.094           0      231.12           0
44          49     290.114     375.577           0     142.554           0
44          50     290.916     374.978           0     228.409     10.7533
44          51     291.667     374.316           0     143.161     77.3765
44          52     292.367     373.601           0     134.348     5.93574
44          53     293.007     372.831           0     210.857           0
44          54     293.565     372.001           0     144.098           0
44          55      294.03     371.115           0     247.276           0
44          56     294.332     370.161           0      241.41           0
44          57     294.293     369.161           0      103.66           0
44          58     293.958     368.218           0     191.158     2.75508
44          59     293.501     367.327           0      127.42     35.6085
44          60     293.018     366.451           0     250.349     35.7067
44          61     292.549     365.566           0     129.177     8.62943
44          62     292.099     364.673           0     229.677           0
44          63     291.647      363.78           0     148.469           0
44          64     291.183     362.893           0     208.342           0
44          65     290.662     362.039           0     168.799           0
44          66     290.079     361.225           0     186.473           0
44          67     289.434      360.46           0     128.837           0
44          68     288.748     359.732           0     156.786     18.0698
44          69     288.033     359.032           0      239.13     33.4181
44          70     287.281     358.371           0     141.916     31.3689
44          71     286.481     357.769           0     124.938           0
44          72     285.636     357.233           0     195.624           0
44          73     284.776     356.722           0     199.908  0.00329031
44          74     283.952     356.154           0     242.774      46.271
44          75     283.178      355.52           0     124.232     54.6207
44          76     282.398     354.892           0     107.176      37.628
44          77     281.614     354.271           0     185.923      5.2097
#1
45           0     289.992     396.532           0     254.087     55.7556
45           1     289.558     395.625           0     142.256      62.914
45           2     289.118     394.722           0     84.2535     78.2446
45           3     288.614     393.852           0     147.925     62.1612
45           4     288.064     393.011           0     236.219     36.9912
45           5      287.51     392.173           0     125.844     10.8489
45           6     286.955     391.334           0     243.593     1.12423
45           7     286.472     390.453           0      128.17           0
45           8     286.026     389.553           0     248.329     5.18698
45           9     285.622     388.633           0     135.728           0
45          10     285.294     387.682           0     180.002           0
45          11     285.041      386.71           0     244.473           0
45          12     284.818      385.73           0      208.67           0
45          13     284.571     384.756           0     136.716           0
45          14     284.305     383.786           0     177.121           0
45          15     284.063     382.811           0      238.95           0
45          16     283.837     381.832           0     213.552           0
45          17     283.601     380.855           0     145.713           0
45          18     283.398     379.871           0     153.526           0
45          19     283.337     378.868           0     169.184           0
45          20     283.421     377.866           0       162.1     59.8178
45          21     283.459     376.862           0     238.831     151.581
45          22      283.25     375.879           0     191.124     85.1801
45          23     282.947     374.921           0     241.439     72.0927
45          24     282.642     373.963           0     161.117     1.89575
45          25      282.36     372.999           0     163.307           0
45          26     282.147     372.016           0     217.519           0
45          27     282.007     371.021           0     253.164           0
45          28      281.84      370.03           0     214.119           0
45          29     281.535     369.072           0     136.353           0
45          30     281.094     368.169           0     195.954           0
45          31     280.625     367.281           0     113.556           0
45          32     280.264     366.343           0     187.643           0
45          33     280.063     365.358           0     238.842           0
45          34     279.993     364.355           0     253.321           0
45          35     279.985      363.35           0     251.228           0
45          36     279.992     362.345           0     253.028           0
45          37     279.997      361.34           0     254.184           0
45          38     279.995     360.335           0     253.811           0
45          39     279.991      359.33           0     252.658           0
45          40     279.995     358.325           0     253.727     16.2885
45          41     280.037     357.321           0     245.615     54.0481
45          42     280.161     356.324           0     213.972      92.447
45          43      280.39     355.345           0     155.597     156.682
45          44     280.675     354.382           0     189.253     10.0776
45          45     280.925     353.408           0     243.733           0
45          46      281.11      352.42           0     227.006           0
45          47     281.299     351.433           0     178.873           0
45          48     281.541     350.458           0     128.379           0
45          49     281.831     349.496           0     211.789           0
45          50     282.144     348.541           0      218.31           0
45          51     282.459     347.586           0     129.311           0
45          52     282.783     346.635           0     199.789           0
45          53      283.15     345.699           0     216.734           0
45          54     283.598       344.8           0     112.446           0
45          55     284.153     343.962           0     209.169           0
45          56     284.753     343.155           0     171.931           0
45          57     285.319     342.325           0      111.29           0
45          58     285.793     341.439           0     202.135           0
45          59     286.219     340.529           0     199.122           0
45          60     286.668     339.629           0     116.448           0
45          61      287.18     338.765           0     170.672           0
45          62     287.704     337.907           0     179.543           0
45          63     288.211     337.039           0     201.209           0
45          64     288.678     336.149           0     159.288           0
45          65     289.134     335.254           0     220.793     4.84774
45          66     289.577     334.352           0     133.319           0
45          67     290.023     333.451           0     249.138     5.26411
45          68     290.475     332.553           0     128.187           0
45          69      290.95     331.667           0     242.137     1.11674
45          70     291.468     330.806           0     132.543      12.207
45          71     292.024     329.969           0     241.434     23.2632
45          72     292.588     329.138           0     143.775     13.6464
45          73      293.13     328.291           0     221.763     2.25427
45          74     293.657     327.435           0      38.097      16.816
#1
46           0     31.6442     398.001           0    0.165264           0
46           1     31.8006     398.993           0     202.697           0
46           2     31.9415     399.987           0      240.09           0
46           3     32.1011     400.978           0     229.208           0
46           4     32.3372     401.954           0     169.024           0
46           5     32.6373     402.913           0     156.382           0
46           6     32.9566     403.865           0     243.933           0
46           7     33.2715     404.818           0     185.773           0
46           8     33.5692     405.777           0     137.274           0
46           9     33.8254     406.748           0     210.474           0
46          10     34.0485     407.727           0     242.637           0
46          11     34.3031     408.698           0     177.711           0
46          12     34.6333     409.646           0     137.457           0
46          13     35.0299     410.569           0     247.376           0
46          14     35.4303      411.49           0     127.864           0
46          15      35.793     412.426           0     202.204           0
46          16     36.1279     413.373           0     222.385           0
46          17     36.4452     414.325           0      132.38           0
46          18     36.7611     415.278           0     194.074           0
46          19     37.0786     416.231           0     234.956           0
46          20     37.3941     417.184           0     144.546           0
46          21     37.7127     418.137           0     181.744           0
46          22     38.0302     419.089           0     247.307           0
46          23     38.3465     420.042           0     163.342           0
46          24     38.6668     420.994           0       169.5           0
46          25     38.9823     421.947           0     250.477           0
46          26     39.2976       422.9           0      179.12           0
46          27     39.6145     423.853           0     148.118           0
46          28     39.9315     424.806           0     237.535           0
46          29     40.2672     425.752           0     186.862           0
46          30     40.6383     426.685           0     140.568           0
46          31     41.0578     427.598           0      240.25           0
46          32     41.4963     428.501           0     127.498           0
46          33     41.9424       429.4           0     240.313           0
46          34     42.3944     430.297           0     138.426           0
46          35     42.8425     431.196           0     214.839           0
46          36     43.2996      432.09           0     169.429           0
46          37     43.7455     432.989           0      188.78           0
46          38     44.1822     433.894           0     208.538           0
46          39     44.5698      434.82           0     138.882           0
46          40     44.9128     435.764           0     232.773           0
46          41     45.2531     436.708           0     190.448           0
46          42      45.631     437.639           0     136.759           0
46          43      46.084     438.535           0     233.584           0
46          44     46.5981     439.397           0     122.358           0
46          45     47.1504     440.236           0     174.611           0
46          46     47.6852     441.086           0     174.726     3.25081
46          47     48.1879     441.955           0     207.081     42.5451
46          48     48.6697     442.836           0     156.565     10.7533
46          49      49.229      443.67           0     196.617     19.0391
46          50     49.9462     444.372           0     98.4687     16.0286
46          51     50.8136     444.878           0      41.744           0
46          52     51.6713       445.4           0     171.169     42.7669
46          53     52.4192      446.07           0     145.204     5.02063
46          54     53.1147     446.795           0     179.388           0
46          55     53.8553     447.473           0     122.543           0
46          56     54.6848     448.038           0     245.195           0
46          57     55.5852     448.483           0     126.757           0
46          58     56.5229     448.842           0      214.71           0
46          59     57.4732     449.166           0     212.614           0
46          60     58.4281     449.477           0     128.354           0
46          61     59.3823     449.789           0     201.287     10.1687
46          62     60.3323     450.115           0     225.774     25.7243
46          63     61.2743     450.462           0     131.838     22.6024
46          64     62.1977     450.857           0     218.484     25.5202
46          65     63.1008     451.296           0     169.089           0
46          66          64     451.742           0     189.323           0
46          67     64.8934     452.201           0     203.776           0
46          68     65.7914      452.65           0     149.826           0
46          69     66.6864     453.105           0     228.127           0
46          70     67.5864     453.551           0     129.732           0
46          71     68.4924     453.983           0     250.772           0
46          72     69.4157     454.378           0     132.736           0
46          73     70.3633      454.71           0     181.111           0
46          74     71.3152      455.03           0     247.418           0
46          75     72.2283     455.448           0     166.911           0
46          76     72.9915       456.1           0      252.82     9.30187
46          77     73.6331     456.872           0      93.568     80.7477
46          78      74.298     457.625           0     159.355     50.1085
46          79     75.0391     458.302           0     173.948     39.1322
46          80     75.8469     458.899           0     198.057     26.8663
46          81     76.6824     459.456           0     123.388     7.42371
46          82     77.5365     459.984           0     250.837           0
46          83     78.3825     460.525           0      126.03           0
46          84     79.1816     461.133           0     221.183           0
46          85     79.9232      461.81           0      48.566           0
46          86     80.6781     462.472           0     120.262           0
46          87     81.5076     463.038           0      245.43           0
46          88     82.3974     463.503           0     127.357           0
46          89      83.294     463.955           0     243.451           0
46          90     84.1635     464.457           0     134.884           0
46          91     85.0058     465.004           0     252.612           0
46          92     85.8446     465.556           0     137.258           0
46          93     86.7036     466.076           0     235.733           0
46          94     87.5896     466.548           0     129.694           0
46          95     88.4906     466.991           0     252.742           0
46          96     89.4071     467.402           0     132.168           0
46          97     90.3434     467.764           0     194.873           0
46          98     91.2884     468.104           0     228.554           0
46          99     92.2345      468.44           0     135.637           0
46         100     93.1572     468.836           0     213.163      1.7325
46         101     94.0551     469.286           0     176.169     7.52206
46         102     94.9461     469.748           0     184.031     36.9969
46         103     95.8236     470.237           0     194.673     35.3645
46         104     96.6991     470.728           0     150.676     29.4557
46         105     97.5707     471.227           0     84.6437     42.8822
#1
47           0     72.7872      455.13           0     247.946     3.55696
47           1     73.7084     454.748           0     101.132     30.4899
47           2     74.6271      454.36           0     163.168     48.5896
47           3     75.5709     454.038           0     245.328      33.321
47           4     76.5305     453.766           0     195.437     29.9569
47           5     77.4886      453.49           0     127.441      5.9067
47           6     78.4379     453.185           0     207.938           0
47           7     79.3726     452.837           0     213.412           0
47           8     80.2851     452.435           0     120.332           0
47           9     81.1658     451.967           0     205.649           0
47          10     82.0309     451.471           0           0           0
#1
48           0     56.0191     405.984           0           0           0
48           1     56.0102      406.99           0     249.981           0
48           2      56.002     407.997           0     254.484           0
48           3     55.9935     409.004           0     253.343           0
48           4     55.9834     410.011           0     250.764     1.71433
48           5     55.9792     411.018           0     249.705     29.6062
48           6     56.0133     412.024           0     251.615     29.0163
48           7     56.1546     413.021           0     215.574     24.6144
48           8     56.4845     413.973           0     131.462     22.4386
48           9     57.0026     414.836           0     212.679     24.7984
48          10     57.6379     415.617           0     135.759     15.4785
48          11     58.3282     416.351           0     140.597     30.4809
48          12     59.0363     417.066           0     230.032     31.7396
48          13     59.7511     417.776           0     162.801     21.4395
48          14     60.4885     418.461           0     127.726     42.1503
48          15     61.2864     419.076           0     173.732     50.8614
48          16      62.185      419.53           0     135.134     53.7338
48          17     63.1701     419.738           0     188.262     50.7609
48          18     64.1771     419.739           0     188.361     53.1423
48          19     65.1836     419.768           0     206.626           0
48          20     66.1049     420.174           0     193.243           0
48          21       66.88     420.817           0     188.841           0
48          22     67.6112     421.509           0         128           0
48          23     68.3724     422.168           0     149.105           0
48          24     69.1934     422.751           0     191.484           0
48          25     70.0561      423.27           0     179.515           0
48          26     70.9478     423.738           0     181.861     2.56563
48          27     71.8441     424.197           0     204.796     2.43857
48          28     72.7539     424.629           0     144.141     25.0393
48          29      73.684     425.014           0     251.371     64.7664
48          30     74.6497     425.299           0     112.174     88.7591
48          31     75.6369     425.498           0     126.889     20.9601
48          32     76.5984     425.797           0     234.161           0
48          33     77.4454     426.341           0     131.927           0
48          34     78.2417     426.957           0     185.132           0
48          35     79.0919     427.497           0     126.681      23.541
48          36     80.0278     427.868           0     221.421     73.7151
48          37     81.0062     428.106           0     227.849           0
48          38     81.9896     428.323           0     172.653           0
48          39     82.9652     428.572           0     144.622           0
48          40     83.9224     428.884           0     225.543           0
48          41     84.8018     429.375           0     236.061     40.7843
48          42     85.5682     430.028           0      111.07     42.7339
48          43     86.3124     430.706           0     180.092     17.0332
48          44     87.0758     431.363           0     157.159    0.417545
48          45     87.8589     431.996           0      218.27           0
48          46     88.6419     432.629           0     136.838           0
48          47     89.4406     433.242           0     135.312           0
48          48     90.2804     433.798           0     203.441           0
48          49     91.1502     434.305           0     162.264           0
48          50     92.0355     434.785           0     200.141           0
48          51     92.8972     435.306           0     177.016           0
48          52      93.721     435.885           0     170.876           0
48          53     94.4943      436.53           0     127.413           0
48          54     95.2346     437.212           0     166.436           0
48          55     95.9622     437.908           0     223.775           0
48          56     96.6902     438.604           0     137.598     29.8163
48          57     97.4213     439.296           0     135.666     75.0099
48          58     98.1716     439.968           0     204.509     12.7199
48          59     98.9587     440.596           0     149.972           0
48          60       99.77     441.193           0     205.907           0
48          61     100.585     441.783           0     139.843           0
48          62     101.377     442.405           0     133.427           0
48          63     102.165     443.033           0     207.374           0
48          64     102.978     443.627           0     158.436           0
48          65     103.802     444.205           0     202.624           0
48          66     104.636      444.77           0     146.188           0
48          67     105.468     445.337           0     130.186           0
48          68     106.314     445.883           0     225.139           0
48          69     107.163     446.425           0     122.825           0
48          70     108.015      446.96           0           0           0
#1
49           0     169.068      198.03           0    0.514337           0
49           1     169.597     198.878           0     133.708           0
49           2     170.135     199.721           0     220.627           0
49           3     170.678     200.561           0     133.049           0
49           4     171.243     201.386           0     142.419           0
49           5     171.809     202.211           0     206.195           0
49           6     172.406     203.013           0      150.89           0
49           7     173.077     203.754           0      177.45     53.2905
49           8     173.797     204.448           0     119.645     63.4084
49           9     174.471     205.187           0     229.836     136.415
49          10     174.898     206.091           0     229.116     70.8705
49          11     175.025     207.083           0     248.533     53.5014
49          12     175.066     208.082           0     238.262      50.829
49          13      175.16     209.077           0     214.123           0
49          14      175.37     210.055           0      156.98           0
49          15     175.661     211.012           0     168.681           0
49          16     175.975     211.961           0     248.653           0
49          17     176.292      212.91           0     180.425           0
49          18     176.612     213.857           0     147.918           0
49          19     176.945       214.8           0     240.996           0
49          20     177.332     215.722           0     170.386           0
49          21     177.794     216.609           0     143.839           0
49          22     178.318     217.461           0     131.147           0
49          23      178.83      218.32           0     211.679           0
49          24     179.298     219.204           0     158.073           0
49          25     179.689     220.124           0     175.692           0
49          26     180.032     221.063           0     246.962           0
49          27     180.365     222.006           0     161.506           0
49          28     180.718     222.942           0     176.665           0
49          29     181.077     223.875           0     235.387           0
49          30     181.423     224.813           0     27.4584           0
49          31     181.781     225.747           0     148.809           0
49          32     182.199     226.656           0     204.265           0
49          33     182.691     227.526           0     130.064           0
49          34     183.238     228.363           0     145.776           0
49          35     183.768     229.211           0     195.799           0
49          36      184.25     230.088           0     180.125           0
49          37      184.65     231.004           0     165.632           0
49          38     184.989     231.945           0     252.079           0
49          39     185.305     232.894           0     177.344           0
49          40     185.618     233.843           0       148.2           0
49          41     185.929     234.794           0     236.962           0
49          42     186.243     235.743           0     193.117           0
49          43     186.557     236.693           0     133.112           0
49          44     186.884     237.638           0     225.539           0
49          45     187.261     238.564           0     188.509           0
49          46     187.708     239.458           0     123.069           0
49          47     188.227     240.313           0     153.501           0
49          48     188.746     241.168           0     190.313           0
49          49     189.229     242.044           0     190.639           0
49          50     189.631     242.959           0     158.149           0
49          51     189.971       243.9           0     247.714           0
49          52     190.288     244.848           0     181.665           0
49          53     190.599     245.798           0     142.633           0
49          54     190.913     246.748           0     232.719           0
49          55     191.245     247.691           0     192.446           0
49          56     191.612     248.622           0     134.432           0
49          57     192.027     249.531           0     248.144           0
49          58     192.464     250.431           0     128.757           0
49          59     192.902      251.33           0     230.052           0
49          60     193.325     252.236           0     151.029           0
49          61     193.699     253.163           0     178.229           0
49          62     194.039     254.104           0     245.123           0
49          63      194.38     255.044           0      155.37           0
49          64     194.761     255.969           0     189.793           0
49          65     195.174     256.879           0     210.527           0
49          66      195.56     257.802           0     136.689           0
49          67     195.907      258.74           0     231.168           0
49          68     196.248      259.68           0     191.686           0
49          69     196.612     260.611           0     133.862           0
49          70     197.014     261.527           0     251.524           0
49          71     197.412     262.444           0     130.007           0
49          72     197.772     263.377           0     196.975           0
49          73     198.112     264.317           0      226.33           0
49          74     198.459     265.255           0     132.586           0
49          75      198.85     266.176           0     216.632           0
49          76     199.286     267.076           0     173.867           0
49          77      199.73     267.972           0     182.863           0
49          78     200.186     268.862           0      207.55           0
49          79     200.632     269.757           0     144.785           0
49          80     201.082      270.65           0     234.137           0
49          81     201.525     271.546           0     128.089           0
49          82     201.969     272.443           0      247.01           0
49          83     202.415     273.337           0     134.522           0
49          84     202.859     274.234           0     219.029           0
49          85     203.312     275.125           0     163.485           0
49          86     203.759      276.02           0     193.581           0
49          87     204.217     276.909           0     199.708   0.0634955
49          88     204.663     277.804           0     152.716           0
49          89     205.097     278.704           0     230.192           0
49          90     205.475      279.63           0     125.857           0
49          91     205.772     280.585           0     196.906           0
49          92      206.02     281.554           0     249.924     10.3032
49          93     206.314      282.51           0     174.997     6.76129
49          94     206.737     283.416           0     117.288           0
49          95     207.295     284.245           0     154.055           0
49          96     207.916     285.029           0     226.782           0
49          97     208.555     285.799           0     135.856           0
49          98     209.201     286.562           0     203.694           0
49          99     209.838     287.333           0     98.8264     1.54881
49         100     210.405     288.157           0     231.265      47.947
49         101      210.79      289.08           0     201.471     15.4063
49         102     211.071     290.039           0     236.887     44.1122
49         103      211.37     290.994           0     160.608     29.3162
49         104     211.754     291.917           0      181.54           0
49         105     212.231     292.796           0     196.175           0
49         106     212.749     293.651           0     146.711           0
49         107     213.268     294.506           0     126.815           0
49         108      213.72     295.398           0     183.475           0
49         109     214.106     296.321           0     227.919           0
49         110     214.467     297.253           0     131.713           0
49         111     214.852     298.176           0     217.324           0
49         112     215.261     299.088           0     177.578           0
49         113     215.641     300.014           0     163.405           0
49         114     215.999     300.947           0      254.73           0
49         115     216.392     301.867           0     154.962           0
49         116     216.861      302.75           0     173.553           0
49         117     217.396     303.595           0      122.45           0
49         118     217.966     304.416           0     246.442           0
49         119     218.605     305.186           0     110.632    0.140621
49         120     219.315      305.89           0     155.575     19.9065
49         121     220.019     306.601           0      153.16      58.394
49         122     220.593      307.42           0     211.431      21.377
49         123     220.951     308.353           0     242.495     16.9911
49         124      221.25     309.307           0     191.171    0.641986
49         125     221.617     310.238           0     111.918           0
49         126     222.097     311.115           0     206.689     1.76307
49         127     222.633     311.959           0     158.574           0
49         128     223.195     312.786           0     205.324           0
49         129     223.782     313.596           0     141.294           0
49         130      224.42     314.366           0     132.966           0
49         131     225.098       315.1           0     209.323           0
49         132     225.804     315.809           0     175.426           0
49         133     226.534     316.493           0     127.371           0
49         134     227.298     317.138           0     164.816           0
49         135     228.104      317.73           0     186.177           0
49         136     228.936     318.285           0     182.441           0
49         137     229.795     318.796           0      172.09           0
49         138      230.67     319.281           0     60.5524           0
49         139     231.564     319.729           0           0           0
49         140     232.476     320.139           0           0           0
49         141     233.412     320.491           0      51.607           0
49         142     234.374     320.762           0     194.383           0
49         143      235.36     320.934           0     238.245           0
49         144     236.353     321.053           0      241.61           0
49         145      237.34     321.211           0     201.283           0
49         146     238.311     321.451           0     132.241           0
49         147     239.265      321.75           0     191.137           0
49         148     240.213     322.069           0     237.465           0
49         149     241.163     322.381           0     147.988           0
49         150      242.12     322.671           0     171.049           0
49         151      243.09     322.915           0     233.229           0
49         152     244.066     323.132           0     221.435           0
49         153     245.035     323.377           0     156.646           0
49         154     246.002     323.634           0     161.655           0
49         155     246.974     323.867           0     221.163           0
49         156     247.965         324           0     254.971           0
49         157     248.964     324.053           0     241.508           0
49         158     249.963     324.092           0     231.661           0
49         159     250.962     324.143           0      8.3403           0
#1
50           0      63.423     349.259           0     227.037           0
50           1     63.0055     350.169           0     253.608           0
50           2     62.6311     351.097           0     154.438           0
50           3     62.2933     352.039           0       180.2           0
50           4      62.005     352.998           0     253.731   0.0106832
50           5     61.7959     353.976           0     202.943           0
50           6     61.6869     354.971           0     175.159           0
50           7     61.6481     355.971           0     165.259           0
50           8     61.6416     356.972           0     163.609           0
50           9     61.6526     357.973           0     166.405           0
50          10     61.6788     358.973           0     173.103           0
50          11     61.7319     359.973           0     186.645           0
50          12     61.8163      360.97           0     208.144           0
50          13     61.9156     361.966           0     233.474           0
50          14     62.0243     362.961           0     248.797           0
50          15     62.1758      363.95           0     210.176     2.67632
50          16     62.3576     364.934           0     163.821     51.3305
50          17     62.3699     365.935           0     248.866     10.3591
50          18       62.07      366.89           0     28.1017           0
50          19     61.8114     367.857           0     218.443     23.0887
50          20      62.025     368.834           0     248.618           0
50          21     62.4932     369.719           0     126.741           0
50          22     62.9876     370.589           0     251.848           0
50          23     63.4158     371.494           0     127.773           0
50          24     63.7432     372.439           0     189.508           0
50          25     63.9918     373.409           0     252.904           0
50          26     64.2188     374.384           0       199.2           0
50          27     64.4706     375.352           0     129.713           0
50          28     64.7211     376.321           0      183.89           0
50          29     64.9032     377.305           0     230.324           0
50          30     64.9872     378.303           0     251.725           0
50          31     65.0044     379.303           0     253.882           0
50          32     64.9979     380.304           0     254.453           0
50          33     65.0008     381.305           0     254.796           0
50          34     65.0512     382.305           0     241.953           0
50          35     65.1917     383.295           0     206.106           0
50          36     65.4299     384.267           0     135.808           0
50          37     65.7264     385.223           0     185.239           0
50          38       66.04     386.174           0     244.796           0
50          39     66.3598     387.122           0      154.52           0
50          40     66.7138     388.058           0     182.011           0
50          41      67.148      388.96           0      217.25           0
50          42     67.7076      389.79           0     217.075           0
50          43     68.3892     390.523           0      126.22           0
50          44     69.1195     391.207           0     184.365           0
50          45     69.8569     391.884           0     197.333           0
50          46     70.5793     392.576           0     130.587           0
50          47     71.2782     393.293           0     150.948           0
50          48      71.937     394.046           0     227.928           0
50          49      72.528     394.854           0     132.548           0
50          50     73.0183     395.726           0     250.345           0
50          51     73.4122     396.646           0     120.949           0
50          52     73.8025     397.568           0     204.635           0
50          53      74.357     398.401           0     200.469     15.4429
50          54     75.1523     399.009           0     252.782     1.89924
50          55     76.0139     399.518           0     123.058           0
50          56     76.8538     400.062           0     204.177           0
50          57     77.6375     400.685           0     140.446           0
50          58     78.3724     401.364           0     136.349           0
50          59     79.0842     402.068           0     219.198           0
50          60     79.7908     402.776           0     168.487           0
50          61      80.496     403.487           0     127.527           0
50          62     81.1907     404.207           0      173.72           0
50          63     81.8544     404.956           0     209.938           0
50          64     82.4644      405.75           0     122.968           0
50          65     83.0017     406.594           0     254.571           0
50          66     83.4837     407.471           0     127.741           0
50          67     83.9633     408.349           0     245.632           0
50          68     84.4978     409.196           0     127.842           0
50          69     85.1037     409.992           0     226.778           0
50          70     85.7646     410.744           0     160.392           0
50          71     86.4588     411.465           0     128.242           0
50          72     87.1657     412.173           0     183.225           0
50          73     87.8744      412.88           0     200.028           0
50          74     88.5811     413.589           0     131.161           0
50          75     89.2872     414.298           0     149.444           0
50          76     90.0013     414.999           0     254.422           0
50          77     90.7419     415.672           0     148.744           0
50          78     91.5303     416.289           0     124.234           0
50          79     92.3795     416.818           0     208.665           0
50          80     93.2587     417.296           0     152.543           0
50          81     94.1217     417.803           0     204.836     9.18407
50          82     94.8615     418.477           0     238.141     19.8142
50          83     95.4055     419.317           0     136.304           0
50          84     95.8592     420.209           0     219.108           0
50          85      96.356     421.078           0     158.481     45.2948
50          86     97.0126     421.834           0     209.869           0
50          87     97.8779     422.336           0     31.1455           0
50          88      98.815     422.688           0           0           0
50          89     99.7004     423.154           0     178.614           0
50          90     100.396     423.874           0     154.086     64.8923
50          91     100.974     424.691           0     173.587     5.49973
50          92      101.58     425.487           0     126.985           0
50          93     102.243     426.237           0     161.981           0
50          94      102.95     426.946           0     229.702           0
50          95     103.693     427.616           0     138.906           0
50          96     104.469     428.248           0     131.522           0
50          97     105.259     428.862           0     219.725     9.16872
50          98     105.989     429.546           0     115.677     20.2145
50          99     106.618     430.326           0     106.221     56.6986
50         100     107.207     431.134           0           0     44.6464
50         101     107.907     431.849           0           0           0
50         102     108.803     432.296           0     158.966           0
50         103     109.761     432.584           0      105.97           0
50         104     110.677     432.989           0     171.543           0
50         105     111.517     433.532           0     127.782           0
50         106      112.32      434.13           0     161.495           0
50         107      113.13     434.717           0     182.893           0
50         108     113.934     435.313           0     175.123           0
50         109       114.7     435.958           0       174.2           0
50         110     115.379     436.692           0     115.672           0
50         111     115.953     437.512           0     243.098           0
50         112     116.451     438.381           0       130.5           0
50         113     116.894     439.278           0     227.979           0
50         114     117.314     440.187           0     157.235           0
50         115     117.687     441.116           0     175.069           0
50         116     118.013     442.062           0     251.643           0
50         117     118.315     443.016           0     171.839           0
50         118     118.623     443.968           0      3.0548           0
#1
51           0     37.0751     359.969           0           0           0
51           1     37.7039     360.755           0     135.495           0
51           2     38.3195     361.551           0     122.815           0
51           3     38.9388     362.344           0     239.389           0
51           4     39.6481     363.058           0     94.0898           0
51           5      40.498     363.597           0     152.111           0
51           6     41.4375     363.957           0     243.972     27.9598
51           7     42.4058     364.231           0      196.15     75.6443
51           8     43.3799     364.483           0     128.552      16.501
51           9     44.3567     364.725           0     184.798     2.36031
51          10     45.3457      364.91           0     232.149           0
51          11     46.3431     365.043           0     243.994           0
51          12     47.3388     365.189           0      206.91           0
51          13     48.3266      365.38           0     138.071     54.3741
51          14     49.3106     365.591           0     150.708     72.5873
51          15     50.2969      365.79           0     217.402           0
51          16      51.291     365.946           0     251.016     81.9345
51          17      52.294     366.027           0     248.019      13.861
51          18     53.2981     366.094           0     231.144           0
51          19     54.2966     366.218           0     199.313           0
51          20     55.2774     366.443           0      133.96           0
51          21     56.2381     366.742           0     189.323     17.2143
51          22     57.1886     367.073           0     236.408      32.807
51          23       58.14     367.401           0     145.748    0.354675
51          24     59.1053     367.685           0     174.624           0
51          25     60.1028     367.817           0     208.391     4.33618
51          26     61.0897     367.622           0     158.499     66.3456
51          27     61.9134     367.044           0       11.11   0.0411244
51          28     62.6899     366.404           0     152.088     41.8645
51          29     63.6098     365.996           0      253.92     90.8462
51          30     64.6022      365.83           0     211.545           0
51          31     65.5974     365.681           0     173.624           0
51          32     66.5807     365.467           0     128.866           0
51          33     67.5614     365.242           0     193.399           0
51          34     68.5523     365.066           0     238.084           0
51          35      69.548     364.921           0     234.862           0
51          36     70.5364     364.732           0     186.779           0
51          37     71.5118     364.485           0      127.59      6.9815
51          38     72.4882     364.242           0     193.385     72.8503
51          39     73.4828     364.089           0       232.3      114.19
51          40      74.489     364.087           0     232.848     114.985
51          41     75.4842     364.236           0     194.853     74.4856
51          42      76.461     364.477           0      127.95     7.58019
51          43     77.4365     364.724           0     184.693           0
51          44     78.4256      364.91           0     231.941           0
51          45     79.4223     365.048           0     242.758           0
51          46     80.4121     365.229           0     196.552           0
51          47      81.376     365.518           0     126.357           0
51          48     82.2942      365.93           0     237.074           0
51          49      83.153     366.454           0     135.612           0
51          50     83.9543     367.063           0     228.049           0
51          51     84.7129     367.724           0     151.811           0
51          52     85.4344     368.425           0     129.998           0
51          53     86.1416     369.141           0      193.09           0
51          54     86.8495     369.856           0      191.01           0
51          55      87.561     370.568           0     129.611           0
51          56     88.2742     371.278           0     133.676           0
51          57     88.9877     371.987           0   0.0398574           0
#1
52           0     255.987      403.57           0           0           0
52           1     256.971     403.768           0     190.094           0
52           2      257.96     403.946           0      241.31           0
52           3     258.944     404.146           0     217.746           0
52           4     259.897     404.461           0     137.412           0
52           5     260.779     404.942           0     190.392           0
52           6     261.555      405.58           0     129.732           0
52           7     262.284      406.27           0       152.8           0
52           8     262.995      406.98           0     248.577           0
52           9     263.701     407.694           0     147.371           0
52          10     264.409     408.406           0     131.858           0
52          11     265.118     409.117           0     202.044           0
52          12     265.829     409.827           0     182.307           0
52          13     266.539     410.536           0     128.233           0
52          14     267.251     411.245           0     159.861           0
52          15     267.963     411.954           0     234.569           0
52          16      268.67     412.666           0     141.951           0
52          17     269.362     413.395           0     134.923           0
52          18     270.019     414.154           0     212.344           0
52          19     270.626     414.954           0     156.625           0
52          20     271.195     415.782           0     205.306           0
52          21     271.743     416.623           0     142.779           0
52          22     272.303     417.457           0     131.819           0
52          23     272.869     418.286           0     221.706           0
52          24     273.492     419.074           0     129.167           0
52          25     274.179     419.807           0     168.977     7.02729
52          26     274.886     420.521           0     13.9863     43.4603
52          27      275.52     421.299           0     39.6468     7.47727
52          28     275.974     422.195           0     201.379           0
52          29     276.366     423.119           0     11.1324     28.9056
52          30     276.861     423.993           0     218.082     86.3164
52          31     277.368      424.86           0     103.249     18.8091
52          32     277.764     425.783           0     194.697     3.79095
52          33     278.063     426.742           0      238.91           0
52          34     278.394      427.69           0     154.514           0
52          35     278.854     428.583           0     142.441           0
52          36     279.433     429.403           0     130.814           0
52          37     280.047     430.198           0     197.301           0
52          38     280.623      431.02           0     158.978           0
52          39     281.135     431.884           0     220.473           0
52          40     281.595     432.777           0     140.984    0.254491
52          41     282.051     433.672           0      250.77     82.2782
52          42     282.519     434.561           0         255     100.071
52          43     283.061     435.406           0     239.555     80.8505
52          44     283.659     436.213           0     104.246     18.7633
52          45     284.316     436.972           0     169.423     13.5871
52          46     285.058     437.649           0     165.593     74.2305
52          47     285.861     438.252           0     190.758     6.64132
52          48     286.696     438.811           0     158.504           0
52          49     287.535     439.363           0     125.075           0
52          50     288.394     439.882           0     224.934           0
52          51     289.272      440.37           0     142.599           0
52          52     290.165     440.829           0      211.41     3.92559
52          53     291.058     441.288           0     175.186     51.5265
52          54     291.958     441.735           0     182.389     5.85358
52          55     292.863      442.17           0     211.597           0
52          56     293.796     442.541           0      133.73           0
52          57     294.759     442.828           0     211.095           0
52          58     295.736     443.059           0     239.888           0
52          59     296.709     443.306           0      176.92           0
52          60      297.67     443.599           0     136.057     6.30309
52          61     298.633     443.885           0     225.564      28.976
52          62     299.625     444.036           0      251.52      32.125
52          63     300.625     443.938           0     249.055           0
52          64     301.622     443.818           0     226.102     24.3923
52          65     302.626     443.847           0     215.969     74.0976
52          66     303.627     443.924           0     235.523     1.94273
52          67     304.631     443.954           0     89.7854           0
52          68     305.634     443.897           0     144.906           0
52          69      306.62     443.707           0     180.355     1.29252
52          70     307.597     443.475           0     128.729     28.8923
52          71      308.58     443.269           0      186.48     34.3421
52          72     309.582     443.215           0     200.245     40.6627
52          73     310.563     443.432           0     144.902   0.0390433
52          74     311.403     443.982           0     105.635     14.3271
#1
53           0     311.308     427.015           0     1.19897           0
53           1     311.879     427.825           0     184.878           0
53           2     312.432     428.647           0     122.446           0
53           3     312.947     429.493           0     241.511           0
53           4     313.426      430.36           0      132.75           0
53           5     313.878     431.242           0     223.789           0
53           6     314.303     432.137           0     163.903           0
53           7     314.648     433.066           0     165.114           0
53           8     314.885     434.028           0     225.743           0
53           9     315.001     435.012           0      254.73           0
53          10     315.032     436.002           0     246.763           0
53          11         315     436.992           0     254.889           0
53          12     314.862     437.973           0      219.77           0
53          13     314.562     438.917           0     143.222           0
53          14     314.108     439.798           0     187.129           0
53          15     313.563     440.625           0     123.498           0
53          16     312.986     441.431           0     251.551           0
53          17     312.408     442.236           0     115.107           0
53          18     311.908     443.091           0     252.862           0
53          19     311.686     444.056           0     174.866     32.8352
53          20      311.63     445.045           0     160.562     47.9202
53          21     311.434     446.017           0     111.133     44.7965
53          22     311.022     446.918           0     229.308     38.2109
53          23     310.501     447.761           0     127.343     19.1923
53          24     309.955     448.587           0     243.445     8.51531
53          25     309.398     449.406           0     122.627           0
53          26     308.816     450.208           0     164.745           0
53          27     308.222     451.001           0           0           0
#1
54           0     158.683     215.718           0      147.84     17.5521
54           1     158.357      214.78           0     164.009     52.8374
54           2     157.999     213.855           0     254.643     28.9037
54           3     157.631     212.933           0     156.314    0.737877
54           4     157.237     212.022           0     191.792           0
54           5      156.82     211.121           0     208.987           0
54           6     156.427     210.209           0     138.388           0
54           7     156.075     209.281           0     235.952       8.507
54           8     155.757      208.34           0     192.977     13.3765
54           9      155.52     207.376           0      208.99           0
#1
55           0     174.268     584.427           0     29.1493      17.004
55           1     175.021     585.084           0       229.2     28.3141
55           2     175.777     585.737           0     160.979     49.4844
55           3     176.563     586.354           0     122.828      16.197
55           4     177.401     586.898           0     229.039     5.42247
55           5     178.278     587.378           0     141.331           0
55           6     179.174     587.821           0     209.269           0
55           7     180.068     588.267           0     178.968           0
55           8     180.992     588.647           0     164.333     2.99295
55           9     181.933     588.984           0     250.911           0
55          10     182.881     589.298           0     178.913           0
55          11     183.836     589.593           0     143.372           0
55          12     184.803     589.846           0     215.691           0
55          13     185.777     590.066           0     238.114           0
55          14     186.748     590.302           0     178.034           0
55          15     187.714     590.561           0     134.096           0
55          16     188.686     590.789           0     201.296           0
55          17     189.672     590.954           0     243.152           0
55          18     190.661     591.095           0     230.771           0
55          19     191.641      591.29           0     181.082           0
55          20     192.608     591.543           0     129.859           0
55          21     193.578     591.783           0     199.782           0
55          22     194.567     591.928           0     236.764           0
55          23     195.566     591.924           0     235.609           0
55          24     196.553     591.767           0     195.481           0
55          25     197.514     591.496           0     127.532           0
55          26      198.45     591.146           0     217.804           0
55          27     199.358     590.728           0     185.757           0
55          28     200.261       590.3           0     103.078     10.4665
55          29     201.212     589.992           0     201.025     33.4662
55          30      202.21     589.943           0     50.4104     2.19154
55          31     203.205     589.851           0     180.393     23.1357
55          32     204.144     589.511           0     124.641     5.58609
55          33      205.04     589.069           0     237.464           0
55          34     205.926     588.607           0     154.742           0
55          35     206.793      588.11           0     185.861           0
55          36     207.637     587.575           0     122.231           0
55          37     208.472     587.026           0     248.482           0
55          38     209.273     586.428           0     119.207           0
55          39     210.003     585.745           0     189.722           0
55          40     210.635     584.971           0     161.846           0
55          41     211.174      584.13           0     210.541           0
55          42     211.641     583.247           0     145.751           0
55          43     212.091     582.355           0     231.742           0
55          44      212.53     581.457           0     128.162           0
55          45     212.964     580.557           0     245.844           0
55          46     213.379     579.648           0     136.604           0
55          47     213.749      578.72           0     191.066           0
55          48     214.087     577.779           0     232.732           0
55          49       214.4      576.83           0      144.31           0
55          50     214.681     575.871           0     173.698           0
55          51     214.882     574.893           0     224.931           0
55          52     214.976     573.898           0     248.951           0
55          53     215.008     572.899           0     252.875           0
55          54     215.052     571.901           0     241.792           0
55          55     215.169     570.908           0     211.894           0
55          56     215.363     569.928           0     157.306           0
55          57     215.534     568.943           0       136.1           0
55          58     215.523     567.944           0     132.678           0
55          59      215.34     566.962           0      168.39           0
55          60     215.144     565.982           0     218.391           0
55          61     215.029     564.989           0     247.638           0
55          62     215.003     563.991           0     254.336           0
55          63     214.993     562.991           0     253.302           0
55          64     214.988     561.992           0     251.834           0
55          65     214.988     560.993           0     252.025           0
55          66     214.995     559.994           0     253.768           0
55          67     215.005     558.994           0     252.377           0
55          68     215.014     557.995           0           0           0
#1
56           0     124.018     344.054           0    0.252318           0
56           1     124.861     344.592           0     129.949           0
56           2     125.698     345.139           0     219.535           0
56           3     126.533     345.688           0     130.694           0
56           4     127.361     346.248           0     145.333           0
56           5       128.2     346.791           0     201.765           0
56           6     129.035     347.341           0     165.127           0
56           7      129.86     347.906           0     202.049           0
56           8     130.688     348.467           0      124.31           0
56           9     131.523     349.016           0     250.877           0
56          10     132.359     349.565           0      122.83           0
56          11     133.186     350.126           0     187.402           0
56          12     134.017     350.682           0     173.943           0
56          13     134.848     351.238           0     194.437           0
56          14     135.682     351.788           0     154.278           0
56          15     136.515     352.341           0     126.296           0
56          16     137.369     352.861           0     219.471           0
56          17     138.241      353.35           0     147.301           0
56          18      139.12     353.826           0     210.618           0
56          19     139.972     354.348           0     166.137           0
56          20     140.784     354.932           0      190.06           0
56          21     141.545      355.58           0     129.345           0
56          22     142.271     356.267           0     154.658           0
56          23     142.981     356.971           0     243.097           0
56          24     143.686      357.68           0     144.574           0
56          25     144.393     358.386           0     133.677           0
56          26     145.102     359.092           0     210.407           0
56          27     145.805     359.802           0     174.526           0
56          28     146.488     360.532           0     127.312           0
56          29     147.129     361.299           0     165.454           0
56          30     147.702     362.119           0       178.9           0
56          31     148.222     362.973           0     198.455           0
56          32     148.718      363.84           0     165.365           0
56          33     149.267     364.676           0         187           0
56          34     149.859     365.481           0       124.1     7.58386
56          35     150.431     366.301           0     134.466     38.7318
56          36     150.835     367.215           0     212.993           0
56          37     151.041     368.194           0     244.523           0
56          38     151.195     369.181           0     205.174           0
56          39     151.412     370.157           0     142.858           0
56          40     151.695     371.116           0     177.227           0
56          41     152.007     372.066           0     253.216           0
56          42     152.347     373.006           0      166.15           0
56          43     152.744     373.923           0     180.239           0
56          44      153.23     374.797           0     196.379           0
56          45     153.796     375.621           0     145.807           0
56          46     154.458      376.37           0     130.283           0
56          47     155.218      377.02           0     196.621           0
56          48     156.076     377.532           0     135.706           0
56          49     157.013     377.881           0     224.551           0
56          50     157.983     378.122           0     223.851     8.50984
56          51     158.953     378.364           0      162.26     44.9899
56          52     159.918     378.624           0     154.028     40.8276
56          53     160.895      378.84           0     214.214     28.1366
56          54     161.884     378.985           0     251.154           0
56          55     162.874     379.122           0     223.771           0
56          56     163.852     379.328           0     171.316     7.50909
56          57     164.817     379.591           0     142.248     1.97875
56          58     165.783     379.847           0     215.954           0
56          59     166.759     380.062           0     239.287           0
56          60     167.748     380.212           0     201.032           0
56          61     168.746     380.156           0     244.918     75.3214
56          62     169.682     379.803           0     99.4079     7.65504
56          63     170.599     379.407           0     151.292           0
56          64     171.559     379.129           0     222.161           0
56          65     172.551     379.002           0     254.424           0
56          66      173.55     378.979           0      249.71           0
56          67      174.55     378.991           0     252.658           0
56          68      175.55     379.001           0     254.685   0.0172816
56          69     176.549     379.004           0     253.937    0.132599
56          70     177.549     379.004           0     253.903     17.4186
56          71     178.549     379.005           0     114.427     31.9921
#1
57           0     41.4122     445.231           0     24.2384     8.81165
57           1     41.9801     446.045           0     249.935     22.0754
57           2     42.5475     446.859           0     115.386     18.5603
57           3     43.2507      447.56           0     106.902     11.7419
57           4     44.1337     448.013           0     36.4946           0
57           5      45.126      448.03           0     247.352           0
57           6     46.0673     447.715           0     174.946           0
57           7      46.951     447.263           0     182.002           0
57           8     47.7662     446.697           0     177.684           0
57           9     48.5479     446.085           0     137.642           0
57          10     49.3509     445.502           0     127.637     29.9574
57          11     50.2511     445.084           0     175.016     16.3614
57          12     51.1903     444.763           0     48.5144           0
57          13     52.0509     444.268           0     242.012     61.5202
57          14     52.7642     443.578           0     116.986     17.5209
57          15     53.4607     442.871           0     134.926    0.255447
57          16     54.2201     442.232           0     195.918           0
57          17     55.0224     441.647           0     163.386           0
57          18     55.8443     441.091           0     199.344           0
57          19      56.673     440.545           0     123.566           0
57          20     57.5238     440.033           0     246.485           0
57          21     58.3958     439.559           0     130.647           0
57          22     59.2805     439.109           0     227.134           0
57          23     60.1647     438.658           0     154.567           0
57          24     61.0542     438.218           0     199.486           0
57          25     61.9494     437.789           0     201.202           0
57          26     62.8739     437.428           0     141.264           0
57          27     63.8277     437.153           0     215.925           0
57          28     64.7951     436.931           0     237.393           0
57          29      65.755     436.679           0     173.032           0
57          30     66.6919     436.351           0     142.093           0
57          31     67.5995     435.949           0     241.985           0
57          32     68.5127      435.56           0     127.109           0
57          33     69.4398     435.206           0     202.583           0
57          34     70.3642     434.844           0     215.266           0
57          35     71.2702     434.439           0     120.302           0
57          36     72.1433     433.967           0     211.163           0
57          37     72.9995     433.464           0   0.0580338           0
#1
58           0     288.301     549.009           0    0.674664           0
58           1      288.88     549.835           0     187.256           0
58           2      289.44     550.673           0     122.171           0
58           3     289.959     551.538           0     244.508           0
58           4     290.447      552.42           0     129.657           0
58           5     290.936     553.302           0     238.682           0
58           6     291.456     554.165           0     134.959           0
58           7     291.997     555.017           0     249.999           0
58           8     292.563     555.851           0     138.754           0
58           9     293.147     556.673           0     217.519           0
58          10     293.785     557.454           0     120.785     2.62617
58          11     294.508     558.157           0     126.143     22.4128
58          12     295.265     558.822           0     209.664     49.9418
58          13     295.971     559.543           0     116.608     16.0979
58          14     296.628     560.308           0     78.4262     4.08755
58          15     297.347     561.014           0     251.408     55.2843
58          16     298.161     561.609           0     108.595           0
58          17     298.981     562.195           0      201.31           0
58          18     299.765      562.83           0     172.061           0
58          19     300.509     563.511           0     127.547           0
58          20     301.241     564.204           0     166.638           0
58          21     301.996     564.872           0     221.636           0
58          22     302.786     565.498           0     127.238           0
58          23     303.607     566.084           0     233.569           0
58          24      304.43     566.667           0     121.527           0
58          25     305.226     567.285           0     157.518           0
58          26     306.015     567.913           0     229.429           0
58          27     306.826     568.512           0     129.552           0
58          28     307.678     569.051           0     241.902           0
58          29     308.561     569.538           0     128.677           0
58          30     309.445     570.023           0      249.26           0
58          31      310.31     570.541           0     123.536           0
58          32     311.152     571.095           0     199.228           0
58          33     311.991     571.656           0     166.462           0
58          34     312.822     572.226           0     197.328           0
58          35     313.644     572.811           0     150.266           0
58          36     314.413     573.463           0     129.164           0
58          37     315.144     574.157           0     189.781           0
58          38     315.859     574.868           0     194.861           0
58          39     316.574     575.579           0     130.475           0
58          40      317.29     576.289           0     128.765           0
58          41     318.007     576.998           0           0           0
#1
59           0     89.8513     293.187           0     217.071     91.4946
59           1     90.8377     293.373           0     120.983           0
59           2     91.8408     293.409           0     104.201           0
59           3     92.8164     293.173           0     180.253           0
59           4     93.6981     292.694           0      176.85     9.86711
59           5      94.467     292.048           0     119.901     14.7524
59           6     95.1243      291.29           0     223.297      9.8573
59           7      95.732     290.491           0     128.574           0
59           8     96.3683     289.715           0      141.92           0
59           9     97.0424     288.971           0     237.425           0
59          10     97.7423     288.252           0     158.198           0
59          11      98.452     287.542           0     128.523           0
59          12     99.1635     286.834           0     184.791           0
59          13     99.8743     286.125           0     199.055           0
59          14     100.584     285.416           0     131.125           0
59          15     101.294     284.706           0     149.132           0
59          16     102.004     283.996           0     253.076           0
59          17     102.714     283.287           0     150.752           0
59          18     103.423     282.577           0     130.503           0
59          19     104.133     281.867           0     196.191           0
59          20     104.842     281.156           0     187.409           0
59          21      105.55     280.445           0       128.9           0
59          22     106.258     279.734           0      156.33           0
59          23     106.976     279.032           0      241.07           0
59          24     107.716     278.354           0     143.589           0
59          25     108.492     277.718           0     128.356           0
59          26     109.311     277.137           0     220.135           0
59          27     110.143     276.576           0     141.328           0
59          28     110.976     276.016           0     245.022           0
59          29     111.809     275.455           0     134.521           0
59          30     112.642     274.896           0     228.593           0
59          31     113.463     274.319           0     124.082           0
59          32     114.244     273.688           0     152.032           0
59          33     114.988     273.014           0     248.403           0
59          34       115.7     272.307           0      147.21           0
59          35     116.378     271.567           0     131.656           0
59          36     117.004     270.782           0     198.851           0
59          37     117.572     269.955           0     145.932           0
59          38     118.155     269.138           0     215.448           0
59          39      118.85     268.413           0     165.421           0
59          40     119.685     267.857           0     218.419           0
59          41     120.579       267.4           0      131.53           0
59          42      121.47     266.938           0     239.079           0
59          43     122.323     266.409           0     119.337           0
59          44     123.119     265.797           0     185.279           0
59          45     123.867     265.128           0     197.113           0
59          46      124.58     264.422           0     130.698           0
59          47     125.267      263.69           0     150.064           0
59          48     125.932     262.938           0     222.939           0
59          49     126.598     262.187           0     143.182           0
59          50     127.324     261.494           0     172.328           0
59          51     128.174     260.961           0     42.7207     6.44702
59          52     129.069     260.505           0     128.694      58.905
59          53     129.907     259.953           0     220.315     69.1954
59          54     130.673     259.304           0      144.76     69.3251
59          55     131.398     258.611           0     133.232     26.8318
59          56     132.109     257.901           0     207.614     1.75122
59          57     132.816     257.189           0     177.577     3.08139
59          58     133.524     256.478           0     127.772     15.4111
59          59     134.232     255.767           0     163.902      20.198
59          60     134.942     255.056           0     227.394     30.2433
59          61     135.651     254.346           0     30.8256     17.3834
#1
60           0     108.781     200.437           0     111.502     78.0277
60           1     107.791     200.303           0     98.1794     52.3472
60           2     106.796     200.212           0     200.877           0
60           3     105.799      200.27           0     186.105           0
60           4     104.842     200.559           0     117.263           0
60           5      103.96     201.028           0     238.179           0
60           6     103.121      201.57           0     141.134           0
60           7     102.296     202.135           0      220.69    0.838677
60           8     101.485     202.719           0     129.153     47.8101
60           9     100.714     203.354           0     143.431     40.7355
60          10     99.9783      204.03           0     242.136    0.249967
60          11     99.2645     204.729           0     155.033           0
60          12     98.5586     205.436           0       129.4           0
60          13     97.8537     206.145           0     191.614           0
60          14      97.148     206.852           0     190.681           0
60          15     96.4417     207.559           0     129.246           0
60          16     95.7347     208.265           0     155.655           0
60          17     95.0271      208.97           0     240.914           0
60          18     94.3187     209.675           0     143.673           0
60          19     93.6121     210.381           0     134.281           0
60          20     92.9157     211.098           0     212.746           0
60          21     92.2465      211.84           0     171.441           0
60          22     91.6206     212.619           0     120.195           0
60          23     91.0465     213.437           0     243.132           0
60          24     90.4916     214.268           0     126.508           0
60          25     89.9313     215.095           0     216.622           0
60          26     89.3741     215.924           0     154.738           0
60          27     88.8199     216.756           0     209.083           0
60          28      88.269     217.589           0     138.013           0
60          29       87.71     218.417           0     136.342           0
60          30     87.1847     219.267           0     207.903           0
60          31     86.7146     220.149           0     165.906           0
60          32     86.3506      221.08           0     165.602           0
60          33     86.1153     222.051           0     225.592           0
60          34     86.0103     223.044           0     252.369           0
60          35     85.9857     224.043           0     251.353           0
60          36     85.9893     225.042           0     252.261           0
60          37     85.9962     226.042           0     254.035           0
60          38     85.9999     227.041           0     254.963           0
60          39     85.9995      228.04           0     254.883           0
60          40     85.9947     229.039           0     253.657           0
60          41     85.9855     230.038           0     251.305           0
60          42     85.9805     231.037           0     250.015           0
60          43     86.0131     232.036           0     251.669           0
60          44     86.1566     233.025           0     215.068           0
60          45     86.4866     233.968           0     130.914           0
60          46     87.0042     234.823           0     208.904           0
60          47      87.638     235.595           0     134.201           0
60          48     88.3121     236.333           0     143.528           0
60          49     88.9514     237.101           0     218.174           0
60          50     89.4655     237.957           0      119.46           0
60          51     89.7184     238.924           0     183.204           0
60          52     89.6449     239.921           0     164.457           0
60          53     89.4257     240.895           0     142.484           0
60          54     89.2864     241.885           0     181.979           0
60          55     89.3496     242.882           0     165.841           0
60          56     89.4998      243.87           0     127.469           0
60          57     89.5298     244.868           0     135.087           0
60          58     89.3849     245.857           0      148.46           0
60          59     89.1857     246.836           0     207.655     29.3216
60          60     88.9924     247.817           0     253.056     58.8809
60          61     88.7504     248.786           0     191.348     47.2739
60          62     88.4163     249.728           0     106.157     20.8411
60          63      88.072     250.666           0     163.664     3.00782
60          64     87.8739     251.645           0     234.266           0
60          65     87.8786     252.644           0     224.039           0
60          66     87.9411     253.641           0     239.979           0
60          67     87.9847      254.64           0     251.107           0
60          68     88.0013     255.639           0     254.656           0
60          69     88.0038     256.638           0     254.025           0
60          70     88.0023     257.637           0     254.413           0
60          71     88.0009     258.636           0     254.776           0
60          72     88.0003     259.635           0     254.932           0
60          73     88.0001     260.635           0     254.964           0
60          74     88.0002     261.634           0     254.957           0
60          75     88.0002     262.633           0     254.955           0
60          76     88.0001     263.632           0     254.973           0
60          77          88     264.631           0     254.992           0
60          78          88     265.631           0     254.998           0
60          79     88.0009      266.63           0     254.775           0
60          80     88.0038     267.629           0     254.022           0
60          81     88.0092     268.628           0     252.657           0
60          82     88.0116     269.627           0     252.036           0
60          83      87.991     270.626           0     252.713           0
60          84     87.9062     271.622           0     231.089           0
60          85     87.7221     272.604           0     184.147           0
60          86     87.4679      273.57           0     128.651           0
60          87     87.2373     274.543           0     194.487           0
60          88     87.1437     275.537           0     218.363           0
60          89      87.252     276.531           0     190.745           0
60          90     87.4881     277.502           0     127.491           0
60          91     87.7367     278.469           0      187.85           0
60          92      87.908     279.454           0     231.544           0
60          93     87.9829      280.45           0     250.636           0
60          94     88.0143     281.449           0     251.347           0
60          95     88.0774     282.446           0     235.274           0
60          96     88.2289     283.434           0     196.642           0
60          97      88.464     284.405           0     129.249           0
60          98     88.7244     285.369           0     184.712           0
60          99     88.9611      286.34           0     245.085           0
60         100     89.1971     287.311           0      204.75           0
60         101      89.448     288.278           0     133.385           0
60         102      89.704     289.244           0     179.525           0
60         103      89.913     290.221           0     232.827      30.607
60         104      90.041     291.212           0     244.544     34.3951
60         105     90.0642     292.211           0     238.623     28.1439
60         106     89.8513     293.187           0     217.071     35.6896
#1
61           0     244.673     526.701           0     203.762     39.2734
61           1     245.639     526.944           0     240.711           0
61           2     246.593     527.231           0      196.19           0
61           3     247.543      527.53           0     128.155           0
61           4     248.491     527.834           0     212.792           0
61           5     249.439     528.141           0     219.069           0
61           6     250.386      528.45           0     130.425           0
61           7     251.328     528.775           0     197.505           0
61           8     252.273      529.09           0     232.007           0
61           9     253.218     529.404           0     141.363           0
61          10     254.163     529.719           0     183.388           0
61          11     255.108     530.034           0     246.434           0
61          12     256.054     530.346           0     162.535           0
61          13     256.999     530.662           0     168.621           0
61          14     257.944     530.977           0     249.068           0
61          15     258.882     531.311           0     175.666           0
61          16     259.805     531.687           0     156.551           0
61          17     260.711     532.101           0     229.236           0
61          18     261.603     532.544           0      129.79           0
61          19     262.489     532.999           0     254.676           0
61          20     263.377     533.451           0     130.592           0
61          21     264.267     533.898           0     229.036     4.87239
61          22     265.149     534.361           0     138.644           0
61          23     266.031     534.824           0           0           0
#1
62           0     57.5122      455.32           0     41.8458     21.4847
62           1     58.0848     456.145           0     202.611     22.3623
62           2     58.6418     456.981           0     162.278           0
62           3     59.2073     457.811           0      202.15           0
62           4     59.7993     458.622           0     146.076           0
62           5     60.4495     459.387           0     130.412           0
62           6     61.1381     460.118           0     198.044           0
62           7     61.8384     460.837           0      185.74           0
62           8     62.5481     461.548           0     128.674           0
62           9     63.2443     462.272           0     157.298           0
62          10     63.9033     463.029           0     223.606           0
62          11     64.5075     463.831           0     128.763           0
62          12      65.061     464.669           0      239.44           0
62          13     65.6216     465.502           0     127.636           0
62          14     66.2823     466.258           0      201.61           0
62          15     67.0858     466.861           0     219.445           0
62          16      67.974     467.329           0      171.07           0
62          17     68.8832     467.755           0     177.409           0
62          18     69.7691     468.228           0     196.819           0
62          19     70.6283     468.748           0     143.717           0
62          20     71.4648     469.303           0      131.03           0
62          21     72.3053     469.853           0      217.46           0
62          22     73.1402     470.411           0      143.87           0
62          23     73.9602      470.99           0     242.583           0
62          24     74.7526     471.607           0     141.301           0
62          25     75.5075     472.269           0      221.17           0
62          26     76.2227     472.974           0     198.215           0
62          27     76.9087     473.708           0     170.752     0.16608
62          28     77.6072     474.429           0     123.612     18.5406
62          29     78.3192     475.137           0     220.076     16.2835
62          30     79.0375     475.839           0     47.5896     12.6684
62          31     79.7817     476.513           0     227.884     9.39382
62          32     80.5896     477.109           0     227.138           0
62          33     81.4128     477.684           0     119.312           0
62          34     82.2157     478.287           0     158.334           0
62          35     83.0074     478.905           0      229.06           0
62          36     83.8105     479.508           0     128.747           0
62          37      84.632     480.085           0     233.237           0
62          38     85.4452     480.674           0     122.622           0
62          39     86.2018     481.335           0     152.646           0
62          40     86.8768     482.078           0      206.12           0
62          41     87.4739     482.885           0      122.36           0
62          42     88.0581     483.702           0     240.172           0
62          43     88.7584     484.422           0     61.5961           0
62          44     89.5515     485.038           0           0           0
62          45      90.339     485.661           0     86.4529           0
62          46     91.0283     486.391           0     247.782           0
62          47     91.6013     487.216           0     112.812           0
62          48     92.1899     488.029           0     201.953           0
62          49     92.8349     488.799           0     178.539           0
62          50      93.524     489.529           0     127.858           0
62          51     94.2319     490.241           0     162.856           0
62          52     94.9433      490.95           0     229.263           0
62          53     95.6534      491.66           0     140.026           0
62          54     96.3641      492.37           0     136.544           0
62          55      97.084      493.07           0      218.82           0
62          56     97.8286     493.743           0     168.273           0
62          57      98.609     494.375           0     120.566           0
62          58     99.4272     494.957           0     244.127           0
62          59     100.261     495.516           0     125.517           0
62          60     101.112     496.049           0     216.573           0
62          61     101.999     496.521           0     132.849           0
62          62      102.95     496.845           0      215.36           0
62          63     103.942         497           0      254.93           0
62          64     104.944     497.055           0     241.041           0
62          65     105.948     497.096           0     230.475           0
62          66      106.95     497.153           0     10.7736           0
#1
63           0     85.6039     181.507           0     78.0042     34.4047
63           1     86.4873     181.992           0     252.992           0
63           2      87.371     182.477           0     129.008           0
63           3     88.2478     182.974           0     248.484     5.27458
63           4     89.1331     183.457           0     135.626     59.1666
#1
64           0     78.3866      266.96           0     6.21598           0
64           1     77.9317     266.068           0     221.533           0
64           2     77.5108     265.158           0     125.617           0
64           3     77.1831     264.211           0     208.312           0
64           4     76.9394      263.24           0     239.545           0
64           5     76.7049     262.265           0      179.75           0
64           6     76.4288     261.302           0     134.675           0
64           7     76.1141     260.351           0     225.906           0
64           8     75.7932     259.402           0     202.264           0
64           9     75.4877     258.448           0     127.828           0
64          10     75.2338     257.478           0     195.369           0
64          11     75.0735     256.489           0     236.251           0
64          12     75.0106     255.489           0     252.296           0
64          13          75     254.488           0     254.999           0
64          14     74.9873     253.486           0     251.756           0
64          15     74.9182     252.486           0     234.144           0
64          16     74.7521     251.498           0     191.776           0
64          17      74.508     250.526           0     127.608           0
64          18     74.2625     249.555           0     188.069           0
64          19      74.094     248.567           0     231.019           0
64          20     74.0224     247.568           0     249.298     2.68776
64          21     73.9953     246.566           0     253.798     117.586
64          22     73.9348     245.566           0     238.372     35.7915
64          23     73.7718     244.578           0     196.809     32.6871
64          24     73.4862     243.617           0     126.676     33.7141
64          25     73.1019     242.692           0     229.014     34.6743
64          26     72.6654      241.79           0     151.973     36.0366
64          27     72.2312     240.887           0      196.05     46.3618
64          28     71.8069     239.979           0     206.775     23.6704
64          29     71.4417     239.046           0     248.385           0
64          30      71.138     238.092           0         255           0
64          31     70.7689      237.16           0     80.9104     58.7431
64          32     70.3388     236.255           0     168.605     39.6556
64          33     69.8964     235.356           0     228.574           0
64          34     69.5153      234.43           0     126.953           0
64          35     69.2318     233.469           0     195.881           0
64          36     69.0614     232.481           0     239.355           0
64          37      68.989     231.482           0     252.189           0
64          38       68.97      230.48           0      247.35           0
64          39     68.9863     229.478           0     251.505           0
64          40     69.0748      228.48           0     235.915           0
64          41     69.3086     227.506           0     176.298           0
64          42     69.7265     226.596           0     116.454           0
64          43     70.3062     225.778           0     155.019           0
64          44     70.9728      225.03           0     240.731           0
64          45     71.6738     224.315           0      143.94           0
64          46     72.3697     223.594           0     133.727           0
64          47      73.029     222.839           0     208.989           0
64          48     73.6219     222.032           0     156.624           0
64          49     74.1297     221.168           0     221.931           0
64          50     74.5298     220.249           0     131.315           0
64          51     74.8452     219.298           0     215.523           0
64          52     75.1251     218.336           0     223.091           0
64          53     75.3979     217.372           0     217.245           0
64          54     75.6714     216.408           0     205.408           0
64          55     75.9459     215.445           0     241.214           0
64          56     76.2253     214.482           0     197.552           0
64          57     76.5038      213.52           0     127.461           0
64          58      76.752     212.549           0     191.753           0
64          59     76.9181     211.561           0     234.103           0
64          60     76.9873     210.562           0     251.757           0
64          61     76.9999      209.56           0     254.982           0
64          62     77.0092     208.558           0     252.649           0
64          63     77.0684     207.558           0     237.548           0
64          64     77.2232     206.568           0     198.081           0
64          65     77.4725     205.597           0     128.867           0
64          66     77.7753     204.642           0     197.708           0
64          67     78.0968     203.693           0     230.322           0
64          68     78.4161     202.744           0     137.923           0
64          69      78.735     201.794           0     187.415           0
64          70     79.0514     200.843           0     241.899           0
64          71     79.3637     199.891           0     154.698           0
64          72       79.68      198.94           0     173.397           0
64          73     80.0061     197.993           0     253.451           0
64          74      80.372      197.06           0     160.132           0
64          75     80.8055     196.157           0     180.935           0
64          76      81.264     195.266           0     237.085           0
64          77     81.6299     194.333           0     192.091           0
64          78     81.8815     193.364           0     224.779           0
64          79     82.0949     192.385           0       230.8           0
64          80     82.3892     191.427           0     212.626           0
64          81     82.9449     190.593           0     157.033           0
64          82     83.7867      190.05           0     193.268     55.7417
64          83     84.6922     189.621           0     158.422     44.6102
64          84     85.5752     189.148           0     141.011     8.66104
64          85     86.3845     188.557           0     130.869     2.11052
64          86     87.1192     187.876           0      200.51           0
64          87     87.7793     187.122           0     181.319           0
64          88     88.3504     186.299           0     112.162           0
64          89     88.8263     185.417           0      210.71           0
64          90      89.316     184.543           0     131.548     29.1766
64          91     89.9754     183.789           0     197.522           0
64          92     90.8081     183.232           0     169.667           0
64          93     91.6836     182.744           0     189.835           0
64          94     92.5372      182.22           0     132.821           0
64          95     93.3287     181.605           0     136.712           0
64          96     94.0698     180.931           0     222.098           0
64          97     94.7838     180.228           0     166.833           0
64          98     95.4894     179.517           0     127.591           0
64          99     96.1941     178.805           0     175.031           0
64         100     96.8996     178.093           0       210.4           0
64         101      97.609     177.386           0     133.856           0
64         102     98.3318     176.692           0     143.954           0
64         103      99.085     176.031           0     226.099           0
64         104     99.8839     175.426           0     141.902           0
64         105     100.737     174.901           0     229.696     53.0179
64         106     101.648     174.484           0     128.709           0
64         107      102.61     174.206           0     202.574           0
64         108      103.61      174.13           0     221.821           0
64         109     104.592     174.328           0     171.446           0
64         110     105.495     174.762           0     126.813           0
64         111     106.287     175.376           0     141.041           0
64         112     106.962     176.116           0     216.787           0
64         113     107.494     176.965           0     126.028           0
64         114     107.831     177.909           0     211.806           0
64         115     107.981     178.899           0     250.187           0
64         116     108.017       179.9           0     250.614           0
64         117     108.011     180.902           0     252.218           0
64         118     107.998     181.904           0      254.57           0
64         119     107.996     182.906           0     254.092           0
64         120     108.026     183.908           0     248.368           0
64         121     108.117     184.905           0     225.235           0
64         122     108.268     185.896           0     186.681           0
64         123       108.4     186.889           0     107.605     35.0031
64         124     108.433     187.891           0     110.296     106.559
64         125     108.449     188.892           0     239.887           0
64         126     108.617      189.88           0     169.076           0
64         127     108.821     190.861           0     209.305           0
64         128     108.952     191.855           0     242.676           0
64         129     109.004     192.855           0     253.911           0
64         130     109.017     193.857           0     250.609           0
64         131     109.018     194.859           0     250.287           0
64         132     109.008     195.861           0     253.068           0
64         133     108.952     196.861           0     242.876           0
64         134     108.805     197.852           0     205.201           0
64         135     108.575     198.827           0     146.693           0
64         136     108.435     199.819           0     20.0001     14.5583
64         137     108.663     200.795           0     202.694           0
64         138     109.164     201.663           0     99.5966           0
64         139     109.675     202.525           0     172.114           0
64         140     110.108     203.428           0     227.538           0
64         141     110.453     204.369           0     130.622           0
64         142      110.73     205.332           0     186.208           0
64         143     110.962     206.306           0     245.257           0
64         144     111.207     207.278           0     202.293           0
64         145     111.535     208.225           0     122.539           0
64         146     111.953     209.135           0     210.269           0
64         147     112.403      210.03           0           0           0
#1
65           0     199.142     408.645           0     231.654     67.3423
65           1     200.024     408.189           0     206.797      37.279
65           2     200.911     407.744           0     189.665   0.0374186
65           3      201.81     407.321           0     155.739           0
65           4     202.703     406.888           0      226.34           0
65           5     203.591     406.444           0       130.1           0
65           6     204.464     405.971           0     247.526           0
65           7     205.315     405.459           0     123.608           0
65           8     206.141     404.909           0     202.269           0
65           9     206.964     404.352           0     162.403           0
65          10     207.783     403.791           0     201.716           0
65          11     208.598     403.225           0     141.298      2.0269
65          12     209.409     402.651           0     134.548     31.5252
65          13     210.247      402.12           0     168.893     57.1969
65          14     211.119     401.645           0     90.4384      102.95
65          15     211.975     401.142           0     218.775     104.741
65          16     212.663     400.426           0     205.614         133
65          17     213.182     399.579           0     208.708     52.1482
65          18     213.674     398.717           0     108.278    0.220648
65          19     214.228     397.893           0     182.025           0
65          20     214.827     397.101           0     193.997           0
65          21     215.416     396.302           0      119.05           0
65          22     215.948     395.464           0     241.864           0
65          23     216.437     394.599           0     130.711     15.9423
65          24     216.927     393.736           0     236.512     37.5867
65          25     217.474     392.907           0     134.157     57.9675
65          26     218.041     392.092           0     10.3683     81.8556
65          27     218.531     391.229           0      135.51     104.489
65          28     218.923     390.317           0     235.321     57.8197
65          29     219.243     389.377           0     192.966     16.3932
65          30     219.526     388.425           0     128.481           0
65          31     219.759      387.46           0     193.658           0
65          32     219.925     386.481           0     235.759           0
65          33     220.068     385.498           0     237.753           0
65          34     220.291     384.531           0     180.772           0
65          35     220.653     383.607           0     153.904    0.956269
65          36     221.158     382.752           0         255     9.87647
65          37     221.768     381.968           0     253.096     99.4665
65          38     222.429     381.227           0     145.663     89.5154
65          39     223.119     380.513           0     124.137     38.0412
65          40     223.848      379.84           0     214.123      5.9664
65          41     224.614     379.208           0     144.519           0
65          42     225.368     378.562           0     131.658           0
65          43     226.098     377.889           0     207.182           0
65          44     226.809     377.195           0     175.468           0
65          45     227.511     376.494           0     127.536           0
65          46     228.212      375.79           0     170.147           0
65          47     228.913     375.087           0     214.444           0
65          48     229.615     374.385           0      134.24           0
65          49     230.317     373.683           0     118.946           0
65          50     231.019     372.981           0           0           0
#1
66           0     196.339     369.809           0     185.142     47.6481
66           1      197.28     370.117           0           0     9.35341
66           2     198.196     370.494           0     24.7538           0
66           3      199.11     370.877           0     223.688           0
66           4     200.017     371.277           0      182.47           0
66           5     200.914     371.698           0     169.227     25.5082
66           6     201.798     372.145           0     218.117     47.5308
66           7     202.681     372.594           0     136.145     37.6838
66           8     203.571     373.029           0     247.622     26.9163
66           9     204.475     373.434           0     128.336     1.57441
66          10     205.399     373.791           0     201.826           0
66          11     206.334      374.12           0      224.48           0
66          12     207.277     374.422           0     136.353    0.890449
66          13     208.229     374.697           0     177.803     14.7206
66          14     209.192     374.931           0     237.524     10.0413
66          15     210.157     375.155           0     215.537           0
66          16     211.108     375.432           0     141.039    0.218784
66          17     212.038     375.776           0     197.789     18.6153
66          18     212.967      376.12           0     224.523     63.5074
66          19     213.929     376.355           0     95.8523     66.2484
66          20     214.908      376.51           0     130.038     46.6709
66          21     215.841     376.841           0     248.563           0
66          22     216.583     377.498           0     128.052           0
66          23     217.226     378.252           0     64.2051           0
66          24     217.868     379.006           0     253.481           0
66          25     218.568     379.707           0     134.691           0
66          26     219.284     380.392           0     139.389           0
66          27     219.994     381.083           0     232.219           0
66          28     220.716     381.762           0     156.292           0
66          29     221.505      382.36           0         255     11.9052
66          30     222.377     382.831           0     238.759     123.151
66          31     223.247     383.304           0     152.725     79.2045
66          32     224.118     383.777           0     198.237     6.88409
66          33     224.989     384.249           0     191.576           0
66          34     225.872     384.699           0     165.178           0
66          35     226.762     385.135           0     220.657           0
66          36     227.678      385.51           0     128.419           0
66          37      228.63     385.785           0     200.179           0
66          38     229.609     385.939           0     239.453     7.91099
66          39     230.598     385.995           0     253.694     67.9937
66          40     231.589     386.021           0     249.702     24.4508
66          41     232.577     386.093           0     231.328     9.06826
66          42     233.553     386.262           0     188.153           0
66          43     234.512      386.51           0      127.56           0
66          44     235.471     386.758           0     193.196           0
66          45     236.449     386.918           0     234.006           0
66          46      237.44     386.925           0     235.898           0
66          47     238.421     386.788           0     200.991           0
66          48     239.383     386.553           0     130.629           0
66          49     240.338     386.286           0     182.002           0
66          50     241.296     386.035           0     246.015           0
66          51     242.254     385.781           0     199.068     31.6254
66          52     243.202     385.495           0     100.645     61.3958
#1
67           0     188.981     396.747           0           0           0
67           1       189.6     395.967           0     153.092           0
67           2     190.255     395.217           0     189.922           0
67           3     190.958     394.512           0     124.756           0
67           4     191.728      393.88           0     224.422           0
67           5     192.539     393.301           0     131.422           0
67           6      193.36     392.738           0     144.499           0
67           7     194.207     392.215           0     200.272           0
67           8     195.083     391.741           0      178.66           0
67           9     196.007     391.368           0     161.051           0
67          10     196.971     391.122           0     223.981           0
67          11      197.96     391.001           0     254.728           0
67          12     198.955     390.967           0     246.464           0
67          13     199.951     390.996           0     254.079           0
67          14     200.937     391.134           0      220.86           0
67          15     201.882     391.447           0     141.082           0
67          16     202.747     391.941           0     183.014           0
67          17     203.527      392.56           0     128.325           0
67          18     204.254      393.24           0      160.08           0
67          19     204.959     393.944           0     231.361           0
67          20     205.659     394.652           0     139.824           0
67          21     206.362     395.358           0     137.541           0
67          22     207.065     396.063           0     224.518           0
67          23     207.766      396.77           0      164.13           0
67          24     208.461     397.484           0      127.83           0
67          25     209.151     398.202           0     172.906           0
67          26     209.848     398.913           0     3.38454           0
67          27     210.574     399.594           0           0     54.9838
67          28     211.333     400.239           0     60.8474       100.7
67          29     212.092     400.884           0     228.117     34.6381
67          30     212.752     401.629           0     215.284    0.444204
67          31     213.368     402.412           0     161.096           0
67          32         214     403.182           0     46.4266           0
67          33     214.627     403.955           0     243.622           0
67          34     215.011     404.874           0      254.66           0
67          35     215.016      405.87           0      33.163           0
67          36     214.997     406.866           0     220.736           0
67          37     215.352     407.796           0     236.652           0
67          38     216.036      408.52           0     122.793           0
67          39     216.784     409.177           0     164.446           0
67          40     217.488     409.882           0     125.095           0
67          41     218.106     410.663           0     227.998           0
67          42     218.667     411.486           0     126.284           0
67          43     219.223     412.311           0      154.12           0
67          44     219.769     413.144           0     196.217           0
67          45     220.319     413.974           0      173.59           0
67          46     220.858     414.812           0     184.476           0
67          47     221.369     415.667           0     116.353           0
67          48     221.799     416.565           0     203.861           0
67          49     222.163     417.492           0     213.326           0
67          50     222.487     418.434           0     127.944           0
67          51     222.803     419.378           0     204.811           0
67          52     223.125      420.32           0     223.207           0
67          53     223.437     421.266           0     135.018           0
67          54     223.709     422.224           0     180.921           0
67          55     223.864     423.208           0     220.209           0
67          56      223.82     424.203           0     209.167           0
67          57     223.613     425.177           0     146.146           0
67          58     223.343     426.135           0     167.496           0
67          59     223.095       427.1           0     230.817           0
67          60     222.877     428.071           0     223.593           0
67          61     222.626     429.035           0     157.424           0
67          62     222.351     429.992           0     165.006           0
67          63     222.117      430.96           0     225.067           0
67          64     221.956     431.943           0     243.695           0
67          65     221.819     432.929           0     208.844           0
67          66      221.67     433.914           0     14.7182     5.18663
#1
68           0     177.634     389.099           0     16.0307     11.5019
68           1     178.392     389.759           0     193.534           0
68           2     179.159     390.408           0     143.452           0
68           3     179.926     391.057           0      222.62           0
68           4     180.679     391.724           0     147.873           0
68           5     181.412      392.41           0     131.507           0
68           6      182.13     393.113           0     200.365           0
68           7     182.834     393.831           0     183.879           0
68           8     183.543     394.543           0     128.447           0
68           9     184.253     395.254           0     158.438           0
68          10     184.963     395.965           0     237.447           0
68          11     185.675     396.675           0     143.104           0
68          12     186.389     397.382           0     134.177     4.58067
68          13     187.114     398.078           0     210.586     64.2088
68          14     187.863     398.748           0     173.406     61.3352
68          15     188.646     399.378           0     118.369     17.8665
68          16     189.463     399.963           0     245.587           0
68          17     190.281     400.547           0     122.229           0
68          18     191.068     401.172           0     199.785           0
68          19     191.819     401.839           0     182.756           0
68          20     192.543     402.537           0     128.304           0
68          21     193.254     403.247           0     159.266           0
68          22     193.961     403.961           0      235.89           0
68          23     194.669     404.674           0     142.516           0
68          24     195.381     405.383           0     134.575           0
68          25     196.108     406.077           0     212.015           0
68          26     196.863      406.74           0      171.98           0
68          27     197.645     407.371           0     117.982           0
68          28     198.424     408.007           0     253.958           0
68          29     199.098     408.753           0     236.274     30.3827
68          30     199.566     409.642           0     110.776      9.2232
68          31     200.002     410.547           0     139.186           0
68          32      200.52     411.408           0     126.581           0
68          33     201.098     412.231           0     182.783           0
68          34     201.679     413.051           0     173.065           0
68          35      202.25     413.878           0      191.36           0
68          36     202.808     414.713           0     160.974           0
68          37     203.371     415.546           0     124.507           0
68          38     203.921     416.387           0     234.788           0
68          39     204.475     417.225           0     131.029           0
68          40      205.04     418.056           0     231.654           0
68          41     205.602     418.889           0     147.759           0
68          42     206.158     419.727           0     214.759           0
68          43     206.708     420.567           0      134.65           0
68          44     207.271       421.4           0     139.185           0
68          45     207.823      422.24           0     209.827           0
68          46     208.381     423.076           0     153.344           0
68          47     208.942     423.909           0     219.778           0
68          48     209.498     424.746           0     127.239           0
68          49     210.017     425.607           0     250.615           0
68          50     210.493     426.492           0     127.529           0
68          51     210.944      427.39           0     240.814           0
68          52     211.392      428.29           0     139.068           0
68          53     211.834     429.192           0     212.699           0
68          54     212.289     430.088           0     171.822           0
68          55     212.754     430.979           0     189.552           0
68          56     213.271     431.841           0     185.895           0
68          57     213.841     432.669           0     156.834           0
68          58     214.461      433.46           0     128.309           0
68          59     215.087     434.245           0      181.09           0
68          60     215.685     435.053           0     174.684     10.9557
68          61      216.27      435.87           0     186.087     34.5565
68          62     216.861     436.683           0     161.235     36.1747
68          63     217.472     437.481           0     127.771      1.9686
68          64     218.056     438.299           0     173.042           0
68          65     218.563     439.167           0     143.545           0
68          66     219.026     440.058           0      248.69           0
68          67      219.56      440.91           0     242.179           0
68          68     220.261     441.629           0      111.76     31.9624
68          69     221.034     442.272           0     181.717     65.5845
68          70     221.768     442.958           0     190.166     41.8862
68          71     222.412      443.73           0     117.235     38.0277
68          72     222.953     444.577           0     242.923     36.2075
68          73     223.423     445.465           0     128.873     25.0339
68          74     223.881      446.36           0     224.639     17.2069
68          75     224.381     447.231           0     232.527           0
#1
69           0     77.2724     430.491           0     91.0488     46.3517
69           1     77.5059     431.462           0     127.385      13.431
69           2     77.7333     432.435           0         187     18.7055
69           3     77.8965     433.421           0     228.608     36.6567
69           4     77.9843     434.416           0     250.988     33.8126
69           5     78.0653     435.412           0      238.36           0
69           6     78.2263     436.398           0     197.288           0
69           7     78.5058     437.357           0     127.076           0
69           8     78.9141     438.269           0     233.086           0
69           9     79.4363      439.12           0     139.836           0
69          10     80.0406     439.916           0     224.052           0
69          11      80.696      440.67           0     144.484           0
69          12     81.3615     441.415           0       133.5           0
69          13     81.9893     442.192           0     203.777           0
69          14     82.5489      443.02           0      139.97           0
69          15     83.0681     443.873           0     237.624           0
69          16     83.6038     444.717           0     211.383           0
69          17     84.1867     445.528           0     123.015           0
69          18     84.7597     446.346           0     193.727           0
69          19     85.2721     447.204           0     161.887           0
69          20     85.6797     448.116           0     173.317           0
69          21     86.0207     449.055           0     249.719     1.03641
69          22     86.3562     449.996           0     164.181     46.6841
69          23      86.749     450.915           0       180.2    0.076276
69          24     87.2343     451.788           0     195.249           0
69          25     87.7961     452.614           0     144.775           0
69          26     88.4331     453.384           0     131.458           0
69          27     89.1144     454.115           0     203.259           0
69          28     89.8168     454.825           0     180.046           0
69          29      90.525      455.53           0     127.881           0
69          30     91.2332     456.235           0     163.614           0
69          31     91.9404      456.94           0     226.388           0
69          32      92.647     457.647           0     138.488           0
69          33     93.3536     458.353           0     138.487           0
69          34     94.0611     459.058           0     226.385           0
69          35     94.7696     459.763           0     163.608           0
69          36     95.4766     460.469           0     127.876           0
69          37     96.1723     461.186           0     180.057     1.48926
69          38     96.8371     461.931           0     201.647     71.3673
69          39     97.4494     462.721           0     121.802     2.44634
69          40     97.9889     463.562           0     252.167     4.18535
69          41     98.4677     464.438           0     128.514     16.0391
69          42     98.9158     465.331           0     233.534     16.0447
69          43     99.3614     466.226           0     146.896     51.3422
69          44     99.8005     467.123           0     204.132     25.8188
69          45     100.252     468.014           0     188.923     38.1942
69          46      100.71     468.902           0     170.621     28.2968
69          47     101.217     469.763           0     199.625    0.475977
69          48     101.781     470.588           0     140.076           0
69          49     102.415      471.36           0     133.586           0
69          50     103.094     472.092           0     211.868           0
69          51     103.796     472.804           0     173.299           0
69          52     104.504     473.509           0     127.516           0
69          53     105.212     474.214           0     169.631           0
69          54     105.918      474.92           0     217.045           0
69          55     106.623     475.628           0     135.524           0
69          56     107.329     476.335           0     141.904           0
69          57     108.044     477.032           0     236.202           0
69          58     108.785     477.702           0      156.95           0
69          59     109.564     478.329           0     121.945           0
69          60      110.38     478.905           0     230.825           0
69          61     111.195     479.483           0     130.165           0
69          62     111.973     480.109           0     220.936           0
69          63      112.69     480.805           0     157.061           0
69          64     113.335     481.568           0      121.78           0
69          65     113.916     482.381           0     233.644           0
69          66     114.492     483.197           0     128.771           0
69          67     115.106     483.985           0     224.688           0
69          68     115.764     484.737           0     159.391           0
69          69     116.455     485.459           0     128.454           0
69          70      117.16     486.167           0     185.361           0
69          71     117.868     486.872           0     197.164           0
69          72     118.575     487.577           0     130.448           0
69          73     119.283     488.282           0     151.631           0
69          74     119.989     488.989           0     249.413     7.55803
69          75     120.696     489.695           0     146.965     58.7844
69          76     121.402     490.402           0     132.417     31.1751
69          77     122.108     491.108           0     205.769           0
69          78     122.815     491.815           0     178.006           0
69          79     123.521     492.521           0     127.728           0
69          80     124.228     493.228           0     165.349           0
69          81     124.934     493.934           0     223.571           0
69          82      125.64     494.641           0     137.563           0
69          83     126.347     495.347           0     139.453           0
69          84     127.054     496.053           0     229.242           0
69          85     127.761     496.758           0      161.92     4.56066
69          86      128.47     497.462           0     128.073     10.4854
69          87     129.178     498.167           0     182.128     71.7061
69          88     129.878      498.88           0     200.792     38.7161
69          89     130.557     499.613           0     130.792     26.8343
69          90     131.196     500.381           0     145.961     21.0798
69          91     131.781     501.191           0     199.135     1.58884
69          92     132.342     502.018           0     166.374      51.127
69          93     132.895     502.849           0     197.935     12.6217
69          94     133.455     503.677           0     123.438           0
69          95     134.017     504.503           0     250.552           0
69          96     134.617     505.302           0     115.658           0
69          97     135.276     506.052           0     178.549           0
69          98     135.954     506.786           0     193.815           0
69          99     136.565     507.577           0     190.919           0
69         100     137.061     508.444           0     239.329           0
69         101     137.483      509.35           0     128.773           0
69         102     137.897     510.259           0     228.846           0
69         103     138.352     511.148           0     153.994           0
69         104     138.851     512.014           0     217.062     11.1104
69         105     139.394     512.853           0     154.614     67.9065
69         106     139.865     513.734           0     170.996     9.50893
69         107     140.118       514.7           0     233.971           0
69         108     140.122     515.699           0      223.98           0
69         109     140.064     516.697           0     238.576           0
69         110     140.044     517.696           0     243.903           0
69         111      140.08     518.694           0     234.646           0
69         112     140.134     519.692           0     220.814           0
69         113     140.086     520.689           0     248.161           0
69         114     139.815     521.651           0     103.213     13.8231
69         115     139.465     522.587           0     136.465     35.2709
69         116     139.159     523.538           0     214.453     51.2954
69         117     138.902     524.503           0     229.944     61.2711
69         118     138.598     525.455           0      152.54     57.4525
69         119     138.218     526.379           0     110.021     63.1096
69         120     137.842     527.305           0     242.765     17.3745
#1
70           0     173.014     167.351           0     2.25629           0
70           1     173.987     167.196           0     202.303           0
70           2     174.962     167.054           0     241.231           0
70           3     175.934     166.894           0     227.903           0
70           4     176.893     166.667           0     170.041           0
70           5     177.842     166.402           0     144.668           0
70           6     178.801     166.176           0     210.158           0
70           7     179.778     166.044           0     243.761           0
70           8     180.762     165.996           0     254.076           0
70           9     181.748      165.99           0      252.47           0
70          10     182.733     165.995           0     253.692           0
70          11     183.718     165.999           0     254.776           0
70          12     184.704     166.001           0     254.755           0
70          13     185.689     166.001           0     254.655           0
70          14     186.675     166.001           0     254.679           0
70          15      187.66     166.001           0     254.705           0
70          16     188.645     166.001           0     254.686           0
70          17     189.631     166.002           0     254.532           0
70          18     190.616     166.006           0     253.349           0
70          19     191.602         166           0     254.945           0
70          20     192.587     165.995           0     253.752     18.2504
70          21     193.572     165.996           0     253.866     31.8751
70          22     194.558     165.999           0     254.686     31.7752
70          23     195.543     166.002           0     116.271     31.8627
#1
71           0     152.396     232.061           0     6.15145     2.42657
71           1     152.695      233.02           0     177.265           0
71           2     152.991     233.979           0      252.71           0
71           3      153.32     234.928           0     173.338           0
71           4     153.706     235.855           0     164.806           0
71           5      154.13     236.766           0     221.864           0
71           6     154.516     237.693           0     129.084           0
71           7     154.856     238.637           0     218.338           0
71           8      155.18     239.588           0     209.017           0
71           9     155.523     240.532           0     127.878     16.7641
71          10      155.93      241.45           0     237.177     64.2613
71          11     156.383     242.346           0     136.663           0
71          12     156.845     243.238           0     215.397           0
71          13     157.309     244.128           0     163.655           0
71          14      157.76     245.026           0      193.82           0
71          15     158.217      245.92           0     199.687           0
71          16     158.665     246.819           0     154.301           0
71          17     159.121     247.714           0     224.219           0
71          18     159.569     248.612           0     131.466           0
71          19     160.011     249.514           0     252.314           0
71          20     160.411     250.435           0     130.441           0
71          21     160.719     251.391           0     183.283           0
71          22     160.908     252.377           0      231.46           0
71          23     160.998     253.378           0     254.605           0
71          24     161.075     254.379           0     235.834           0
71          25     161.221     255.372           0     198.574           0
71          26     161.451      256.35           0     131.235           0
71          27     161.711      257.32           0     181.409           0
71          28     161.948     258.296           0     241.798           0
71          29     162.173     259.274           0     210.812           0
71          30     162.431     260.245           0     136.413           0
71          31     162.729     261.204           0     185.943           0
71          32      163.05     262.156           0     242.213           0
71          33     163.395     263.099           0      148.93           0
71          34     163.783     264.025           0     199.608           0
71          35     164.202     264.938           0      203.55           0
71          36     164.589     265.864           0     144.026           0
71          37     164.933     266.808           0       237.9           0
71          38     165.256     267.759           0     189.726           0
71          39     165.571     268.712           0     135.148           0
71          40     165.885     269.666           0     225.744           0
71          41     166.218     270.614           0     199.475           0
71          42     166.581      271.55           0     129.561           0
71          43     166.993     272.466           0     253.154           0
71          44     167.433     273.369           0      132.01           0
71          45     167.874     274.271           0      222.86           0
71          46     168.304     275.178           0     159.664           0
71          47     168.684     276.108           0     174.363           0
71          48     169.021     277.054           0     249.732           0
71          49     169.337     278.007           0     168.522           0
71          50     169.653      278.96           0     163.368           0
71          51     169.969     279.913           0      247.11           0
71          52     170.306      280.86           0     177.086           0
71          53     170.683      281.79           0     154.544           0
71          54     171.109       282.7           0     227.169           0
71          55     171.549     283.602           0     130.073           0
71          56     171.998     284.501           0     254.475           0
71          57     172.447     285.399           0     130.245           0
71          58     172.892     286.299           0     227.583           0
71          59     173.345     287.195           0     151.558           0
71          60     173.792     288.095           0     201.975           0
71          61     174.248     288.989           0     191.689           0
71          62     174.696     289.888           0     166.283           0
71          63      175.15     290.784           0     216.626           0
71          64     175.596     291.684           0     136.502           0
71          65     176.046     292.582           0     243.391           0
71          66     176.491     293.482           0     127.585           0
71          67     176.936     294.382           0     238.701           0
71          68     177.387     295.279           0     140.231           0
71          69     177.834     296.178           0     212.774           0
71          70     178.292     297.072           0     172.941           0
71          71     178.738     297.972           0     184.748           0
71          72     179.175     298.876           0      210.35           0
71          73     179.564     299.802           0     137.409           0
71          74      179.91     300.745           0     231.936           0
71          75     180.249      301.69           0     191.557           0
71          76     180.613     302.626           0      134.76           0
71          77     181.026     303.541           0     248.399           0
71          78     181.469     304.443           0     128.408           0
71          79     181.941     305.329           0     240.079           0
71          80      182.46     306.188           0     133.783           0
71          81     183.015     307.026           0     244.846           0
71          82     183.578     307.857           0     141.673           0
71          83     184.134     308.694           0     220.872           0
71          84     184.683     309.534           0     130.711           0
71          85     185.243     310.368           0     144.799           0
71          86     185.798     311.205           0     203.366           0
71          87     186.375     312.027           0     157.648           0
71          88      186.97     312.836           0     207.995     6.39742
71          89     187.629     313.593           0     133.657     18.2003
71          90     188.347     314.296           0     143.439     43.1311
71          91     189.082      314.98           0     229.294     67.4665
71          92     189.777     315.705           0      156.44     11.5926
#1
72           0     224.714     280.689           0     50.2631     17.3134
72           1     223.728     280.842           0     214.662     1.75385
72           2      222.74     280.986           0     251.429           0
72           3     221.759      281.17           0     211.591           0
72           4       220.8     281.446           0     135.797           0
72           5     219.873     281.814           0     207.537           0
72           6     218.975     282.249           0     188.175           0
72           7      218.09     282.711           0     171.697           0
72           8     217.233     283.223           0     198.244           0
72           9     216.407     283.783           0     140.895           0
72          10      215.62     284.396           0     133.832           0
72          11      214.84     285.019           0     210.889           0
72          12     214.039     285.615           0      154.52           0
72          13     213.224     286.191           0     206.366           0
72          14     212.418     286.779           0     139.168           0
72          15     211.661     287.429           0     133.331      3.8804
72          16     210.952     288.132           0     253.398     85.1383
72          17     210.223     288.813           0     93.9187     40.8181
72          18     209.417     289.402           0           0     71.4112
72          19     208.576     289.939           0     101.488           0
72          20     207.738     290.481           0     129.809           0
72          21     206.952     291.096           0     220.709           0
72          22     206.218     291.772           0     166.608           0
72          23      205.51     292.476           0     127.629           0
72          24     204.808     293.185           0     177.044           0
72          25     204.105     293.893           0      206.66           0
72          26       203.4     294.599           0     132.565           0
72          27     202.693     295.303           0     146.824           0
72          28     201.985     296.007           0     249.439           0
72          29     201.283     296.716           0     151.446           0
72          30     200.597     297.441           0     130.406           0
72          31     199.947     298.199           0     196.236           0
72          32     199.348     298.996           0     166.091           0
72          33     198.783      299.82           0     199.755           0
72          34     198.238     300.655           0     148.261           0
72          35     197.681     301.483           0     129.038     1.72713
72          36     197.113     302.304           0     226.188     15.5374
72          37     196.484     303.079           0     124.125     31.9039
72          38     195.785     303.791           0       158.3     68.1287
72          39     195.077     304.495           0     126.389     39.7352
72          40     194.476     305.291           0     219.705           0
72          41       194.1     306.216           0     229.392           0
72          42      193.84     307.179           0     214.173           0
72          43     193.584     308.144           0     142.767           0
72          44     193.294     309.099           0     180.035           0
72          45     192.987     310.048           0     251.798           0
72          46      192.68     310.998           0     173.506           0
72          47     192.381      311.95           0     154.806     11.1635
72          48     192.096     312.906           0     230.489     34.4084
72          49     191.774     313.851           0     197.482     34.5149
72          50     191.364     314.761           0     92.7931      52.352
72          51     190.926     315.658           0     167.676      9.3242
72          52     190.596     316.599           0     102.186           0
72          53     190.404     317.579           0     147.544           0
72          54     190.263     318.567           0     217.021           0
72          55     190.137     319.557           0     220.027           0
72          56     190.034     320.549           0     246.374           0
72          57     189.925     321.541           0     235.854           0
72          58     189.751     322.524           0     191.517           0
72          59     189.497     323.489           0     127.484           0
72          60     189.196     324.441           0     205.046           0
72          61     188.876     325.386           0     223.456           0
72          62     188.559     326.332           0     132.527           0
72          63     188.242     327.278           0     193.416           0
72          64     187.924     328.224           0     235.663           0
72          65     187.609     329.172           0     145.832           0
72          66     187.291     330.117           0     180.779           0
72          67     186.974     331.064           0      248.43           0
72          68     186.664     332.012           0     168.293           0
72          69     186.369     332.966           0     158.527           0
72          70     186.121     333.932           0     224.264           0
72          71     185.904     334.907           0     230.603           0
72          72     185.665     335.875           0     169.455           0
72          73     185.401     336.838           0     144.563           0
72          74     185.179     337.811           0     209.481           0
72          75     185.036     338.798           0     245.729           0
72          76     184.936     339.791           0     238.668           0
72          77     184.798      340.78           0     203.453           0
72          78     184.592     341.756           0     36.7849           0
72          79     184.335     342.721           0           0           0
72          80     184.043     343.675           0           0           0
72          81     183.716     344.618           0           0           0
72          82     183.362     345.551           0     89.6119           0
72          83     182.976     346.471           0     248.969           0
72          84      182.56     347.378           0     131.222           0
72          85       182.1     348.264           0     229.596           0
72          86     181.584     349.118           0      143.87           0
72          87     181.036     349.952           0     234.562           0
72          88     180.486     350.785           0     129.587           0
72          89      179.97     351.639           0     247.309           0
72          90     179.492     352.515           0     127.564           0
72          91     179.014     353.391           0     251.529           0
72          92       178.5     354.247           0     127.497           0
72          93     177.951      355.08           0     224.048           0
72          94     177.393     355.908           0     149.725           0
72          95     176.831     356.732           0     211.831           0
72          96     176.253     357.546           0      133.28           0
72          97     175.637     358.331           0     139.298           0
72          98     175.013      359.11           0     224.196           0
72          99     174.412     359.907           0     145.665           0
72         100     173.843     360.727           0     215.047           0
72         101     173.294      361.56           0     133.785           0
72         102     172.736     362.387           0     141.057           0
72         103      172.19     363.223           0     206.613           0
72         104     171.639     364.055           0     158.989           0
72         105     171.083     364.884           0     209.072           0
72         106     170.522     365.709           0     125.107           0
72         107     169.967     366.539           0     246.633           0
72         108     169.396     367.357           0     119.856           0
72         109     168.786     368.147           0     179.019           0
72         110     168.161     368.925           0     200.972           0
72         111     167.552     369.715           0     121.819           0
72         112     166.979     370.533           0     249.751           0
72         113     166.418     371.358           0     121.564           0
72         114     165.835     372.168           0     177.161           0
72         115     165.237     372.967           0     2.00681           0
#1
73           0     261.861     228.387           0     85.0625     32.2704
73           1     262.079     229.361           0     234.975     4.11049
73           2     262.281     230.338           0     145.573     1.77783
73           3     262.406     231.328           0     103.584     35.3456
73           4     262.487     232.323           0     166.473    0.212864
73           5     262.739     233.289           0     235.826           0
73           6     263.214     234.166           0     176.162           0
73           7     263.716     235.029           0     182.683           0
73           8     264.199     235.902           0     204.146           0
73           9     264.649     236.792           0     149.768           0
73          10     265.096     237.685           0     230.462           0
73          11     265.544     238.577           0     129.216           0
73          12     266.025     239.451           0     248.722           0
73          13     266.563     240.291           0     120.756           0
73          14     267.163     241.088           0     198.182           0
73          15     267.787     241.867           0     181.294           0
73          16     268.397     242.657           0     119.296           0
73          17     268.973     243.472           0     248.127           0
73          18     269.551     244.285           0     121.924           0
73          19     270.171     245.067           0     200.091           0
73          20     270.834     245.813           0     180.848           0
73          21     271.526     246.532           0     127.928           0
73          22     272.231     247.238           0     163.386           0
73          23     272.938     247.942           0     226.384           0
73          24     273.645     248.647           0     138.364           0
73          25     274.349     249.354           0     138.731           0
73          26     275.053     250.061           0     227.488           0
73          27     275.762     250.763           0     162.726           0
73          28     276.489     251.447           0     127.794     5.05119
73          29     277.249     252.094           0     179.493     19.3839
73          30      278.05     252.689           0     175.783      45.236
73          31     278.873     253.253           0     190.435     27.6362
73          32     279.708       253.8           0     159.301     39.6706
73          33     280.539     254.353           0     124.606     50.1736
73          34     281.371     254.904           0     230.403     4.05459
73          35     282.174     255.495           0     128.259           0
73          36     282.915     256.164           0     194.879           0
73          37     283.569     256.918           0     142.152           0
73          38     284.131     257.742           0     221.511           0
73          39     284.621     258.612           0     134.409           0
73          40     285.096     259.489           0     129.706           0
73          41     285.597     260.353           0     188.422           0
73          42     286.257     261.101           0     229.237           0
73          43     287.075     261.673           0     90.0304      35.399
73          44      287.91     262.218           0     181.444     57.6147
73          45      288.71     262.815           0     161.235     50.9578
73          46      289.46     263.473           0     128.049     27.9065
73          47     290.178     264.166           0     182.315     22.9208
73          48     290.884     264.872           0      200.25     41.2005
73          49     291.588     265.578           0     131.031     11.7113
73          50     292.293     266.285           0     150.202           0
73          51      292.99     266.999           0     252.221           0
73          52     293.661     267.738           0     147.029           0
73          53      294.29     268.513           0     126.155           0
73          54     294.868     269.326           0     221.403           0
73          55     295.447     270.138           0     137.231           0
73          56      296.07     270.918           0     217.703           0
73          57     296.754     271.645           0     146.278           0
73          58     297.482     272.327           0     129.075           0
73          59     298.224     272.994           0     253.554           0
73          60     298.932     273.698           0     242.916           0
73          61     299.599      274.44           0     124.498           0
73          62     300.249     275.197           0     166.268           0
73          63     300.883     275.968           0     218.845           0
73          64     301.488     276.761           0     125.966           0
73          65     302.057     277.581           0     240.461           0
73          66     302.607     278.414           0     122.798           0
73          67     303.166     279.241           0     171.716           0
73          68     303.716     280.073           0     182.676           0
73          69     304.269     280.904           0     186.374           0
73          70     304.821     281.735           0     165.984           0
73          71     305.382     282.561           0     123.845           0
73          72      305.93     283.394           0     237.272           0
73          73     306.479     284.228           0     130.409           0
73          74      307.02     285.066           0      233.68           0
73          75     307.513     285.934           0     130.364           0
73          76     307.919     286.845           0     234.383           0
73          77     308.265     287.781           0     187.437           0
73          78     308.583     288.727           0     137.138           0
73          79     308.893     289.676           0     227.801           0
73          80     309.206     290.623           0     202.393           0
73          81     309.517     291.572           0     128.114     5.37826
73          82     309.828      292.52           0     211.096     24.0183
73          83     310.167     293.458           0      212.34     34.9558
73          84      310.55      294.38           0     124.446      49.041
73          85     311.004     295.268           0     253.897      51.663
73          86     311.504     296.132           0     126.769       44.12
73          87     311.955     297.022           0     243.547     23.1963
#1
74           0     285.559     261.599           0     169.563     2.47947
74           1     285.305      262.57           0     177.341     34.6325
74           2     285.111     263.555           0     226.806     36.9687
74           3     285.012     264.553           0     251.948     33.7358
74           4     284.997     265.556           0     254.259     30.9185
74           5     285.069     266.557           0     237.444     28.0202
74           6     285.252     267.544           0     190.867     30.9807
74           7     285.503     268.515           0      127.52     12.1031
74           8      285.75     269.488           0     191.131           0
74           9     285.919     270.477           0     234.437           0
74          10     285.994     271.477           0      253.46           0
74          11      286.01      272.48           0     252.323           0
74          12     286.007     273.484           0     253.163           0
74          13     286.002     274.487           0     254.454           0
74          14     286.001      275.49           0     254.833           0
74          15     286.004     276.494           0      253.93           0
74          16     286.013     277.497           0     251.715     17.3785
74          17      286.02       278.5           0     249.888     17.2791
74          18     285.997     279.504           0     254.353    0.259144
74          19     285.873     280.499           0     238.847      1.6597
74          20     285.554     281.451           0     191.336     81.0737
74          21     285.111      282.35           0     226.807     7.62487
74          22     284.673     283.254           0     149.295           0
74          23     284.323     284.194           0     172.617           0
74          24     284.062     285.163           0     239.132           0
74          25     283.842     286.142           0     214.642           0
74          26     283.595     287.114           0     146.257           0
74          27     283.332     288.082           0     170.387           0
74          28     283.128     289.065           0      222.29           0
74          29     283.029     290.063           0     247.492           0
74          30     282.998     291.066           0     254.577           0
74          31     282.962     292.069           0     245.209           0
74          32     282.848     293.066           0      216.33           0
74          33     282.631     294.045           0     157.909           0
74          34     282.365     295.013           0     161.814     3.54775
74          35     282.146     295.992           0     217.676    0.722896
74          36     282.002     296.985           0     254.412           0
74          37     281.859     297.978           0     219.119           0
74          38     281.642     298.958           0     163.761           0
74          39     281.377     299.926           0     154.215           0
74          40     281.155     300.904           0     215.448           0
74          41     281.033       301.9           0     246.631           0
74          42     280.993     302.903           0     253.203           0
74          43      280.99     303.906           0     252.459           0
74          44     280.996     304.909           0     253.862           0
74          45         281     305.913           0     254.897           0
74          46     281.001     306.916           0       254.7           0
74          47     281.001     307.919           0     254.628           0
74          48     281.001     308.923           0     254.649           0
74          49     281.001     309.926           0     254.671           0
74          50     281.001     310.929           0     254.683           0
74          51     281.001     311.933           0     254.694           0
74          52     281.001     312.936           0     254.692           0
74          53     281.001      313.94           0     254.655           0
74          54     281.002     314.943           0     254.457           0
74          55     281.008     315.946           0     252.903           0
74          56     280.999      316.95           0     254.872           0
74          57     280.992     317.953           0     253.051           0
74          58     280.993     318.956           0     253.248           0
74          59     280.998      319.96           0     254.485           0
74          60     281.003     320.963           0     9.39241           0
#1
75           0      229.64     389.318           0     51.8587     23.6944
75           1     229.874     390.302           0     222.805           0
75           2     230.128     391.281           0     222.275     2.97621
75           3     230.414     392.251           0     138.401     7.88772
75           4     230.691     393.223           0      176.31    0.390249
75           5     230.895     394.214           0     228.122           0
75           6     230.994     395.221           0     253.429           0
75           7     231.021     396.232           0     249.693           0
75           8     231.019     397.243           0     250.136           0
75           9     231.011     398.254           0     252.176     4.59541
75          10     230.988     399.266           0      251.87     29.9031
75          11     230.916     400.274           0     233.575      35.559
75          12     230.769     401.275           0     195.993     37.8939
75          13     230.573     402.267           0     175.275     23.2802
#1
76           0     222.133     394.261           0     82.6707     31.3805
76           1     222.289      395.26           0     181.252     28.2804
76           2      222.51     396.247           0     126.239           0
76           3     222.879     397.188           0     224.269           0
76           4     223.387     398.063           0     152.722           0
76           5      223.99     398.875           0     221.142           0
76           6     224.658     399.634           0     138.297           0
76           7     225.368     400.354           0     137.324     4.63132
76           8     226.135     401.014           0     218.132     13.0672
76           9     226.967     401.588           0     148.453     18.7728
76          10     227.868     402.047           0     243.103     31.8528
76          11     228.814     402.406           0     112.391     78.8111
76          12     229.737     402.819           0     208.771     1.24933
76          13     230.471     403.514           0     185.642           0
76          14     230.916     404.422           0     233.572           0
76          15     231.272     405.369           0     185.592           0
76          16     231.689      406.29           0     107.236           0
76          17     232.246     407.134           0     174.858           0
76          18     232.902     407.904           0     210.303           0
76          19     233.614     408.622           0     134.595           0
76          20     234.363     409.302           0     141.372           0
76          21     235.148     409.939           0     204.112           0
76          22     235.943     410.564           0     141.895           0
76          23     236.659     411.278           0     184.123           0
76          24     237.099     412.189           0     43.4007     7.49828
76          25     237.318     413.176           0     173.809           0
76          26     237.597     414.148           0     110.183           0
76          27     238.051     415.052           0     230.228           0
76          28     238.593     415.905           0     146.715           0
76          29     239.156     416.746           0     215.279           0
76          30     239.715     417.588           0     137.169           0
76          31     240.283     418.425           0     135.801           0
76          32      240.84     419.269           0     214.229           0
76          33     241.423     420.095           0      143.32           0
76          34     242.029     420.905           0      223.98           0
76          35     242.658     421.697           0     143.357           0
76          36     243.282     422.492           0     128.339           0
76          37     243.871     423.315           0     222.153           0
76          38     244.446     424.147           0     120.541           0
76          39     245.012     424.985           0           0           0
#1
77           0      236.69     410.886           0      226.02     28.5332
77           1     237.697     410.971           0     247.562     31.0891
77           2     238.687     410.772           0     196.865     6.22111
77           3     239.633     410.417           0     133.137           0
77           4     240.547     409.986           0     251.424           0
77           5      241.45     409.532           0     128.326           0
77           6     242.352     409.077           0     235.313           0
77           7     243.253      408.62           0     142.577           0
77           8     244.157     408.168           0     212.164           0
77           9     245.069     407.734           0     178.926           0
77          10     246.013     407.373           0     159.827           0
77          11     246.989     407.111           0     226.737           0
77          12     247.983     406.933           0     237.861           0
77          13      248.98     406.765           0     195.182           0
77          14     249.972     406.573           0     4.15594           0
#1
78           0     271.988     385.988           0           0           0
78           1     272.701     386.703           0      125.72           0
78           2     273.414     387.419           0     131.066           0
78           3     274.127     388.134           0     197.121           0
78           4     274.844     388.846           0     188.092           0
78           5     275.564     389.554           0     129.255           0
78           6      276.28     390.266           0     153.747           0
78           7     276.983     390.991           0     248.496           0
78           8     277.662     391.738           0     147.263           0
78           9     278.298     392.524           0     125.047           0
78          10     278.881     393.348           0     224.581           0
78          11     279.464     394.173           0     133.434     1.31362
78          12     280.101     394.957           0      219.38     6.72795
78          13     280.821     395.665           0     154.538     7.82139
78          14     281.631     396.269           0     112.133     8.93268
78          15     282.503     396.778           0     198.332     8.97859
78          16     283.373     397.291           0     208.503     33.0267
78          17     284.134     397.955           0     222.466     28.1741
78          18     284.663     398.816           0     85.9829     73.1695
78          19     285.136     399.708           0     155.915     69.7881
78          20     285.659     400.572           0     133.333     50.8302
78          21      286.23     401.405           0     140.554     17.3927
78          22       286.8     402.239           0     203.888           0
78          23     287.382     403.064           0     153.726           0
78          24     287.996     403.866           0     220.163           0
78          25     288.661     404.627           0     137.888           0
78          26     289.375     405.341           0     137.651           0
78          27     290.135     406.006           0     219.462           0
78          28     290.941     406.614           0     153.183           0
78          29      291.77     407.191           0     206.313           0
78          30     292.611     407.752           0     141.687           0
78          31     293.447     408.318           0      132.43           0
78          32     294.299     408.861           0     219.515           0
78          33     295.158     409.392           0     130.594           0
78          34     296.024     409.911           0           0           0
#1
79           0     284.107     397.435           0     243.146           0
79           1     285.095     397.332           0     170.437     14.8746
79           2     286.073     397.155           0      215.38     74.4152
79           3     287.053     396.986           0     251.524     51.5593
79           4      288.03     396.807           0     205.895     74.9923
79           5     289.006     396.616           0     157.688     11.8067
79           6     289.995     396.525           0     254.437           0
79           7     290.986     396.598           0     154.002           0
79           8      291.98     396.582           0     148.489           0
79           9     292.925     396.273           0     69.6287           0
79          10     293.718     395.674           0     183.078           0
79          11     294.386     394.938           0     152.994           0
79          12     294.998     394.156           0     215.032     7.01065
79          13     295.627     393.386           0     36.6899     19.7455
#1
80           0     126.475     190.986           0           0           0
80           1     126.741     191.947           0     179.064           0
80           2     127.011     192.908           0     252.292           0
80           3     127.286     193.866           0     182.154           0
80           4     127.522     194.835           0     131.259           0
80           5      127.65     195.825           0     165.627           0
80           6     127.711      196.82           0     181.377     12.2333
80           7     127.986     197.779           0     254.208           0
80           8     128.563     198.593           0      130.47           0
80           9      129.24     199.325           0     150.689           0
80          10     129.913     200.062           0     218.383           0
80          11     130.528     200.847           0     132.463           0
80          12     131.067     201.686           0     238.018           0
80          13     131.538     202.565           0      128.77           0
80          14     131.985     203.457           0     251.072           0
80          15     132.427     204.351           0     133.058           0
80          16     132.866     205.247           0     220.936           0
80          17     133.316     206.137           0     161.608           0
80          18     133.759     207.031           0     193.474           0
80          19     134.214     207.919           0     200.553           0
80          20     134.671     208.805           0     154.127           0
80          21     135.162     209.673           0     213.718     36.1382
80          22     135.675     210.529           0     130.054     62.4393
80          23     136.195      211.38           0     146.173     10.6888
80          24     136.659     212.263           0     168.168           0
80          25     137.075     213.169           0      235.75           0
80          26     137.501     214.071           0     127.284           0
80          27     137.993     214.939           0     237.892           0
80          28     138.519     215.786           0     130.315           0
80          29     139.031     216.643           0     247.078           0
80          30     139.505      217.52           0     127.552           0
80          31     139.977     218.399           0     249.256           0
80          32     140.494     219.252           0     128.196           0
80          33     141.078     220.061           0     222.026           0
80          34     141.737     220.809           0     164.929     3.78255
80          35     142.493     221.461           0     187.209     22.4997
#1
81           0     131.236      231.13           0     247.168     89.4278
81           1     132.207     230.914           0     233.115           0
81           2     133.107     230.489           0     125.224           0
81           3     133.934     229.934           0      222.46           0
81           4     134.689     229.286           0     148.074           0
81           5     135.399     228.589           0     132.089           0
81           6     136.109     227.892           0     205.609           0
81           7     136.814     227.189           0     177.266           0
81           8     137.541      226.51           0     127.295           0
81           9     138.308     225.875           0     164.264           0
81          10     139.122     225.302           0     177.887           0
81          11      139.95      224.75           0     191.241           0
81          12     140.745     224.152           0     171.006           0
81          13     141.443     223.443           0     112.858           0
81          14     142.103     222.697           0     77.1744     1.46856
81          15     142.859      222.05           0     242.186       68.59
81          16     143.769     221.647           0      165.01           0
81          17     144.722     221.361           0     143.251           0
81          18     145.676     221.076           0     235.578           0
81          19     146.609     220.732           0     186.555           0
81          20     147.514     220.316           0     128.788           0
81          21     148.408      219.88           0     236.902           0
81          22     149.362     219.597           0     217.752     82.3404
81          23     150.357     219.601           0     153.347           0
81          24     151.353     219.614           0     156.616           0
81          25      152.34     219.487           0     126.424           0
81          26     153.313     219.278           0     184.158           0
81          27     154.297     219.133           0     221.198           0
81          28     155.292     219.151           0      216.54           0
81          29     156.279     219.278           0     132.659      21.632
81          30     157.271     219.359           0           0     13.7545
81          31     158.236     219.118           0     60.2825           0
81          32     158.817      218.31           0     208.218           0
81          33     159.055     217.344           0     241.082           0
81          34     159.316     216.384           0      174.37           0
81          35     159.854     215.547           0     20.3003      3.6689
81          36     160.606     214.895           0     138.336     43.0582
81          37     161.423     214.326           0     120.644           0
81          38      162.21     213.717           0      159.62           0
81          39     162.948     213.049           0     230.465           0
81          40     163.656      212.35           0     139.442           0
81          41     164.356     211.643           0     137.961           0
81          42     165.065     210.944           0     226.005           0
81          43     165.802     210.275           0     162.141           0
81          44     166.581     209.656           0     121.036           0
81          45     167.413      209.11           0     226.882           0
81          46     168.277     208.615           0     140.624           0
81          47     169.152     208.142           0     218.789           0
81          48     170.013     207.643           0      162.98           0
81          49     170.871     207.138           0     196.023           0
81          50     171.736     206.647           0      43.461           0
81          51     172.636     206.221           0           0     75.0553
81          52     173.572     205.882           0     17.1761     110.725
81          53     174.522     205.587           0     183.466     12.7634
81          54     175.415     205.147           0     239.414           0
81          55     176.216     204.556           0     135.667           0
81          56     176.979     203.917           0     228.949           0
81          57     177.719     203.252           0     155.183           0
81          58     178.437     202.563           0     129.522           0
81          59     179.143     201.861           0     193.315           0
81          60     179.842     201.153           0     188.017           0
81          61     180.537      200.44           0     128.614           0
81          62     181.233      199.73           0     158.727           0
81          63     181.959     199.048           0     233.194           0
81          64     182.769     198.471           0      131.47           0
81          65     183.715     198.161           0     60.9712      33.803
81          66      184.69     198.358           0     112.896     34.6138
81          67     185.491     198.949           0     125.402     40.9321
81          68     186.101     199.735           0     229.142     46.3479
81          69     186.582     200.607           0     131.945           0
81          70     187.012     201.504           0     251.934           0
81          71      187.41     202.416           0     131.352           0
81          72     187.763     203.347           0     194.676           0
81          73     188.097     204.284           0     230.244           0
81          74     188.444     205.217           0     135.638           0
81          75     188.851     206.125           0     217.094           0
81          76     189.342     206.991           0     167.911           0
81          77     189.879     207.829           0     191.093           0
81          78     190.433     208.656           0     122.139           0
81          79      190.95     209.506           0     242.294           0
81          80     191.432     210.377           0     131.764           0
81          81     191.894     211.258           0     227.929           0
81          82     192.369     212.133           0      139.54           0
81          83     192.845     213.007           0           0           0
#1
82           0     97.4288     439.296           0      134.91     134.095
82           1      97.907     438.424           0     10.0547     81.0628
82           2     98.4853     437.615           0     47.6759           0
82           3     99.1384     436.865           0     194.756           0
82           4     99.8313     436.151           0     186.426           0
82           5     100.562     435.476           0     128.243           0
82           6     101.352     434.872           0     155.646           0
82           7     102.228     434.401           0     152.695           0
82           8      103.17     434.083           0     233.737           0
82           9     104.137      433.85           0     216.816     12.4048
82          10     105.098     433.594           0     146.869     43.0152
82          11     106.043     433.284           0     182.481     49.6216
82          12      106.98     432.952           0     242.645     33.7747
82          13     107.919     432.625           0     159.261     8.19111
#1
83           0     220.401     306.225           0     57.3017     70.1133
83           1      221.36     305.921           0     91.6966           0
83           2     222.114     305.256           0     225.868    0.306437
83           3     222.723     304.456           0     132.497           0
83           4     223.289     303.625           0      140.94     35.0075
83           5     223.834      302.78           0     212.764      51.537
83           6       224.4     301.949           0     150.409     29.2427
83           7     225.011      301.15           0     214.361     1.92393
83           8     225.693     300.412           0     136.219           0
83           9     226.451      299.75           0     133.797           0
83          10     227.282     299.184           0     208.057           0
83          11     228.168     298.709           0     162.862           0
83          12     229.106     298.346           0     166.781           0
83          13     230.076     298.082           0     234.133           0
83          14     231.058     297.867           0     221.085           0
83          15     232.035     297.627           0     157.592           0
83          16     233.004     297.358           0     163.647           0
83          17     233.979     297.116           0     225.545           0
83          18     234.962     296.902           0     230.006           0
83          19     235.937     296.657           0     167.498           0
83          20       236.9     296.366           0     154.902     1.48302
83          21     237.859     296.063           0     239.023     54.8806
83          22     238.822     295.775           0     197.615     36.1917
83          23     239.808     295.578           0     234.343     6.14452
#1
84           0      206.96     259.101           0           0           0
84           1     207.696     259.776           0     137.694           0
84           2     208.438     260.444           0     129.275           0
84           3     209.206     261.082           0     190.166           0
84           4     210.014     261.668           0     170.355           0
84           5     210.838     262.233           0     195.551           0
84           6     211.642     262.824           0     151.028           0
84           7     212.433     263.434           0     129.761           0
84           8     213.235     264.029           0     191.218           0
84           9     214.073     264.572           0     145.817           0
84          10     214.923     265.095           0     230.889           0
84          11     215.738     265.671           0      210.21           0
84          12     216.475     266.345           0     129.461           0
84          13     217.164     267.068           0     201.495           0
84          14     217.843       267.8           0     179.995           0
84          15     218.529     268.525           0     127.878           0
84          16     219.214     269.252           0     163.676           0
84          17     219.884     269.993           0     223.876     3.23798
84          18     220.545      270.74           0     133.051     23.0341
84          19     221.227     271.469           0     224.233     41.4844
84          20     221.973     272.134           0     220.871     45.2898
84          21     222.803     272.689           0     156.645     58.8368
84          22     223.687     273.152           0     94.3138     69.7466
84          23     224.583     273.593           0     151.254     9.86957
84          24     225.376     274.199           0       223.3           0
84          25     225.949     275.017           0     241.957           0
84          26     226.443     275.885           0     142.151           0
84          27     226.972     276.732           0     183.294     28.7039
84          28     227.583     277.521           0     128.396     45.2551
84          29     228.242     278.271           0     157.561     7.26601
84          30     228.898     279.024           0     223.453           0
84          31     229.517     279.808           0     130.139           0
84          32     230.091     280.625           0      231.88           0
84          33     230.641     281.458           0     124.507           0
84          34     231.198     282.286           0     160.358           0
84          35     231.747      283.12           0     190.571           0
84          36       232.3     283.952           0      178.47           0
84          37     232.853     284.783           0     178.505           0
84          38     233.414      285.61           0      122.67           0
84          39     233.961     286.445           0     244.966           0
84          40     234.509     287.279           0     126.435           0
84          41     235.069     288.106           0      214.13           0
84          42     235.627     288.934           0     155.625           0
84          43     236.191     289.758           0     206.304           0
84          44     236.777     290.566           0     136.874           0
84          45     237.408      291.34           0         135           0
84          46      238.05     292.105           0      218.25     7.44348
84          47     238.641     292.909           0     156.961     25.5877
84          48     239.145     293.771           0     78.4463     55.0951
84          49     239.618      294.65           0      157.63     38.6649
84          50     240.254      295.42           0     217.368           0
84          51     241.082     295.979           0      249.57           0
84          52     241.951      296.47           0     135.216           0
84          53     242.795     297.003           0     202.105           0
84          54     243.576     297.625           0      132.37     33.0008
84          55     244.293      298.32           0     146.479     23.8464
84          56     244.952      299.07           0     225.899           0
84          57      245.56     299.862           0     138.644           0
84          58     246.135     300.678           0     220.478           0
84          59     246.716     301.491           0     126.458           0
84          60     247.347     302.265           0     145.919           0
84          61     248.011      303.01           0      249.72           0
84          62     248.675     303.755           0     150.332           0
84          63     249.307     304.529           0     124.657           0
84          64     249.886     305.342           0     226.002           0
84          65     250.447     306.168           0     136.536           0
84          66     251.006     306.995           0     252.391           0
84          67     251.554      307.83           0     136.513           0
84          68     252.066     308.687           0     238.053           0
84          69     252.535     309.568           0     128.734           0
84          70     252.986     310.459           0     251.398           0
84          71     253.431     311.353           0     132.656           0
84          72     253.866     312.252           0     220.955           0
84          73      254.29     313.156           0     164.383           0
84          74     254.669      314.08           0     170.486           0
84          75     255.029     315.011           0     247.705           0
84          76     255.429     315.926           0     145.501           0
84          77     255.909     316.801           0     190.356           0
84          78     256.437     317.649           0     122.713           0
84          79      256.94     318.511           0     239.656     11.8179
84          80     257.385     319.405           0     133.068     19.7841
84          81     257.764     320.329           0     194.879     65.9945
84          82     258.133     321.256           0     221.051     19.2482
84          83     258.549     322.164           0     119.037     23.8357
84          84     259.047      323.03           0     236.141      17.657
84          85     259.577     323.876           0     142.178           0
84          86     260.088     324.734           0     232.591           0
84          87     260.558     325.614           0     130.901           0
84          88     261.012     326.504           0     252.037           0
84          89     261.457     327.398           0     129.744           0
84          90     261.891     328.297           0     227.201           0
84          91     262.303     329.206           0     156.983           0
84          92     262.651     330.142           0     165.923           0
84          93     262.952     331.094           0     242.844           0
84          94     263.288     332.034           0     184.095           0
84          95     263.765     332.912           0     237.807     6.79928
84          96     264.326     333.738           0     106.363     2.75562
84          97     264.899     334.555           0     229.305     32.2563
84          98     265.471     335.373           0     129.361     37.5547
84          99     266.037     336.196           0     245.568     37.8088
84         100     266.599     337.021           0     103.358     17.6985
#1
85           0     263.224      308.02           0       1.165           0
85           1     263.823     308.829           0     173.929           0
85           2     264.408     309.647           0     120.612           0
85           3     264.977     310.477           0     249.172           0
85           4     265.567     311.293           0     120.418           0
85           5     266.192     312.081           0     193.247     7.65245
85           6     266.799     312.884           0     186.028     27.9731
85           7     267.344      313.73           0     109.206     25.6178
85           8     267.746     314.652           0     190.198     26.3229
85           9     268.024      315.62           0      248.93     22.8582
85          10     268.276     316.594           0     184.566     75.0679
85          11     268.592     317.549           0     129.802     26.5028
85          12      268.99     318.473           0     252.564           0
85          13     269.431     319.378           0     131.777           0
85          14     269.876      320.28           0     223.435           0
85          15     270.309     321.189           0      157.83           0
85          16     270.693     322.119           0     176.604           0
85          17     271.038     323.064           0     245.226           0
85          18     271.364     324.016           0     161.122           0
85          19     271.665     324.977           0      167.54           0
85          20      271.87     325.962           0     221.737           0
85          21     271.871     326.968           0     222.159           0
85          22     271.654      327.95           0     166.654           0
85          23     271.298     328.892           0     8.21884           0
85          24     270.884     329.809           0           0           0
85          25       270.5     330.739           0     94.2392           0
85          26     270.199     331.699           0      204.32     14.8939
85          27     269.968     332.679           0     246.791     26.1712
85          28     269.708     333.651           0     180.599     29.7438
85          29     269.331     334.584           0     134.727       31.07
85          30     268.802      335.44           0     204.408     40.3924
85          31     268.177     336.228           0     82.6804     92.3477
85          32     267.568     337.029           0     143.746     3.92918
85          33     267.164     337.951           0     204.816           0
85          34     266.976      338.94           0      248.95           0
85          35     266.765     339.924           0     195.177           0
85          36     266.308      340.82           0     78.5174           0
85          37     265.553     341.485           0     123.712           0
85          38     264.616     341.851           0     217.087           0
85          39     263.621     342.002           0     254.509           0
85          40     262.615      342.05           0     242.149   0.0143308
85          41     261.611     342.109           0     227.134     1.51738
85          42     260.616     342.259           0     189.067     12.1018
85          43     259.641     342.507           0     172.156     65.4481
#1
86           0     261.996     274.185           0           0           0
86           1     262.872     274.651           0     144.716           0
86           2     263.748     275.118           0     224.931           0
86           3     264.633     275.567           0     132.022           0
86           4     265.519     276.013           0      251.73           0
86           5     266.407     276.456           0     129.576           0
86           6     267.296     276.897           0     228.833           0
86           7     268.195     277.317           0      155.91           0
86           8     269.127     277.659           0      168.12           0
86           9     270.093     277.886           0     225.958           0
86          10      271.08     277.989           0     252.126           0
86          11     272.072     278.013           0     251.587           0
86          12     273.064      278.01           0     252.344           0
86          13     274.056     278.004           0     253.976           0
86          14     275.049     278.001           0      254.77           0
86          15     276.041         278           0     254.879           0
86          16     277.033     277.999           0      254.83           0
86          17     278.026         278           0     254.917           0
86          18     279.018         278           0     250.351           0
86          19      280.01     278.001           0           0           0
#1
87           0     214.192     347.531           0     109.351     36.3726
87           1     214.096     348.535           0     230.588     32.0488
87           2     214.012      349.54           0     251.922     25.1786
87           3     213.907     350.543           0     231.262           0
87           4     213.741     351.538           0     188.846           0
87           5     213.553     352.528           0     126.735           0
87           6     213.464     353.533           0     136.782           0
87           7     213.552     354.538           0     128.491           0
87           8     213.753     355.526           0     192.026     3.61999
87           9     213.987     356.507           0     251.739     15.6804
87          10     214.286      357.47           0     182.163           0
87          11     214.709     358.386           0     115.286           0
87          12     215.267     359.226           0     160.072           0
87          13     215.902     360.009           0     227.962     54.2579
87          14       216.6     360.738           0     139.582     3.36436
87          15     217.393      361.36           0     190.781     27.1288
87          16     218.311     361.778           0     198.322           0
87          17     219.291     362.017           0     250.592           0
87          18     220.281     362.209           0     201.753           0
87          19     221.261     362.449           0     133.769           0
87          20     222.226     362.741           0     188.945     10.8807
87          21     223.181     363.066           0     238.093     19.4373
87          22     224.137     363.386           0     148.614     54.0658
87          23     225.109     363.657           0     167.647     41.2004
87          24     226.106     363.808           0     206.101      52.389
87          25     227.114     363.808           0     206.085     61.1516
87          26     228.121     363.751           0     199.141           0
#1
88           0     201.024     326.022           0    0.129577           0
88           1     201.722     326.737           0     135.663           0
88           2     202.421     327.451           0     129.458           0
88           3     203.127     328.159           0     192.294           0
88           4     203.846     328.854           0     189.972           0
88           5     204.568     329.545           0     129.073     6.75604
88           6     205.267      330.26           0     155.993     8.16389
88           7     205.971      330.97           0     240.404     30.6335
88           8     206.678     331.677           0     143.554     3.27994
88           9     207.385     332.383           0     134.323           0
88          10     208.094     333.089           0     212.711           0
88          11     208.803     333.794           0     172.824           0
88          12     209.509     334.501           0     127.503           0
88          13     210.204      335.22           0     169.812           0
88          14     210.866     335.969           0     215.032           0
88          15     211.474     336.762           0     124.077           0
88          16     212.011     337.606           0     252.309           0
88          17     212.492     338.482           0     127.571           0
88          18     212.974     339.358           0     248.245           0
88          19     213.508     340.203           0     126.311           0
88          20     214.104     341.006           0     227.378           0
88          21     214.728     341.786           0     160.855           0
88          22     215.341     342.576           0     121.351           0
88          23     215.914     343.396           0     232.958           0
88          24     216.473     344.224           0     131.249           0
88          25     217.053     345.039           0     232.671     13.1339
88          26     217.669     345.826           0     155.619     41.5413
88          27     218.336     346.571           0     218.198     48.2567
88          28      219.04     347.281           0     178.962     28.1031
88          29     219.752     347.982           0     189.535     1.95659
88          30     220.417     348.728           0     117.891           0
88          31     221.014     349.531           0     251.443           0
88          32     221.572      350.36           0     122.342           0
88          33     222.136     351.186           0     185.873           0
88          34     222.708     352.005           0     180.592           0
88          35     223.309     352.804           0     176.145           0
88          36     223.917     353.598           0     148.307           0
88          37      224.49     354.417           0     200.834           0
88          38     224.982     355.287           0     250.381           0
88          39     225.412      356.19           0     141.462           0
88          40     225.824     357.101           0     210.152           0
88          41     226.264     357.999           0     187.767     4.20553
88          42     226.719     358.889           0     170.919     39.4623
88          43     227.201     359.765           0     203.852     23.8933
88          44     227.665      360.65           0     140.138     65.0478
88          45      228.07     361.564           0     113.484     52.2132
88          46     228.372     362.517           0      94.737     17.3406
88          47     228.703      363.46           0     214.177           0
88          48     229.273     364.282           0     152.756           0
88          49     229.963     365.006           0     244.053           0
88          50      230.68     365.702           0     146.032           0
88          51     231.397     366.398           0     132.828           0
88          52     232.109       367.1           0     207.193           0
88          53     232.812     367.811           0      177.01           0
88          54     233.495     368.541           0     127.392           0
88          55     234.139     369.306           0      163.25    0.215657
88          56     234.731     370.112           0     186.287      21.226
88          57     235.296     370.936           0     179.588     31.3586
88          58     235.849     371.769           0     175.388           0
88          59     236.408     372.598           0     122.915           0
88          60     236.955     373.435           0     243.507           0
88          61     237.505     374.269           0     126.879           0
88          62     238.067     375.096           0     216.624           0
88          63     238.626     375.925           0     154.787           0
88          64     239.178     376.758           0     209.486   0.0727985
88          65     239.725     377.595           0     138.445           0
88          66     240.283     378.425           0     135.821           0
88          67     240.833      379.26           0     212.435           0
88          68     241.403     380.081           0     148.286           0
88          69     242.008     380.877           0     221.707           0
88          70     242.655     381.639           0     138.497        8.19
88          71     243.327     382.379           0     138.155     61.0556
88          72     244.011     383.108           0      225.17     49.7076
88          73     244.715     383.818           0     162.416     8.66863
88          74     245.465     384.479           0     127.871           0
88          75     246.248     385.102           0     178.814           0
88          76     247.098     385.627           0     159.767           0
88          77     248.012     386.032           0     246.815           0
88          78     248.954     386.367           0     161.316           0
88          79     249.894     386.706           0     7.91147     3.34286
#1
89           0     168.746     380.155           0     244.997     47.0451
89           1     168.997     381.125           0     254.174     70.0132
89           2     169.358     382.059           0     159.392     21.9761
89           3     169.738     382.986           0     186.485           0
89           4     170.077     383.929           0     235.276           0
89           5     170.265     384.913           0     77.9109           0
89           6     170.264     385.915           0     177.409     11.6501
89           7     170.217     386.916           0     199.561     55.2969
89           8     170.285     387.915           0     182.315     58.2462
89           9     170.407      388.91           0     151.141      22.273
89          10     170.346      389.91           0     95.2796           0
89          11     170.011     390.854           0     215.802           0
89          12     169.676     391.798           0     189.011           0
89          13     169.548     392.792           0     139.806     35.3047
89          14     169.483     393.791           0     123.222     79.1979
89          15     169.326     394.781           0     152.417     38.6064
89          16     169.073      395.75           0     236.505     18.6871
89          17     168.766     396.704           0     195.251     12.3781
89          18     168.461     397.658           0      130.62           0
89          19     168.212     398.629           0     200.903           0
89          20      168.06     399.619           0     239.817           0
89          21     167.999     400.619           0     254.674           0
89          22     167.985     401.621           0     251.298           0
89          23     167.985     402.623           0     251.075           0
89          24     167.986     403.624           0     251.516           0
89          25     168.006     404.626           0     253.349           0
89          26     168.086     405.625           0     233.177           0
89          27     168.263     406.611           0     187.942           0
89          28     168.527     407.577           0     128.554           0
89          29     168.833     408.531           0     212.458           0
89          30     169.155      409.48           0     215.525           0
89          31     169.472      410.43           0     128.486           0
89          32     169.789     411.381           0     201.115           0
89          33     170.114     412.328           0     225.937           0
89          34     170.459     413.269           0     132.299           0
89          35     170.851     414.191           0     216.904           0
89          36      171.29     415.092           0     171.214           0
89          37     171.752      415.98           0     189.317           0
89          38     172.259     416.845           0      188.94           0
89          39     172.795     417.691           0     156.257           0
89          40     173.348     418.526           0     125.466           0
89          41     173.872      419.38           0     222.376           0
89          42     174.361     420.255           0     144.868           0
89          43     174.816     421.147           0     208.138           0
89          44     175.272     422.039           0     181.008           0
89          45     175.732      422.93           0     178.319           0
89          46     176.232     423.798           0     195.961           0
89          47     176.762     424.648           0     147.256           0
89          48      177.32      425.48           0     129.337           0
89          49      177.87     426.318           0     221.775           0
89          50     178.425     427.152           0     140.885           0
89          51     178.987     427.981           0      246.92           0
89          52      179.55      428.81           0     135.358           0
89          53     180.103     429.645           0     228.762           0
89          54     180.651     430.483           0     126.223           0
89          55     181.213     431.313           0     154.867           0
89          56     181.765     432.149           0     195.065           0
89          57     182.321     432.982           0     173.022           0
89          58     182.878     433.815           0     188.271           0
89          59     183.432      434.65           0     122.253           0
89          60      183.95     435.508           0     242.266           0
89          61     184.436     436.384           0     131.298           0
89          62     184.913     437.265           0     232.804           0
89          63      185.42     438.129           0     142.628           0
89          64     185.946     438.981           0     237.047           0
89          65     186.463      439.84           0     121.077           0
89          66     186.967     440.706           0     246.549           0
89          67      187.52     441.541           0     194.117           0
89          68     188.173     442.301           0     160.721           0
89          69     188.886     443.004           0     225.022           0
89          70     189.594     443.713           0     137.741           0
89          71     190.251     444.469           0     131.404           0
89          72     190.843     445.278           0     214.933           0
89          73     191.407     446.106           0     146.178           0
89          74     191.966     446.938           0     231.389           0
89          75     192.515     447.775           0     129.607           0
89          76      193.03     448.635           0     247.371           0
89          77     193.509     449.515           0     127.566           0
89          78     193.989     450.394           0     252.152           0
89          79     194.504     451.253           0     126.944           0
89          80     195.055      452.09           0     220.524           0
89          81     195.614     452.922           0     151.921     30.0975
89          82     196.178      453.75           0     209.715     19.4985
89          83     196.763     454.563           0     135.932     3.80964
89          84     197.403     455.334           0     135.741           0
89          85     198.082      456.07           0     219.102           0
89          86     198.777     456.792           0     168.737           0
89          87     199.459     457.526           0     126.954           0
89          88     200.107      458.29           0     169.609           0
89          89     200.729     459.075           0      185.91           0
89          90     201.398     459.821           0     153.516           0
89          91     202.163     460.468           0     119.361           0
89          92     203.033     460.964           0      245.74           0
89          93     203.964     461.335           0     169.653           0
89          94     204.921     461.631           0     155.683           0
89          95     205.899     461.849           0     216.478           0
89          96     206.891      461.99           0     252.508           0
89          97     207.883     462.128           0     222.349    0.479091
89          98     208.863     462.337           0     169.109     12.1832
89          99     209.831     462.597           0      143.78     32.8131
89         100     210.807     462.819           0     208.918     38.0264
89         101     211.802     462.942           0     240.279           0
89         102     212.803     462.977           0     249.155           0
89         103     213.805     462.994           0     253.573           0
89         104     214.801       463.1           0     229.605     13.1515
89         105     215.747     463.429           0     145.631     29.4867
89         106     216.498     464.091           0     127.101      39.754
89         107     216.882     465.017           0     224.846           0
89         108     217.007     466.011           0     253.097           0
89         109     217.022     467.012           0     249.408    0.916519
89         110     217.012     468.014           0     251.863     30.4964
89         111     217.009     469.016           0     248.644           0
89         112     217.012     470.018           0           0           0
#1
90           0     220.036     522.389           0     5.67629           0
90           1     220.931     521.936           0     222.199           0
90           2     221.842     521.519           0     124.141           0
90           3      222.79     521.195           0     205.355           0
90           4     223.762     520.947           0     241.416           0
90           5     224.733       520.7           0     178.476           0
90           6     225.695     520.419           0     135.603           0
90           7     226.652      520.12           0     224.344           0
90           8     227.602     519.802           0     204.489           0
90           9     228.553     519.486           0     127.894           0
90          10     229.504     519.169           0     211.846           0
90          11     230.451     518.841           0     214.428           0
90          12      231.39      518.49           0     126.963           0
90          13     232.311     518.095           0     230.794           0
90          14     233.214     517.658           0     150.615           0
90          15     234.101     517.192           0     205.969           0
90          16     234.953     516.665           0     169.538           0
90          17     235.752     516.059           0     184.126           0
90          18      236.47      515.36           0     125.342           0
90          19     237.125     514.601           0     134.125   0.0115224
90          20     237.775     513.838           0     31.9334     77.4265
90          21     238.463     513.109           0     227.094     62.0415
#1
91           0     335.174     501.975           0           0           0
91           1     335.101     502.984           0     225.488           0
91           2     335.041     503.992           0     244.482           0
91           3     334.976     505.001           0     248.886           0
91           4     334.852     506.004           0     217.148           0
91           5     334.638     506.991           0     162.581           0
91           6     334.381     507.969           0     155.911           0
91           7     334.169     508.957           0     211.933           0
91           8     334.044     509.959           0     243.659           0
91           9     333.962     510.967           0     245.426           0
91          10     333.842      511.97           0     214.593           0
91          11     333.639     512.959           0     163.018           0
91          12     333.394      513.94           0     151.313           0
91          13     333.177     514.927           0     209.779           0
91          14     333.014     515.924           0     251.548           0
91          15     332.855     516.922           0     218.024           0
91          16     332.648     517.911           0     165.196           0
91          17     332.399     518.891           0     147.643           0
91          18     332.149      519.87           0     216.916           0
91          19     331.909     520.852           0     231.828           0
91          20     331.656      521.83           0     167.363           0
91          21     331.401     522.808           0     143.033     11.1479
91          22      331.22     523.801           0     198.945     14.5715
91          23     331.231     524.804           0      196.11           0
91          24     331.558     525.743           0     112.691           0
91          25     332.251     526.444           0     113.093           0
91          26     333.186     526.778           0     198.359           0
91          27     334.188     526.782           0     199.531           0
91          28     335.169     526.556           0     137.016           0
91          29     336.109     526.189           0     206.708           0
91          30     337.019     525.751           0     188.928           0
91          31      337.92     525.293           0     171.978           0
91          32     338.818     524.827           0     210.976           0
91          33     339.722     524.375           0     141.582     16.6739
91          34     340.636     523.945           0     241.068     15.4662
91          35     341.577     523.577           0     124.483     40.3946
91          36     342.552     523.311           0     175.706     73.9316
91          37      343.55     523.155           0     215.429       75.92
91          38     344.559     523.084           0     245.549     19.0989
#1
92           0     173.022     159.967           0    0.190717           0
92           1      173.74     159.252           0      141.13           0
92           2     174.456     158.536           0     128.308           0
92           3     175.172      157.82           0     181.011           0
92           4     175.894      157.11           0     205.897           0
92           5     176.638     156.423           0      132.93           0
92           6     177.418     155.777           0     139.106           0
92           7      178.24     155.186           0      207.48           0
92           8     179.079     154.618           0     152.851           0
92           9     179.919     154.053           0     223.035           0
92          10     180.756     153.483           0      129.67           0
92          11     181.594     152.915           0     233.378           0
92          12     182.432     152.346           0     122.178           0
92          13     183.274     151.784           0     160.174           0
92          14     184.177     151.326           0     171.957           0
92          15     185.181      151.19           0     206.653           0
#1
93           0     161.471     102.085           0     244.767     33.6561
93           1     162.463     102.167           0     212.313      12.731
93           2     163.436     102.373           0     159.989     1.70388
93           3      164.36     102.742           0     110.201           0
93           4     165.191     103.288           0      160.94     1.07563
93           5     165.942     103.939           0     226.651     2.57336
93           6     166.658     104.631           0     138.009     5.69995
93           7     167.338     105.356           0      139.37           0
93           8     167.965     106.128           0     214.534           0
93           9     168.503     106.965           0     128.167           0
93          10     168.927     107.865           0     236.301           0
93          11     169.292      108.79           0     180.624           0
93          12     169.661     109.714           0      145.07           0
93          13     170.062     110.624           0     239.199           0
93          14     170.452     111.539           0     126.539           0
93          15     170.806     112.469           0     205.553           0
93          16     171.146     113.404           0     217.696           0
93          17     171.498     114.334           0     127.695           0
93          18     171.887     115.249           0     226.206           0
93          19     172.291     116.158           0     163.902           0
93          20     172.636     117.091           0     162.239    0.217347
93          21     172.897     118.051           0     228.834           0
93          22     173.114     119.022           0     226.024           0
93          23     173.378     119.981           0     158.531           0
93          24     173.733      120.91           0     176.195           0
93          25     174.159     121.809           0     214.432           0
93          26     174.599     122.701           0      137.65           0
93          27     175.036     123.594           0     245.757           0
93          28     175.439     124.504           0     127.385           0
93          29     175.796     125.432           0      202.96           0
93          30     176.135     126.368           0     220.686           0
93          31     176.484     127.299           0     129.174           0
93          32     176.872     128.215           0     222.306           0
93          33     177.278     129.123           0     170.243           0
93          34     177.626     130.055           0     159.747           0
93          35      177.89     131.014           0     226.979           0
93          36     178.106     131.985           0     228.002           0
93          37     178.368     132.944           0     161.149           0
93          38     178.718     133.875           0     169.207           0
93          39     179.139     134.776           0     219.505           0
93          40     179.577      135.67           0     134.149           0
93          41     180.023     136.558           0      249.04           0
93          42     180.473     137.446           0     128.256           0
93          43      180.94     138.324           0     239.745           0
93          44     181.452     139.177           0     135.388           0
93          45     182.001     140.006           0      253.19           0
93          46     182.561     140.828           0     137.772           0
93          47     183.117     141.653           0     225.197     27.7231
93          48      183.66     142.487           0     126.403     56.7802
93          49     184.183     143.333           0     154.566     26.4006
93          50     184.609     144.231           0     155.331     13.7741
93          51     184.879     145.189           0     224.082           0
93          52     184.988     146.178           0     251.814           0
93          53     184.997     147.172           0     254.263           0
93          54     184.974     148.167           0     248.295     13.6788
93          55     184.982     149.161           0     250.297     38.4295
93          56      185.14     150.143           0      224.38     2.70832
93          57     185.645         151           0     254.906     10.1222
93          58     186.348     151.703           0      111.77           0
93          59     187.063     152.395           0     150.907     30.4591
93          60     187.712     153.149           0     181.454     43.7487
93          61     188.311     153.943           0     175.707     8.36314
93          62     188.907      154.74           0      177.21           0
93          63     189.546     155.502           0     127.539           0
93          64     190.224      156.23           0      165.57           0
93          65     190.929     156.931           0      221.85           0
93          66     191.662     157.604           0     136.064           0
93          67     192.429     158.237           0     136.994           0
93          68      193.24     158.813           0      207.31           0
93          69     194.055     159.383           0     154.123     2.01861
93          70     194.854     159.975           0     213.377      16.364
93          71     195.629     160.599           0     134.021     40.3184
93          72     196.399     161.229           0     118.184     67.0013
#1
94           0     285.867     280.501           0      238.06     14.9937
94           1     286.625     281.162           0     213.593      44.229
94           2     287.454     281.731           0     122.094     51.2653
94           3     288.306     282.266           0     150.684           0
94           4     289.163     282.793           0     202.127           0
94           5     289.998     283.353           0     165.019           0
94           6     290.803     283.955           0      197.87           0
94           7     291.566     284.611           0     131.215           0
94           8     292.297     285.301           0     148.088           0
94           9     293.012     286.008           0     249.857           0
94          10     293.723      286.72           0     152.477           0
94          11     294.433     287.431           0     129.828           0
94          12     295.145     288.142           0     192.293           0
94          13     295.856     288.854           0      191.66           0
94          14     296.562     289.569           0     129.701           0
94          15     297.254       290.3           0     152.667           0
94          16     297.915     291.058           0     219.767           0
94          17     298.536     291.849           0     133.834           0
94          18     299.124     292.664           0     223.393           0
94          19     299.709     293.482           0     125.608           0
94          20     300.323     294.278           0     147.443           0
94          21     300.946     295.069           0     224.638           0
94          22     301.552     295.871           0      137.33           0
94          23      302.14     296.687           0     219.377           0
94          24     302.734     297.498           0     127.318           0
94          25     303.369     298.278           0     142.334           0
94          26     304.029     299.037           0      238.71     5.53409
94          27     304.688     299.796           0     155.964     1.69435
94          28     305.321     300.578           0     120.389     19.6437
94          29     305.924     301.383           0     235.612     14.9159
94          30     306.549     302.171           0     119.262     29.4203
94          31      307.24     302.902           0     174.774     42.1055
94          32         308      303.56           0     142.783     48.9004
94          33     308.796     304.175           0     210.282     54.1684
94          34     309.554     304.836           0     136.757     17.1904
94          35     310.171      305.63           0     94.3319           0
94          36     310.675       306.5           0     127.551           0
94          37     311.243      307.33           0     149.749     3.71457
94          38     311.926     308.068           0     220.189     67.1705
94          39      312.66     308.756           0     148.393     20.7558
94          40     313.393     309.445           0     130.517           0
94          41     314.101     310.158           0     196.944           0
94          42     314.775     310.905           0     184.298           0
94          43     315.407     311.688           0     118.562           0
94          44     315.999       312.5           0     254.821           0
94          45     316.587     313.316           0     119.291           0
94          46     317.204     314.111           0     186.325           0
94          47     317.842     314.888           0      195.19           0
94          48     318.495     315.653           0     127.111           0
94          49     319.154     316.412           0     231.915           0
94          50     319.811     317.174           0     210.611           0
94          51     320.453     317.948           0     116.696           0
94          52     321.034     318.769           0     246.225           0
94          53     321.557     319.628           0     131.222           0
94          54     322.063     320.497           0     238.976           0
94          55     322.576     321.362           0     122.133           0
94          56     323.095     322.223           0     184.621           0
94          57     323.569      323.11           0     145.116           0
94          58     323.971     324.032           0     247.706           0
94          59     324.315     324.977           0     174.752           0
94          60      324.61     325.939           0     152.032           0
94          61     324.821     326.922           0     209.264           0
94          62     324.904     327.924           0     230.599           0
94          63     324.843     328.928           0     215.048           0
94          64     324.649     329.915           0     165.577           0
94          65      324.37     330.881           0     152.742           0
94          66     324.057     331.837           0     240.496           0
94          67     323.717     332.783           0     182.781           0
94          68     323.342     333.716           0     144.953           0
94          69      322.92     334.629           0      234.54           0
94          70     322.471     335.529           0     127.928           0
94          71     321.985      336.41           0     251.279           0
94          72     321.444     337.257           0     120.594           0
94          73     320.846     338.066           0     204.058           0
94          74     320.222     338.855           0     177.764           0
94          75     319.608     339.651           0     119.148           0
94          76     319.024      340.47           0     248.948           0
94          77      318.44     341.289           0     121.013           0
94          78     317.828     342.087           0     196.646           0
94          79     317.203     342.875           0     184.227           0
94          80     316.592     343.674           0     119.343           0
94          81     316.012     344.495           0     251.974           0
94          82     315.426     345.312           0     120.403           0
94          83     314.785     346.087           0     187.456           0
94          84     314.077     346.802           0      192.57           0
94          85      313.31     347.452           0      122.87           0
94          86     312.498     348.045           0     243.614           0
94          87      311.68      348.63           0     64.1068     28.0543
#1
95           0      91.844     120.417           0     89.6846     27.9832
95           1      91.911     121.409           0     232.317     7.49394
95           2     91.9645     122.403           0     245.954    0.576191
95           3     92.0512     123.393           0     241.943           0
95           4     92.2646     124.365           0     187.529           0
95           5     92.6571     125.279           0     109.806           0
95           6     93.2133     126.104           0     185.431           0
95           7     93.8653     126.855           0     193.657           0
95           8     94.5575      127.57           0     129.539           0
95           9     95.2475     128.286           0     155.051           0
95          10      95.906     129.032           0     223.722           0
95          11     96.5192     129.815           0     130.587     11.0609
95          12     97.0944     130.627           0     230.929     87.2881
95          13     97.6679     131.439           0     122.301     9.62216
95          14     98.2785     132.225           0     158.609           0
95          15     98.9015         133           0     229.851           0
95          16     99.5042     133.791           0      128.13           0
95          17     100.068     134.611           0     237.711           0
95          18     100.608     135.447           0     124.567           0
95          19     101.164     136.272           0     166.691           0
95          20     101.756      137.07           0     192.899           0
95          21     102.479     137.754           0     225.011           0
95          22     103.393     138.145           0     217.972     76.3919
95          23      104.37     138.334           0      169.76     34.2978
95          24     105.338     138.564           0     122.243     31.7073
95          25     106.257     138.944           0     240.756     35.4565
95          26     107.087     139.492           0     129.253     29.9498
95          27     107.825     140.159           0      177.07     36.2812
95          28     108.534     140.857           0     133.644     64.6585
95          29     109.316     141.472           0     212.437     5.00167
95          30     110.221     141.884           0     225.322           0
95          31     111.165     142.199           0     204.289           0
95          32     112.087     142.573           0     112.108           0
95          33     112.934     143.094           0     215.665           0
95          34     113.705     143.723           0     150.764           0
95          35     114.428     144.405           0     130.958           0
95          36     115.134     145.106           0     200.943           0
95          37     115.832     145.815           0     180.876           0
95          38     116.506     146.547           0      127.64           0
95          39     117.113     147.335           0     160.087           0
95          40     117.586      148.21           0     149.523           0
95          41     117.878     149.161           0     223.847           0
95          42     118.001     150.148           0     254.751           0
95          43      118.03     151.142           0     247.324           0
95          44     118.021     152.137           0     249.643           0
95          45     117.974     153.131           0     248.322           0
95          46     117.849     154.118           0     216.591           0
95          47     117.624     155.086           0     153.578           0
95          48     117.329     156.036           0     171.156           0
95          49     117.015      156.98           0     251.246           0
95          50     116.697     157.923           0     177.614           0
95          51     116.377     158.865           0      150.33           0
95          52     116.063     159.809           0     238.866           0
95          53     115.742      160.75           0     189.303           0
95          54     115.428     161.694           0       134.6     33.6933
95          55     115.125     162.642           0     223.014     64.6252
95          56     114.845     163.596           0     215.518     118.741
95          57     114.619     164.565           0     123.565     62.0636
95          58     114.454     165.546           0     139.184     18.0671
#1
96           0     102.318     138.035           0     252.191     19.7085
96           1     102.274     139.028           0     185.213     48.9564
96           2     102.123     140.011           0     223.655     36.2593
96           3      102.02         141           0     249.776     32.0461
96           4     102.021     141.995           0     249.703     31.9846
96           5     102.168     142.978           0     212.192     31.2483
96           6     102.481     143.922           0     132.354     34.3661
96           7     102.893     144.827           0     193.092     63.6402
96           8     103.245     145.757           0     239.847     6.44348
96           9     103.381     146.743           0     182.905           0
96          10     103.466     147.733           0     136.118           0
96          11     103.622     148.716           0      140.94           0
96          12     103.801     149.694           0     204.365           0
96          13     103.927      150.68           0     236.435           0
96          14     103.999     151.672           0     254.861           0
96          15     104.092     152.662           0     231.539           0
96          16     104.285     153.638           0     182.321           0
96          17     104.603      154.58           0     131.704           0
96          18     105.035     155.476           0      246.11           0
96          19     105.543     156.331           0     123.834           0
96          20     106.095     157.158           0     198.181           0
96          21     106.651     157.982           0     164.684           0
96          22     107.215     158.802           0     200.194           0
96          23       107.8     159.606           0     143.661           0
96          24     108.436     160.371           0     131.756           0
96          25     109.098     161.112           0     206.992           0
96          26      109.75     161.863           0     173.819           0
96          27     110.363     162.646           0     117.309     18.5561
96          28     110.945     163.453           0     240.944     38.6992
96          29     111.592     164.208           0     113.795     44.8108
96          30     112.394     164.796           0     123.149     24.8204
96          31     113.326     165.143           0      83.036      13.981
96          32     114.291     165.383           0     180.846     81.4416
96          33      115.19     165.807           0     39.1519           0
96          34     115.919     166.484           0     234.326     2.48211
96          35     116.368     167.371           0     161.217      26.046
96          36     116.648     168.325           0     114.259           0
96          37     116.958      169.27           0     244.399           0
96          38      117.35     170.184           0     151.672           0
96          39     117.798     171.072           0      203.48           0
96          40     118.302     171.929           0     177.977           0
96          41     118.825     172.775           0     173.091           0
96          42     119.336     173.628           0     116.801           0
96          43     119.783     174.517           0     199.585           0
96          44     120.199      175.42           0     204.175           0
96          45     120.638     176.312           0     114.331           0
96          46      121.12     177.182           0     189.151           0
96          47     121.555     178.076           0     141.568           0
96          48     121.852     179.025           0     217.217           0
96          49     121.986     180.011           0     251.454           0
96          50     122.018     181.005           0     250.444           0
96          51     122.014     181.999           0     251.462           0
96          52     122.005     182.994           0     253.626           0
96          53     122.003     183.988           0     254.251           0
96          54         122     184.982           0      254.92           0
96          55     121.998     185.977           0     254.534           0
96          56     121.998     186.971           0     254.424           0
96          57     121.999     187.966           0     254.691           0
96          58         122      188.96           0     254.909           0
96          59     122.002     189.955           0      11.499           0
#1
97           0     116.356      166.15           0     241.387     118.818
97           1     117.335     165.955           0      243.47     97.5814
97           2     118.278     165.627           0     141.919     66.1758
97           3     119.215     165.284           0     182.656     11.5574
97           4     120.157     164.954           0     243.313     2.29577
97           5     121.104     164.638           0     155.315           0
97           6      122.05     164.318           0     173.846           0
97           7     122.989      163.98           0     249.941           0
97           8     123.904     163.582           0     148.433           0
97           9      124.78     163.103           0     184.199           0
97          10     125.634     162.586           0     121.662           0
97          11     126.515     162.117           0     225.161           0
97          12     127.452     161.772           0      134.19     5.72461
#1
98           0     126.406     31.9779           0           0           0
98           1     125.956     32.8713           0     212.405           0
98           2     125.538     33.7805           0     122.036           0
98           3     125.208     34.7251           0     201.872           0
98           4     124.957     35.6935           0     243.939           0
98           5     124.718     36.6651           0     182.973           0
98           6     124.458     37.6315           0     130.284           0
98           7     124.209     38.6006           0     201.623           0
98           8     123.983     39.5753           0     250.697           0
98           9     123.753     40.5489           0     191.922           0
98          10     123.496      41.516           0     127.532           0
98          11      123.24     42.4833           0     193.783           0
98          12     123.008     43.4565           0      253.02           0
98          13     122.772      44.429           0     196.938           0
98          14     122.505     45.3932           0     127.782           0
98          15     122.239     46.3579           0      193.96     13.9815
98          16     122.049     47.3402           0     242.474     64.0987
98          17      121.97     48.3376           0     247.444           0
98          18     121.963     49.3382           0     245.628           0
98          19     121.989     50.3384           0     252.087           0
98          20      122.06     51.3365           0     239.805           0
98          21     122.213     52.3252           0     200.602           0
98          22     122.442     53.2992           0     133.435     18.0917
98          23     122.663     54.2751           0     169.079     32.2935
98          24     122.765     55.2705           0     194.986     31.8977
98          25     122.738     56.2707           0     155.371     31.8826
98          26     122.721     57.2711           0     101.696     32.9408
98          27     122.804     58.2683           0     205.025     29.9172
98          28     122.958     59.2569           0      244.24           0
98          29     123.159      60.237           0     214.379           0
98          30      123.41     61.2058           0     141.078           0
98          31     123.679     62.1694           0     173.139           0
98          32      123.92     63.1404           0     234.711           0
98          33     124.142      64.116           0     218.678           0
98          34     124.393     65.0847           0      150.14           0
98          35     124.662     66.0485           0     168.766           0
98          36     124.873     67.0265           0      222.64           0
98          37     124.981     68.0213           0     250.049           0
98          38     125.011     69.0214           0      252.23   0.0254665
98          39     125.009     70.0219           0     252.655           0
98          40         125     71.0225           0     254.883           0
98          41      124.99      72.023           0     252.451           0
98          42     124.989     73.0236           0     252.251           0
98          43     125.023     74.0236           0     249.215           0
98          44     125.137     75.0176           0     220.098           0
98          45     125.356     75.9938           0     164.114           0
98          46     125.628     76.9568           0     157.301     19.2831
98          47     125.851     77.9322           0     217.007     32.3456
98          48      125.97     78.9256           0     247.362     31.9688
98          49     126.004     79.9256           0     253.909     31.8787
98          50         126     80.9262           0     254.883     1.55132
98          51     125.994     81.9267           0     253.524           0
98          52      126.02      82.927           0     249.893           0
98          53     126.125      83.922           0     223.123           0
98          54     126.335     84.9002           0     169.458           0
98          55     126.601     85.8648           0      146.34           0
98          56     126.826     86.8398           0     210.595           0
98          57     126.951     87.8326           0     242.437           0
98          58     126.995     88.8322           0     253.703           0
98          59     127.027     89.8322           0     248.219           0
98          60      127.12     90.8284           0     224.339           0
98          61     127.317     91.8095           0     174.265           0
98          62     127.574     92.7764           0     137.941           0
98          63     127.801      93.751           0      204.18           0
98          64     127.939     94.7419           0     239.493           0
98          65     128.015     95.7396           0     251.116           0
98          66     128.114     96.7352           0     225.823           0
98          67     128.301     97.7181           0      178.13           0
98          68     128.554     98.6863           0     132.642           0
98          69     128.789     99.6589           0     201.197           0
98          70     128.939     100.648           0     239.503           0
98          71         129     101.647           0     254.953           0
98          72     129.011     102.647           0     252.186           0
98          73     129.007     103.648           0      253.18           0
98          74     129.003     104.648           0      254.32           0
98          75         129     105.649           0     254.886           0
98          76     128.999      106.65           0     254.747           0
98          77     128.996      107.65           0      254.01           0
98          78     128.991     108.651           0     252.695           0
98          79     128.989     109.651           0     252.134           0
98          80      129.01     110.652           0     252.555           0
98          81     129.094     111.649           0     230.975           0
98          82     129.277     112.632           0     184.449           0
98          83     129.529     113.601           0     128.969           0
98          84     129.769     114.572           0     196.219           0
98          85     129.929      115.56           0     236.861           0
98          86     129.994     116.558           0     253.442           0
98          87     130.003     117.559           0     254.293           0
98          88     129.996     118.559           0     254.087           0
98          89     130.009      119.56           0     252.604           0
98          90     130.084     120.557           0     233.519           0
98          91     130.256     121.543           0     189.629           0
98          92     130.503     122.513           0     127.522           0
98          93     130.749     123.483           0     191.032           0
98          94     130.919     124.469           0     234.404           0
98          95     130.994     125.466           0     253.578           0
98          96     131.011     126.467           0     252.258           0
98          97     131.005     127.467           0     253.642           0
98          98     130.995     128.468           0     253.832    0.138878
98          99     130.989     129.468           0     252.292    0.169636
98         100     131.003     130.469           0     254.135           0
98         101     131.073     131.467           0      236.34           0
98         102     131.236     132.454           0     194.752           0
98         103     131.479     133.425           0     128.305           0
98         104     131.731     134.393           0     186.471           0
98         105     131.915     135.377           0     233.383           0
98         106     132.002     136.373           0     254.561           0
98         107      132.01     137.374           0     252.457           0
98         108     131.946     138.372           0     241.143           0
98         109      131.79     139.361           0     201.333           0
98         110     131.553     140.333           0     132.036           0
98         111     131.301     141.301           0     178.216           0
98         112     131.104     142.282           0     228.564           0
98         113     130.961     143.273           0     245.067           0
98         114     130.797      144.26           0     203.295           0
98         115     130.566     145.233           0     136.541           0
98         116      130.31       146.2           0     175.935           0
98         117     130.113     147.181           0     226.207           0
98         118     130.017     148.177           0     250.595           0
98         119     129.995     149.178           0     253.738           0
98         120     130.001     150.178           0     254.722           0
98         121     130.001     151.179           0     254.636           0
98         122      129.96     152.178           0     244.732           0
98         123     129.833     153.171           0     212.316           0
98         124     129.609     154.146           0     147.242           0
98         125     129.342      155.11           0     167.914           0
98         126     129.096      156.08           0     230.576           0
98         127      128.87     157.055           0     221.828           0
98         128      128.61     158.021           0     154.314           0
98         129     128.324      158.98           0      170.68           0
98         130     128.114     159.958           0     225.858           0
98         131     128.147     160.958           0     217.414           0
98         132     128.556     161.871           0     138.184     24.0194
98         133      129.14     162.684           0     93.7233           0
98         134     129.686     163.523           0     174.823           0
98         135     130.157     164.405           0     215.008           0
98         136     130.602     165.302           0     117.214           0
98         137     131.089     166.175           0     191.485           0
98         138     131.604     167.033           0           0           0
#1
99           0     352.792       473.2           0     204.053     76.1696
99           1     353.536     472.538           0     126.805     30.8717
99           2     354.354      471.97           0     247.275           0
99           3     355.132     471.347           0     98.7652           0
99           4     355.789     470.598           0      201.15           0
99           5     356.321     469.756           0     150.864           0
99           6     356.723     468.844           0     184.317           0
99           7     357.064     467.909           0     238.554           0
99           8     357.355     466.956           0     161.242           0
99           9     357.554      465.98           0     141.194           0
99          10     357.551     464.983           0     140.088           0
99          11     357.364     464.005           0     161.789           0
99          12     357.135     463.035           0     220.598           0
99          13     356.912     462.065           0      232.56           0
99          14     356.663       461.1           0     168.991           0
99          15     356.393     460.141           0     147.124           0
99          16     356.168     459.171           0     212.046           0
99          17     356.037     458.183           0     245.619           0
99          18     355.984     457.188           0     250.863           0
99          19     355.972     456.192           0      247.85           0
99          20     355.999     455.196           0     254.656           0
99          21     356.116     454.207           0     225.334           0
99          22     356.399     453.252           0     153.292           0
99          23     356.863     452.371           0     151.472           0
99          24     357.465     451.577           0     128.862           0
99          25     358.138     450.842           0     190.687           0
99          26     358.844      450.14           0     190.759           0
99          27     359.576     449.464           0     128.904           0
99          28     360.344      448.83           0     153.673           0
99          29     361.163     448.262           0      188.09           0
99          30     362.019     447.752           0     189.432           0
99          31     362.904     447.295           0     169.695           0
99          32     363.793     446.847           0     215.867           0
99          33     364.684       446.4           0     136.896           0
99          34     365.554     445.915           0     233.355           0
99          35     366.387     445.369           0     119.941           0
99          36     367.159     444.739           0      169.04           0
99          37     367.868     444.039           0     213.969           0
99          38      368.52     443.286           0     129.708           0
99          39     369.105     442.479           0     242.211           0
99          40     369.554      441.59           0     208.462           0
99          41     369.831     440.634           0     211.976           0
99          42      369.97     439.647           0     247.407           0
99          43     370.006     438.652           0     253.522           0
99          44     369.952     437.657           0     242.855           0
99          45     369.799     436.673           0     203.804           0
99          46     369.561     435.705           0     133.874           0
99          47     369.304     434.743           0     177.566           0
99          48     369.112     433.765           0     226.386           0
99          49      369.02     432.773           0     249.924           0
99          50     368.985     431.778           0     251.146           0
99          51     368.944     430.783           0     240.692           0
99          52     368.859      429.79           0     218.921           0
99          53     368.752       428.8           0     166.045           0
99          54     368.713     427.804           0     94.4728           0
99          55     368.788     426.811           0     200.858           0
99          56     368.897     425.821           0     228.768           0
99          57     368.966     424.827           0     246.206           0
99          58     368.997     423.831           0     254.266           0
99          59     369.045     422.836           0     243.465           0
99          60     369.172     421.848           0     211.256           0
99          61     369.396     420.877           0     147.571           0
99          62     369.662     419.917           0     168.707           0
99          63     369.876     418.945           0     223.472           0
99          64     369.974     417.953           0      248.26     8.86877
99          65     369.994     416.957           0     253.533     29.1417
99          66     369.992     415.961           0     253.058    0.920933
99          67     369.989     414.965           0     252.274     31.5344
99          68     369.989     413.969           0     252.268     31.5345
#1
100           0     366.065     417.782           0     52.0789     31.3514
100           1     365.992      416.78           0     197.239     31.9132
100           2     365.967     415.775           0      55.419     31.9302
100           3      366.11     414.781           0     226.934     34.0039
100           4      366.67     413.948           0     84.0928     50.8562
100           5      367.59     413.543           0           0     51.7869
100           6      368.56     413.283           0           0     49.5657
100           7     369.428     412.778           0     109.025           0
100           8     369.911     411.898           0      232.29           0
100           9     370.001     410.897           0     254.645           0
100          10      369.88       409.9           0     224.329           0
100          11     369.636     408.925           0     156.921           0
100          12     369.354     407.961           0     164.661           0
100          13     369.135      406.98           0     220.468           0
100          14     369.031     405.981           0     247.122           0
100          15     369.011     404.977           0     252.152           0
100          16     369.013     403.972           0     251.779           0
100          17     368.963     402.969           0     245.482           0
100          18     368.746     401.988           0     190.123           0
100          19     368.313     401.081           0     79.7938           0
100          20     367.704     400.282           0       183.2           0
100          21     366.991     399.574           0     253.654           0
100          22      366.24     398.907           0     231.202           0
#1
101           0     159.848     131.794           0      247.01           0
101           1     160.795     132.079           0     234.821     94.0687
101           2     161.673     132.535           0     118.684     91.6359
101           3     162.455      133.14           0     116.068     77.1038
101           4     163.103     133.888           0     228.799     63.4478
101           5     163.635     134.721           0     142.788     46.6245
101           6     164.184     135.544           0     207.972     4.06407
101           7     164.811     136.309           0     97.1952           0
101           8     165.538      136.98           0     249.918           0
101           9     166.298     137.614           0     115.756           0
101          10     167.038      138.27           0     181.719           0
101          11     167.767     138.938           0     187.226           0
101          12     168.544     139.551           0     192.691           0
101          13     169.376     140.086           0     233.087           0
101          14     170.219     140.603           0     112.811           0
101          15     171.026     141.175           0     206.109           0
101          16     171.782     141.813           0     172.467           0
101          17     172.497     142.496           0     127.506           0
101          18     173.201     143.191           0     174.621           0
101          19     173.901      143.89           0     207.224           0
101          20     174.598     144.591           0     132.081           0
101          21     175.295     145.293           0      127.01           0
101          22     175.992     145.995           0  0.00960466           0
#1
102           0     246.623     365.746           0     118.489     38.9477
102           1     247.601     365.896           0     228.364      31.159
102           2     248.578      366.05           0      242.18     20.6896
102           3     249.545     366.255           0     189.942     4.06585
102           4     250.502     366.507           0     127.506     2.12581
102           5     251.462     366.745           0      189.91           0
102           6     252.438     366.903           0      230.22     7.27295
102           7     253.426     366.966           0     246.292     22.3355
102           8     254.415     366.975           0     248.646     31.1073
102           9     255.402      367.03           0     247.454     61.6728
102          10      256.37     367.234           0     195.369           0
102          11     257.276      367.63           0     112.673           0
102          12     258.093     368.189           0     192.154           0
102          13     258.841     368.836           0     185.881           0
102          14     259.549     369.526           0     128.161           0
102          15     260.233     370.241           0     162.767           0
102          16     260.885     370.985           0     222.715           0
102          17     261.488     371.769           0     125.816           0
102          18     262.023     372.601           0     249.203           0
102          19     262.502     373.466           0     127.466     19.0075
102          20     262.938     374.355           0       239.1     23.3951
102          21     263.347     375.255           0     146.607     77.8159
102          22     263.708     376.176           0     180.612     12.1604
102          23     264.026     377.113           0     248.366      1.3736
102          24     264.323     378.056           0     162.919           0
102          25     264.627     378.997           0    0.267256           0
#1
103           0     231.207      452.19           0     244.955     112.313
103           1     232.157     451.879           0      193.81     39.7337
103           2     233.076     451.487           0     130.911     50.8282
103           3      234.03     451.187           0     207.272     24.4767
103           4     235.018     451.036           0     245.816           0
103           5     236.014      450.96           0     244.761           0
103           6     237.007     450.846           0     215.713           0
103           7     237.984     450.637           0     162.526           0
103           8     238.949     450.376           0     155.862           0
103           9     239.924     450.157           0     214.909           0
103          10     240.915     450.024           0     248.994           0
103          11      241.91     449.932           0     237.777           0
103          12     242.903     449.817           0     208.313           0
103          13     243.891     449.668           0     18.5566     8.71042
#1
104           0     234.321     196.861           0     94.6078      60.063
104           1     235.328     196.866           0     220.932     60.1345
104           2     236.328      196.98           0     249.883     3.12274
104           3     237.306     197.215           0      200.11     1.98218
104           4     238.228     197.619           0     110.915           0
104           5     239.059     198.187           0      197.93           0
104           6     239.828     198.836           0     183.698     11.5164
104           7     240.551     199.536           0     128.434     26.8063
104           8      241.26      200.25           0     158.078     24.3359
104           9     241.968     200.965           0     238.575     40.9392
104          10     242.679     201.678           0     143.712      17.819
104          11     243.392     202.388           0      133.68     17.4971
104          12     244.105     203.098           0     208.481     1.00586
104          13     244.812     203.815           0     177.495       5.014
104          14     245.499      204.55           0     127.467           0
104          15     246.147      205.32           0     159.972           0
104          16     246.742     206.131           0     189.255           0
104          17     247.312      206.96           0     175.358           0
104          18     247.871     207.798           0     183.772           0
104          19     248.426     208.637           0     122.359           0
104          20     248.947     209.498           0     241.446           0
104          21      249.43     210.381           0     131.766           0
104          22     249.885     211.279           0     225.606           0
104          23     250.338     212.177           0     154.139           0
104          24     250.784     213.079           0     199.988           0
104          25      251.24     213.977           0     193.883           0
104          26     251.687     214.878           0     163.484           0
104          27     252.143     215.775           0     218.469           0
104          28     252.603      216.67           0     136.469           0
104          29     253.094     217.549           0     231.084           0
104          30     253.607     218.414           0     122.798           0
104          31     254.113     219.284           0     170.054     14.4801
104          32     254.517     220.206           0      131.89     22.3203
104          33     254.775     221.179           0     197.568     36.3032
104          34     254.919     222.175           0      238.03     98.1132
104          35     254.992     223.179           0     254.648     104.825
104          36     255.011     224.185           0     252.118     84.2366
104          37     255.013     225.191           0     251.629           0
104          38     255.013     226.197           0     251.618           0
104          39     255.004     227.204           0     253.874           0
104          40     254.954     228.209           0     243.364     25.3243
104          41     254.817     229.206           0     208.444     11.3822
104          42     254.586     230.185           0     141.281     12.4997
104          43     254.326     231.157           0     171.905     87.3468
104          44     254.156     232.149           0     215.236     73.3657
104          45     254.178     233.155           0     209.727      49.651
104          46     254.388      234.14           0     148.022     40.5947
104          47     254.688       235.1           0     175.491      60.054
104          48     254.995     236.059           0     253.775    0.503116
104          49     255.285     237.022           0     178.332           0
104          50     255.572     237.987           0     1.44471           0
#1
105           0     102.453     370.444           0      193.06     33.8335
105           1     101.841     369.647           0     153.132     40.1403
105           2     101.108     368.961           0     218.625     46.7278
105           3      100.32     368.337           0     142.459           0
105           4     99.4912     367.769           0     126.287           0
105           5     98.6097     367.287           0     181.805    0.629897
105           6     97.7019     366.857           0     218.433     28.0386
105           7     96.8054     366.403           0     112.411     19.9289
105           8     95.9749     365.838           0     209.274     17.5462
105           9     95.2078     365.189           0     173.881     37.6612
105          10     94.4814     364.495           0     127.551     31.1325
105          11     93.7696     363.786           0     166.764     23.8116
105          12     93.0592     363.075           0     223.025     41.1633
105          13     92.3518     362.362           0      137.96     12.4183
105          14     91.6642     361.629           0     138.306           0
105          15     91.0292      360.85           0     210.521           0
105          16     90.4852     360.006           0     131.236           0
105          17     90.0418     359.104           0     244.351           0
105          18       89.62     358.192           0     158.093           0
105          19     89.1468     357.306           0     162.451           0
105          20     88.6219     356.449           0     124.345           0
105          21      88.114     355.582           0     225.926           0
105          22     87.6561     354.688           0     142.475           0
105          23     87.2732     353.759           0     185.339           0
105          24     86.9317     352.814           0     237.578           0
105          25     86.5892      351.87           0     144.313           0
105          26     86.2015     350.943           0     203.628           0
105          27      85.762     350.039           0     194.308           0
105          28     85.3156     349.139           0     161.432           0
105          29     84.8761     348.236           0     223.398           0
105          30     84.4955     347.306           0     127.949           0
105          31     84.1983     346.346           0     204.444           0
105          32     83.9635     345.369           0      245.68           0
105          33      83.733     344.391           0     186.904           0
105          34     83.4764      343.42           0     128.465           0
105          35      83.222     342.448           0     198.379           0
105          36     82.9917      341.47           0     252.883           0
105          37     82.7589     340.493           0     193.515           0
105          38     82.5033     339.521           0     127.535           0
105          39     82.2607     338.546           0     188.532           0
105          40     82.0793     337.558           0     234.791           0
105          41     81.9396     336.563           0     239.601           0
105          42     81.7624     335.574           0     194.412           0
105          43     81.5216     334.598           0     128.583           0
105          44     81.2658     333.627           0     187.229           0
105          45      81.057     332.644           0     240.475           0
105          46     80.9019     331.651           0     229.981     10.5835
105          47      80.754     330.658           0      126.44     41.9322
#1
106           0     80.4469     151.053           0     6.02667           0
106           1     80.7285     152.012           0     185.777           0
106           2     81.0118     152.971           0     251.987           0
106           3      81.312     153.924           0     175.447           0
106           4     81.6076     154.879           0     148.304           0
106           5     81.8398     155.851           0     214.156           0
106           6     81.9675     156.843           0     246.702           0
106           7     82.0073     157.842           0      253.14           0
106           8     82.0112     158.841           0     252.136           0
106           9     82.0059     159.841           0     253.486           0
106          10     82.0019     160.841           0     254.525           0
106          11     82.0003      161.84           0     254.931           0
106          12          82      162.84           0     254.999           0
106          13     82.0001      163.84           0     254.968           0
106          14     82.0003     164.839           0     254.935           0
106          15     82.0003     165.839           0     254.919           0
106          16     82.0003     166.839           0     254.916           0
106          17     82.0003     167.838           0     254.926           0
106          18     82.0002     168.838           0     254.953           0
106          19          82     169.838           0      254.99           0
106          20     82.0001     170.837           0     254.969           0
106          21     82.0012     171.837           0     254.686           0
106          22     82.0046     172.837           0      253.82           0
106          23     82.0103     173.836           0     252.369           0
106          24     82.0115     174.836           0     252.058           0
106          25     81.9849     175.835           0     251.151           0
106          26     81.8859      176.83           0     225.897           0
106          27      81.684     177.809           0     174.427           0
106          28     81.4202     178.773           0     138.615           0
106          29     81.1832     179.744           0     208.273           0
106          30       81.04     180.734           0     244.792     13.4769
106          31     81.0094     181.733           0     252.599     37.5983
106          32     81.0921     182.729           0     231.517     59.7666
106          33     81.2849      183.71           0     182.338     38.0403
106          34     81.5448     184.675           0     131.507     39.2978
106          35     81.7797     185.647           0     198.821     5.05364
106          36      81.944     186.633           0      240.73     27.7261
106          37       82.07     187.625           0     237.159     36.7196
106          38     82.2189     188.613           0     199.178     37.2663
106          39     82.3771       189.6           0      158.84     18.0994
106          40     82.4549     190.597           0     208.227           0
#1
107           0     224.831     254.006           0     1.18568           0
107           1     224.899      255.02           0     229.206           0
107           2     224.953     256.036           0     242.895           0
107           3     225.015     257.051           0     251.049           0
107           4     225.151     258.059           0     216.572           0
107           5     225.384     259.049           0     154.119           0
107           6     225.652     260.031           0     166.236           0
107           7      225.87     261.024           0     221.906           0
107           8     225.982     262.035           0     250.355           0
107           9     226.013     263.052           0     251.607           0
107          10     226.013     264.069           0     251.729           0
107          11     226.007     265.086           0     253.271           0
107          12     226.004     266.103           0     254.037           0
107          13     226.005      267.12           0      253.68           0
107          14      226.01     268.137           0     252.326     5.94998
107          15      226.02     269.154           0     249.879     31.5541
107          16     225.993     270.171           0     253.262     33.5165
107          17     225.917     271.186           0     233.947     35.6096
107          18      225.77     272.192           0     196.344     45.4746
107          19     225.563     273.188           0     164.517     38.8999
107          20     225.346     274.182           0     224.735           0
#1
108           0     74.4287     477.405           0      65.014     31.6167
108           1     75.3648     477.631           0     118.503     36.3317
108           2     76.3057     477.835           0     147.784     33.7088
108           3     77.2672     477.785           0        53.5     68.2182
108           4     78.1644     477.436           0     116.479     75.8323
108           5     79.0251     477.004           0     253.934     20.3496
108           6     79.9082     476.621           0     246.126           0
#1
109           0     270.261     522.584           0     78.5026     26.2242
109           1     270.114     521.595           0     225.857     16.4262
109           2     269.963     520.608           0     245.578           0
109           3     269.776     519.626           0     197.897           0
109           4     269.573     518.648           0         133     2.48495
109           5     269.456     517.655           0     138.604     28.5837
109           6     269.532     516.659           0      124.87           0
109           7     269.763     515.687           0     194.519           0
109           8     270.071     514.737           0     236.987           0
109           9     270.393     513.791           0     143.367           0
109          10     270.716     512.845           0     182.578           0
109          11     271.034     511.898           0     246.349           0
109          12     271.348     510.949           0      162.45           0
109          13     271.664     510.002           0     169.152           0
109          14      271.98     509.054           0     249.844           0
109          15     272.315     508.113           0     174.697           0
109          16     272.691     507.187           0     158.034           0
109          17     273.117     506.283           0     225.154           0
109          18     273.556     505.386           0     130.782           0
109          19     274.005     504.493           0     253.644           0
109          20     274.455     503.601           0     129.832           0
109          21     274.894     502.704           0     228.036           0
109          22     275.312     501.796           0     155.905           0
109          23     275.655     500.857           0     166.962           0
109          24     275.913     499.892           0     232.888           0
109          25     276.133     498.918           0     221.154           0
109          26     276.402     497.955           0     150.297           0
109          27     276.756     497.021           0     189.978           0
109          28     277.168     496.111           0     212.253           0
109          29     277.574     495.198           0     138.966     2.41273
109          30     277.969      494.28           0      247.01     108.538
109          31     278.359      493.36           0     117.503     92.0489
109          32     278.748      492.44           0     190.646     21.1905
109          33     279.124     491.514           0     223.451           0
109          34     279.469     490.577           0       128.7           0
109          35     279.795     489.632           0     202.685           0
109          36     280.113     488.685           0     226.156           0
109          37     280.417     487.733           0     137.333           0
109          38     280.698     486.774           0      178.07           0
109          39     280.938     485.804           0     239.151           0
109          40     281.159      484.83           0     214.529           0
109          41     281.409     483.863           0     144.405           0
109          42     281.673     482.899           0     171.722           0
109          43     281.879     481.922           0     224.201           0
109          44     281.982     480.928           0      250.52           0
109          45      282.01     479.929           0     252.475           0
109          46     282.005      478.93           0     253.612           0
109          47     281.994     477.931           0     253.472           0
109          48     281.992     476.932           0     252.858           0
109          49     282.025     475.933           0     248.526           0
109          50     282.141     474.941           0     219.118           0
109          51     282.362     473.966           0     160.306           0
109          52     282.648     473.009           0     164.605           0
109          53      282.93      472.05           0     237.031           0
109          54     283.166      471.08           0     212.606           0
109          55      283.26     470.085           0     249.361           0
109          56     283.018     469.116           0     250.983     39.4796
109          57       282.6     468.208           0     112.665     15.6893
109          58     282.176     467.304           0     210.208           0
109          59     281.799     466.378           0     203.718           0
109          60     281.483      465.43           0      128.09           0
109          61     281.235     464.463           0      195.17     24.4844
109          62     281.063     463.478           0     238.862     37.2167
109          63      280.93     462.488           0     237.212     8.41973
109          64     280.754     461.505           0      192.16           0
109          65     280.502     460.538           0     127.532           0
109          66       280.2     459.585           0     203.905           0
109          67     279.881     458.638           0     224.644           0
109          68     279.573     457.688           0     134.463           0
109          69     279.291     456.729           0     180.837           0
109          70      279.05      455.76           0     242.311           0
109          71     278.829     454.785           0     211.337           0
109          72      278.61      453.81           0     174.474     18.5727
109          73      278.43     452.828           0      236.11     111.908
109          74     278.285     451.839           0     182.446     75.1414
109          75     278.096     450.858           0     230.433     9.65868
109          76     277.848      449.89           0     216.156           0
109          77       277.5     448.954           0      127.49           0
109          78     277.029     448.072           0     230.217           0
109          79      276.49     447.231           0     128.894     26.8974
109          80      275.93     446.404           0     237.196     44.7414
109          81     275.349     445.591           0     120.478           0
109          82     274.731     444.806           0     163.524           0
109          83     274.127      444.01           0     220.765           0
109          84     273.596     443.163           0     110.961     15.0571
109          85     273.238     442.231           0     194.267     33.0326
109          86     273.065     441.247           0     238.384      58.088
109          87     272.976     440.251           0     248.789     35.8807
109          88     272.818     439.265           0     208.572     34.4507
109          89     272.473     438.327           0     210.992     59.5562
#1
110           0     246.312     393.016           0     1.30813           0
110           1      246.89     393.843           0     191.249           0
110           2     247.448     394.683           0     122.602           0
110           3     247.963     395.549           0     245.646           0
110           4      248.45     396.433           0     129.228           0
110           5     248.956     397.305           0     243.844           0
110           6     249.548     398.121           0     118.241           0
110           7     250.228     398.866           0     170.505           0
110           8      250.93     399.589           0     147.049      33.114
110           9     251.519     400.408           0     204.945           0
110          10     251.844     401.362           0     215.301           0
110          11     251.987      402.36           0     251.573           0
110          12     252.079     403.364           0     234.844           0
110          13     252.225     404.362           0     197.564     27.0548
110          14     252.452     405.345           0     131.283     155.696
110          15     252.702     406.322           0     178.914     71.1339
110          16     252.889     407.312           0     226.705     5.55501
110          17     252.978     408.317           0     249.328    0.110654
110          18         253     409.325           0     254.983           0
110          19     253.011     410.333           0     252.201           0
110          20     253.065      411.34           0     238.319           0
110          21     253.206     412.338           0      202.45           0
110          22     253.421     413.323           0     134.586           0
110          23      253.64     414.308           0     163.258           0
110          24     253.817       415.3           0     208.407           0
110          25     254.047     416.282           0     246.434           0
110          26     254.579     417.139           0     219.637     13.4889
110          27     255.351     417.786           0     105.818     63.6687
110          28     256.167     418.379           0     148.026    0.121158
110          29     256.956     419.008           0     241.791           0
110          30     257.697     419.691           0      146.69           0
110          31     258.398     420.416           0      131.88           0
110          32     259.051     421.184           0     199.835           0
110          33     259.641     422.002           0     163.363           0
110          34     260.143     422.876           0     218.487           0
110          35      260.57      423.79           0      137.86           0
110          36     261.004       424.7           0     254.079           0
110          37     261.527     425.562           0      196.13           0
110          38     262.196     426.316           0     155.976     66.7082
110          39     262.967     426.967           0     238.551      86.012
#1
111           0     253.017     433.589           0     1.77794           0
111           1     253.843      433.05           0     204.103           0
111           2     254.677     432.525           0     125.251           0
111           3     255.528     432.028           0     247.797           0
111           4     256.399     431.565           0     130.855           0
111           5      257.28     431.124           0     223.395           0
111           6     258.159     430.678           0     158.419           0
111           7     259.029     430.213           0     200.714           0
111           8     259.844     429.659           0     167.983           0
111           9     260.584     429.008           0      148.64           0
111          10     261.256     428.287           0      54.384           0
111          11     262.017     427.659           0      1.4532     46.8921
111          12     262.969     427.404           0     147.258           0
111          13     263.943     427.554           0       139.8           0
111          14     264.904     427.773           0      197.07           0
111          15     265.886     427.857           0     218.545           0
111          16     266.869     427.782           0     199.484     40.3123
111          17     267.848     427.666           0      97.993     58.5271
111          18     268.831     427.593           0     103.817     37.4847
111          19     269.813     427.509           0      230.77           0
#1
112           0     289.136     295.983           0           0           0
112           1      289.81     296.734           0     151.646           0
112           2     290.477     297.492           0       127.6           0
112           3     291.116     298.273           0     172.067           0
112           4     291.696     299.098           0     177.436           0
112           5      292.22     299.961           0      198.99           0
112           6     292.686     300.855           0     161.229           0
112           7     293.142     301.755           0     218.669           0
112           8     293.587     302.661           0     134.674           0
112           9     294.036     303.565           0      245.77           0
112          10     294.482      304.47           0     127.773           0
112          11     294.928     305.375           0     236.593           0
112          12     295.384     306.275           0     140.775           0
112          13     295.854     307.168           0     217.895           0
112          14     296.371     308.035           0     158.078           0
112          15      296.92     308.881           0     209.257           0
112          16     297.478     309.722           0     124.984           0
112          17     298.001     310.585           0     254.659           0
112          18     298.484     311.471           0     127.734           0
112          19     298.937     312.373           0      238.83           0
112          20      299.39     313.275           0     140.166           0
112          21     299.846     314.174           0     215.856           0
112          22     300.322     315.065           0      161.82           0
112          23     300.792     315.957           0      2.2699     1.03298
#1
113           0     124.947     208.055           0     13.3178           0
113           1     124.963     209.049           0     245.565           0
113           2     124.968     210.042           0     246.802           0
113           3     124.973     211.036           0     248.024           0
113           4     125.035     212.027           0     246.077           0
113           5     125.258     212.995           0     189.137           0
113           6     125.704     213.883           0      75.427           0
113           7     126.277     214.695           0     177.276     12.4508
113           8     126.765     215.561           0      221.34     20.1386
113           9     126.987     216.529           0     251.676           0
113          10     127.033     217.522           0      246.66           0
113          11     127.024     218.515           0      248.89           0
113          12     127.009     219.509           0     252.821           0
113          13     126.993     220.502           0     253.231           0
113          14      126.97     221.495           0     247.423           0
113          15     126.945     222.489           0     240.866           0
113          16     126.969     223.482           0     247.021           0
113          17     127.174     224.454           0      135.14     9.23823
113          18     127.606     225.349           0     154.516     49.7387
113          19     128.129     226.194           0     185.507     2.94588
113          20     128.569     227.084           0     145.135           0
113          21     128.897     228.022           0     228.705           0
113          22     129.219     228.962           0     199.127           0
113          23     129.683     229.841           0     80.9535           0
113          24      130.27     230.642           0     163.753     3.70467
113          25     130.795     231.486           0      229.63      27.276
113          26     131.059     232.444           0     239.968           0
113          27      131.15     233.433           0     216.657           0
113          28     131.266      234.42           0     187.245      51.884
113          29      131.47     235.392           0     129.137     25.0634
113          30     131.717     236.355           0     182.804           0
113          31     131.948     237.321           0      241.71           0
113          32     132.179     238.287           0     209.416           0
113          33     132.466     239.238           0     132.005           0
113          34     132.835     240.161           0     212.933           0
113          35     133.268     241.055           0     180.116           0
113          36      133.73     241.935           0     178.553           0
113          37     134.228     242.794           0     196.741           0
113          38     134.755     243.637           0       145.3           0
113          39      135.31     244.461           0     131.296           0
113          40     135.856     245.291           0     218.325           0
113          41       136.4     246.123           0     134.296           0
113          42     136.933     246.961           0    0.667227           0
#1
114           0     54.9732     342.131           0           0           0
114           1     55.7263      342.81           0     149.924           0
114           2     56.4859     343.481           0      127.64           0
114           3     57.2724      344.12           0     171.631           0
114           4     58.1079     344.694           0     176.847           0
114           5      58.979     345.212           0     201.015           0
114           6     59.8595     345.714           0     166.685           0
114           7     60.6862       346.3           0     178.487           0
114           8     61.4401     346.978           0     112.905           0
114           9     62.1293     347.721           0     222.036           0
114          10      62.883     348.398           0     107.631     21.1808
114          11     63.8502       348.7           0     178.544           0
114          12     64.8595     348.607           0     107.814           0
114          13     65.8718     348.558           0     112.828           0
114          14     66.8656     348.756           0     175.319           0
114          15      67.803     349.142           0     218.817           0
114          16     68.7133     349.588           0     137.022           0
114          17     69.6181     350.044           0     243.705           0
114          18     70.5211     350.504           0     127.548           0
114          19     71.4243     350.964           0     245.947           0
114          20     72.3276     351.424           0     134.175           0
114          21     73.2327      351.88           0     224.495           0
114          22     74.1295     352.353           0     143.712           0
114          23     75.0268     352.824           0           0           0
#1
115           0     79.0178     233.347           0           0           0
115           1     78.0657     233.662           0     157.754           0
115           2     77.1102     233.966           0     246.439           0
115           3     76.1614     234.291           0     180.707           0
115           4     75.2346     234.674           0     151.082           0
115           5     74.3492     235.145           0     217.961           0
115           6      73.518     235.706           0     125.611     30.5658
115           7     72.7714     236.376           0     144.695     43.3696
115           8     72.1095     237.129           0     227.089     17.6104
115           9     71.5232     237.943           0     248.029           0
115          10     70.9457     238.763           0      251.71           0
115          11     70.2771      239.51           0     124.949     34.7157
115          12     69.5747     240.226           0     108.453     70.3185
115          13     68.9129     240.979           0     232.782     40.1857
115          14     68.3617     241.817           0     149.851     36.3156
115          15     67.8929     242.703           0     227.685     34.9077
115          16     67.5088      243.63           0     126.917     33.7781
115          17      67.211     244.587           0     201.206     30.5188
115          18     66.9742     245.562           0     248.421     24.8915
115          19     66.7429     246.538           0     189.437     16.9969
115          20      66.487     247.507           0     127.548     8.60618
115          21     66.2473     248.481           0      191.93     3.36592
115          22     66.0858     249.471           0     233.119    0.872832
115          23     66.0143     250.471           0     251.357   0.0212317
115          24     65.9787     251.473           0     249.568           0
115          25     65.9073     252.474           0     231.349           0
115          26     65.7573     253.465           0      193.12           0
115          27     65.5693      254.45           0     129.263           0
115          28     65.4683     255.448           0      135.59           0
115          29      65.551     256.447           0     126.127           0
115          30     65.7393     257.432           0     188.511           0
115          31     65.9003     258.422           0     229.586           0
115          32     65.9782     259.422           0     249.439           0
115          33     65.9977     260.425           0      254.41           0
115          34     66.0108     261.427           0     252.252           0
115          35     66.0726     262.428           0     236.483           0
115          36     66.2274     263.419           0     197.013           0
115          37     66.4636     264.394           0     129.473           0
115          38     66.7125     265.365           0     181.684           0
115          39     66.9057     266.349           0     230.964           0
115          40     67.0492     267.342           0     242.459           0
115          41      67.219      268.33           0     199.165           0
115          42     67.4534     269.305           0     132.133           0
115          43     67.7063     270.275           0      180.11           0
115          44     67.8958      271.26           0     228.436           0
115          45     67.9851     272.259           0     251.207           0
115          46     68.0044     273.262           0     253.873           0
115          47     67.9982     274.264           0      254.55           0
115          48     68.0012     275.267           0     254.692           0
115          49      68.052     276.269           0     241.738           0
115          50     68.1931     277.262           0     205.762           0
115          51      68.426     278.237           0     137.425           0
115          52     68.6872     279.205           0     175.234           0
115          53     68.8871     280.188           0     226.223           0
115          54      68.985     281.186           0     251.177           0
115          55     69.0112     282.189           0     252.147           0
115          56     69.0099     283.191           0     252.473           0
115          57     69.0043     284.194           0     253.912           0
115          58     69.0009     285.197           0     254.767           0
115          59     68.9998       286.2           0     254.955           0
115          60     68.9997     287.203           0     254.935           0
115          61     68.9999     288.206           0     254.972           0
115          62          69     289.208           0     254.997           0
115          63     69.0001     290.211           0     254.971           0
115          64     69.0002     291.214           0     254.937           0
115          65     69.0003     292.217           0     254.915           0
115          66     68.9999      293.22           0     254.982           0
115          67      68.998     294.223           0     254.498           0
115          68     68.9937     295.225           0     253.384           0
115          69     68.9889     296.228           0     252.173           0
115          70     68.9962     297.231           0     254.029           0
115          71     69.0473     298.232           0      242.94           0
115          72     69.1855     299.226           0     207.703           0
115          73     69.4164     300.202           0      140.22           0
115          74     69.6781      301.17           0     172.911           0
115          75     69.8778     302.152           0     223.834           0
115          76      69.973     303.151           0     248.117           0
115          77     70.0038     304.153           0      254.02           0
115          78     70.0442     305.155           0     243.725           0
115          79     70.1635     306.151           0     213.319           0
115          80     70.3886     307.128           0     148.637           0
115          81     70.6831     308.087           0     174.191           0
115          82     70.9975     309.039           0     254.354           0
115          83     71.3207     309.988           0     173.209           0
115          84      71.669     310.929           0     164.454     1.82397
115          85     72.0637     311.851           0     238.767     18.6532
115          86     72.5035     312.752           0       126.6     58.7666
115          87     72.9055     313.671           0     162.765     5.57275
115          88     73.1317     314.647           0     233.257           0
115          89     73.1309      315.65           0     221.615           0
115          90     73.0458      316.65           0      243.33     26.7032
115          91     72.9206     317.644           0     234.763     36.3025
115          92     72.7287     318.629           0     185.815           0
115          93     72.4778       319.6           0     128.629           0
115          94     72.2216     320.569           0     198.488           0
115          95     71.9894     321.545           0       252.3           0
115          96     71.7555      322.52           0     192.648           0
115          97     71.4997      323.49           0     127.498           0
115          98     71.2584     324.463           0     189.115           0
115          99     71.0774     325.449           0     235.267           0
115         100     70.9382     326.443           0     239.232           0
115         101     70.7654      327.43           0     195.177           0
115         102     70.5296     328.405           0     128.932           0
115         103       70.27     329.374           0     186.157           0
115         104     70.0276     330.347           0     247.955           0
115         105     69.7881     331.321           0     200.977           0
115         106     69.5304      332.29           0     130.758           0
115         107     69.3207      333.27           0     173.215           0
115         108     69.3168     334.273           0     174.217           0
115         109     69.6247     335.228           0     110.178           0
115         110      70.164     336.073           0     200.656           0
115         111     70.8174     336.834           0     181.536           0
115         112     71.5167     337.553           0     127.947           0
115         113     72.2246     338.263           0     145.742           0
115         114     72.9297     338.976           0     0.42993           0
#1
116           0      99.813     422.463           0     207.311     61.5769
116           1     100.635     421.938           0     97.3327     28.6057
116           2     101.454     421.407           0     151.264     20.2822
116           3     102.317     420.952           0     242.873     7.96081
116           4     103.221     420.588           0     139.954           0
116           5     104.144     420.271           0     185.776           0
116           6     105.077     419.985           0     251.294           0
116           7     106.014     419.714           0     179.513           0
116           8      106.95     419.438           0     5.63498           0
#1
117           0     131.035     495.418           0     5.21276    0.705883
117           1     131.942     494.951           0     228.427           0
117           2     132.875      494.54           0     119.795           0
117           3     133.851     494.247           0      191.94     9.81958
117           4      134.84     493.998           0     254.458     18.7179
117           5     135.775     493.591           0     231.477     23.9358
117           6     136.587     492.975           0      106.49     27.5375
117           7     137.356     492.306           0     177.075     19.7679
117           8     138.119     491.629           0     152.585     16.0973
117           9     138.888      490.96           0     217.525     30.0154
117          10     139.625     490.255           0     143.062       19.24
117          11     140.328     489.517           0      129.03     28.6553
117          12     141.004     488.754           0      191.68     14.1111
117          13     141.641     487.958           0     163.514      38.508
117          14     142.249     487.139           0     191.619     48.2596
117          15     142.768     486.262           0     160.072     19.2202
117          16     143.119     485.305           0     245.779      5.9447
#1
118           0     150.681      498.57           0     34.9377     16.3521
118           1     150.138     497.708           0     219.873     45.7203
118           2      149.58     496.855           0     141.936     15.9956
118           3     149.003     496.015           0     250.399     48.8218
118           4     148.441     495.165           0     137.575     12.5209
118           5     147.934     494.281           0     238.081           0
118           6     147.506     493.356           0     127.086           0
118           7     147.141     492.405           0     219.091           0
118           8     146.811      491.44           0     206.919           0
118           9     146.498     490.471           0     127.527           0
118          10     146.176     489.504           0     210.203     1.59066
118          11     145.807     488.554           0     205.806     11.9755
118          12     145.352     487.642           0     116.733     27.6693
118          13     144.779     486.799           0     198.746     72.2638
118          14     144.159      485.99           0     42.1767     25.0099
118          15     143.564     485.163           0     231.532     3.46299
118          16     143.071     484.271           0      241.73     62.3536
118          17     142.575     483.381           0     146.709     36.1685
118          18     142.003     482.537           0     118.043     18.7321
118          19     141.331     481.771           0      196.69      2.8639
118          20     140.625     481.037           0     5.88865           0
#1
119           0     127.938      234.44           0      6.9927     4.23409
119           1     127.091     234.988           0     229.013           0
119           2     126.242     235.532           0     131.755           0
119           3     125.399     236.084           0     233.467           0
119           4     124.571     236.661           0     121.675           0
119           5     123.774     237.279           0     158.463           0
119           6     122.982     237.903           0     226.165           0
119           7     122.163     238.491           0     125.972           0
119           8     121.307     239.024           0     248.858           0
119           9     120.457     239.566           0     128.946           0
119          10      119.72     240.254           0     208.313     32.6861
119          11     119.273     241.158           0     185.383           0
119          12     119.071     242.146           0     236.779           0
119          13     118.852      243.13           0       222.1     8.16035
119          14      118.34     243.999           0     254.821     48.8782
119          15      117.63     244.715           0     113.255           0
119          16      116.91     245.421           0     144.008           0
119          17     116.275     246.204           0     184.891           0
119          18     115.731     247.053           0     180.148           0
119          19     115.264     247.947           0     181.299           0
119          20     114.827     248.856           0     210.978           0
119          21     114.438     249.786           0      136.59           0
119          22     114.081     250.729           0     234.429           0
119          23     113.714     251.668           0     182.129           0
119          24     113.319     252.596           0     136.343           0
119          25     112.898     253.512           0      111.75           0
119          26     112.495     254.436           0           0           0
119          27     112.131     255.377           0           0           0
119          28     111.802      256.33           0           0           0
119          29     111.496     257.291           0     37.3617           0
119          30     111.204     258.256           0     203.014           0
119          31     110.886     259.213           0     225.856           0
119          32     110.479     260.135           0     123.627           0
119          33     109.976     261.009           0     246.633           0
119          34      109.44     261.863           0     138.596           0
119          35     108.922     262.728           0     235.035           0
119          36     108.437     263.613           0     131.094           0
119          37     107.949     264.495           0     242.058           0
119          38     107.428     265.358           0     122.313           0
119          39     106.866     266.195           0     177.705           0
119          40     106.286      267.02           0           0           0
#1
120           0     107.157     216.032           0     6.82376           0
120           1     106.983      217.02           0     250.649           0
120           2     106.794     218.005           0     201.542           0
120           3      106.69     219.004           0     79.2906           0
120           4     106.772     220.004           0     196.868           0
120           5     107.001     220.981           0     254.684           0
120           6     107.322     221.932           0     172.922           0
120           7     107.702     222.861           0     164.593           0
120           8     108.136     223.765           0     220.234           0
120           9     108.579     224.666           0     134.153           0
120          10     109.028     225.563           0     247.804           0
120          11     109.481     226.459           0     127.901           0
120          12     109.954     227.344           0     243.165           0
120          13      110.47     228.204           0     132.019           0
120          14     111.022     229.042           0     239.056           0
120          15     111.585     229.873           0     143.606           0
120          16      112.15     230.702           0     216.716           0
120          17     112.731      231.52           0     129.906           0
120          18     113.351      232.31           0     141.959           0
120          19     113.977     233.094           0     225.699           0
120          20     114.567     233.906           0     141.316           0
120          21     115.097     234.758           0     230.261           0
120          22     115.577     235.639           0     132.968           0
120          23     116.072     236.512           0     236.609           0
120          24     116.629     237.347           0     117.462           0
120          25     117.268      238.12           0     172.388           0
120          26     117.949     238.858           0     209.383           0
120          27     118.581     239.637           0     133.149     27.7549
120          28     118.993     240.552           0     253.233     2.18588
120          29     119.092     241.551           0     231.521           0
120          30      119.14     242.553           0     219.259           0
120          31     119.459     243.504           0     196.952     23.0277
120          32     120.146     244.235           0     175.206      6.7963
120          33     120.967     244.814           0     202.146           0
120          34     121.763     245.425           0      146.73           0
120          35     122.444     246.161           0     113.278           0
120          36     122.954     247.025           0     243.321           0
120          37      123.35     247.948           0     165.741           0
120          38     123.734     248.875           0     172.215           0
120          39     124.158     249.784           0     214.807           0
120          40     124.596     250.687           0     136.638           0
120          41     125.048     251.583           0     242.815           0
120          42     125.498      252.48           0     127.517           0
120          43     125.941      253.38           0     239.928           0
120          44     126.354     254.295           0     142.737           0
120          45     126.686     255.242           0     174.813           0
120          46     126.888     256.225           0     226.464     5.29137
120          47     126.978     257.224           0     249.328     33.9094
120          48     127.049     258.225           0      242.59     36.0558
120          49      127.22     259.214           0     199.027     46.5185
120          50     127.584     260.149           0      106.18      64.968
120          51     128.174     260.961           0     42.6238    0.136048
#1
121           0     202.729     500.687           0     105.718     70.1691
121           1     203.357     501.507           0     129.192      3.3451
121           2      204.07     502.254           0      181.46           0
121           3     204.832     502.951           0     203.957           0
121           4     205.597     503.645           0     134.706           0
121           5     206.347     504.356           0     138.742           0
121           6     207.083     505.081           0     216.675           0
121           7     207.814     505.811           0     177.226           0
121           8     208.544     506.541           0     128.427           0
121           9     209.276      507.27           0     134.742      4.9104
121          10     210.009     507.998           0           0           0
#1
122           0     318.279     536.478           0     37.1843      20.735
122           1     319.061     535.854           0     206.885     17.9509
122           2     319.849     535.239           0     173.906     8.82337
122           3     320.675     534.677           0     111.704           0
122           4     321.559     534.209           0     201.627           0
122           5     322.462      533.78           0     198.966           0
122           6     323.344     533.309           0     112.283           0
122           7     324.169     532.745           0     168.861           0
122           8     324.961     532.135           0     213.365           0
122           9     325.756     531.529           0     123.731           0
122          10     326.574     530.954           0     243.193           0
122          11     327.398     530.387           0      121.59           0
122          12     328.202     529.793           0     161.436           0
122          13     328.994     529.184           0    0.270264           0
#1
123           0     99.0498     460.025           0           0           0
123           1     99.8856      459.45           0     124.189           0
123           2     100.716     458.867           0     221.211           0
123           3     101.539     458.273           0     131.997           0
123           4     102.333     457.642           0     139.574           0
123           5      103.12     457.002           0     223.867           0
123           6     103.928     456.388           0     151.996           0
123           7     104.762      455.81           0     206.455           0
123           8     105.612     455.255           0     141.456           0
123           9     106.456     454.693           0     131.789           0
123          10     107.307     454.139           0     219.462           0
123          11      108.15     453.575           0      140.86           0
123          12     108.984     452.998           0     250.481           0
123          13      109.81     452.408           0      19.759     10.4365
#1
124           0     72.8231     313.603           0     144.391     50.7376
124           1     73.8286     313.451           0     115.124    0.407312
124           2     74.7322     312.985           0     183.959     49.1975
124           3     75.5425     312.371           0     130.292     31.1001
124           4      76.297      311.69           0     147.126           0
124           5     77.0232     310.978           0     243.714           0
124           6      77.742     310.259           0      157.27           0
124           7      78.462     309.541           0     128.292           0
124           8     79.1802     308.821           0     179.877           0
124           9     79.8972       308.1           0     208.485           0
124          10     80.6073     307.372           0     134.477     56.2322
124          11     81.2999     306.628           0     140.575     15.7599
124          12     81.9622     305.857           0     210.211           0
124          13     82.5871     305.055           0      147.29           0
124          14     83.1897     304.236           0      206.63           0
124          15     83.8074     303.428           0     138.773           0
124          16     84.4771     302.663           0     129.405           0
124          17     85.2305     301.981           0     193.574           0
124          18     86.1037     301.461           0     123.106           0
124          19     87.0986     301.263           0           0           0
124          20       88.06     301.583           0     15.2971           0
124          21     88.7462     302.333           0     190.271     2.82258
124          22     89.1931     303.246           0     205.758     8.23519
124          23     89.5773     304.187           0     115.166           0
124          24     90.0214     305.102           0      224.13           0
124          25     90.5115     305.993           0    0.907481           0
#1
125           0     234.245     339.728           0     45.5054     22.0262
125           1      235.14     340.172           0     187.728     13.6932
125           2     236.046     340.593           0     151.157           0
125           3     236.971     340.969           0     247.088           0
125           4     237.905     341.324           0     172.451           0
125           5      238.83       341.7           0     161.194           0
125           6     239.735     342.123           0     223.742           0
125           7     240.632     342.562           0     131.656           0
125           8     241.528     343.005           0     253.845           0
125           9      242.42     343.452           0     129.435           0
125          10     243.302     343.922           0      235.03           0
125          11     244.147     344.454           0     135.729           0
125          12     244.937     345.065           0      223.41           0
125          13     245.659     345.755           0     148.249           0
125          14     246.302      346.52           0     125.503           0
125          15     246.858      347.35           0     218.707           0
125          16     247.352     348.218           0     148.756           0
125          17     247.805     349.108           0     205.379           0
125          18     248.256     349.999           0     189.715           0
125          19     248.696     350.896           0     167.152           0
125          20     249.146     351.788           0     217.749           0
125          21     249.599     352.678           0     136.473           0
125          22     250.089     353.548           0     232.265           0
125          23     250.634     354.385           0     119.628           0
125          24     251.241     355.179           0     169.944           0
125          25     251.866     355.958           0     212.996           0
125          26     252.465     356.757           0     122.975           0
125          27     253.003     357.598           0      254.13           0
125          28     253.489     358.471           0     127.657           0
125          29     253.974     359.344           0     248.394           0
125          30     254.488     360.201           0     129.401           0
125          31     255.019     361.047           0     238.632           0
125          32     255.506     361.919           0      128.74           0
125          33     255.859     362.853           0     219.048           0
125          34     256.051     363.834           0     241.944           0
125          35      256.17     364.825           0     36.9796     28.9204
#1
126           0     74.0253     398.005           0     248.582     45.4782
126           1      73.547     398.887           0     241.942     41.7692
126           2     72.9446     399.689           0     84.6462           0
126           3      72.369      400.51           0     160.907           0
126           4     71.8575     401.373           0     218.664           0
126           5     71.3769     402.254           0     112.035           0
126           6     70.8809     403.125           0     200.265           0
126           7     70.4592     404.036           0     137.893           0
126           8     70.2523     405.017           0     190.674           0
126           9     70.3789     406.012           0     157.654           0
126          10     70.7215     406.955           0     178.867           0
126          11     71.1628     407.855           0     213.486           0
126          12      71.617      408.75           0     142.399           0
126          13     72.0747     409.642           0     235.945           0
126          14     72.5226      410.54           0     127.957           0
126          15     72.9698     411.437           0      247.31           0
126          16     73.4195     412.334           0     134.313           0
126          17     73.8607     413.235           0     219.466           0
126          18     74.2911     414.141           0     165.758           0
126          19     74.6731     415.068           0      171.64           0
126          20     75.0121     416.012           0     251.913           0
126          21     75.3262     416.965           0     171.807           0
126          22     75.6205     417.924           0     153.539           0
126          23     75.8736     418.894           0     222.776           0
126          24      76.098     419.872           0     230.019           0
126          25     76.3382     420.846           0     168.755     22.8505
126          26     76.5905     421.817           0     142.109     32.0149
126          27     76.7663     422.804           0     195.411     40.9083
126          28     76.7874     423.807           0      200.78     55.9623
126          29     76.6871     424.805           0     175.208     52.4999
126          30     76.6065     425.805           0     235.409     3.46437
#1
127           0     149.069     219.635           0      248.61        67.2
127           1     149.075     218.634           0     235.789     68.5783
127           2     149.037     217.634           0     245.519           0
127           3     148.999     216.634           0      254.86           0
127           4     148.944     215.635           0     240.676           0
127           5     148.801     214.644           0     204.159           0
127           6     148.509     213.686           0     128.361           0
127           7     148.133     212.759           0     221.028     1.93094
127           8     147.717     211.849           0     166.077     43.3707
127           9     147.332     210.925           0     170.249     38.1584
127          10     146.988     209.985           0     251.869     35.6374
127          11      146.67     209.036           0     170.876     12.5065
127          12      146.38     208.078           0     153.311     1.33534
127          13     146.158     207.102           0     214.746           0
127          14     146.013     206.112           0     251.622           0
127          15     145.877      205.12           0     223.602           0
127          16     145.673      204.14           0     171.614           0
127          17     145.414     203.173           0     141.769           0
127          18     145.165     202.204           0      212.88           0
127          19     144.942     201.228           0     240.231           0
127          20     144.705     200.256           0     179.804           0
127          21     144.442      199.29           0     133.685           0
127          22     144.191     198.322           0     206.398           0
127          23     143.964     197.347           0     245.768           0
127          24     143.727     196.374           0     185.464           0
127          25     143.468     195.407           0     129.005           0
127          26     143.235     194.434           0     195.192           0
127          27     143.081     193.445           0     234.448           0
127          28     142.997     192.448           0       254.3           0
127          29     142.907     191.451           0     231.371           0
127          30     142.739     190.464           0      188.39           0
127          31     142.497     189.493           0     127.511           0
127          32     142.255     188.522           0      189.99           0
127          33     142.091     187.535           0     231.851           0
127          34     142.022     186.536           0      249.48           0
127          35     141.993     185.536           0     253.325           0
127          36     141.924     184.537           0     235.707           0
127          37     141.739     183.554           0     188.527           0
127          38     141.436       182.6           0     111.194     5.80505
127          39      141.13     181.647           0     99.7331     97.4789
127          40     140.966      180.66           0     246.329           0
127          41     140.946     179.659           0     241.337           0
127          42     140.967     178.658           0     246.488           0
127          43     140.982     177.658           0     250.378           0
127          44         141     176.657           0     254.922           0
127          45     141.061     175.658           0     239.383           0
127          46      141.21     174.668           0     201.396           0
127          47     141.446     173.695           0     132.904           0
127          48     141.703     172.728           0      179.19           0
127          49     141.895     171.746           0     228.209           0
127          50     141.986     170.749           0     251.314           0
127          51     142.005     169.749           0     253.655           0
127          52     141.999     168.748           0      254.75           0
127          53     142.001     167.747           0     254.739           0
127          54     142.049     166.747           0     242.559           0
127          55     142.184     165.755           0     208.023           0
127          56     142.412     164.781           0     140.127           0
127          57     142.678     163.816           0     172.914           0
127          58     142.921     162.845           0      234.73           0
127          59     143.142     161.869           0     218.845           0
127          60     143.388     160.899           0     150.258           0
127          61     143.655     159.934           0     166.898           0
127          62     143.892     158.962           0     227.398           0
127          63     144.109     157.985           0     227.281           0
127          64      144.38     157.021           0     158.179           0
127          65     144.736     156.086           0     177.369           0
127          66     145.148     155.174           0     217.276           0
127          67      145.54     154.253           0     132.488           0
127          68     145.889     153.315           0      226.78           0
127          69     146.214     152.368           0     200.306           0
127          70      146.52     151.415           0      128.35           0
127          71     146.806     150.456           0     205.599           0
127          72     147.079     149.493           0     234.932           0
127          73     147.323     148.522           0     211.965           0
127          74     147.463     147.531           0     199.663           0
127          75      147.37     146.535           0     160.644     27.3351
127          76     147.122     145.565           0     223.884     45.4365
127          77      146.83     144.608           0     211.644     9.20323
127          78     146.535     143.652           0      130.17           0
127          79     146.265     142.688           0     187.552           0
127          80     146.084     141.703           0     233.506           0
127          81      146.06     140.703           0     239.624           0
127          82     146.228     139.716           0     196.898           0
127          83     146.572     138.776           0     117.411           0
127          84     147.033     137.888           0     219.881           0
127          85     147.494         137           0     126.037           0
127          86     147.906     136.087           0     230.925           0
127          87     148.356     135.193           0     164.333     4.93679
127          88     148.931     134.374           0      166.23     32.6529
#1
128           0     152.506     492.597           0     77.0546     32.2588
128           1     153.405     493.008           0     252.866     12.6679
128           2     154.302     493.425           0      135.08     61.6614
128           3      155.21     493.815           0     207.912     87.4413
128           4     156.162     494.082           0     199.531     128.114
128           5      157.15     494.058           0     48.7162     58.0935
128           6     158.114     493.839           0     250.322     83.6835
128           7     159.101     493.783           0     199.538           0
128           8     160.084      493.89           0      226.97           0
128           9     161.064     494.018           0     250.461           0
128          10     162.045     494.136           0     210.258           0
128          11     163.027     494.255           0           0           0
#1
129           0      246.03     295.015           0           0           0
129           1     246.849     294.463           0     116.315           0
129           2     247.664     293.904           0     230.641           0
129           3     248.466     293.327           0     124.514           0
129           4     249.225     292.695           0     154.827           0
129           5     249.958     292.032           0      236.73           0
129           6     250.699     291.379           0     139.786           0
129           7     251.457     290.745           0     132.906           0
129           8     252.242     290.146           0     217.841           0
129           9     253.005     289.518           0     131.986           0
129          10     253.709     288.825           0     180.789           0
129          11     254.364     288.085           0     162.265           0
129          12     254.987     287.318           0     1.03004           0
#1
130           0     306.987     474.874           0           0           0
130           1     307.731     474.202           0     148.639           0
130           2     308.481     473.538           0     127.872           0
130           3     309.253       472.9           0     177.875           0
130           4     310.059     472.304           0     177.361           0
130           5     310.881     471.732           0     186.592           0
130           6      311.71      471.17           0     162.895           0
130           7     312.542     470.612           0     125.102     6.96105
130           8     313.414     470.118           0     224.789      11.416
130           9     314.354     469.772           0     147.715           0
130          10     315.355     469.724           0       70.48     49.5298
130          11     316.283     470.101           0     72.1077     161.249
#1
131           0     123.245     425.019           0           0           0
131           1      123.86     424.248           0     164.908           0
131           2     124.478      423.48           0     133.139           0
131           3     125.188     422.796           0     52.0756           0
131           4     126.012     422.253           0     190.565           0
131           5      126.84     421.718           0     182.983     78.4158
131           6      127.52     421.003           0     132.911      1.4173
131           7     127.935     420.109           0      238.52           0
131           8     128.261     419.178           0     188.508     7.60955
131           9     128.715     418.303           0      199.83     58.7998
131          10     129.362     417.559           0     131.645           0
131          11     130.117     416.925           0     210.473           0
131          12     130.934     416.372           0     155.799           0
131          13     131.784     415.873           0     222.668           0
131          14     132.656     415.412           0     134.516           0
131          15     133.517     414.932           0     237.719    0.193054
131          16     134.343     414.392           0     118.853           0
131          17     135.121     413.787           0     182.971           0
131          18     135.859     413.133           0     194.716   0.0735162
131          19     136.568     412.447           0     129.324      17.206
131          20     137.264     411.749           0     157.462     19.9695
131          21     137.958     411.048           0     232.992     29.5618
131          22     138.653     410.349           0     30.8643     17.4258
#1
132           0     190.354      148.97           0     87.5904     24.4341
132           1     191.362     148.979           0     249.545           0
132           2     192.371     148.982           0     250.488           0
132           3     193.379     148.994           0     253.499           0
132           4     194.385     149.054           0      241.29           0
132           5     195.381     149.213           0     200.727           0
132           6      196.35     149.491           0     128.151           0
132           7     197.281     149.879           0      224.04           0
132           8     198.162     150.369           0     150.155           0
132           9     198.973     150.967           0     240.215           0
132          10     199.645     151.719           0     189.996           0
132          11     200.142     152.596           0     218.912           0
132          12     200.509     153.535           0     127.663           0
132          13     200.774     154.508           0     197.316           0
132          14     200.935     155.503           0     238.385           0
132          15     201.001     156.509           0      254.85           0
132          16     201.013     157.517           0     251.703           0
132          17     201.008     158.526           0     252.919     15.4439
132          18     201.002     159.534           0     254.421     31.9921
132          19     200.998     160.542           0     116.609     31.8925
#1
133           0     202.632     368.481           0     83.6119     38.7747
133           1     203.528     368.002           0      254.38     35.4774
133           2     204.434     367.543           0     128.937     10.6788
133           3     205.343     367.089           0     232.198           0
133           4     206.249     366.629           0     144.055           0
133           5     207.155     366.169           0     211.968           0
133           6     208.052     365.692           0     171.422           0
133           7     208.957      365.23           0     190.339           0
133           8     209.888     364.823           0     209.932     2.58156
133           9      210.89      364.66           0     95.5451           0
133          10     211.864     364.951           0     12.4471       29.33
133          11      212.68     365.557           0     96.4784     28.0045
133          12     213.378     366.295           0     140.291     43.1299
133          13     213.992     367.104           0     226.682           0
133          14       214.5     367.984           0     127.419           0
133          15     214.857     368.935           0     218.454           0
133          16     215.109     369.919           0     227.137           0
133          17     215.364     370.903           0     162.305           0
133          18     215.626     371.884           0     152.217           0
133          19     215.829      372.88           0     211.454           0
133          20     215.915     373.892           0     233.334     11.0974
133          21     215.905     374.908           0     230.666     80.9717
133          22     215.885     375.924           0     225.711     25.8024
133          23     215.988     376.935           0     254.804           0
#1
134           0     244.692     369.526           0     92.8546     47.0751
134           1     245.243     370.353           0     146.844     24.3464
134           2      245.78     371.188           0     198.968     25.0818
134           3     246.341     372.007           0     167.505     2.56746
134           4      246.94     372.799           0     194.676           0
134           5     247.591     373.549           0     129.786           0
134           6     248.275     374.269           0     153.971           0
134           7     248.971     374.978           0     242.243           0
134           8     249.675     375.678           0     143.398           0
134           9     250.381     376.376           0     134.991           0
134          10     251.087     377.075           0     217.021           0
134          11     251.787     377.779           0     168.399           0
134          12     252.467     378.503           0     127.449           0
134          13     253.096     379.272           0     174.552           0
134          14     253.633     380.107           0     161.541           0
134          15     254.078     380.995           0     235.221           0
134          16      254.47     381.907           0     121.361           0
134          17     254.948     382.778           0      252.03           0
134          18     255.684     383.444           0     141.892           0
134          19     256.541     383.946           0     136.789           0
134          20     257.415     384.417           0     131.083           0
134          21     258.289      384.89           0     226.971           0
134          22     259.145     385.393           0     146.883           0
134          23     259.989     385.917           0     231.329           0
134          24      260.81     386.475           0     25.4433           0
134          25     261.566     387.119           0           0     41.4084
134          26      262.18     387.899           0     45.9069           0
134          27     262.588     388.805           0     234.479           0
134          28     262.989     389.713           0     252.989     10.3023
134          29     263.524      390.55           0     128.103     41.4182
134          30     264.128     391.338           0     158.205           0
134          31     264.719     392.136           0     183.362           0
134          32     265.302      392.94           0     178.027           0
134          33     265.902     393.731           0     174.959           0
134          34     266.542     394.491           0     127.304           0
134          35     267.217      395.22           0     168.016           0
134          36     267.913     395.928           0     217.579           0
134          37     268.616     396.629           0     135.141           0
134          38      269.32     397.329           0     116.253           0
134          39     270.023     398.031           0           0           0
#1
135           0     296.229         246           0   0.0227761           0
135           1     296.832       246.8           0     169.654           0
135           2     297.421      247.61           0     123.067           0
135           3     297.978     248.442           0     249.303           0
135           4     298.518     249.284           0     125.464           0
135           5     299.068     250.121           0     210.955           0
135           6     299.636     250.946           0     158.383           0
135           7     300.192     251.778           0     205.927           0
135           8     300.742     252.615           0     141.674           0
135           9     301.298     253.448           0     132.879           0
135          10     301.821     254.301           0     209.457           0
135          11     302.317     255.171           0     158.148           0
135          12     302.793     256.052           0     202.253           0
135          13       303.3     256.916           0     178.596           0
135          14     303.834     257.762           0     172.179           0
135          15     304.392     258.593           0     122.372           0
135          16     304.947     259.427           0     241.405           0
135          17     305.521     260.247           0     124.811           0
135          18     306.131     261.041           0     213.853           0
135          19     306.758     261.822           0     169.851           0
135          20     307.372     262.613           0     120.119           0
135          21     307.947     263.433           0     241.405           0
135          22     308.506     264.263           0     126.733           0
135          23     309.068     265.091           0     217.468           0
135          24     309.613     265.931           0     152.444           0
135          25     310.124     266.792           0     223.348           0
135          26     310.589     267.679           0     135.618           0
135          27     311.039     268.573           0     245.005           0
135          28     311.488     269.468           0     127.689           0
135          29      311.96     270.351           0     244.811           0
135          30     312.479     271.208           0     130.685           0
135          31     313.032     272.042           0     236.721           0
135          32      313.58      272.88           0     143.069           0
135          33     314.082     273.747           0     234.146           0
135          34     314.504     274.654           0     127.826           0
135          35      314.86      275.59           0     219.185           0
135          36     315.186     276.537           0     207.603           0
135          37       315.5     277.488           0     127.497           0
135          38     315.817     278.437           0     208.356           0
135          39     316.138     279.386           0     219.689           0
135          40     316.447     280.338           0     131.891           0
135          41     316.717     281.302           0     182.903           0
135          42     316.904     282.286           0     230.585           0
135          43      316.99     283.283           0     252.502           0
135          44     317.013     284.284           0     251.714           0
135          45     317.015     285.286           0     251.143           0
135          46     317.015     286.287           0     251.076           0
135          47     317.006     287.288           0      253.35           0
135          48     316.954     288.288           0     243.247           0
135          49     316.805     289.278           0      205.38           0
135          50     316.536     290.242           0     132.217   0.0414866
135          51     316.169     291.174           0     212.011     4.04326
135          52     315.758     292.087           0     181.801      21.135
135          53     315.371      293.01           0     160.408     34.9563
135          54     314.984     293.934           0     250.965     49.4781
135          55     314.506     294.813           0     128.935     58.1739
135          56     313.892     295.604           0     137.424     64.8082
135          57     313.204     296.332           0     102.088     39.6806
135          58      312.58     297.115           0     237.994           0
135          59     312.202     298.042           0     203.531           0
135          60     312.048     299.031           0     242.729           0
135          61     312.009     300.032           0     252.607     27.0083
135          62     311.998     301.033           0     254.553     33.2186
135          63     311.924     302.031           0     235.502     33.8498
135          64     311.692     303.005           0     176.365     41.4254
135          65     311.288     303.922           0     73.4742     38.3216
135          66     310.847      304.82           0     209.188     33.5413
135          67     310.527     305.769           0     58.8887           0
135          68     310.258     306.734           0     187.057           0
135          69     309.885     307.663           0     95.6062     26.0016
135          70     309.469     308.573           0     135.432     59.2945
135          71     309.103     309.505           0     228.824     31.4322
135          72      308.79     310.456           0     201.466     13.3234
135          73     308.459     311.401           0     125.406           0
135          74     308.045     312.313           0     243.427           0
135          75     307.545      313.18           0     134.866           0
135          76     306.995     314.017           0     249.457           0
135          77     306.442     314.851           0     137.922           0
135          78     305.922     315.707           0     235.227     5.10813
135          79     305.451     316.591           0     129.758     41.8813
135          80     305.009     317.489           0      252.81     29.1233
135          81     304.597     318.401           0      132.36           0
135          82     304.231     319.333           0     196.108           0
135          83     303.895     320.276           0     228.113           0
135          84     303.583     321.228           0     138.957           0
135          85     303.303     322.189           0     177.785           0
135          86       303.1      323.17           0     229.589           0
135          87         303     324.166           0     254.997           0
135          88     302.985     325.167           0     251.218           0
135          89     303.055     326.166           0       241.1           0
135          90     303.268     327.144           0     196.442           0
135          91      303.74     328.027           0     248.042     33.2728
135          92     304.404     328.776           0     113.949     32.8412
135          93     305.072     329.522           0     122.692     5.55741
135          94      305.59     330.379           0     150.388     22.5878
135          95     305.892     331.334           0     227.384     37.3826
135          96     306.004     332.329           0     254.094     33.4292
135          97     306.017      333.33           0     250.781     21.0701
135          98     306.003     334.331           0     254.228           0
135          99     306.004     335.332           0     253.902           0
135         100     306.059     336.332           0     239.911           0
135         101     306.207     337.322           0     202.254           0
135         102     306.443     338.295           0     133.493           0
135         103     306.701     339.263           0     178.648           0
135         104     306.894     340.245           0     228.072           0
135         105     306.988     341.242           0     251.836           0
135         106     307.012     342.243           0     251.992           0
135         107      307.01     343.244           0     252.449           0
135         108     307.004     344.245           0     253.901           0
135         109     307.001     345.246           0     254.666   0.0105966
135         110     307.002     346.248           0     254.505     7.38298
135         111     307.006     347.249           0     253.397     39.1499
135         112     307.012      348.25           0     251.879     48.0869
135         113     307.008     349.251           0     252.999           0
135         114      306.96     350.251           0     244.865           0
135         115     306.818     351.242           0     208.712           0
135         116     306.555     352.208           0     135.619           0
135         117     306.185     353.139           0      207.79           0
135         118     305.747     354.039           0     185.511           0
135         119     305.283     354.926           0     174.649           0
135         120     304.769     355.785           0      196.02           0
135         121     304.199     356.608           0     144.166           0
135         122     303.561     357.381           0     131.238           0
135         123     302.891     358.124           0     202.404           0
135         124     302.226     358.873           0     179.619     5.46499
135         125     301.597     359.652           0     119.998     31.4855
135         126     301.018     360.469           0     250.303     46.3437
135         127     300.467     361.305           0     124.214     6.38423
135         128     299.922     362.145           0     204.011           0
135         129      299.43     363.016           0     145.436           0
135         130     299.027     363.933           0      248.04           0
135         131     298.686     364.875           0     175.023           0
135         132     298.347     365.817           0      16.242      6.6738
#1
136           0     130.993     182.984           0           0           0
136           1     132.001     182.992           0     253.058           0
136           2     133.009     183.002           0     254.549           0
136           3     134.017     183.011           0     252.162           0
136           4     135.026     183.012           0     251.899           0
136           5     136.033     182.975           0     248.695           0
136           6     137.033     182.849           0     216.434           0
136           7     138.011     182.602           0     152.887           0
136           8     138.969     182.288           0     178.299           0
136           9     139.949      182.05           0     242.222           0
136          10     140.956     182.094           0     10.1172     110.129
#1
137           0       76.98      245.99           0           0           0
137           1      77.986      245.99           0     249.025           0
137           2      78.992     245.985           0     251.236           0
137           3      79.998      245.98           0     249.803           0
137           4     81.0036     246.008           0     252.869           0
137           5     81.9993     246.152           0     216.212           0
137           6     82.9423     246.503           0     126.856           0
137           7     83.7705     247.074           0     182.042     8.55183
137           8     84.4771      247.79           0     124.125     17.6352
137           9     85.1104     248.571           0     226.857     57.2557
137          10     85.7586     249.341           0      106.48     63.8119
137          11     86.4786     250.043           0     132.494     34.9068
137          12     87.2354     250.706           0     180.047     5.35933
137          13     88.0089     251.349           0     252.721           0
#1
138           0     157.314      152.42           0     73.4443     39.5087
138           1     156.778     153.268           0     160.452     23.6831
138           2     156.264     154.129           0     187.702     4.42045
138           3     155.785      155.01           0     198.624           0
138           4      155.38     155.928           0     153.708           0
138           5     155.032     156.869           0     246.775           0
138           6     154.711     157.819           0     181.364           0
138           7     154.414     158.777           0     139.648           0
138           8     154.177     159.752           0     209.818           0
138           9     154.036     160.745           0     245.716           0
138          10     153.985     161.746           0     251.101           0
138          11     153.999     162.749           0     254.842           0
138          12     154.091     163.748           0     231.829           0
138          13     154.283     164.733           0     182.883           0
138          14     154.556     165.698           0     133.184           0
138          15     154.879     166.648           0     224.102           0
138          16     155.259     167.576           0     189.031           0
138          17     155.708     168.473           0     124.615           0
138          18     156.227     169.331           0      151.04           0
138          19     156.759     170.181           0     193.651           0
138          20     157.302     171.025           0     175.556           0
138          21     157.848     171.866           0     192.457     2.58759
138          22     158.382     172.715           0     157.484     60.8061
138          23     158.774     173.638           0     146.824           0
138          24     158.959     174.624           0     244.551           0
138          25     159.022     175.625           0     249.511           0
138          26     159.096     176.625           0       230.6           0
138          27     159.286      177.61           0     181.968           0
138          28     159.636      178.55           0     130.984           0
138          29     160.145     179.415           0     218.115           0
138          30     160.754     180.211           0     49.3989     10.9075
138          31     161.374         181           0     95.2864     57.5663
138          32      161.85     181.883           0     216.746     135.473
138          33     162.126     182.847           0      222.92     77.1287
138          34     162.358     183.823           0     163.703     22.7617
138          35      162.68     184.773           0     152.557           0
138          36     163.096     185.686           0     230.464           0
138          37     163.538     186.586           0      129.17           0
138          38     164.014     187.469           0      251.42           0
138          39     164.537     188.325           0     124.186           0
138          40     165.102     189.153           0     193.795           0
138          41     165.684      189.97           0     2.39346           0
#1
139           0     154.537      200.79           0     24.7513     10.7103
139           1     154.234     199.834           0     195.241           0
139           2     153.934     198.878           0     238.219           0
139           3     153.633     197.921           0     156.153           0
139           4      153.35     196.959           0     165.654           0
139           5     153.114     195.985           0     225.908           0
139           6     152.888     195.008           0     226.495           0
139           7     152.638     194.037           0     162.674           0
139           8      152.36     193.073           0     157.913           0
139           9     152.134     192.096           0     220.848           0
139          10     152.037     191.098           0     245.456           0
139          11     152.127     190.099           0     222.565           0
139          12      152.43     189.144           0     145.261           0
139          13     152.923      188.27           0     177.053           0
139          14     153.543     187.482           0     127.891           0
139          15     154.225     186.747           0     162.152           0
139          16     154.939     186.043           0     229.817           0
139          17     155.685     185.374           0     139.465           0
139          18     156.489     184.774           0     129.031           0
139          19     157.374     184.303           0     177.826           0
139          20     158.324     183.981           0     250.032           0
139          21     159.297     183.739           0     132.408    0.115595
139          22     160.264     183.475           0           0     16.8626
139          23     161.193     183.096           0     49.1685      90.729
139          24     162.024     182.535           0     248.989     44.7615
139          25     162.783      181.88           0     55.2859      65.504
139          26     163.621      181.33           0     106.219           0
139          27     164.524     180.893           0      227.79           0
139          28      165.46     180.533           0     128.174           0
139          29     166.405     180.198           0     204.418           0
139          30     167.343     179.845           0     215.387           0
139          31     168.262     179.442           0     120.387           0
139          32     169.147     178.971           0     211.163           0
139          33     170.015     178.469           0           0           0
#1
140           0     216.471     205.008           0           0           0
140           1     216.699      204.02           0     174.769           0
140           2     216.909     203.027           0     231.668           0
140           3     217.175     202.048           0     210.411           0
140           4     217.613     201.132           0     98.6886           0
140           5     218.237     200.332           0     170.215     73.3589
#1
141           0     213.356     183.623           0     136.503     19.3226
141           1     213.153     184.604           0     216.047     44.1782
141           2     213.125     185.606           0     223.113     54.8327
141           3     213.283     186.596           0     182.731     59.0537
141           4     213.585     187.553           0     129.777      45.556
141           5     213.975     188.476           0      248.52     17.5701
141           6      214.38     189.393           0     134.036     48.8318
141           7     214.697     190.344           0     177.768     58.3246
141           8     214.891     191.328           0     227.206     50.8804
141           9      214.98     192.326           0     249.929     52.9174
141          10     215.062     193.326           0     239.309      3.5201
141          11     215.256     194.309           0     189.671           0
141          12     215.631     195.239           0     110.067           0
141          13     216.163     196.089           0     198.203           0
141          14     216.749     196.902           0     178.563           0
141          15     217.311     197.732           0     105.192           0
141          16     217.851     198.577           0     217.118           0
141          17       218.5     199.341           0      170.98           0
141          18     219.355     199.865           0     220.657     33.9403
141          19     220.283     200.245           0     192.617           0
141          20       221.2     200.649           0     104.661           0
141          21     222.052     201.178           0     201.115           0
141          22     222.849     201.786           0     178.358           0
141          23     223.648     202.392           0     119.319           0
141          24     224.475     202.959           0     244.477           0
141          25     225.318     203.501           0     127.368           0
141          26     226.164     204.038           0     204.977           0
141          27     227.008     204.579           0           0           0
#1
142           0     150.827     367.219           0      210.96     2.14821
142           1     151.472     366.454           0     126.846     38.6355
142           2     152.161     365.729           0     167.078     46.6479
142           3     152.887     365.041           0     218.116           0
142           4     153.617     364.357           0     136.021           0
142           5     154.338     363.664           0     141.056           0
142           6     155.052     362.963           0     233.446           0
142           7     155.756     362.254           0     159.714           0
142           8     156.437     361.521           0     128.163           0
142           9     157.059     360.738           0     180.931           0
142          10      157.58     359.884           0     147.886           0
142          11     157.993     358.973           0     253.247           0
142          12     158.354      358.04           0     164.635           0
142          13     158.733     357.114           0     173.259           0
142          14     159.143     356.203           0      218.42           0
142          15     159.533     355.281           0      131.15           0
142          16     159.884     354.345           0     225.374           0
142          17     160.212       353.4           0     201.018           0
142          18     160.511     352.445           0     127.796           0
142          19     160.759     351.477           0     193.609           0
142          20     160.936     350.492           0     238.562           0
142          21     161.074     349.502           0     236.115           0
142          22     161.253     348.518           0     190.405           0
142          23     161.494     347.547           0     127.644           0
142          24     161.739     346.577           0     188.405           0
142          25     161.913     345.592           0     232.865           0
142          26     161.992     344.595           0     252.975           0
142          27     162.009     343.595           0     252.782           0
142          28     162.001     342.595           0     254.645           0
142          29     161.992     341.595           0      253.07           0
142          30     162.002     340.595           0      254.41           0
142          31     162.067     339.597           0     238.026           0
142          32     162.224     338.609           0     197.785           0
142          33     162.467     337.639           0     129.816           0
142          34     162.725     336.673           0     184.988           0
142          35     162.904     335.688           0     230.581           0
142          36     162.936     334.689           0      238.59           0
142          37     162.809     333.697           0     206.275           0
142          38     162.572     332.725           0     135.768           0
142          39      162.31      331.76           0     175.881           0
142          40     162.116     330.779           0     225.447           0
142          41     162.025     329.783           0     248.602           0
142          42     161.994     328.783           0     253.367           0
142          43     161.946     327.784           0     241.259           0
142          44     161.816     326.792           0     208.122           0
142          45     161.589     325.818           0     141.977           0
142          46     161.325     324.853           0      172.11           0
142          47     161.116     323.875           0     225.534           0
142          48     161.006     322.881           0     253.361           0
142          49     160.978     321.881           0     249.389           0
142          50     161.014     320.882           0     251.522           0
142          51     161.141      319.89           0      219.06           0
142          52     161.395     318.923           0     150.149           0
142          53     161.776     317.998           0     197.794           0
142          54     162.271     317.129           0     185.818           0
142          55     162.844     316.309           0     160.998           0
142          56      163.49     315.545           0     127.739           0
142          57     164.187     314.828           0     179.885           0
142          58      164.93     314.159           0     202.349           0
142          59     165.721     313.547           0     122.208           0
142          60     166.563     313.007           0     253.302           0
142          61      167.44     312.525           0     128.274           0
142          62     168.336     312.082           0     234.215           0
142          63     169.244     311.662           0     148.637           0
142          64     170.173     311.293           0     180.394           0
142          65      171.12     310.969           0     247.204           0
142          66     172.073     310.667           0     157.643           0
142          67     173.024     310.356           0           0           0
#1
143           0     139.864     513.734           0     170.943     38.0698
143           1     140.835     513.474           0     120.772           0
143           2      141.68     512.931           0     161.372     21.2093
143           3     142.408     512.239           0     115.295     24.5569
143           4     143.034     511.452           0     246.414     17.5681
143           5     143.619     510.636           0     119.208           0
143           6     144.243     509.848           0     173.219           0
143           7     144.917     509.104           0     211.771           0
143           8     145.613      508.38           0     134.458           0
143           9     146.323     507.669           0     142.715           0
143          10     147.034     506.959           0     236.542           0
143          11     147.744     506.248           0      158.85           0
143          12     148.456     505.539           0     128.382           0
143          13     149.177      504.84           0     183.471           0
143          14     149.923     504.167           0     199.359           0
143          15     150.702     503.532           0     124.156           0
143          16     151.518     502.947           0     248.435           0
143          17     152.339     502.368           0     168.469     3.70039
143          18     153.084     501.694           0     6.56889     61.4337
143          19     153.709     500.908           0     180.874     25.3822
143          20     154.231     500.049           0      196.07     37.6179
143          21       154.7     499.161           0     162.103     51.5641
143          22      155.18     498.278           0     209.185    0.995795
143          23     155.667     497.399           0     136.066           0
143          24     156.158     496.523           0      131.47           0
143          25     156.641     495.642           0     163.492     20.6557
143          26     157.168     494.787           0     176.071     27.9189
143          27     157.685     493.926           0     174.785     10.0781
143          28     157.966     492.961           0     246.351      44.174
143          29     157.893     491.959           0     227.692     40.6315
143          30     157.657     490.983           0     166.066     7.49168
143          31     157.376     490.018           0     158.009           0
143          32     157.147      489.04           0     217.637    0.185789
143          33     156.997     488.047           0     254.232           0
143          34      156.87      487.05           0     221.796     23.5837
143          35     156.718     486.057           0     183.032      49.587
143          36     156.597      485.06           0     105.774     51.5594
143          37     156.571     484.056           0     109.372     40.5802
143          38     156.519     483.052           0     248.085           0
143          39     156.222     482.093           0      203.69           0
143          40     155.826     481.169           0     210.595           0
143          41      155.44     480.242           0     135.406           0
143          42     155.041      479.32           0     244.475           0
143          43     154.552     478.442           0     204.531           0
143          44      153.84     477.734           0     187.189           0
143          45     152.963     477.243           0     66.7248     22.2191
143          46     152.088      476.75           0     174.406     2.84218
143          47     151.271     476.165           0     166.586           0
143          48     150.536     475.481           0     127.148           0
143          49      149.88     474.719           0     170.033           0
143          50     149.282     473.912           0     183.057           0
143          51     148.709     473.087           0     180.795           0
143          52     148.146     472.255           0     171.718           0
143          53     147.575     471.429           0     124.766           0
143          54     147.037      470.58           0     245.644     4.00321
143          55     146.601     469.675           0     221.938     56.3625
#1
144           0     152.544     502.745           0     116.227     74.8346
144           1     153.504      503.05           0     122.149     67.8013
144           2     154.386     503.536           0     125.432           0
144           3     155.168      504.17           0     183.334           0
144           4     155.886     504.876           0     201.597           0
144           5     156.571     505.615           0     131.638           0
144           6     157.228     506.378           0     144.435           0
144           7     157.863     507.159           0     220.133           0
144           8     158.526     507.918           0      120.89     8.49737
144           9     159.165     508.695           0     177.342     38.7003
144          10     159.667     509.569           0     206.682           0
144          11     159.988     510.523           0     251.979           0
144          12     160.249     511.496           0     191.471           0
144          13     160.509     512.469           0     127.352           0
144          14     160.752     513.446           0     191.736           0
144          15     160.922     514.439           0     235.055           0
144          16     161.001     515.443           0     254.649           0
144          17     161.022      516.45           0     249.317           0
144          18     161.006     517.456           0     253.394           0
144          19     160.935     518.461           0     238.508           0
144          20     160.774     519.455           0     197.261           0
144          21     160.523      520.43           0     128.326           0
144          22     160.224     521.392           0     197.995           0
144          23     159.898     522.345           0     229.008           0
144          24     159.538     523.285           0     131.624           0
144          25     159.088     524.186           0     232.657           0
144          26     158.496     525.001           0     126.577           0
144          27     157.761     525.689           0     175.746           0
144          28      156.92     526.243           0     182.466           0
144          29      155.99     526.629           0     160.417           0
144          30     155.014     526.878           0     223.993           0
144          31     154.014     526.997           0     254.178           0
144          32     153.007     527.026           0     248.279           0
144          33         152     527.023           0     249.133           0
144          34     150.993      527.02           0     248.207           0
144          35     149.986     527.025           0           0           0
#1
145           0     155.271     473.418           0     77.8207     26.0825
145           1     155.116     474.415           0     225.358      32.264
145           2     154.957      475.41           0     243.926     38.0199
145           3     154.768     476.401           0     195.903     33.9294
145           4     154.577     477.391           0     189.199     6.04079
#1
146           0     156.898     482.849           0     220.452           0
146           1     157.855     483.163           0     213.449     41.0747
146           2     158.828     483.423           0     147.111     80.5638
146           3     159.784     483.739           0      162.18     28.8525
146           4     160.712     484.132           0     221.342     34.3786
146           5     161.638     484.527           0     129.421      66.615
146           6      162.59     484.855           0     218.026     77.8322
146           7     163.583     485.022           0     107.187     63.4377
146           8     164.581     484.883           0     148.116     20.0289
#1
147           0     185.309     286.017           0     1.36754           0
147           1     185.884     286.833           0     187.717           0
147           2     186.441     287.661           0     122.662           0
147           3     186.957     288.515           0     244.119           0
147           4     187.435     289.391           0      131.11           0
147           5     187.891     290.278           0     227.158           0
147           6     188.346     291.166           0       153.7           0
147           7     188.785     292.062           0     200.247           0
147           8     189.216     292.962           0     199.879           0
147           9     189.578     293.892           0     143.151           0
147          10     189.853     294.852           0     217.432           0
147          11     190.075     295.824           0     235.771           0
147          12     190.331     296.789           0     170.496           0
147          13     190.666     297.729           0     146.877           0
147          14     191.063     298.644           0      238.93           0
147          15     191.459      299.56           0      126.24           0
147          16     191.812     300.494           0     207.096    0.636912
147          17     192.155     301.431           0     215.558     19.9415
147          18      192.53     302.355           0     125.279     29.3255
147          19     192.983     303.245           0     250.573     56.1138
147          20     193.493     304.102           0     128.947     57.7771
147          21     193.974     304.976           0     242.694     12.6539
#1
148           0     94.9863     132.268           0    0.937151           0
148           1     94.1779     132.843           0     176.735           0
148           2     93.3686     133.416           0     121.901           0
148           3     92.5796     134.018           0     250.533           0
148           4     91.8793      134.72           0     84.9431           0
148           5     91.3739     135.573           0      159.66           0
148           6     91.0957     136.525           0     230.597     4.82513
148           7     90.9985     137.512           0     254.608     31.6373
148           8     90.9953     138.504           0     253.797     31.6899
148           9       91.01     139.496           0     252.446     31.8751
148          10     90.9907     140.488           0     252.634     34.2244
148          11     90.8695     141.472           0     221.735     40.3248
148          12     90.5712     142.418           0     145.649     49.3198
148          13     90.0711     143.275           0     78.1953     46.1968
148          14      89.362     143.968           0     246.874     17.1399
#1
149           0     61.7027     410.405           0     72.4862     36.0788
149           1     62.2389     411.283           0     156.405     20.0772
149           2     62.7601      412.17           0     193.835      21.998
149           3     63.2671     413.066           0      179.06     33.9516
149           4     63.7454     413.977           0     187.212     21.2279
149           5     64.2217     414.889           0     198.471      21.156
149           6     64.6753     415.813           0     155.497     29.9107
149           7      65.084     416.758           0     233.579     21.9633
149           8     65.3528     417.751           0     108.659     27.3393
149           9     65.3912     418.779           0     99.7635     34.5196
149          10     65.1907     419.789           0     211.393     4.97497
#1
150           0     90.9639     195.234           0           0           0
150           1     91.9184     195.602           0     141.048           0
150           2     92.8759     195.963           0     245.625           0
150           3      93.816     196.367           0      161.33           0
150           4     94.7174     196.852           0     166.478           0
150           5     95.5874      197.39           0     122.609           0
150           6     96.4644     197.917           0     233.912           0
150           7     97.3555      198.42           0     133.373           0
150           8     98.2536     198.911           0     232.234           0
150           9     99.1357     199.429           0     125.771           0
150          10     100.011     199.959           0           0    0.510277
#1
151           0     77.3091     317.999           0     78.7663     21.8341
151           1     78.3486         318           0     254.964  0.00289401
151           2     79.3882         318           0     254.945           0
151           3     80.4277     318.001           0     254.844           0
151           4     81.4673     318.003           0     254.249           0
151           5     82.5068         318           0     254.916           0
151           6     83.5464         318           0     254.901  0.00382815
151           7     84.5858     317.987           0     251.627     14.2005
151           8     85.6249     317.956           0      243.75     33.0513
151           9     86.6635     317.912           0     78.2105     32.5635
#1
152           0      281.65     606.453           0     214.596     76.8529
152           1      281.92     607.401           0      234.67      47.482
152           2     282.079     608.373           0     234.853           0
152           3     282.242     609.346           0      193.34      2.3858
152           4       282.5     610.297           0     127.544     9.23765
152           5     282.861     611.214           0      219.65      26.278
152           6      283.27     612.111           0     173.158     34.4795
152           7     283.642     613.024           0     163.631     34.0074
152           8     283.979      613.95           0     249.591     33.7667
152           9     284.311     614.878           0     175.767     35.2366
152          10     284.695     615.786           0     155.932     35.2381
152          11      285.19     616.638           0     206.463     37.4642
152          12     285.807     617.407           0     112.902     41.0764
152          13     286.569     618.033           0     111.171      55.757
152          14     287.469     618.434           0      126.45           0
#1
153           0     103.255     145.802           0     242.158     15.0395
153           1     104.205     145.493           0     126.401     78.6708
153           2     105.117     145.084           0     233.457      53.491
153           3     105.989     144.597           0     152.135     33.0976
153           4     106.805      144.02           0     202.244     23.8543
153           5     107.566     143.372           0     131.819     35.3524
153           6      108.32     142.716           0     147.349     58.7182
153           7     109.122      142.12           0     224.385     45.4933
#1
154           0     238.894     472.995           0     1.16353           0
154           1     238.933     472.001           0     237.741           0
154           2     238.958     471.006           0      244.29           0
154           3     238.983     470.011           0      250.61           0
154           4     239.066      469.02           0     238.177           0
154           5     239.288      468.05           0     181.574     12.7687
154           6     239.691      467.14           0     230.259     35.2646
154           7     240.191      466.28           0     92.9058     32.3216
154           8      240.65     465.398           0     165.806     35.0585
154           9     241.058      464.49           0     240.319     34.9511
154          10     241.503       463.6           0     178.018     23.2014
154          11     242.093     462.799           0     189.623           0
154          12     242.789     462.088           0     188.182           0
154          13     243.502     461.394           0     127.584     4.66552
154          14     244.181     460.667           0     154.666           0
154          15       244.8     459.888           0     203.879           0
154          16     245.342     459.054           0     250.328     2.35292
154          17     245.735     458.139           0     196.757     24.5689
154          18     246.028     457.189           0     247.764           0
154          19     246.317     456.237           0     174.222           0
154          20     246.667     455.305           0     144.061           0
154          21      247.11     454.415           0     226.935           0
154          22     247.617     453.559           0     123.985     48.6396
154          23     248.163     452.727           0     166.472     13.4877
154          24     248.702     451.891           0      179.06           0
154          25     249.242     451.055           0     193.298     6.29688
154          26     249.803     450.233           0     168.728     56.4191
154          27     250.436     449.465           0     126.355     15.0616
154          28     251.159     448.783           0     223.179           0
154          29     252.009     448.266           0     187.249           0
154          30     252.942     447.918           0     234.026           0
154          31     253.892     447.624           0     159.151      48.201
154          32      254.84     447.323           0     158.243      68.388
154          33     255.785     447.009           0     252.684     10.1696
154          34     256.715     446.657           0     167.573           0
154          35     257.622     446.247           0     143.202     2.31926
154          36     258.493     445.767           0     99.1226     24.7548
154          37     259.348     445.257           0           0      57.314
154          38     260.201     444.747           0      13.023     45.8754
154          39     261.069     444.259           0     188.972      21.915
154          40      261.95     443.797           0      203.13     34.7436
154          41     262.862       443.4           0     146.036     21.0353
154          42     263.809     443.094           0     230.938     24.1463
154          43      264.79     442.927           0     236.265      29.231
154          44     265.782     443.001           0     55.5918    0.634175
154          45      266.68     443.428           0     173.519      29.171
#1
155           0     313.497     531.718           0      35.806     18.5823
155           1     314.067     530.899           0     215.512     23.0828
155           2     314.624     530.071           0     154.627      13.543
155           3     315.178     529.241           0      209.67     3.47426
155           4     315.727     528.408           0     138.159           0
155           5     316.282     527.579           0     136.272           0
155           6     316.806      526.73           0     205.584           0
155           7       317.3     525.863           0     164.489           0
155           8     317.776     524.986           0     197.879           0
155           9     318.282     524.127           0     182.976           0
155          10     318.817     523.285           0     162.364           0
155          11      319.37     522.454           0     124.422           0
155          12     319.885     521.599           0     225.576           0
155          13     320.335     520.709           0     145.097           0
155          14     320.683     519.774           0     174.283           0
155          15     320.942     518.811           0     240.292           0
155          16     321.162     517.837           0     213.808           0
155          17     321.405      516.87           0      145.46           0
155          18     321.663     515.906           0     169.065           0
155          19     321.869      514.93           0     221.598           0
155          20     322.005     513.941           0     253.779           0
155          21     322.145     512.954           0     217.969           0
155          22     322.365      511.98           0     160.523           0
155          23     322.656     511.026           0     165.289           0
155          24      322.97     510.079           0     247.432           0
155          25     323.286     509.133           0     181.949           0
155          26     323.585     508.181           0     141.368           0
155          27     323.842     507.217           0     214.596           0
155          28     324.064     506.244           0      238.75           0
155          29       324.3     505.275           0     178.472           0
155          30      324.56     504.312           0      133.26           0
155          31     324.787      503.34           0     200.746           0
155          32     324.931     502.353           0     237.316           0
155          33     325.007     501.358           0     253.221           0
155          34     325.096     500.364           0     230.459           0
155          35      325.27     499.382           0     186.064           0
155          36     325.531     498.419           0     128.791           0
155          37     325.839      497.47           0     213.909           0
155          38     326.163     496.526           0     213.394           0
155          39     326.472     495.578           0     128.612           0
155          40     326.735     494.615           0     187.382           0
155          41     326.908     493.633           0     231.616           0
155          42     326.983     492.638           0      250.62           0
155          43     327.011     491.641           0     252.267           0
155          44     327.065     490.644           0      238.39           0
155          45     327.206     489.657           0     202.425           0
155          46     327.441     488.687           0     133.165           0
155          47     327.722      487.73           0     184.195           0
155          48     328.003     486.773           0     254.221           0
155          49     328.252     485.806           0      203.28           0
155          50     328.382     484.817           0     237.194           0
155          51     328.198     483.837           0     204.489     43.8987
155          52     327.835     482.907           0     197.019           0
155          53     327.539     481.955           0     117.596           0
155          54     327.494     480.958           0     128.911           0
155          55     327.664     479.975           0     169.343           0
155          56     327.834     478.992           0     212.763           0
155          57     327.841     477.994           0      214.34           0
155          58     327.658     477.013           0     167.875           0
155          59     327.394     476.051           0     151.805           0
155          60     327.167      475.08           0     212.529           0
155          61     327.014     474.094           0     251.419           0
155          62     326.871     473.106           0      222.13           0
155          63     326.667      472.13           0     170.084           0
155          64     326.406     471.167           0     143.509           0
155          65     326.175     470.196           0      210.33           0
155          66     326.033     469.209           0     246.599           0
155          67     325.961     468.214           0     245.038           0
155          68     325.899     467.218           0     229.138    0.772896
155          69      325.82     466.223           0     46.7065     17.6899
#1
156           0     84.4311     328.435           0     47.7948     18.0673
156           1     85.3812     328.785           0     200.298     2.68683
156           2     86.3269     329.148           0     217.218    0.538939
156           3     87.2453     329.575           0     117.762           0
156           4     88.1189     330.087           0     207.691           0
156           5     88.9568     330.656           0     163.919           0
156           6      89.733     331.307           0     176.757           0
156           7     90.4006     332.068           0     102.152           0
156           8     90.9128     332.942           0     232.774           0
156           9     91.3203     333.869           0     173.318           0
156          10      91.709     334.805           0     159.968           0
156          11     92.1211      335.73           0     224.129           0
156          12     92.5103     336.665           0     128.368           0
156          13     92.8454     337.621           0      215.58           0
156          14     93.1307     338.592           0     221.674           0
156          15     93.3923     339.571           0     66.5301           0
156          16     93.6378     340.553           0     89.9852           0
156          17     93.8338     341.547           0     212.609           0
156          18     93.9653     342.551           0     246.161           0
156          19     94.0817     343.557           0     234.156           0
156          20     94.2614     344.554           0      188.35           0
156          21     94.5203     345.533           0     127.842           0
156          22     94.8255     346.499           0     210.497           0
156          23     95.1494     347.458           0     216.909           0
156          24     95.4722     348.418           0      128.66           0
156          25     95.7949     349.378           0     202.707           0
156          26     96.1175     350.338           0     225.027           0
156          27     96.4262     351.303           0     134.915           0
156          28     96.7093     352.275           0     180.865           0
156          29     96.9505     353.259           0     242.365           0
156          30     97.1741     354.247           0     210.593           0
156          31     97.4231     355.228           0     138.144   0.0266682
156          32     97.6874     356.206           0     175.299     2.82165
156          33     97.9253     357.191           0     235.945           0
156          34     98.1507     358.178           0     216.581           0
156          35     98.4375     359.149           0     138.685     16.8192
156          36     98.8272     360.084           0     210.943     27.2113
156          37      99.312     360.973           0      175.45     31.7264
156          38     99.8314     361.843           0     185.438     27.9403
156          39     100.362     362.705           0     47.9318     24.1148
#1
157           0     185.999     264.018           0           0           0
157           1     186.544     264.836           0     116.017           0
157           2     187.096      265.65           0     230.542           0
157           3     187.662     266.453           0     123.649           0
157           4     188.271     267.225           0     159.617           0
157           5     188.891     267.988           0     224.857           0
157           6     189.491     268.766           0     126.331           0
157           7     190.051     269.575           0     241.998           0
157           8     190.594     270.394           0     122.403           0
157           9     191.146     271.208           0     180.284           0
157          10      191.69     272.026           0     176.035           0
157          11     192.236     272.844           0     194.881           0
157          12     192.778     273.664           0     150.781           0
157          13     193.324     274.482           0     129.145           0
157          14     193.839     275.319           0     214.021           0
157          15     194.324     276.174           0     156.803           0
157          16     194.773     277.048           0     197.216   0.0132943
157          17      195.22     277.924           0     198.825           0
157          18     195.655     278.806           0     151.634           0
157          19     196.095     279.685           0     230.683           0
157          20     196.541     280.561           0      128.77           0
157          21     197.007     281.427           0     253.309    0.112819
157          22     197.514     282.269           0     125.818           0
157          23     198.061     283.086           0     220.253           0
157          24     198.613     283.899           0     150.503           0
157          25     199.143     284.727           0     218.428     2.34712
157          26     199.658     285.565           0     38.0056      16.765
#1
158           0     101.016     187.666           0     2.66012           0
158           1      101.95      187.81           0     196.247           0
158           2     102.886     187.942           0      240.33           0
158           3      103.82     188.091           0     231.702           0
158           4     104.743     188.293           0     180.267           0
158           5     105.661     188.518           0     128.945     2.77471
158           6     106.593     188.678           0     172.861     8.18515
158           7     107.538     188.672           0     171.394     47.0663
158           8     108.442     188.395           0     169.011      88.796
#1
159           0     141.843     65.0031           0    0.124693           0
159           1     141.169     65.7548           0     159.922           0
159           2     140.503     66.5133           0      127.48           0
159           3     139.867     67.2978           0     165.393           0
159           4     139.294     68.1286           0     180.038     18.6216
159           5     138.772     68.9926           0     196.761     36.2002
159           6     138.279     69.8735           0     169.682      36.888
159           7     137.738     70.7262           0     188.223     45.6457
159           8     137.135     71.5358           0      134.17     63.4781
159           9     136.474     72.2991           0     124.858     13.2089
159          10     135.835     73.0802           0     199.145           0
#1
160           0     131.998     49.0176           0     4.47744           0
160           1         132     50.0143           0     254.908           0
160           2     132.001     51.0111           0     254.618           0
160           3     132.003     52.0078           0     254.309           0
160           4     132.002     53.0046           0     254.474           0
160           5     131.999     54.0013           0     254.829           0
160           6     131.997      54.998           0     254.117           0
160           7     131.995     55.9948           0     253.809           0
160           8     131.989     56.9915           0     252.238           0
160           9     131.989     57.9882           0     252.178           0
160          10      132.02     58.9845           0     249.797           0
160          11     132.131     59.9751           0     221.686           0
160          12     132.346     60.9483           0     166.803           0
160          13     132.614     61.9084           0     151.158           0
160          14     132.836     62.8801           0      213.07           0
160          15     132.956     63.8696           0      243.66           0
160          16     132.996     64.8655           0     253.965           0
160          17     133.025     65.8619           0     248.699    0.175017
160          18     133.114     66.8546           0     225.818     1.20556
160          19     133.307     67.8325           0     176.697     11.2414
160          20     133.573     68.7931           0     138.439     37.1109
160          21     133.863     69.7468           0     220.005     39.9276
160          22     134.185     70.6901           0     207.871     42.7765
160          23     134.556     71.6152           0     113.267     28.4367
160          24     134.915     72.5451           0     9.90773     5.00114
160          25     135.131     73.5181           0     130.914           0
160          26     135.146     74.5147           0     217.729           0
160          27     135.073     75.5088           0      236.33     7.51433
160          28     135.013     76.5037           0     251.778     31.9056
160          29     134.986     77.5001           0     251.387     31.4397
160          30     134.981     78.4968           0     250.094     31.2617
160          31     134.985     79.4935           0     251.109     31.3901
160          32      134.99     80.4903           0      252.54     15.5611
160          33     134.993      81.487           0     253.245           0
160          34     134.991     82.4837           0     252.756           0
160          35     134.989     83.4805           0     252.191           0
160          36     135.004     84.4771           0     253.938           0
160          37     135.074     85.4714           0     236.122           0
160          38     135.236     86.4548           0      194.77           0
160          39     135.476     87.4223           0     128.452           0
160          40     135.722     88.3882           0     184.073           0
160          41     135.898     89.3694           0     228.892           0
160          42     135.991     90.3617           0     252.756           0
160          43     136.071     91.3552           0     236.897           0
160          44     136.217     92.3412           0     199.633           0
160          45     136.445     93.3116           0     132.816           0
160          46     136.694     94.2766           0     176.998           0
160          47     136.891     95.2538           0     227.149           0
160          48     137.029     96.2409           0     247.552           0
160          49     137.185     97.2253           0     207.731           0
160          50     137.417     98.1947           0     140.428           0
160          51      137.71     99.1474           0     181.071           0
160          52     138.026     100.093           0     248.306           0
160          53     138.348     101.036           0     163.535           0
160          54      138.67     101.979           0     168.994           0
160          55     138.967     102.931           0     246.516           0
160          56     139.182     103.904           0     208.543           0
160          57      139.13     104.899           0     251.653           0
160          58     138.761     105.825           0     84.2047     11.1461
160          59     138.367     106.741           0     161.394           0
160          60     138.103     107.702           0     228.824           0
160          61     137.993     108.692           0     253.134           0
160          62     137.993     109.689           0     253.121           0
160          63     138.083     110.682           0     233.845           0
160          64     138.269     111.661           0     186.341           0
160          65     138.519     112.626           0     128.713           0
160          66     138.771      113.59           0     196.599           0
160          67     139.012     114.558           0      252.05           0
160          68     139.309     115.509           0     176.153           0
160          69     139.736      116.41           0     116.642           0
160          70     140.293     117.236           0     155.375           0
160          71     140.904     118.024           0     225.008           0
160          72     141.509     118.816           0     128.944           0
160          73     142.088     119.627           0     232.636           0
160          74     142.668     120.437           0     122.128           0
160          75     143.297     121.211           0     157.451           0
160          76     143.968     121.948           0     234.391           0
160          77     144.662     122.663           0      140.99           0
160          78     145.351     123.383           0     136.355           0
160          79     146.008     124.133           0     219.563           0
160          80     146.602     124.934           0     150.017           0
160          81     147.112      125.79           0     226.379           0
160          82     147.513     126.702           0     128.828           0
160          83      147.81     127.654           0     206.503           0
160          84     148.038     128.624           0     245.206           0
160          85     148.256     129.597           0      189.63   0.0427431
160          86     148.488     130.566           0     127.098      9.6215
160          87     148.707     131.539           0     180.286     16.8567
160          88     148.935     132.509           0     238.418     19.0161
160          89     149.317     133.429           0     208.831     3.24281
160          90     150.034     134.122           0     223.948     82.6397
160          91     150.854     134.689           0     79.3687     14.9039
160          92     151.631     135.313           0     160.933     44.9783
160          93     152.324     136.029           0     169.707     13.7439
160          94      152.95     136.805           0     197.495     12.4388
160          95     153.579     137.578           0     45.2936     21.4094
#1
161           0     139.685     104.576           0     180.905     2.94672
161           1      140.45     105.232           0     195.838     38.8708
161           2     141.249     105.849           0     82.8165      52.684
161           3      142.01      106.51           0     252.432     52.5281
161           4     142.756     107.189           0     50.4521     19.7886
#1
162           0     220.539     459.666           0     137.547     131.107
162           1     221.165     460.411           0     212.809     40.0938
162           2     221.843     461.109           0     59.1538     19.2861
162           3     222.659      461.64           0     163.175           0
162           4     223.565     461.994           0     253.396           0
162           5     224.503     462.254           0     190.166           0
162           6     225.444     462.503           0     127.414           0
162           7     226.388     462.739           0     188.371           0
162           8     227.346     462.913           0     232.831           0
162           9     228.313     463.016           0     250.912           0
162          10     229.283     463.099           0     229.721           0
162          11     230.251     463.201           0     152.714     55.7272
#1
163           0     268.959     352.666           0           0           0
163           1     269.897     353.102           0     205.351           0
163           2     270.847     353.509           0     129.073           0
163           3     271.836     353.809           0      206.31           0
163           4     272.859     353.962           0     245.375           0
163           5     273.891     354.011           0     252.255           0
163           6     274.925     354.024           0     248.874           0
163           7     275.959     354.039           0     245.104           0
163           8     276.992     354.063           0     1.86828           0
#1
164           0     128.007     445.681           0     1.17596           0
164           1     128.993     445.816           0     206.591           0
164           2     129.983     445.927           0     236.347           0
164           3     130.971     446.051           0      241.92           0
164           4     131.936     446.294           0      180.07     7.53464
164           5     132.814     446.763           0     218.863     26.4425
164           6     133.564     447.419           0      124.86           0
164           7     134.241     448.148           0     173.924           0
164           8     134.907     448.889           0     208.134           0
164           9     135.577     449.625           0     132.407     1.86371
164          10     136.258     450.352           0     145.842     30.0863
164          11     136.966     451.051           0     246.355     40.3975
164          12     137.716     451.706           0     72.4689     37.4051
164          13     138.419     452.411           0     106.797           0
164          14      138.98     453.234           0     249.841           0
164          15     139.413      454.13           0     143.878           0
164          16      139.83     455.034           0     211.764           0
164          17     140.308     455.908           0     176.397           0
164          18     140.823      456.76           0      170.33           0
164          19     141.334     457.614           0     117.832           0
164          20     141.772     458.509           0     196.815           0
164          21     142.142     459.433           0     218.907           0
164          22     142.467     460.374           0     129.625           0
164          23     142.776     461.321           0     197.903           0
164          24     143.093     462.264           0     231.257           0
164          25     143.435       463.2           0      137.51           0
164          26     143.822     464.117           0     209.589           0
164          27     144.244     465.019           0     189.204           0
164          28     144.658     465.924           0      6.6344     3.00834
#1
165           0     161.437     225.042           0     4.66203           0
165           1     161.718     226.002           0     183.076           0
165           2     161.997     226.962           0     254.316           0
165           3     162.296     227.917           0     179.428           0
165           4     162.616     228.864           0     149.076           0
165           5     162.938     229.811           0     239.299           0
165           6     163.255      230.76           0     189.913           0
165           7      163.57     231.709           0     135.014           0
165           8     163.885     232.659           0     225.715           0
165           9     164.202     233.607           0     203.405           0
165          10     164.516     234.557           0     127.974           0
165          11     164.832     235.506           0     212.059           0
165          12     165.161     236.451           0     213.886           0
165          13     165.514     237.386           0     126.667           0
165          14     165.908     238.306           0     231.508           0
165          15     166.319     239.218           0     153.561           0
165          16     166.693     240.145           0     176.825           0
165          17      167.03     241.087           0     247.294           0
165          18     167.346     242.036           0      163.84           0
165          19     167.662     242.985           0     167.577           0
165          20     167.978     243.934           0      249.43           0
165          21     168.315     244.876           0     174.668           0
165          22     168.691     245.803           0     156.946           0
165          23     169.103     246.714           0     228.797           0
165          24     169.497     247.634           0     127.301           0
165          25     169.853     248.568           0     217.499           0
165          26     170.185     249.512           0     207.821           0
165          27     170.489     250.465           0     127.705           0
165          28     170.742     251.432           0     189.329           0
165          29     170.909     252.419           0     231.676           0
165          30     170.992     253.415           0     253.004           0
165          31      171.07     254.413           0     237.237           0
165          32      171.23       255.4           0     196.346           0
165          33     171.509      256.36           0     126.845           0
165          34      171.89     257.285           0     226.876           0
165          35     172.328     258.185           0     155.185           0
165          36     172.775      259.08           0     197.509           0
165          37     173.234     259.968           0     195.438           0
165          38     173.694     260.856           0     162.739           0
165          39     174.189     261.725           0     206.687           0
165          40     174.716     262.576           0     135.828           0
165          41     175.272     263.407           0     138.315           0
165          42     175.822     264.242           0     209.622           0
165          43     176.379     265.073           0     153.929           0
165          44     176.938     265.903           0     217.435           0
165          45     177.492     266.736           0     126.482           0
165          46     178.008     267.592           0     252.982           0
165          47      178.48     268.474           0     127.764           0
165          48     178.927     269.369           0     236.435           0
165          49     179.376     270.263           0     142.479           0
165          50      179.84     271.149           0     214.234           0
165          51     180.364     272.001           0     162.132           0
165          52     180.953     272.809           0     198.933           0
165          53     181.606     273.567           0     131.117           0
165          54     182.298     274.289           0     149.225           0
165          55     183.002         275           0     254.572           0
165          56     183.669     275.745           0     148.613           0
165          57     184.299     276.522           0     125.224           0
165          58     184.883     277.334           0     225.235           0
165          59     185.455     278.154           0      117.47           0
165          60     186.021     278.979           0           0           0
#1
166           0     225.025     333.983           0           0           0
166           1     225.731     334.705           0     131.391           0
166           2     226.438     335.426           0     129.842           0
166           3     227.138     336.154           0     191.386           0
166           4     227.814     336.904           0     192.232           0
166           5      228.44     337.697           0     121.424           0
166           6     228.979     338.551           0     249.584           0
166           7     229.412     339.463           0      129.15           0
166           8     229.739     340.419           0     188.449           0
166           9     229.985     341.398           0     251.086     26.4472
166          10     230.209     342.383           0     201.764     54.2823
166          11     230.468     343.359           0     129.766     28.2702
166          12     230.768     344.324           0      195.76           0
166          13     231.093      345.28           0     231.361           0
166          14     231.442     346.227           0     135.508           0
166          15     231.839     347.156           0     213.823           0
166          16      232.28     348.064           0     176.304           0
166          17     232.731     348.968           0     182.597           0
166          18     233.193     349.866           0      205.81           0
166          19     233.642      350.77           0     147.148           0
166          20     234.083     351.679           0      233.81           0
166          21     234.484     352.606           0     126.631           0
166          22     234.839     353.552           0     213.842           0
166          23     235.185       354.5           0      207.83           0
166          24      235.54     355.446           0     126.376           0
166          25     235.942     356.372           0     240.103           0
166          26     236.385      357.28           0     140.441           0
166          27     236.843      358.18           0     214.987           0
166          28     237.319      359.07           0     161.405           0
166          29     237.789     359.965           0      1.9123           0
#1
167           0     197.017     532.987           0   0.0595745           0
167           1     197.719     532.285           0     130.961           0
167           2     198.421     531.585           0     130.936           0
167           3     199.123     530.885           0      201.49           0
167           4     199.819     530.179           0      179.82           0
167           5     200.496     529.454           0     127.399           0
167           6     201.134     528.695           0     163.841           0
167           7     201.722     527.896           0     184.155           0
167           8     202.297     527.088           0      179.35           0
167           9     202.882     526.287           0     168.936           0
167          10     203.499     525.511           0     127.508           0
167          11     204.112     524.732           0     173.306           0
167          12     204.679     523.918           0     173.151           0
167          13     205.194     523.071           0     205.434           0
167          14     205.668     522.199           0     153.229           0
167          15     206.165     521.341           0     213.018           0
167          16     206.709     520.512           0      126.22           0
167          17     207.311     519.724           0     149.086           0
167          18      207.93      518.95           0     225.276           0
167          19     208.531      518.16           0     132.827     9.20945
167          20     209.104     517.351           0     228.383     125.791
167          21     209.678     516.543           0     123.636     51.2969
167          22     210.288     515.761           0     155.653     21.9873
167          23      210.91     514.989           0     229.491     16.4683
167          24     211.514     514.202           0     129.671     18.2404
167          25     212.083      513.39           0     233.822           0
167          26     212.625     512.559           0     123.757           0
167          27     213.151     511.718           0     166.358           0
167          28     213.616     510.842           0     156.996           0
167          29     214.005      509.93           0      253.62      4.5266
167          30     214.359     509.004           0     163.331      44.776
167          31     214.739     508.088           0      177.72     5.18257
167          32     215.164     507.192           0     213.133           0
167          33       215.6     506.301           0     137.622           0
167          34     216.044     505.415           0     243.714           0
167          35     216.487     504.527           0     127.679           0
167          36     216.921     503.635           0      234.79           0
167          37     217.357     502.745           0     145.387           0
167          38       217.8     501.858           0     203.987           0
167          39     218.301     501.002           0     178.242    0.456707
167          40     218.898      500.21           0     186.363     67.0217
167          41     219.663     499.579           0     157.209     157.233
#1
168           0     232.004     429.049           0     12.3529           0
168           1     232.001     430.039           0     254.866           0
168           2     231.997     431.029           0     254.123           0
168           3     231.994      432.02           0     253.532           0
168           4     231.996      433.01           0     254.054           0
168           5     232.003     434.001           0     254.355           0
168           6     232.006     434.991           0     253.452           0
168           7         232     435.982           0     254.994           0
168           8         232     436.972           0     254.915           0
168           9         232     437.962           0     254.879           0
168          10     232.002     438.953           0     254.593           0
168          11     232.005     439.943           0     253.684           0
168          12     232.012     440.934           0     252.057           0
168          13     232.015     441.924           0     251.289           0
168          14      231.99     442.914           0     252.557           0
168          15      231.89     443.899           0      226.85           0
168          16     231.666     444.864           0     169.897           0
168          17     231.327     445.795           0     153.461           0
168          18     230.902     446.689           0     229.951           0
168          19     230.429     447.559           0     129.661     50.2423
168          20     229.903     448.399           0     230.386     58.3537
168          21     229.356     449.224           0     107.254     82.7385
168          22     228.855     450.079           0     234.914     66.3534
168          23      228.43     450.973           0     6.76172      40.453
168          24     227.891     451.804           0     182.759     87.9122
168          25     227.191     452.505           0     128.275     20.8177
168          26       226.4     453.101           0     229.232      35.762
168          27     225.588     453.668           0     119.996     42.7092
168          28     224.809     454.279           0     162.255    0.969698
168          29     224.068     454.937           0      223.72           0
168          30     223.359     455.628           0     136.722           0
168          31     222.679     456.348           0     141.346     17.8268
168          32     222.045     457.109           0     216.844     38.3767
168          33     221.481     457.923           0     131.611     9.80149
168          34     220.995     458.786           0     253.777     42.5091
168          35     220.539     459.666           0     137.547     108.557
#1
169           0     254.876     444.899           0     25.7522     21.4922
169           1     254.294     444.073           0     236.417    0.392658
169           2     253.675     443.274           0     107.328           0
169           3     253.097     442.445           0     230.232           0
169           4     252.607     441.561           0     130.849           0
169           5      252.22     440.628           0     198.973           0
169           6     251.888     439.673           0     226.411           0
169           7     251.584      438.71           0     136.434     14.5887
169           8     251.315     437.735           0     174.594     32.9617
169           9      251.06     436.757           0     239.625     43.6622
169          10     250.715     435.808           0     182.221     55.8679
169          11     250.122      434.99           0     33.0257     9.08605
169          12     249.216     434.541           0     117.034           0
169          13     248.215      434.68           0     81.6429           0
169          14      247.39     435.262           0     155.583     47.7309
169          15     246.757      436.05           0     186.427     43.1305
169          16     246.261     436.931           0     180.046       35.66
169          17     245.802     437.831           0     204.472     35.2395
169          18     245.357     438.738           0     144.892     3.79633
169          19     244.913     439.647           0     232.936           0
169          20     244.519     440.577           0     126.774           0
169          21     244.233     441.546           0     195.462           0
169          22     244.129     442.551           0     222.124           0
169          23     244.255     443.554           0     189.857           0
169          24     244.553      444.52           0     128.036           0
169          25     244.953     445.448           0     243.027           0
169          26     245.409      446.35           0      134.46     22.6326
169          27     245.887      447.24           0     226.312     62.3809
169          28     246.441     448.086           0     140.056     13.5848
169          29     247.085     448.864           0     201.612           0
169          30     247.803     449.575           0     21.3322           0
169          31     248.563     450.242           0     34.6668     5.53895
169          32     249.356     450.868           0      154.47     54.8754
#1
170           0     74.1416      367.02           0     4.45679           0
170           1     74.0844     368.017           0     233.478           0
170           2     74.0377     369.015           0     245.386           0
170           3     73.9805     370.012           0     250.033           0
170           4     73.8542     371.003           0     217.823           0
170           5     73.6283     371.975           0     160.222           0
170           6     73.3723     372.941           0     156.194           0
170           7     73.2405     373.931           0     193.664           0
170           8     73.3647     374.922           0      162.01           0
170           9     73.7062      375.86           0     165.365           0
170          10     74.1885     376.735           0     206.923           0
170          11     74.7498     377.561           0      135.21           0
170          12     75.3692     378.344           0     137.911           0
170          13     75.9966     379.121           0     223.407           0
170          14     76.5859     379.927           0     146.214           0
170          15     77.1146     380.774           0     225.765           0
170          16     77.5822     381.657           0     134.076           0
170          17     78.0301     382.549           0     247.325           0
170          18     78.4765     383.443           0     128.187           0
170          19     78.9434     384.326           0     240.565           0
170          20     79.4561     385.183           0     134.611           0
170          21     80.0043     386.017           0     249.517           0
170          22     80.5628     386.845           0     138.558           0
170          23     81.1219     387.673           0     223.924           0
170          24     81.7002     388.487           0     126.167           0
170          25     82.3355     389.257           0     147.845           0
170          26     83.0224     389.982           0     244.905           0
170          27     83.7478     390.669           0     148.829           0
170          28     84.4803     391.348           0     129.029           0
170          29     85.1696      392.07           0     237.096           0
170          30     85.7423     392.888           0     28.4706           0
170          31     86.2564     393.745           0     141.184           0
170          32     86.7968     394.584           0     140.272           0
170          33     87.4168     395.367           0     133.134           0
170          34     88.0859     396.109           0     210.151           0
170          35     88.7525     396.852           0     172.867           0
170          36     89.3815     397.628           0     119.764           0
170          37     89.9579     398.443           0      244.27           0
170          38     90.5135     399.273           0     125.943           0
170          39     91.0737       400.1           0     214.446           0
170          40     91.6294      400.93           0     155.861           0
170          41       92.18     401.763           0     209.103           0
170          42      92.725       402.6           0     138.963           0
170          43     93.2825     403.428           0     135.432           0
170          44      93.837     404.259           0     213.441           0
170          45     94.4258     405.066           0     143.938           0
170          46     95.0669     405.831           0     197.837           0
170          47     95.7433     406.566           0     135.705           0
170          48      96.414     407.306           0     176.959           0
170          49      97.063     408.065           0     16.6035           0
170          50     97.7111     408.825           0     210.346           0
170          51     98.3969     409.551           0     124.827           0
170          52      99.081     410.278           0     174.845           0
170          53     99.6971     411.064           0     166.319           0
170          54     100.187     411.935           0     58.0782    0.947056
170          55     100.549     412.866           0     118.399     63.6953
#1
171           0     265.603     372.234           0     117.731      60.541
171           1     266.591     372.509           0     127.923           0
171           2     267.581     372.772           0     196.919           0
171           3     268.578     373.013           0     251.733           0
171           4     269.573     373.259           0     189.071           0
171           5     270.545     373.585           0     129.456    0.388659
171           6     271.492     373.978           0     249.389     8.78083
171           7     272.425     374.404           0     87.4794     45.4497
#1
172           0     219.543     440.887           0     239.305           0
172           1     218.904     441.656           0     95.3198     50.1724
172           2     218.422     442.533           0     147.449      41.547
172           3     218.061     443.466           0     239.498      44.904
172           4     217.779     444.425           0     198.675     42.5266
172           5     217.518     445.391           0     128.495     40.7757
172           6     217.275     446.361           0     184.842     50.8142
172           7     217.096     447.345           0     230.445     85.5607
172           8     217.015     448.342           0     251.111     57.3559
172           9     216.994     449.342           0     253.372     18.9111
172          10     216.994     450.343           0     253.431           0
172          11     216.996     451.343           0     254.079           0
172          12     216.995     452.343           0     253.663           0
172          13     216.991     453.344           0     252.646           0
172          14     216.995     454.344           0     166.556     5.06898
172          15     217.043     455.343           0     83.6844     23.0534
172          16     217.175     456.335           0     210.379     29.5986
172          17      217.47      457.29           0     130.749     12.1763
172          18     217.985     458.148           0     251.259     19.6857
172          19     218.733     458.813           0     68.1953     40.6017
172          20     219.615     459.283           0     27.8161     69.3825
172          21     220.539     459.666           0     137.547     130.128
#1
173           0      134.83      493.97           0     247.396           0
173           1     134.755     492.965           0           0     6.50867
173           2     134.504     491.989           0           0     40.7383
173           3     134.272     491.008           0           0     34.1339
173           4     134.368     490.005           0     160.375     23.5592
173           5     134.865     489.128           0     196.806     19.7852
173           6     135.562     488.399           0     130.669      17.823
173           7     136.374     487.802           0     146.968      18.017
173           8     137.302     487.409           0     150.726     32.4363
173           9     138.309      487.38           0     157.976     32.2104
173          10     139.267     487.696           0     56.8185     90.0505
173          11     140.148     488.185           0       6.984     105.559
173          12     140.994     488.733           0      185.76     96.0991
#1
174           0     306.995     392.752           0           0           0
174           1     307.784     392.094           0     181.059           0
174           2     308.585     391.452           0     129.594           0
174           3     309.415     390.847           0     142.589      7.5851
174           4     310.303     390.331           0     170.496     23.7615
174           5     311.224     389.877           0      223.68     68.0537
174           6     312.119     389.374           0      103.06     38.2782
#1
175           0     314.003      402.95           0     12.7911           0
175           1     313.993     401.954           0     253.321           0
175           2     313.983     400.958           0     250.671           0
175           3     313.981     399.963           0     250.123           0
175           4     313.996     398.967           0      254.03           0
175           5     314.016     397.972           0     250.958           0
175           6     314.004     396.976           0      254.02           0
175           7     314.006      395.98           0     253.351           0
175           8     314.014     394.985           0     251.339           0
175           9     314.019     393.989           0     250.132           0
175          10     313.991     392.994           0     252.804           0
175          11      313.87     392.005           0      221.84  0.00727606
175          12     313.599     391.047           0     152.823     3.61152
175          13     313.244     390.117           0     62.1438     44.1439
175          14     312.989     389.155           0     213.593    0.761495
175          15     312.953      388.16           0     243.058           0
175          16     313.071     387.171           0     237.015           0
175          17     313.284     386.198           0     182.586           0
175          18     313.548     385.238           0     133.897           0
175          19     313.826     384.282           0     210.524           0
175          20     314.159     383.344           0     214.543           0
175          21      314.66     382.484           0     173.586           0
175          22     315.409     381.827           0     210.927      69.237
175          23     316.234      381.27           0     96.2832     39.8168
175          24     317.011     380.647           0     164.199     27.7057
175          25     317.682     379.912           0     174.029     22.9875
175          26     318.275     379.112           0      184.88     14.3857
175          27     318.827     378.284           0     163.651    0.273335
175          28     319.375     377.452           0     124.406           0
175          29     319.889     376.599           0     226.739           0
175          30     320.371     375.728           0     142.478           0
175          31     320.822      374.84           0     209.681           0
175          32     321.275     373.954           0     179.468           0
175          33     321.732     373.069           0     178.529           0
175          34     322.227     372.205           0     197.048           0
175          35     322.752     371.359           0     145.634           0
175          36     323.305     370.531           0     130.585           0
175          37     323.861     369.705           0     219.669           0
175          38     324.455     368.905           0     136.893           0
175          39     325.099     368.146           0     196.102           0
175          40     325.761     367.403           0      140.43           0
175          41     326.366     366.612           0     192.212           0
175          42     326.838     365.735           0     213.748           0
175          43     327.239     364.824           0     194.024           0
175          44     327.676     363.929           0     89.0472           0
175          45     328.185     363.073           0     236.262           0
175          46     328.641     362.188           0     180.614           0
175          47     329.005     361.261           0      253.85           0
175          48     329.362     360.332           0     162.695           0
175          49      329.79     359.433           0     137.427           0
175          50     330.295     358.575           0     135.339           0
175          51     330.807     357.721           0     205.845           0
175          52       331.3     356.856           0     163.768           0
175          53     331.758     355.972           0     193.331           0
175          54     332.214     355.087           0     200.413           0
175          55      332.67     354.201           0     153.352           0
175          56     333.159     353.334           0     214.397           0
175          57     333.673     352.481           0     129.138           0
175          58     334.193     351.633           0     148.223           0
175          59     334.653     350.749           0     166.547           0
175          60     335.043     349.833           0     244.162           0
175          61     335.399     348.903           0     148.281           0
175          62     335.784     347.985           0     199.852           0
175          63     336.216     347.088           0     199.971           0
175          64     336.655     346.194           0      151.62           0
175          65     337.091     345.299           0     231.907           0
175          66     337.487     344.385           0     126.736           0
175          67     337.838     343.454           0     213.746           0
175          68     338.177     342.518           0     209.765           0
175          69     338.531     341.587           0      126.11           0
175          70     338.923     340.672           0      235.42           0
175          71     339.323      339.76           0     150.914           0
175          72     339.663     338.824           0     169.139           0
175          73     339.925     337.863           0       235.9           0
175          74     340.146     336.892           0     217.802           0
175          75     340.391     335.928           0     151.188           0
175          76     340.656     334.968           0     167.332           0
175          77      340.87     333.995           0     221.936           0
175          78     340.988     333.007           0     251.954           0
175          79     341.043     332.012           0     244.035           0
175          80     341.093     331.018           0     231.263           0
175          81     341.157     330.024           0     5.23027           0
#1
176           0     247.061     279.928           0      14.329           0
176           1     248.049     279.962           0     245.317           0
176           2     249.037     279.989           0     252.091           0
176           3     250.026         280           0     254.972           0
176           4     251.014     279.998           0     254.527           0
176           5     252.003     279.984           0     250.961           0
176           6     252.991     279.958           0     244.202           0
176           7     253.979     279.921           0      4.9334           0
#1
177           0     84.8077     429.384           0     236.184     72.1833
177           1      85.132     428.434           0     221.337           0
177           2     85.6896       427.6           0     117.849           0
177           3     86.3809     426.873           0     150.127           0
177           4     87.1757      426.26           0     188.717           0
177           5     88.0426     425.755           0     186.881           0
177           6     88.9715     425.375           0     157.585           0
177           7     89.9406     425.115           0     225.746           0
177           8     90.9308     424.952           0      242.82           0
177           9     91.9253     424.818           0     208.578           0
177          10     92.9177      424.67           0     14.0465     4.83752
#1
178           0     113.979     44.1787           0           0           0
178           1     114.732     44.8394           0     156.619           0
178           2     115.491     45.4924           0     127.535           0
178           3     116.286     46.1013           0     171.046           0
178           4     117.153      46.602           0     153.522           0
178           5     118.095     46.9407           0     239.871           0
178           6     119.078      47.135           0     203.424    0.112803
178           7     120.069     47.2777           0           0           0
#1
179           0     220.524      448.47           0     70.8036     31.1646
179           1     221.513     448.241           0     193.422     25.9474
179           2     222.491     447.969           0     125.905     54.7656
179           3     223.437     447.602           0     111.312     73.0987
179           4     224.381     447.231           0     232.527     46.9865
#1
180           0     150.898       397.2           0     71.6768           0
180           1     150.817     396.212           0     46.6979     58.6633
180           2     150.957     395.231           0     190.112     35.5754
180           3     151.287     394.297           0     181.709     21.6096
180           4     151.743     393.417           0     137.762     24.2709
180           5     152.272      392.58           0     136.752     47.5546
180           6     152.814      391.75           0     207.504     17.0425
180           7     153.369     390.929           0     156.196     30.1693
180           8     153.923     390.108           0      212.14       1.199
180           9     154.481     389.289           0     125.498     1.74618
180          10     155.026     388.461           0     248.417           0
180          11     155.568     387.632           0     122.908           0
180          12     156.119     386.808           0     187.451           0
180          13     156.671     385.986           0       171.2           0
180          14     157.247     385.179           0     192.075           0
180          15     157.867     384.407           0      144.96           0
180          16      158.56     383.698           0     121.408           0
180          17     159.298     383.038           0     245.427      5.1108
180          18      160.02     382.359           0     89.6158     42.1483
#1
181           0     226.396     303.563           0     56.9587     44.7217
181           1     227.037     304.263           0     183.436     9.03152
181           2     227.629     305.004           0      160.32           0
181           3     228.189      305.77           0     206.844           0
181           4     228.745     306.538           0     132.265           0
181           5     229.346     307.273           0     145.403           0
181           6     229.983     307.975           0      244.54           0
181           7     230.641     308.659           0     138.884           0
181           8     231.301     309.339           0     117.701           0
181           9     231.959     310.023           0           0           0
#1
182           0     233.163     232.031           0           0           0
182           1     233.615     231.188           0     127.509           0
182           2     234.066     230.343           0     238.238           0
182           3     234.502     229.491           0     127.511           0
182           4     234.954     228.647           0     243.344           0
182           5     235.444     227.825           0     136.717           0
182           6     235.962      227.02           0     240.657           0
182           7     236.492     226.223           0     28.8473     15.0212
#1
183           0     122.125     228.995           0    0.153079           0
183           1     122.745     228.215           0     149.097           0
183           2     123.353     227.426           0     121.926           0
183           3     123.961     226.636           0     245.087     17.4506
183           4     124.635     225.902           0     99.7726     31.5155
183           5     125.412     225.278           0     183.992     46.6078
183           6      126.26     224.755           0     158.672     65.9151
183           7     127.175      224.36           0     150.619     18.7035
#1
184           0     250.505     423.998           0    0.264166           0
184           1     251.007     423.102           0     227.397           0
184           2     251.474     422.188           0     123.386           0
184           3      251.87     421.241           0      221.97           0
184           4     252.225     420.278           0     197.626           0
184           5     252.593      419.32           0     136.035    0.652439
184           6     253.054     418.403           0     241.214     1.26531
184           7     253.693     417.599           0     149.082           0
184           8     254.603     417.125           0      223.06     53.4367
#1
185           0     123.009     198.193           0     1.91083           0
185           1     124.006     198.102           0      229.02           0
185           2     125.002     198.003           0     254.252           0
185           3     125.995     197.879           0     224.101           0
185           4     126.988     197.754           0     192.162     66.1446
185           5     127.988     197.783           0     254.328     36.2262
#1
186           0     123.024     486.709           0     1.79924    0.823092
186           1     123.996     486.255           0     189.239           0
186           2     124.968     485.802           0     204.583           0
186           3     125.952     485.377           0     155.991           0
186           4     126.959     485.005           0     253.617           0
186           5     127.981     484.681           0     173.663           0
186           6         129     484.347           0   0.0128866           0
#1
187           0     145.387      229.98           0           0           0
187           1     145.096     230.922           0     212.624           0
187           2     144.777     231.856           0     198.254           0
187           3      144.52     232.809           0     124.408           0
187           4     144.452     233.793           0     139.617           0
187           5     144.594     234.769           0     140.473           0
187           6     144.811     235.732           0     206.927           0
187           7     145.028     236.694           0     247.982           0
187           8     145.265     237.652           0     187.525    0.133585
187           9     145.538       238.6           0     129.426           0
187          10     145.837      239.54           0     213.545           0
187          11     146.162     240.472           0     213.679           0
187          12     146.516     241.393           0     126.627           0
187          13     146.915     242.295           0     233.297           0
187          14     147.303     243.203           0     193.406     19.4153
187          15     147.472     244.175           0     210.491           0
187          16      147.34     245.152           0     25.6245           0
187          17     147.235     246.133           0     177.073           0
187          18      147.41     247.104           0     104.596     23.5954
187          19     147.732     248.037           0      186.55     45.2044
187          20      148.04     248.974           0     244.696     34.1171
187          21     148.328     249.918           0     171.427     15.6561
187          22     148.623      250.86           0     150.004     1.36135
187          23      148.93     251.797           0     237.274           0
187          24     149.256     252.728           0      189.63           0
187          25     149.624     253.644           0      136.59           0
187          26     150.064     254.527           0     238.641           0
187          27     150.567     255.376           0      123.29           0
187          28     151.116     256.196           0     181.357           0
187          29     151.681     257.005           0           0           0
#1
188           0      133.14     269.994           0    0.227224           0
188           1     133.814     269.249           0     155.757           0
188           2     134.479     268.498           0     127.478           0
188           3     135.118     267.724           0     171.092           0
188           4     135.712     266.914           0     181.476           0
188           5     136.282     266.088           0     183.147           0
188           6     136.838     265.252           0     170.115           0
188           7      137.39     264.414           0     122.708           0
188           8      137.91     263.556           0     231.994           0
188           9     138.401      262.68           0     136.635           0
188          10     138.882       261.8           0     225.012     4.14464
188          11     139.399     260.939           0     150.201     13.0417
188          12      139.93     260.088           0     218.024     15.1669
188          13     140.418      259.21           0     115.461     21.8062
188          14     140.768      258.27           0     195.802     18.5363
188          15     140.949     257.282           0     241.944     17.2492
188          16     141.002      256.28           0     254.394     28.8161
188          17     141.003     255.276           0     254.279     31.6891
188          18     141.013     254.273           0     251.755    0.123075
188          19     141.093     253.272           0     231.376           0
188          20     141.295     252.289           0     179.685           0
188          21     141.628     251.342           0     137.827           0
188          22      142.08     250.446           0     234.647     1.36723
188          23     142.624     249.602           0     121.058     4.07075
188          24     143.256     248.823           0     167.606     7.83982
188          25     143.959     248.106           0     219.724     19.4113
188          26     144.724     247.456           0     132.492     47.1353
188          27     145.516     246.839           0     124.742     69.2098
188          28     146.268     246.175           0     210.465           0
188          29     146.906       245.4           0     101.996           0
188          30     147.546     244.627           0      95.223           0
188          31     148.358     244.037           0     245.683     88.4861
188          32     149.311     243.721           0      183.92           0
188          33     150.277     243.451           0     121.888           0
188          34     151.214      243.09           0     232.006           0
188          35     152.105     242.628           0     153.226           0
188          36     152.971     242.121           0     218.703           0
188          37     153.826     241.594           0     26.3747           0
188          38     154.675     241.059           0           0     60.6633
188          39     155.527     240.528           0     127.887     76.7244
#1
189           0     257.138     231.603           0     21.2204     21.0587
189           1     258.016     231.899           0     229.121           0
189           2     258.883     232.225           0     197.531           0
189           3     259.767     232.502           0     127.718           0
189           4     260.681     232.653           0     166.425           0
189           5     261.607     232.622           0     158.615           0
189           6      262.49     232.344           0     169.662     4.17798
#1
190           0     260.371     316.883           0     83.4556     40.2818
190           1     261.248     317.273           0     156.678     27.9972
190           2     262.129     317.654           0     166.698     44.8099
190           3     263.022     318.008           0     252.957     39.3725
190           4     263.918     318.352           0     165.271     23.6058
190           5     264.812     318.703           0     159.808     31.6172
190           6     265.708     319.047           0     70.9139     36.5807
#1
191           0         250     461.431           0           0           0
191           1     251.023     461.238           0     194.317           0
191           2      252.05     461.067           0     237.788           0
191           3     253.069     460.851           0     216.958           0
191           4      254.06     460.531           0     134.356           0
191           5     255.021     460.131           0     216.969           0
191           6     255.969     459.701           0      5.4509           0
#1
192           0     140.085     520.688           0     248.241     15.9763
192           1     140.869     521.323           0     172.691     35.7548
192           2     141.654     521.957           0     163.395     84.3459
192           3     142.417     522.616           0     122.614     79.4836
192           4     143.118     523.342           0     158.315     49.0603
192           5     143.727     524.146           0     185.342     37.8102
192           6     144.257     525.004           0     188.851     26.8443
192           7     144.716     525.903           0     171.881     17.7606
192           8     145.152     526.812           0     216.129     7.40975
192           9     145.543     527.743           0     132.791     9.40687
192          10      145.89      528.69           0     227.051     69.9163
192          11     146.233     529.638           0     195.533      55.103
192          12     146.601     530.578           0     131.499     12.0328
192          13     147.014     531.498           0     251.427     11.0304
192          14     147.443     532.411           0     130.073     9.35061
192          15     147.852     533.334           0     217.149     18.7584
192          16     148.234     534.267           0     143.172     9.03933
192          17     148.588     535.212           0     31.7515           0
192          18      148.94     536.157           0     239.739           0
192          19     149.299       537.1           0     168.431           0
192          20     149.631     538.052           0      161.03    0.220888
192          21     149.899     539.025           0     229.177           0
192          22     150.115      540.01           0     225.696           0
192          23      150.36     540.989           0     163.292     10.5358
192          24     150.652     541.955           0     162.685     1.40225
192          25     150.948     542.919           0     241.755           0
192          26     151.227     543.888           0     197.044      13.014
192          27     151.502     544.859           0     17.8873     6.74033
#1
193           0     200.147     165.009           0    0.340634           0
193           1     200.827     165.755           0     159.191           0
193           2     201.498     166.509           0     127.491           0
193           3     202.139     167.288           0     166.506           0
193           4     202.727     168.108           0     185.471           0
193           5     203.291     168.945           0     180.824           0
193           6     203.857     169.781           0     178.607           0
193           7     204.415     170.622           0     122.193           0
193           8     204.936     171.486           0     238.804           0
193           9      205.42     172.371           0     132.734           0
193          10     205.875     173.272           0     223.247     5.16034
193          11     206.335     174.171           0     155.246           0
193          12     206.805     175.063           0     205.341           0
193          13      207.32     175.932           0     173.525           0
193          14     207.846     176.793           0     179.169     11.4014
193          15     208.347     177.669           0     114.368     49.5495
193          16     208.703     178.613           0     179.245     56.7569
193          17     208.864     179.609           0     220.403     36.5173
193          18      208.87     180.618           0     221.886     57.2234
193          19     208.802     181.625           0     236.095     4.85033
#1
194           0     100.351     303.015           0     1.34352           0
194           1     100.686     304.026           0     175.027           0
194           2     101.017     305.038           0     250.668           0
194           3     101.374     306.042           0     156.856           0
194           4     101.785     307.025           0     200.254           0
194           5     102.238     307.989           0     194.433           0
194           6     102.684     308.956           0     3.55504           0
#1
195           0     305.005     363.162           0    0.211908           0
195           1     305.889     363.645           0     146.185           0
195           2     306.774     364.126           0     222.914           0
195           3     307.668     364.589           0     135.148           0
195           4     308.548      365.08           0     234.624           0
195           5     309.373     365.658           0      117.26           0
195           6      310.06     366.393           0     151.382           0
195           7     310.584     367.254           0     149.031           0
195           8     310.932     368.199           0     237.566           0
195           9     311.178     369.176           0     209.658           0
195          10     311.426     370.152           0     140.689           0
195          11     311.685     371.125           0     174.631           0
195          12     311.885     372.112           0     225.548           0
195          13     311.981     373.115           0     250.133           0
195          14     312.003     374.122           0     254.265           0
195          15     312.004     375.129           0     253.872 0.000980915
195          16     312.037     376.135           0     245.475    0.340411
195          17     312.156     377.136           0     215.282     1.28488
195          18     312.394     378.114           0     148.429     4.58409
195          19     312.689     379.077           0     175.647     10.9211
195          20     313.053     380.016           0     241.488     24.9629
195          21     313.505     380.917           0     126.352     55.1946
195          22     314.009     381.788           0     201.018     40.7326
195          23     314.503     382.666           0     169.533     4.76921
#1
196           0     192.331     487.724           0     193.801     22.0689
196           1     192.056      488.71           0     240.642     47.4431
196           2     191.752     489.686           0     191.856     13.6561
196           3      191.46     490.667           0     130.905       3.163
196           4     191.241     491.666           0     193.607     3.79108
196           5     191.118     492.682           0     224.856     27.3638
196           6     191.038     493.701           0     245.347     58.6883
196           7     190.861     494.709           0     244.715     25.9053
#1
197           0     98.3229     165.024           0     253.002     3.43129
197           1     99.2568     165.335           0     169.696     51.3363
197           2     100.208     165.588           0     114.389     3.23317
197           3     101.149     165.876           0     223.331           0
197           4     102.071     166.219           0     184.952           0
197           5     102.988     166.576           0     1.30255           0
#1
198           0     101.973     114.998           0     254.433     127.607
198           1     101.697     115.927           0     18.6213     104.456
198           2     101.586      116.89           0           0           0
198           3     101.619     117.859           0           0     2.66125
198           4     101.845     118.802           0     204.461     31.3623
198           5     102.298     119.659           0     111.153     40.7731
198           6     102.828     120.471           0     211.196     6.53497
198           7     103.316     121.309           0     145.441           0
198           8     103.711     122.194           0     181.212           0
198           9     104.035     123.108           0     246.088           0
198          10     104.332     124.031           0     165.162           0
198          11     104.636     124.951           0     4.51682           0
#1
199           0       256.8     335.042           0     8.47648           0
199           1      256.88     336.033           0     224.415           0
199           2     256.938     337.025           0     239.306           0
199           3     257.001     338.017           0     254.748           0
199           4     257.163     338.999           0     213.519           0
199           5     257.516     339.928           0     123.433           0
199           6      258.05     340.767           0     185.801           0
199           7     258.643     341.565           0     132.209           0
199           8     259.129     342.432           0     240.764     2.15623
199           9     259.312     343.409           0     175.366     33.8246
199          10     259.384     344.401           0     157.095           0
199          11      259.57     345.377           0     123.097           0
199          12     259.905     346.314           0     230.814           0
199          13     260.335      347.21           0     151.861           0
199          14     260.799      348.09           0     203.699           0
199          15     261.318     348.937           0     173.866           0
199          16     261.893     349.749           0     177.351           0
199          17     262.527     350.515           0     127.703           0
199          18     263.189     351.256           0     153.754           0
199          19      263.86     351.991           0    0.334536           0
#1
200           0     205.411     381.248           0     25.9679     11.3508
200           1     206.242     381.796           0     203.055    0.152903
200           2     207.061     382.363           0     158.169     1.79404
200           3     207.849     382.973           0     211.641           0
200           4     208.596     383.632           0     133.946           0
200           5     209.296      384.34           0     144.111           0
200           6     209.933     385.106           0     212.736           0
200           7     210.502     385.923           0     127.999           0
200           8     211.071     386.741           0     236.803           0
200           9     211.724     387.494           0     161.538           0
200          10     212.503     388.114           0     225.998           0
200          11     213.331     388.667           0     113.105           0
200          12     214.128     389.266           0     171.958           0
200          13     214.876     389.923           0     208.657     18.8115
200          14       215.6     390.607           0     132.974     42.3101
200          15      216.35     391.263           0     145.645     57.9983
200          16     217.185     391.806           0     167.675     133.497
200          17     218.128     392.126           0     32.6421     94.0806
#1
201           0     159.645     509.542           0      205.87     3.43954
201           1     160.251     508.753           0     159.561     76.4352
201           2     160.912     508.009           0     230.891     2.64896
201           3     161.595     507.284           0     137.996           0
201           4     162.252     506.536           0     132.003           0
201           5      162.85      505.74           0     216.725           0
201           6      163.42     504.924           0     136.562           0
201           7     163.977     504.099           0     0.57996           0
#1
202           0     161.462     118.953           0     249.413     86.8412
202           1     162.405     119.112           0     226.404     9.93333
202           2     163.342     119.302           0     177.908           0
202           3     164.261     119.569           0     119.022           0
202           4     165.148     119.927           0     201.362           0
202           5      166.02     120.319           0           0           0
#1
203           0     184.609     107.437           0     67.7874     24.5389
203           1     184.873     108.409           0     222.607     33.0403
203           2     185.149     109.379           0     217.026     33.1572
203           3     185.439     110.344           0     132.359     47.4535
203           4     185.715     111.313           0     182.351     22.6197
203           5     185.951     112.293           0     242.463     7.32767
203           6     186.174     113.276           0     210.679           0
203           7     186.437     114.249           0     135.587           0
203           8     186.738     115.211           0     188.185           0
203           9     187.056     116.167           0     240.625           0
203          10      187.37     117.125           0     152.401           0
203          11     187.663      118.09           0     169.006           0
203          12     187.909     119.067           0     231.695           0
203          13     188.124     120.052           0     223.281           0
203          14     188.369      121.03           0     159.029           0
203          15     188.641         122           0     163.343           0
203          16     188.886     122.978           0     225.925           0
203          17     189.105     123.961           0     228.184           0
203          18     189.352     124.939           0     165.326           0
203          19     189.621      125.91           0     152.757           0
203          20      189.84     126.894           0     214.176           0
203          21     189.966     127.894           0     246.269           0
203          22     190.035     128.899           0      246.18           0
203          23     190.116     129.904           0     225.409           0
203          24     190.229     130.906           0     196.503           0
203          25       190.3     131.911           0     85.5984           0
203          26      190.25     132.918           0     180.686           0
203          27     190.137     133.919           0     220.023           0
203          28     190.026     134.921           0     248.397           0
203          29     189.881     135.918           0     224.755           0
203          30     189.638     136.896           0     162.672           0
203          31     189.289     137.842           0     164.248           0
203          32     188.889     138.767           0     226.706           0
203          33     188.545     139.714           0     122.599     4.28151
203          34     188.327     140.699           0     171.517     27.6475
203          35     188.185     141.696           0     95.9392     39.8529
#1
204           0     211.647     157.033           0     5.38524           0
204           1     211.806     158.021           0     205.519           0
204           2     211.951     159.011           0     242.412           0
204           3     212.115     159.999           0     225.791           0
204           4     212.345     160.972           0     166.924           0
204           5     212.616     161.936           0     153.241           0
204           6     212.864     162.906           0     220.303           0
204           7     213.087     163.882           0     232.861           0
204           8     213.328     164.853           0     171.462           0
204           9      213.59     165.819           0     142.143           0
204          10     213.814     166.794           0     207.593           0
204          11      213.97     167.783           0     247.371           0
204          12     214.111     168.774           0     226.631           0
204          13     214.313     169.754           0     175.262           0
204          14     214.568     170.722           0     135.189           0
204          15     214.802     171.695           0     204.475           0
204          16     214.953     172.685           0     242.906           0
204          17     215.012     173.684           0     251.969           0
204          18     215.002     174.685           0     254.382           0
204          19     214.912     175.681           0     232.597    0.277404
204          20     214.711     176.662           0     181.363     17.5836
204          21     214.413     177.617           0     132.686     8.27978
204          22     214.069     178.557           0     237.372     24.8405
204          23     213.724     179.497           0     92.9327     43.1765
#1
205           0     143.247     80.0118           0    0.746417           0
205           1     143.901     80.7741           0     177.919           0
205           2     144.545     81.5454           0     128.532           0
205           3     145.134     82.3583           0     153.924           0
205           4     145.592     83.2521           0     151.051           0
205           5     145.877     84.2153           0     223.617           0
205           6     146.034     85.2072           0     246.301           0
205           7     146.187     86.1998           0     207.225           0
205           8     146.412     87.1786           0     141.868           0
205           9     146.703     88.1399           0     179.269           0
205          10     147.023     89.0918           0     249.101           0
205          11     147.368      90.035           0     158.748           0
205          12     147.754     90.9621           0     187.471           0
205          13     148.172     91.8755           0      211.16           0
205          14     148.559     92.8022           0     136.605           0
205          15     148.906     93.7447           0     231.083           0
205          16     149.247     94.6894           0     192.004           0
205          17     149.612     95.6251           0     134.639           0
205          18     150.025     96.5407           0     248.705           0
205          19     150.468     97.4419           0     128.454           0
205          20      150.94     98.3284           0     239.676           0
205          21     151.458     99.1888           0     134.178           0
205          22     152.011     100.027           0     245.463           0
205          23     152.571     100.861           0     140.556           0
205          24     153.136     101.691           0     220.417           0
205          25      153.72     102.508           0     128.412           0
205          26     154.357     103.285           0     143.215           0
205          27     155.033     104.028           0     240.068     4.69186
205          28     155.728     104.752           0     156.849     26.2786
205          29     156.425     105.475           0     76.9106     44.0243
#1
206           0     158.808      173.81           0     176.206     7.68054
206           1     159.508     173.146           0      128.87     84.9169
206           2     160.238     172.515           0     129.497     14.3912
206           3     160.979     171.898           0      224.19           0
206           4     161.702     171.258           0     152.418           0
206           5     162.401     170.593           0     132.194           0
206           6     163.088     169.915           0     214.778           0
206           7     163.776     169.239           0     164.262           0
206           8     164.478     168.577           0     128.358           0
206           9     165.193     167.929           0     191.132           0
206          10     165.899     167.271           0     6.99169     46.4935
206          11     166.569     166.576           0     61.4392     38.3498
206          12      167.19     165.838           0     206.571     13.7272
#1
207           0     280.475      444.76           0      29.125     12.0976
207           1      280.91     443.757           0     232.157     5.67755
207           2     281.339     442.751           0     148.069           0
207           3     281.736     441.732           0     187.655           0
207           4     282.106     440.703           0     227.899     10.2221
207           5     282.477     439.674           0     89.9805     41.1702
#1
208           0     83.0177     309.016           0   0.0739947           0
208           1     83.7428     309.744           0     140.992     4.40816
208           2     84.4684     310.472           0     127.954     6.36971
208           3     85.1959     311.197           0     174.431           0
208           4     85.9263      311.92           0     218.823           0
208           5     86.6555     312.644           0     138.912     17.6674
208           6     87.3677     313.385           0     135.293     42.3251
208           7     88.0362     314.165           0     206.794     52.4391
208           8     88.6409     314.995           0     163.108     57.6797
208           9     89.1601     315.882           0     214.181      63.089
208          10     89.5604     316.828           0     137.613      52.293
208          11     89.8262     317.821           0     210.688     19.0092
208          12     89.9625     318.839           0     245.425           0
208          13     90.0094     319.866           0     252.601           0
208          14     90.0251     320.893           0     248.602           0
208          15     90.0466      321.92           0     243.113           0
208          16     90.0799     322.947           0     12.3793           0
#1
209           0     77.8433     277.047           0     10.1565           0
209           1     77.9081     278.049           0     231.571           0
209           2     77.9603     279.052           0     244.877           0
209           3     78.0202     280.055           0      249.86           0
209           4     78.1465     281.051           0     217.653           0
209           5     78.3707      282.03           0     158.463           0
209           6     78.6431     282.997           0     163.785           0
209           7     78.8629     283.977           0     220.043           0
209           8     78.9769     284.975           0     249.102           0
209           9     79.0104     285.979           0     252.357           0
209          10     79.0102     286.983           0     252.389           0
209          11     79.0028     287.987           0     254.283           0
209          12     78.9964     288.992           0     254.082           0
209          13     78.9914     289.996           0     1.00863           0
#1
210           0     203.303     306.022           0     1.66958           0
210           1     203.729     306.939           0     174.506           0
210           2     204.157     307.855           0     214.862           0
210           3     204.549     308.787           0     134.641           0
210           4     204.902     309.735           0      229.89           0
210           5     205.252     310.684           0     190.835           0
210           6     205.623     311.624           0     135.316           0
210           7     206.027     312.552           0     248.193           0
210           8      206.43     313.479           0     128.245           0
210           9     206.794     314.423           0     202.358           0
210          10      207.13     315.376           0     221.815           0
210          11      207.45     316.336           0     131.723           0
210          12     207.767     317.296           0     195.694           0
210          13     208.087     318.255           0     232.896           0
210          14     208.403     319.216           0       141.6           0
210          15     208.721     320.176           0     183.796           0
210          16     209.049     321.133           0     242.606           0
210          17      209.39     322.085           0     150.817           0
210          18     209.778     323.019           0     198.285           0
210          19     210.219     323.929           0     199.211   0.0249278
210          20     210.668     324.834           0     156.233           0
210          21     211.119      325.74           0     224.626     4.23854
210          22     211.563     326.648           0     39.1809     16.8993
#1
211           0     126.772     215.264           0     239.634     37.6321
211           1      127.68     214.863           0     220.095      63.688
211           2      128.53      214.35           0     129.792      34.538
211           3     129.367     213.815           0     148.957           0
211           4     130.239     213.342           0     167.771           0
211           5     131.151     212.948           0     241.758           0
211           6     132.078     212.593           0     139.509           0
211           7     133.001     212.228           0           0           0
#1
212           0     209.413     206.275           0      146.42     83.4057
212           1     209.215     207.238           0     241.907     19.7283
212           2     208.699     208.076           0     170.563     10.1129
212           3      208.08      208.84           0      200.41    0.711187
212           4     207.426     209.575           0     130.346           0
212           5     206.761     210.301           0     135.761           0
212           6     206.097     211.027           0           0           0
#1
213           0      94.439     418.032           0      250.43     14.6712
213           1     95.2095     417.386           0      110.56     39.1234
213           2     95.8973     416.652           0     228.819     25.1807
213           3     96.5803     415.914           0     110.538     31.0731
213           4     97.3153     415.228           0     196.946     14.4349
213           5     98.0812     414.576           0     143.741           0
213           6     98.8566     413.936           0     204.383     2.92813
213           7     99.6519      413.32           0     141.426     53.9946
213           8     100.549     412.866           0     118.399     65.3857
#1
214           0     283.839      524.02           0           0           0
214           1     283.902     523.046           0     219.248           0
214           2     283.949     522.072           0     242.112           0
214           3     284.001     521.098           0     254.761           0
214           4     284.128     520.131           0     222.371           0
214           5     284.405     519.195           0     151.705           0
214           6     284.831     518.318           0     158.253           0
214           7     285.346     517.489           0     126.667           0
214           8     285.873     516.669           0     222.683           0
214           9     286.402     515.849           0      129.41           0
214          10     286.921     515.023           0    0.459155           0
#1
215           0     135.759     493.553           0     227.566      56.995
215           1     136.163     494.367           0      213.46     6.38184
215           2     136.777     495.036           0     61.8751     10.9139
215           3       137.5     495.585           0       149.1     1.25409
215           4     138.251     496.096           0     172.676           0
215           5     138.976     496.643           0     2.21416           0
#1
216           0      302.92     404.633           0     168.806     36.0916
216           1     302.117      405.22           0     198.977     47.8329
216           2     301.456     405.964           0     137.833     38.4528
216           3     300.909     406.795           0     231.796     36.2772
216           4     300.474      407.69           0      130.02     36.5155
216           5      300.12      408.62           0     224.404     33.7584
216           6       299.8     409.563           0     204.036     44.3722
216           7     299.502     410.512           0     127.487     90.5962
216           8     299.237     411.471           0     194.553     0.76681
216           9     299.008     412.439           0     253.037           0
216          10     298.783     413.409           0     199.592           0
216          11     298.534     414.372           0     129.697           0
216          12     298.291     415.337           0      180.79           0
216          13     298.107     416.315           0      227.75           0
216          14     297.964       417.3           0      245.92           0
216          15     297.755     418.273           0     192.619           0
216          16     297.387     419.197           0     110.034           0
216          17     296.856     420.039           0      211.18           0
216          18     296.249     420.828           0      169.44           0
216          19     295.637     421.613           0       119.6           0
216          20     295.062     422.424           0     239.306           0
216          21     294.501     423.247           0     127.635           0
216          22     293.938     424.067           0     224.224           0
216          23     293.393       424.9           0     149.235           0
216          24     292.898     425.763           0     228.926           0
216          25     292.501     426.675           0      127.41   0.0839518
216          26      292.23     427.633           0     196.259     0.26498
216          27      292.08     428.617           0     234.591    0.449725
216          28     292.001     429.609           0     254.854     4.80525
216          29     291.937     430.602           0     248.617     78.5897
#1
217           0     303.604     327.811           0     225.873     21.4463
217           1     302.757     328.346           0     147.706      50.487
217           2     302.013     329.017           0     247.555     44.4413
217           3     301.326     329.745           0      149.32     42.3362
217           4      300.69      330.52           0     125.605     38.4154
217           5      300.11     331.337           0      226.83     29.4342
217           6     299.553     332.169           0     136.433     22.5629
217           7     299.012     333.012           0      248.93      19.445
217           8     298.517     333.883           0      124.17      6.7598
217           9     298.104     334.795           0     228.571      10.182
217          10     297.734     335.726           0     187.266           0
217          11     297.361     336.656           0     138.571     2.93119
217          12     296.958     337.573           0     244.248     2.65875
217          13     296.575     338.499           0     127.557           0
217          14     296.261      339.45           0     188.392           0
217          15     296.016     340.421           0      250.86           0
217          16      295.79     341.397           0     201.428           0
217          17     295.529     342.364           0     129.499           0
217          18      295.23      343.32           0     196.266           0
217          19     294.914     344.271           0     233.081           0
217          20     294.597     345.221           0     141.288           0
217          21     294.278     346.171           0     184.117           0
217          22     293.961     347.121           0      244.94           0
217          23     293.645     348.071           0     159.182           0
217          24     293.325     349.021           0      172.06           0
217          25     293.008     349.971           0     252.883           0
217          26      292.69     350.921           0     175.948           0
217          27     292.376     351.872           0     151.008           0
217          28     292.067     352.825           0     237.892           0
217          29     291.803     353.791           0     204.782           0
217          30     291.628     354.777           0     109.415           0
217          31     291.539     355.775           0     132.982     2.85653
217          32     291.465     356.774           0     26.7515      10.733
#1
218           0     175.057     499.012           0     2.83703     1.49137
218           1     175.035      500.03           0     246.044           0
218           2     175.021     501.049           0      249.62           0
218           3      175.01     502.068           0     252.358           0
218           4     174.971     503.086           0     247.501           0
218           5     174.848     504.097           0     216.305           0
218           6     174.618      505.09           0      152.22           0
218           7     174.319     506.063           0     173.625           0
218           8     174.012     507.035           0     251.882           0
218           9     173.721     508.011           0     181.706           0
218          10      173.43     508.987           0      1.3722           0
#1
219           0     139.208     447.995           0    0.271027           0
219           1     140.143     447.487           0      130.74     14.6977
219           2     141.066      446.96           0     244.679     33.0361
219           3     141.933     446.344           0     87.6336     39.2983
219           4     142.693     445.599           0     176.628      43.725
219           5     143.337     444.754           0     233.797     9.49721
#1
220           0     40.0197     367.493           0     123.116     60.8644
220           1     40.3716     368.398           0     134.176     3.53954
220           2     40.7161     369.306           0     182.618           0
220           3     41.0528     370.218           0     241.531           0
220           4     41.3986     371.126           0     146.868           0
220           5     41.7979     372.011           0      203.46           0
220           6     42.2736     372.858           0      185.22           0
220           7     42.7876     373.683           0       154.3           0
220           8     43.3276      374.49           0     128.348           0
220           9     43.8383     375.317           0     213.761           0
220          10     44.2918     376.176           0      161.91     19.5944
220          11     44.6712      377.07           0     171.157     34.1621
220          12     45.0144     377.979           0     251.332      19.341
220          13     45.3705     378.883           0     160.519     26.4775
220          14     45.7625     379.772           0     163.907     34.7457
220          15     46.1763     380.651           0     73.3179     34.3654
#1
221           0     269.812      596.01           0    0.490398           0
221           1      269.09     596.797           0     184.954           0
221           2     268.385     597.599           0     133.299    0.451235
221           3     267.729     598.441           0     103.866      6.9831
221           4     267.186      599.36           0           0      3.9857
221           5     266.891     600.386           0     104.881     43.6335
#1
222           0     248.774     466.018           0     3.47266       1.112
222           1     248.866     467.037           0     220.778           0
222           2      248.94     468.057           0     239.722           0
222           3      249.03     469.076           0     247.435           0
222           4     249.235     470.079           0     195.061           0
222           5     249.636      471.02           0     94.2213           0
222           6     250.181     471.886           0     225.964     21.4261
222           7     250.722     472.754           0     62.6597     30.0516
#1
223           0     159.969     128.803           0      247.19     11.1454
223           1     159.034      128.87           0     8.72543     66.7529
223           2     158.101     128.959           0           0      96.475
223           3     157.206      129.24           0           0     48.6877
223           4     156.458     129.804           0     138.301     25.6081
223           5     155.924     130.574           0     235.527     24.9986
223           6     155.453     131.385           0     115.513     47.1815
#1
224           0     59.8345     355.138           0     42.1919           0
224           1     59.5281       356.1           0     120.344           0
224           2      59.371     357.097           0     160.385           0
224           3     59.3487     358.106           0     166.076           0
224           4     59.4557      359.11           0     138.807           0
224           5     59.6944     360.091           0     77.9349           0
224           6     60.0033     361.052           0           0           0
#1
225           0     131.067     75.8809           0     209.595     61.6483
225           1      131.04     76.9344           0     244.847     63.2496
225           2     131.019      77.988           0     250.196      63.175
225           3     131.002     79.0417           0     254.452     63.7033
225           4     130.984     80.0954           0     226.966     63.7623
#1
226           0     302.009     377.465           0     117.507     31.5927
226           1     302.013     378.478           0     251.809     31.7015
226           2     302.006     379.491           0     253.388      31.876
226           3     301.996     380.504           0     254.034     31.8761
226           4      301.99     381.517           0     252.357     31.9364
226           5     301.992     382.531           0     118.784     31.8754
#1
227           0     101.687     378.453           0     36.1655     25.7402
227           1     101.363      379.43           0     162.363     41.1146
227           2     101.124      380.43           0     223.283     68.0616
227           3     100.946     381.444           0     241.293     67.0448
227           4     100.679     382.437           0     173.206     42.1854
227           5     100.219     383.358           0     107.112       41.33
227           6     99.5625      384.15           0     138.663     39.2623
227           7     98.7908      384.83           0     211.655     53.7586
227           8     97.9426     385.412           0     248.961      17.559
[122.433, 410.409, 0]
[150.898, 397.2, 0]
[170.102, 390.756, 0]
[196.339, 369.809, 0]
[266.891, 600.386, 0]
[281.65, 606.453, 0]
[289.502, 602.012, 0]
[155.209, 70.8838, 0]
[161.471, 102.085, 0]
[161.462, 118.953, 0]
[159.909, 130.299, 0]
[156.627, 142.268, 0]
[167.19, 165.838, 0]
[178.221, 187.094, 0]
[209.413, 206.275, 0]
[220.386, 214.297, 0]
[246.56, 242.15, 0]
[287.469, 618.434, 0]
[344.559, 523.084, 0]
[351.13, 477.071, 0]
[217.938, 485.49, 0]
[229.571, 476.571, 0]
[253.41, 475.756, 0]
[44.6219, 348.576, 0]
[164.581, 484.883, 0]
[183.253, 497, 0]
[190.861, 494.709, 0]
[198.611, 493.347, 0]
[200.395, 181.054, 0]
[208.802, 181.625, 0]
[213.356, 183.623, 0]
[233.967, 192.32, 0]
[264.214, 451.406, 0]
[266.68, 443.428, 0]
[270.993, 438.329, 0]
[282.681, 434.333, 0]
[291.937, 430.602, 0]
[302.842, 429.929, 0]
[302.92, 404.633, 0]
[211.05, 604.133, 0]
[278.465, 452.77, 0]
[287.508, 449.744, 0]
[296.224, 451.186, 0]
[300.496, 444.123, 0]
[242.714, 223.241, 0]
[254.552, 222.996, 0]
[237.928, 565.223, 0]
[230.314, 541.704, 0]
[251.062, 511.517, 0]
[263.541, 484.911, 0]
[278.365, 493.572, 0]
[303.579, 534.29, 0]
[303.046, 542.58, 0]
[202.729, 500.687, 0]
[210.616, 493.252, 0]
[219.663, 499.579, 0]
[238.463, 513.109, 0]
[274.528, 530.225, 0]
[317.576, 465.82, 0]
[338.347, 452.719, 0]
[342.241, 453.649, 0]
[352.178, 472.936, 0]
[146.601, 469.675, 0]
[152.183, 451.157, 0]
[98.3229, 165.024, 0]
[89.362, 143.968, 0]
[101.973, 114.998, 0]
[114.732, 117.402, 0]
[105.742, 401.013, 0]
[112.414, 413.847, 0]
[143.337, 444.754, 0]
[262.452, 389.076, 0]
[283.267, 377.006, 0]
[281.614, 354.271, 0]
[50.5433, 444.665, 0]
[72.7872, 455.13, 0]
[65.1907, 419.789, 0]
[76.6065, 425.805, 0]
[84.8077, 429.384, 0]
[97.4288, 439.296, 0]
[220.401, 306.225, 0]
[63.5904, 348.967, 0]
[61.0564, 355.739, 0]
[61.8949, 367.095, 0]
[311.403, 443.982, 0]
[158.772, 217.036, 0]
[155.52, 207.376, 0]
[201.939, 589.454, 0]
[150.827, 367.219, 0]
[168.746, 380.155, 0]
[296.206, 560.5, 0]
[89.8513, 293.187, 0]
[128.174, 260.961, 0]
[108.781, 200.437, 0]
[88.0089, 251.349, 0]
[51.1549, 365.927, 0]
[74.4627, 398.503, 0]
[244.673, 526.701, 0]
[79.6446, 476.417, 0]
[89.1331, 183.457, 0]
[108.442, 188.395, 0]
[218.128, 392.126, 0]
[221.812, 382.835, 0]
[211.455, 400.6, 0]
[199.372, 408.888, 0]
[139.864, 513.734, 0]
[140.085, 520.688, 0]
[137.842, 527.305, 0]
[155.527, 240.528, 0]
[189.777, 315.705, 0]
[262.49, 232.344, 0]
[285.559, 261.599, 0]
[285.867, 280.501, 0]
[230.573, 402.267, 0]
[236.69, 410.886, 0]
[173.912, 205.238, 0]
[210.445, 288.118, 0]
[284.107, 397.435, 0]
[289.992, 396.532, 0]
[127.988, 197.783, 0]
[142.493, 221.461, 0]
[149.069, 219.635, 0]
[107.919, 432.625, 0]
[239.808, 295.578, 0]
[266.599, 337.021, 0]
[259.321, 342.608, 0]
[215.988, 376.935, 0]
[228.121, 363.751, 0]
[276.067, 421.858, 0]
[185.181, 151.19, 0]
[310.425, 306.066, 0]
[102.318, 138.035, 0]
[103.255, 145.802, 0]
[115.405, 165.848, 0]
[127.452, 161.772, 0]
[225.346, 274.182, 0]
[368.999, 413.857, 0]
[229.783, 451.257, 0]
[234.321, 196.861, 0]
[102.453, 370.444, 0]
[82.4549, 190.597, 0]
[71.3084, 238.629, 0]
[283.881, 469.605, 0]
[94.439, 418.032, 0]
[99.1776, 422.6, 0]
[251.491, 400.42, 0]
[254.603, 417.125, 0]
[262.967, 426.967, 0]
[269.813, 427.509, 0]
[126.666, 214.943, 0]
[127.175, 224.36, 0]
[131.236, 231.13, 0]
[72.8231, 313.603, 0]
[135.295, 493.762, 0]
[140.994, 488.733, 0]
[143.119, 485.305, 0]
[119.527, 241.789, 0]
[140.956, 182.094, 0]
[148.211, 147.398, 0]
[157.631, 493.958, 0]
[316.283, 470.101, 0]
[127.136, 420.111, 0]
[311.955, 297.022, 0]
[158.808, 173.81, 0]
[161.912, 181.959, 0]
[218.237, 200.332, 0]
[152.544, 502.745, 0]
[159.645, 509.542, 0]
[303.604, 327.811, 0]
[154.577, 477.391, 0]
[156.898, 482.849, 0]
[193.974, 304.976, 0]
[109.122, 142.12, 0]
[249.356, 450.868, 0]
[259.678, 446.186, 0]
[329.329, 484.408, 0]
[219.543, 440.887, 0]
[224.381, 447.231, 0]
[135.835, 73.0802, 0]
[139.685, 104.576, 0]
[220.539, 459.666, 0]
[100.549, 412.866, 0]
[148.931, 134.374, 0]
[312.119, 389.374, 0]
[315.003, 382.2, 0]
[147.659, 244.677, 0]
[192.331, 487.724, 0]
[97.9426, 385.412, 0]
[341.722, 447.678, 0]
