image	C:/Users/diogo/OneDrive - Universidade de Lisboa/Ambiente de Trabalho/WORK/202402 - Paper SOTA/figs/fig2_new/tophat.png
intensity-scaling	0
gaussian-std	0
ridge-threshold	0.02
maximum-foreground	255
minimum-foreground	0
init-z	true
snake-point-spacing	1
minimum-snake-length	10
maximum-iterations	10000
change-threshold	0.1
check-period	100
alpha	0.01
beta	0.1
gamma	2
external-factor	1
stretch-factor	0.2
number-of-background-radial-sectors	8
background-z-xy-ratio	2.88
radial-near	4
radial-far	8
delta	4
overlap-threshold	1
grouping-distance-threshold	4
grouping-delta	8
minimum-angle-for-soac-linking	2.1
damp-z	false

s           p           x           y           z      fg_int      bg_int
#1
0           0     64.5125     315.702           0     106.265     44.9507
0           1     64.7651     316.667           0     125.284     55.8977
0           2     65.0287     317.629           0     135.031     70.0662
0           3     65.3191     318.583           0     133.912     69.1028
0           4     65.6134     319.535           0     126.628     55.5792
0           5     65.8595     320.501           0     107.532     44.8044
0           6     66.0142     321.486           0     83.2599     37.7253
0           7     66.0758     322.482           0     66.4372     28.8695
0           8     66.0782     323.479           0     60.7329     21.6286
0           9     66.0746     324.476           0     58.6397      18.191
0          10     66.1049     325.473           0      55.953     16.0321
0          11     66.1824     326.467           0     52.5909     14.6616
0          12      66.293     327.458           0     49.2965     13.0522
0          13     66.4116     328.448           0     46.6425     11.6524
0          14     66.5207     329.439           0     45.8947     9.98128
0          15      66.617     330.431           0     47.5114     7.76671
0          16     66.7131     331.424           0      50.028     5.59298
0          17     66.8359     332.413           0     51.9495     4.05713
0          18     67.0172     333.394           0     52.8695     3.39161
0          19     67.2771     334.356           0     51.5533     4.59886
0          20     67.6031     335.298           0     53.7658     10.7437
0          21     67.9448     336.235           0     62.5435     24.2265
0          22     68.2283      337.19           0     76.3114      34.051
0          23     68.4103      338.17           0     87.3729     36.8082
0          24     68.5608     339.156           0     89.0693      42.484
0          25     68.8116      340.12           0     78.8533     38.2495
0          26     69.1905     341.041           0     61.6659     25.5298
0          27      69.636     341.933           0     46.3149     19.7537
0          28      70.102     342.815           0     39.9536     18.8169
0          29     70.5856     343.686           0     41.2431     18.8859
0          30     71.0869     344.548           0     43.2622     19.5034
0          31     71.5976     345.405           0     44.5186      20.158
0          32     72.0982     346.267           0     44.5881     22.4845
0          33     72.5749     347.143           0     48.4032     28.5087
0          34     73.0212     348.034           0     58.8104     36.5626
0          35     73.4477     348.936           0     78.8718     41.3111
0          36     73.8842     349.832           0     99.1295     41.0069
0          37     74.3595     350.708           0     101.866     35.2287
0          38     74.8466     351.579           0     88.2406     24.7196
0          39     75.2817     352.475           0     65.8963     15.6226
0          40     75.6286     353.409           0     47.0711     12.2684
0          41     75.8823     354.373           0       37.41     10.5581
0          42     76.0555     355.354           0     34.3184     8.48977
0          43     76.1709     356.344           0     36.3775     7.15039
0          44     76.2509     357.338           0     41.3673     5.93054
0          45     76.3096     358.334           0     48.3349     4.67978
0          46     76.3562      359.33           0     55.6367     3.60012
0          47     76.4054     360.325           0     63.2784     3.07031
0          48     76.4758      361.32           0     69.7526     2.81553
0          49     76.5833     362.311           0     75.6839      2.2848
0          50     76.7391     363.296           0     84.2613     2.04151
0          51     76.9482      364.27           0     99.1155     1.93344
0          52     77.2012     365.235           0       114.9      2.2543
0          53     77.4819     366.191           0     128.681     3.09784
0          54     77.7843     367.142           0     139.106     4.55985
0          55     78.1037     368.086           0      138.56     6.79349
0          56     78.4126     369.034           0     123.441     8.66603
0          57     78.6666     369.998           0     106.035      9.7407
0          58     78.8048     370.983           0     87.5924     8.17373
0          59     78.7647     371.976           0     70.1211     7.59138
0          60     78.5279      372.94           0     58.7172     17.5971
0          61     78.1301     373.851           0     52.7856     26.5205
0          62     77.6358     374.716           0     50.3116     21.0849
0          63      77.112     375.564           0      49.443     12.6794
0          64     76.6199     376.431           0     46.1529     7.03691
0          65     76.2029     377.336           0     45.3095     3.91026
0          66     75.8806     378.278           0     44.6691     2.06821
0          67     75.6493     379.247           0     41.9781     1.07071
0          68     75.4917     380.231           0     40.5421    0.474333
0          69     75.3863     381.222           0     39.1416    0.260494
0          70     75.3127     382.216           0     38.9941    0.169662
0          71     75.2544     383.212           0     38.7703    0.128244
0          72     75.1986     384.207           0     38.1644    0.114708
0          73     75.1384     385.203           0     38.2799   0.0960204
0          74      75.073     386.198           0     38.5478   0.0568862
0          75     75.0025     387.192           0     38.7898  0.00847438
0          76     74.9278     388.187           0     37.5805    0.031254
0          77     74.8535     389.181           0     37.2941   0.0496163
0          78     74.7856     390.176           0     37.1803    0.055572
0          79      74.728     391.171           0     37.0592    0.056189
0          80     74.6816     392.167           0     36.4164   0.0402147
0          81     74.6473     393.164           0     36.6473   0.0442804
0          82     74.6258     394.161           0     36.6258   0.0468474
0          83     74.6145     395.158           0     36.6145   0.0482017
0          84     74.6097     396.155           0     36.6097   0.0487903
0          85     74.6083     397.152           0     36.6083   0.0489688
0          86     74.6084     398.149           0     36.6084   0.0712967
0          87     74.6089     399.146           0     36.6089    0.234497
0          88     74.6084     400.143           0     36.6956    0.453883
0          89     74.6035     401.141           0     37.2627    0.592656
0          90     74.5907     402.138           0     37.7282    0.678841
0          91     74.5693     403.134           0     38.7617    0.831207
0          92     74.5408     404.131           0     40.2021     1.02245
0          93     74.5043     405.128           0     41.6952     1.12773
0          94     74.4555     406.124           0      43.258     1.37686
0          95     74.3922     407.119           0     45.4062     1.74102
0          96     74.3136     408.113           0     47.1366     2.03246
0          97     74.2173     409.105           0     48.2722     2.10343
0          98     74.1031     410.096           0     50.3541     1.91381
0          99     73.9739     411.084           0     51.7693       1.868
0         100      73.835     412.072           0     50.8091     2.09665
0         101     73.6908     413.058           0     49.7591     2.37508
0         102     73.5408     414.044           0     49.5133     2.67425
0         103     73.3831     415.029           0     49.2295     2.94578
0         104     73.2174     416.012           0     49.9172     3.05889
0         105     73.0468     416.994           0      51.621     3.09404
0         106     72.8792     417.977           0      51.267     3.39159
0         107     72.7218     418.962           0     50.8659     3.86379
0         108     72.5743     419.948           0     50.5599     4.37421
0         109     72.4323     420.935           0     51.0897      4.8762
0         110     72.2914     421.922           0     51.5332     5.47051
0         111     72.1503     422.909           0     53.6572     6.22481
0         112     72.0113     423.897           0     55.7759     7.55608
0         113     71.8825     424.885           0     55.1374     9.59951
0         114     71.7729     425.876           0     54.8083     11.8051
0         115     71.6848      426.87           0     54.1027     13.8079
0         116     71.6174     427.864           0     53.6493     15.3075
0         117     71.5695      428.86           0     53.0796     15.8675
0         118     71.5388     429.857           0     52.1431     15.4966
0         119     71.5236     430.854           0     51.5529     14.4116
0         120      71.524     431.851           0      51.476     14.0012
0         121     71.5395     432.848           0     51.4605     14.6577
0         122     71.5689     433.845           0      51.067      16.342
0         123     71.6101     434.841           0     51.1851     18.4912
0         124     71.6617     435.837           0     51.3234     20.5324
0         125     71.7262     436.832           0     51.8285     22.1298
0         126     71.8089     437.825           0     52.7454     23.4631
0         127     71.9196     438.816           0     55.0186     24.9382
0         128     72.0714     439.801           0     56.1166     26.5089
0         129     72.2743     440.777           0     55.9484      28.028
0         130     72.5399     441.738           0     56.3538       29.24
0         131     72.8916     442.669           0     57.4105     30.6216
0         132     73.3504     443.553           0     57.5853     32.1064
0         133     73.9044     444.382           0     58.7037     34.7702
0         134     74.5072     445.176           0     63.2276     37.1304
0         135     75.0901     445.984           0     69.5514     35.8084
0         136     75.5789      446.85           0     75.6041      28.224
0         137     75.9164     447.786           0     78.4805      20.866
0         138     76.0731     448.768           0     76.7535     22.1102
0         139     76.0526     449.762           0     73.8065     28.7672
0         140      75.872     450.741           0     69.5854     33.8334
0         141     75.5661     451.689           0      65.929     34.4059
0         142     75.1942     452.615           0     64.0303      31.852
0         143      74.831     453.543           0     64.6131     27.9282
0         144     74.5516     454.499           0      67.188     25.8751
0         145     74.4126     455.484           0     70.0795     24.9232
0         146     74.4489     456.478           0     70.5942     24.6335
0         147     74.6593     457.451           0     68.8804     24.5877
0         148     75.0131     458.382           0     67.9627     25.3309
0         149     75.4725     459.267           0     67.7798      26.276
0         150     75.9936     460.117           0     68.9936     28.3411
0         151     76.5431     460.949           0     69.4877     30.4705
0         152     77.0938      461.78           0     70.0526     31.7668
0         153      77.624     462.625           0     71.0138      32.416
0         154     78.1247     463.487           0     71.3245     31.2577
0         155     78.5942     464.367           0     70.1083      29.777
0         156     79.0371      465.26           0     69.6756     28.0658
0         157      79.464     466.161           0     68.5991     26.8504
0         158     79.8791     467.068           0     69.8177     26.1264
0         159     80.2787     467.981           0     71.2493     25.6099
0         160     80.6613     468.902           0     75.5598     25.8017
0         161     81.0128     469.835           0     80.3225     25.6499
0         162     81.3086     470.787           0     81.9641      24.945
0         163     81.5392     471.757           0     79.9196     24.0261
0         164     81.7084      472.74           0     74.0246     22.6141
0         165     81.8294     473.729           0     67.9882     21.4611
0         166     81.9159     474.723           0     68.0482     20.8709
0         167     81.9842     475.717           0     76.0607     21.0348
0         168     82.0311     476.713           0     88.7481      21.598
0         169     82.0421      477.71           0      101.81     22.6682
0         170     82.0067     478.707           0     112.275     24.2402
0         171     81.9122       479.7           0     117.392     27.2126
0         172      81.754     480.684           0     116.185     32.6236
0         173     81.5546     481.661           0     104.592     40.6252
0         174     81.3464     482.636           0     84.4902     43.7862
#1
1           0      131.78     267.948           0     194.321     20.3237
1           1     132.181     267.027           0     220.208     24.1069
1           2     132.519     266.081           0     207.563     24.5161
1           3     132.822     265.124           0     182.014     30.3315
1           4     133.148     264.174           0     151.287     42.3379
1           5     133.504     263.235           0     124.699     53.2583
1           6     133.893     262.309           0     110.595     56.6479
1           7     134.264     261.376           0     97.5464     55.9218
1           8     134.571      260.42           0     89.5678     54.5179
1           9     134.753     259.433           0     87.5924     51.8626
1          10      134.79     258.429           0     86.6568     58.8628
1          11     134.739     257.426           0     86.9977     74.1925
1          12     134.665     256.425           0     89.7742      86.208
1          13     134.622     255.421           0     92.2605     87.3787
1          14     134.661     254.418           0     92.9905     80.8122
1          15     134.819     253.426           0       92.31     67.0129
1          16     135.114     252.466           0     88.9693     54.2078
1          17     135.542     251.558           0     82.8522     46.6076
1          18     136.085     250.713           0      78.741     45.2019
1          19     136.714     249.931           0     77.7638     46.2984
1          20     137.411     249.207           0     82.6423     48.2075
1          21     138.154     248.532           0     91.4199     51.1032
1          22     138.927     247.891           0      102.81     53.2812
1          23     139.726     247.283           0     106.031     57.1517
1          24     140.545     246.701           0     105.553     58.5781
1          25     141.379     246.141           0     102.198     59.1867
1          26     142.216     245.587           0     92.8517     57.6774
1          27     143.059     245.041           0     88.2077     58.3999
1          28     143.906     244.501           0     81.4067     58.1174
1          29     144.762     243.976           0     84.0738     59.5659
1          30     145.626     243.465           0     86.4322     57.4851
1          31     146.489     242.952           0     97.6188      55.517
1          32     147.343     242.422           0     109.024     50.4907
1          33     148.175      241.86           0      133.36     45.0221
1          34     148.991     241.275           0     160.831     38.9369
1          35     149.799     240.678           0     176.546     32.3048
1          36     150.636     240.124           0     175.487     27.5513
1          37     151.505      239.62           0     150.152      24.241
1          38      152.39     239.146           0     125.472     21.6363
1          39     153.266     238.655           0     114.589      18.566
1          40     154.112     238.114           0     129.458     15.8245
1          41     154.918     237.515           0     160.582     13.8878
1          42     155.694     236.878           0     189.711     13.1637
1          43     156.478      236.25           0      187.17     14.8973
1          44     157.297      235.67           0      157.22     20.5766
1          45     158.162      235.16           0      112.28     30.6649
1          46     159.058     234.706           0      82.903     36.7154
1          47     159.968     234.281           0     73.4441     35.3638
1          48     160.878     233.856           0     73.0674     30.7845
1          49     161.783     233.422           0     73.1657     25.8849
1          50     162.691     232.993           0     77.0202     23.6449
1          51      163.61     232.586           0      76.316     24.8557
1          52     164.551     232.236           0     78.1386     29.5046
1          53     165.522     231.982           0     79.2967     34.2718
1          54     166.519     231.863           0     74.3424     40.3873
1          55     167.523     231.897           0     67.9755     48.7912
1          56     168.516     232.048           0     61.5028     54.5877
1          57     169.498     232.256           0     56.7355     53.7343
1          58     170.484     232.448           0     56.8666     47.3083
1          59     171.483     232.552           0     60.1874      38.195
1          60     172.486     232.516           0     64.4976     31.6942
1          61     173.473     232.332           0       68.72     30.6493
1          62     174.432     232.032           0     74.3991     29.6378
1          63     175.366     231.665           0     76.3374     27.0756
1          64     176.295     231.282           0     79.6174     24.1359
1          65     177.232      230.92           0     82.5153     21.1089
1          66     178.195     230.638           0     79.0953     18.4199
1          67     179.188     230.488           0     74.7982     19.0242
1          68     180.192     230.487           0     68.4526     28.8364
1          69      181.19     230.603           0     63.4338     48.2124
1          70     182.176     230.795           0     62.2855     60.0133
1          71     183.158     231.005           0     66.9099     56.5365
1          72     184.148     231.169           0     72.1974     45.8611
1          73      185.15      231.24           0      79.893     36.1064
1          74     186.153     231.187           0     87.2165     30.2735
1          75     187.142     231.012           0     94.0824     25.6868
1          76      188.11     230.748           0     93.1238     20.5043
1          77     189.061     230.425           0     92.0112     15.7282
1          78     189.991     230.044           0     87.5635     12.4701
1          79     190.904     229.627           0     71.1853     10.0957
1          80     191.801     229.176           0     58.7431      9.0305
1          81     192.669     228.671           0     48.1303     9.31647
1          82     193.498     228.104           0     41.3681     12.2549
1          83     194.278     227.472           0     36.8336     18.3458
1          84     195.028     226.803           0     35.3817     25.1645
1          85     195.785     226.144           0     37.9445     30.3328
1          86     196.585     225.536           0     41.2044     33.2651
1          87     197.436     225.003           0      45.412       34.93
1          88     198.336     224.557           0     46.0717     36.0915
1          89      199.27     224.188           0     47.8551     37.1437
1          90      200.23     223.895           0     48.2388     35.1961
1          91     201.214     223.692           0     47.3684     32.6485
1          92     202.213     223.594           0     46.9803     30.4427
1          93     203.217     223.603           0     45.0935     29.9046
1          94     204.218     223.688           0     44.0139     27.7877
1          95     205.217      223.79           0     44.6677     22.3056
1          96      206.22      223.84           0     46.7009     14.5696
1          97     207.223      223.79           0     49.5005      10.449
1          98     208.217     223.647           0     52.0483     9.47916
1          99     209.205     223.468           0     54.9108     10.1363
1         100     210.198     223.317           0     59.2328     12.7738
1         101     211.199     223.236           0     60.4038     15.4374
1         102     212.203     223.223           0     59.7787     15.6017
1         103     213.207     223.226           0     54.9283     15.2088
1         104      214.21     223.182           0     51.7199     15.8623
1         105     215.209     223.075           0     54.8781     15.9873
1         106     216.204      222.94           0     62.3702     15.1041
1         107     217.202     222.831           0     71.0405      13.858
1         108     218.206     222.791           0     83.0257     13.9805
1         109     219.209     222.837           0     103.598     18.8281
1         110     220.204     222.969           0     141.029     27.3813
1         111     221.182     223.197           0      182.82     32.0913
1         112      222.13     223.526           0     203.906     32.7481
1         113     223.057     223.912           0     198.257     35.1804
1         114     223.984     224.299           0     163.172     39.3092
#1
2           0     182.736     499.812           0     134.324      33.055
2           1     183.514      499.18           0     158.654     20.0777
2           2     184.253     498.503           0     160.754     30.0967
2           3     184.886     497.726           0     150.229     36.9958
2           4     185.436     496.888           0     127.757     27.5301
2           5     185.971     496.041           0     103.864     19.1158
2           6     186.551     495.223           0     72.9973     13.8009
2           7      187.11     494.392           0     57.0515     11.1985
2           8     187.686     493.571           0     58.8928     11.0641
2           9     188.285     492.768           0     77.7002     12.5038
2          10     188.944     492.012           0     102.537     15.9963
2          11     189.746     491.412           0     104.383     22.4068
2          12     190.706     491.127           0      94.292     27.4493
2          13     191.706     491.064           0     79.2257     33.7906
2          14     192.708     491.067           0     70.0023     34.6087
2          15     193.709     491.016           0     67.9663     33.4798
2          16     194.696     490.842           0     66.4183     29.5905
2          17     195.652     490.539           0     63.6417       23.34
2          18     196.566     490.127           0     60.6918     19.5822
2          19     197.439     489.636           0     58.1419     16.7834
2          20     198.286       489.1           0     60.5863     13.9238
2          21     199.119     488.542           0     65.1686      11.313
2          22     199.945     487.975           0     72.4852     8.78125
2          23     200.773      487.41           0     71.6968      7.2346
2          24     201.603     486.848           0      69.463     5.84109
2          25     202.434     486.288           0       63.57     4.69119
2          26     203.272     485.737           0     58.8279     3.70866
2          27     204.119     485.201           0     55.7036     2.98831
2          28     204.977     484.683           0     56.6148     2.71884
2          29     205.845     484.183           0     60.0191     2.43507
2          30     206.723     483.698           0     60.9763     2.56628
2          31     207.608     483.228           0     58.5466     2.44281
2          32       208.5     482.771           0     51.1669     2.44615
2          33     209.403     482.335           0     41.3156     3.16879
2          34      210.32     481.931           0     35.7603      5.5816
2          35     211.252     481.563           0     35.7803     9.09008
2          36     212.195     481.223           0     46.8186     13.9067
2          37     213.139     480.885           0     66.1335     18.8043
2          38     214.071     480.516           0     85.7439     21.5278
2          39     214.985     480.105           0     99.0705     23.4827
2          40       215.9     479.696           0      99.252     23.9176
2          41     216.837     479.341           0     94.6199     23.3093
2          42     217.792     479.037           0     92.3868     25.5711
2          43     218.752     478.749           0      94.887     31.5762
2          44     219.698     478.418           0     104.314     36.8799
2          45     220.602     477.984           0      117.51     33.7828
2          46     221.431     477.421           0     122.575     23.6976
2          47     222.156      476.73           0     126.252     16.1595
2          48     222.787     475.951           0     124.826     13.1162
2          49     223.362      475.13           0     120.046     14.8997
2          50     223.929     474.304           0     115.828     18.2757
2          51     224.533     473.503           0     110.411     22.8665
2          52     225.201     472.756           0     107.259     26.9638
2          53     225.959     472.101           0     103.997     31.1674
2          54     226.815      471.58           0     101.897     38.9864
2          55     227.741     471.196           0     100.321     49.1802
2          56     228.698     470.897           0     99.5778      53.696
2          57     229.654     470.596           0     96.0194      54.727
2          58     230.588     470.232           0     90.5369     56.2676
2          59     231.479     469.774           0     83.7858     54.3029
2          60     232.326     469.238           0      75.972     44.0982
2          61     233.151     468.669           0     70.5507     29.8669
2          62     233.996     468.129           0     69.6132     18.5695
2          63     234.889     467.674           0     73.2996     13.3728
2          64     235.825     467.315           0     83.1964     12.2143
2          65     236.786     467.033           0     109.396      12.993
2          66     237.762     466.805           0      141.92       15.31
2          67     238.742     466.595           0     176.988      18.388
2          68      239.71     466.336           0     204.258      20.249
2          69     240.645     465.975           0     215.274     29.1338
2          70     241.554     465.552           0     196.917      44.128
2          71     242.477     465.161           0     180.185     60.5933
2          72     243.425     464.836           0     167.906     73.7581
2          73     244.391     464.567           0     165.594     81.4141
2          74     245.346     464.264           0      175.16     74.9264
2          75     246.258      463.85           0     187.262     57.1514
2          76     247.133      463.36           0     190.434     42.3295
2          77     248.036     462.926           0     180.106     38.8917
2          78     249.007     462.685           0     141.865     52.3517
2          79     250.008     462.659           0      105.14     48.3406
2          80     251.002     462.789           0     80.1368     24.2906
2          81     251.985     462.985           0     71.9602     13.6388
2          82      252.97     463.167           0     74.6943     15.4667
2          83     253.965     463.291           0     83.4909     22.2565
2          84     254.965     463.352           0      98.073     31.1665
2          85     255.967     463.364           0     117.543     40.2638
2          86     256.969     463.339           0     143.821     51.1903
2          87      257.97     463.277           0      167.96     63.9833
2          88     258.967     463.179           0     180.768     74.6686
2          89      259.96     463.043           0     182.139     77.4999
2          90     260.946     462.863           0     170.623     70.6079
2          91     261.921      462.63           0     159.186     61.6788
2          92     262.883     462.348           0     155.057      53.051
2          93     263.839     462.046           0     148.749     41.7234
2          94     264.803     461.772           0     126.468     25.7699
2          95     265.785     461.573           0     96.7105     18.0403
2          96     266.781     461.462           0     66.1046     25.0045
2          97     267.782      461.42           0     45.0107     29.0909
2          98     268.785     461.409           0     37.5408     23.8429
2          99     269.786     461.382           0     38.3756     16.5484
2         100     270.786     461.309           0      41.974     10.4321
2         101      271.78     461.177           0      46.638     6.02568
2         102     272.764     460.987           0      50.398     3.13373
2         103     273.738      460.75           0     49.6741      1.2744
2         104     274.699     460.467           0     49.0065    0.679715
2         105     275.641     460.124           0     49.8362    0.318669
2         106     276.556     459.714           0     47.7459    0.237862
2         107     277.437     459.237           0     45.9778    0.280669
2         108     278.278     458.692           0     44.9808    0.224881
2         109     279.077     458.086           0     47.5025    0.321783
2         110     279.829     457.424           0     49.7987    0.478149
2         111     280.529     456.707           0     53.9883    0.676512
2         112     281.162     455.929           0      58.323    0.762344
2         113     281.709     455.089           0     58.3954    0.803457
2         114     282.176     454.203           0     57.4157     0.85155
2         115     282.575     453.283           0     55.4124     0.64575
2         116     282.928     452.345           0     56.4311    0.548106
2         117     283.254     451.397           0     55.2818    0.421535
2         118     283.562     450.443           0     55.3959    0.460022
2         119     283.865     449.488           0     57.9322    0.493393
2         120     284.174     448.534           0     58.7444    0.613986
2         121     284.492     447.584           0     58.0052    0.871861
2         122     284.823     446.638           0     59.2085     1.49404
2         123     285.166     445.696           0     59.2502      2.3282
2         124      285.51     444.755           0     57.7543     3.29981
2         125     285.856     443.814           0     58.7661     5.01216
2         126     286.202     442.873           0     57.0812      7.8761
2         127     286.538     441.929           0      54.841     11.7121
2         128     286.865     440.981           0     55.0408     15.8955
2         129     287.176     440.028           0     54.9137     19.1076
2         130     287.453     439.065           0     53.9531     21.0374
2         131     287.688     438.091           0     54.3989     22.8113
2         132      287.87     437.105           0     55.8974     24.9544
2         133      287.99      436.11           0     56.0266      27.361
2         134     288.034     435.109           0      56.812     30.7697
2         135     288.032     434.106           0     60.5678     33.9355
2         136     288.043     433.104           0     68.2059     33.7316
2         137     288.149     432.107           0     78.2076     29.0957
2         138     288.399     431.137           0     88.5986     27.3202
2         139     288.777     430.209           0     101.727     31.4798
2         140     289.212     429.306           0     115.175     35.6436
2         141     289.649     428.404           0     125.112      38.011
2         142     290.063     427.491           0     128.914     38.0297
2         143     290.423     426.556           0     115.527     36.5132
2         144     290.731     425.602           0     101.762     34.9866
2         145     290.966     424.628           0     93.0835     36.1429
2         146     291.062      423.63           0     88.9448     47.4286
2         147     290.955     422.633           0     90.2079     61.7235
2         148     290.712     421.661           0     94.4631     55.0998
2         149      290.48     420.686           0     101.511     38.0815
2         150     290.385     419.688           0     108.141     27.2668
2         151     290.469      418.69           0     112.022     22.1993
2         152     290.662     417.706           0     115.804     19.0281
2         153     290.866     416.725           0     123.485       15.87
2         154     291.015     415.734           0     132.033     9.87326
2         155     291.089     414.734           0      135.34     4.04842
2         156     291.106     413.732           0     138.126     1.62315
2         157     291.085      412.73           0     138.913     1.16805
2         158     291.043     411.729           0     138.498     1.23731
2         159      290.98     410.728           0      136.45     2.14793
2         160     290.901     409.729           0     130.731     7.96783
2         161     290.806     408.731           0     125.282     21.8866
2         162     290.709     407.734           0     122.018     37.8507
2         163     290.624     406.735           0      122.16      43.644
2         164     290.553     405.735           0     125.178     39.7264
2         165     290.448     404.738           0     128.696      45.511
2         166     290.227     403.761           0     128.339     51.0872
2         167     289.876     402.822           0     123.217     29.5118
2         168     289.477     401.902           0     112.964     11.3613
2         169     289.116     400.967           0     107.605     5.13723
2         170     288.832     400.006           0     101.353     3.15587
2         171     288.635     399.024           0     96.6047      2.2903
2         172     288.498     398.031           0     94.5472     2.12844
2         173     288.397     397.033           0     95.9676     2.71044
2         174     288.315     396.034           0     96.7843     4.20426
2         175     288.242     395.035           0     98.3034     6.55318
2         176     288.178     394.035           0     99.8301     9.63247
2         177     288.111     393.034           0     101.526     12.7393
2         178     288.009     392.037           0     102.874     13.5645
2         179     287.841     391.049           0      99.309     11.4061
2         180     287.596     390.077           0     95.4757     7.92976
2         181     287.289     389.123           0     94.5064     5.12714
2         182     286.953     388.179           0      97.203     4.35845
2         183     286.652     387.223           0     94.0009     3.94448
2         184     286.434     386.245           0     87.9179     3.82113
2         185     286.311      385.25           0     76.3926     3.48817
2         186     286.267     384.249           0     62.4783     3.17565
2         187     286.277     383.246           0     50.2662     2.99464
2         188     286.314     382.245           0     41.5664     2.84329
2         189     286.363     381.244           0     35.8545     2.52731
2         190     286.412     380.242           0     31.8699     2.45647
2         191     286.449     379.241           0     29.0633     2.33976
2         192     286.464     378.239           0     27.3494     2.49106
2         193      286.46     377.236           0     26.2363     2.43572
2         194     286.451     376.234           0          26      2.4235
2         195     286.447     375.232           0     25.5752     2.34905
2         196     286.446     374.229           0     24.6755     2.27369
2         197      286.44     373.227           0     23.6673     1.91299
2         198     286.421     372.225           0     22.6464     1.42407
2         199     286.384     371.223           0     20.5325     1.11811
2         200     286.328     370.223           0     18.4452    0.870973
2         201     286.254     369.223           0     17.0254    0.660675
2         202     286.167     368.225           0     15.2824    0.648977
2         203      286.07     367.227           0     14.8756    0.588604
2         204     285.964      366.23           0     14.1494    0.759832
2         205     285.858     365.234           0     13.6061     1.53803
2         206     285.763     364.236           0     12.7065      2.7464
2         207     285.686     363.236           0     11.8479     4.37104
2         208     285.625     362.236           0     10.8604     6.09801
2         209     285.571     361.235           0     9.04109     8.19024
#1
3           0     38.9719     329.063           0           0           0
3           1     39.6824     328.346           0    0.446124           0
3           2     40.3897     327.627           0     2.05425           0
3           3     41.0858     326.896           0     5.70019   0.0780743
3           4     41.7613     326.146           0     12.6478    0.215627
3           5     42.4063      325.37           0      20.796    0.448307
3           6     43.0148     324.566           0     31.0814    0.837444
3           7     43.5897     323.736           0     39.3005     2.00586
3           8      44.151     322.898           0     48.5168     3.51038
3           9     44.7618     322.095           0      56.448     4.76509
3          10     45.4986     321.407           0      63.039     4.85271
3          11      46.392     320.944           0     66.7233     10.8878
3          12     47.3816     320.758           0     62.8506     28.5891
3          13     48.3901     320.752           0     58.7616     24.0199
3          14     49.3978     320.803           0     56.0267     14.7265
3          15     50.4065      320.83           0     58.4829     17.4404
3          16     51.4145     320.785           0      68.762     25.3824
3          17     52.4135     320.645           0     87.3752     27.2299
3          18     53.3983     320.426           0     114.836     30.1092
3          19     54.3792     320.189           0     147.996     45.2328
3          20     55.3734     320.018           0     177.921     72.4925
3          21     56.3804     319.961           0     192.243     80.1915
3          22     57.3894     319.969           0       188.2     64.9611
3          23     58.3975     319.928           0     156.351     41.3254
3          24     59.4004     319.817           0     104.993     18.3335
3          25     60.4008     319.685           0     64.1896     5.45825
3          26     61.3985     319.534           0     50.5101     4.94329
3          27     62.3894     319.343           0     58.8467     17.2755
3          28     63.3719     319.113           0     88.6038     36.4251
3          29     64.3463     318.851           0     121.898     49.5541
3          30     65.3191     318.583           0     133.912     52.3354
#1
4           0     65.6134     319.535           0     126.628     46.1725
4           1     66.6152     319.581           0     115.198     49.6798
4           2     67.6139      319.67           0     107.413     54.3352
4           3     68.5885     319.904           0     108.298     50.9576
4           4     69.5187      320.28           0      102.09     35.9713
4           5     70.4422      320.67           0     83.7211     29.2288
4           6     71.4028     320.955           0     56.4135     25.2939
4           7     72.3933     321.109           0     29.7835     11.1003
4           8     73.3948      321.16           0     16.0372     1.82777
4           9     74.3976     321.174           0     16.5914     1.17376
4          10     75.4003     321.194           0     27.2299     4.87737
4          11      76.402     321.242           0     43.2699     9.26272
4          12     77.4024     321.312           0      58.706     10.3589
4          13     78.4028     321.384           0     68.1714     8.53943
4          14     79.4045     321.428           0     71.3405     6.36557
4          15     80.4071     321.421           0     68.2147     4.84078
4          16     81.4082     321.362           0     60.4549     3.69636
4          17     82.4066     321.268           0     52.1334     2.54501
4          18      83.402     321.145           0     47.2934     1.99878
4          19     84.3937     320.996           0     48.1492     1.50427
4          20     85.3802     320.816           0      50.444    0.984807
4          21     86.3577     320.594           0      52.811     0.59763
4          22     87.3177     320.306           0     51.6465    0.497512
4          23     88.2531     319.945           0     45.6431     1.66691
4          24     89.1669     319.533           0     33.9959     5.03599
4          25     90.0566     319.071           0     27.8142     10.4828
4          26      90.918     318.558           0     25.3981     18.0284
4          27     91.7527     318.002           0     28.2491     24.8635
4          28     92.5671     317.417           0     29.9918     31.4577
4          29      93.266     316.719           0     31.6772     33.9628
4          30     93.8185     315.882           0     32.4113     31.9641
4          31     94.3709     315.045           0     32.3824     29.8552
4          32     94.9233     314.208           0     32.6802     26.9755
4          33     95.4757     313.371           0     34.0746     23.5728
4          34     96.0282     312.534           0     36.4515     20.3491
4          35     96.5806     311.696           0     36.8727     17.6469
4          36      97.133     310.859           0     36.4715     15.6494
4          37     97.6854     310.022           0     34.3439     14.8322
4          38     98.2379     309.185           0     31.8994     14.5017
4          39     98.7903     308.348           0     32.1705     14.8117
4          40     99.3427     307.511           0     35.0701     15.9807
4          41     99.8951     306.674           0     40.6056     18.9005
4          42     100.448     305.837           0     47.2882     24.5677
4          43         101         305           0          57     18.6875
#1
5           0     146.869     463.329           0     125.928     56.1511
5           1     147.862     463.423           0     144.942     44.8588
5           2     148.855     463.523           0     158.673     40.7423
5           3      149.84     463.677           0       168.1     38.9981
5           4     150.806     463.926           0     175.731     39.1943
5           5     151.726      464.31           0     174.727     32.1558
5           6     152.561     464.856           0     173.538     28.8739
5           7     153.241     465.585           0     164.127     22.3662
5           8     153.732     466.452           0     143.161     20.2427
5           9     154.035     467.402           0     115.925     21.8965
5          10     154.216     468.382           0     93.0959     22.2697
5          11     154.314     469.375           0     86.5511     19.3887
5          12      154.33     470.372           0     88.8295     15.5898
5          13     154.239     471.366           0     90.7046     14.3855
5          14     154.015     472.337           0     87.5743     16.1407
5          15     153.685     473.279           0     78.0269     19.1446
5          16     153.306     474.202           0     69.9436     22.1778
5          17     152.925     475.123           0     66.0961      23.894
5          18     152.578     476.059           0     63.4921     24.6116
5          19     152.272     477.008           0     63.6136     25.2109
5          20     151.998     477.967           0     63.0437      24.202
5          21     151.745     478.932           0     55.5562     21.7719
5          22     151.512     479.902           0     47.6696     18.6829
5          23      151.29     480.874           0     42.0696     14.7017
5          24      151.07     481.847           0     39.0834      10.996
5          25     150.848      482.82           0     36.6453     8.41008
5          26     150.626     483.792           0      36.294     6.45758
5          27     150.387      484.76           0     37.2894     5.41749
5          28     150.143     485.727           0      40.443     4.38993
5          29     149.901     486.695           0      43.003     4.03884
5          30     149.668     487.665           0     45.4391     4.36143
5          31     149.439     488.636           0     48.8583     4.80893
5          32     149.211     489.607           0     53.1963      5.4582
5          33     148.988     490.579           0     57.6457     5.83271
5          34     148.773     491.553           0     57.4634     6.24811
5          35     148.575      492.53           0     56.0351     7.35611
5          36     148.394     493.511           0     55.0008     8.80789
5          37     148.229     494.495           0     54.9703      9.5264
5          38     148.069      495.48           0     55.9012     10.4753
5          39     147.923     496.466           0     54.1197     12.1635
5          40     147.792     497.455           0     51.1487     13.1592
5          41     147.645     498.442           0     51.4057     13.8998
5          42     147.454     499.421           0     52.2684     14.6905
5          43      147.21     500.388           0     53.9024     15.7053
5          44     146.925     501.344           0     57.0533     17.0737
5          45     146.638     502.299           0     61.4579     17.3581
5          46       146.4     503.268           0     68.2879     16.1488
5          47     146.251     504.254           0     76.7129     12.7764
5          48     146.201      505.25           0     84.7952     8.83079
5          49      146.22     506.247           0     92.8514     5.44759
5          50     146.265     507.244           0      101.03     4.68926
5          51     146.306      508.24           0     107.749       4.283
5          52     146.333     509.237           0     112.204     3.80636
5          53     146.346     510.235           0     115.588        3.62
5          54     146.356     511.232           0     118.257     4.01178
5          55     146.373     512.229           0     119.868     4.41827
5          56     146.412     513.226           0     119.894     5.10681
5          57     146.492      514.22           0     116.938     6.32918
5          58     146.626     515.209           0      110.95     7.17872
5          59     146.805      516.19           0     103.094     6.54096
5          60     146.997     517.169           0     95.1061     5.22739
5          61     147.162     518.152           0     82.6617      3.9407
5          62     147.271     519.144           0     72.5501     2.49075
5          63     147.331     520.139           0     67.4389     1.68138
5          64     147.383     521.136           0     68.3086     1.52889
5          65     147.477     522.129           0     71.2974     1.87342
5          66     147.662     523.109           0     72.9618     2.39676
5          67     147.979     524.054           0      73.642     3.34888
5          68     148.411     524.954           0     67.4556     3.58988
5          69     148.894     525.826           0     64.6363     4.15992
5          70     149.357      526.71           0      64.179     5.34907
5          71     149.743     527.629           0     67.6797     8.06135
5          72     150.035     528.583           0     73.1624     10.2884
5          73     150.256     529.556           0     75.2306     11.6516
5          74     150.466     530.531           0      74.787     12.3894
5          75     150.727     531.493           0      69.464     11.9094
5          76     151.052     532.436           0      61.176     11.2188
5          77     151.413     533.366           0     55.4185     10.0208
5          78     151.783     534.293           0     57.6527     10.3031
5          79     152.142     535.223           0     66.4362     9.99166
5          80      152.46     536.169           0     76.0545     8.00805
5          81     152.683     537.141           0     79.6733     6.24162
5          82     152.774     538.134           0     76.7745     9.20402
5          83     152.757     539.131           0     71.1648     16.5267
5          84     152.684     540.126           0     67.2293     24.4663
5          85     152.602      541.12           0     67.0837     30.1632
5          86     152.533     542.115           0     70.0299     33.9317
5          87     152.497     543.112           0     75.7407     36.5436
5          88     152.446     544.108           0      82.143      35.727
5          89     152.352     545.101           0     85.1899     28.1694
5          90     152.161      546.08           0     81.2528     16.1633
5          91     151.854     547.029           0      66.132     15.5055
5          92     151.464     547.947           0      47.069     23.6898
5          93     151.047     548.853           0     35.5061      28.345
#1
6           0     3.91352     343.305           0           0           0
6           1     4.90772     343.266           0    0.907722           0
6           2      5.9015     343.218           0      1.9015           0
6           3     6.89403     343.149           0     4.54902           0
6           4     7.88394     343.049           0     11.0079  0.00405556
6           5     8.87127     342.926           0     21.3728   0.0132585
6           6     9.85764     342.796           0      36.618   0.0297815
6           7     10.8441     342.667           0     54.9339   0.0716148
6           8     11.8277     342.517           0     67.3996    0.136988
6           9     12.8101     342.359           0     74.1375    0.146505
6          10     13.7907     342.191           0     77.3039    0.175132
6          11     14.7685     342.007           0     79.8775    0.191733
6          12     15.7458      341.82           0     76.2571    0.154349
6          13     16.7247     341.642           0     72.9819    0.107522
6          14      17.706     341.478           0     71.2992    0.189109
6          15      18.689     341.324           0      70.702    0.186574
6          16     19.6734     341.179           0     71.6336    0.192296
6          17     20.6598     341.049           0     73.8873     0.16345
6          18     21.6487      340.94           0     74.7056    0.149596
6          19     22.6402     340.858           0     74.6966   0.0491599
6          20     23.6337     340.805           0      75.098   0.0962553
6          21     24.6281     340.772           0     74.6963     0.15402
6          22     25.6229     340.751           0     74.4212     0.15626
6          23     26.6178      340.74           0     73.7822    0.157555
6          24     27.6127     340.735           0      72.896     0.15819
6          25     28.6076     340.731           0     71.9688    0.158691
6          26     29.6026     340.722           0     71.4968    0.111579
6          27     30.5972     340.698           0     71.4588   0.0762619
6          28      31.591      340.65           0     71.8193    0.117722
6          29     32.5831     340.575           0     72.6174    0.184511
6          30     33.5722     340.467           0     73.8867    0.202334
6          31     34.5567     340.323           0     75.2436    0.181039
6          32     35.5347     340.141           0     76.4241    0.213995
6          33     36.5052     339.922           0     75.3511    0.243033
6          34     37.4712     339.684           0     69.8843    0.268135
6          35     38.4357     339.439           0     66.4666    0.218035
6          36     39.3992     339.191           0     66.6442    0.188493
6          37     40.3623     338.941           0     67.8673    0.231768
6          38     41.3296     338.708           0      65.583    0.176621
6          39     42.3029     338.502           0     65.0003   0.0654485
6          40     43.2802     338.315           0     65.4882   0.0262845
6          41     44.2593     338.138           0     65.9555   0.0529925
6          42     45.2404     337.973           0     64.9078      0.1837
6          43     46.2256     337.834           0     60.6274    0.882171
6          44     47.2149     337.728           0     57.8161     3.16949
6          45      48.205      337.63           0     60.4094      8.9756
6          46     49.1868     337.469           0     72.8193     18.2241
6          47     50.1254     337.142           0      92.563     18.7838
6          48     50.9408     336.575           0     103.088     8.23316
6          49     51.5797     335.814           0     102.452     5.30286
6          50     52.0943     334.963           0      100.56     5.07208
6          51     52.5513     334.079           0     91.1568     5.18855
6          52      52.999      333.19           0     84.1412     5.84835
6          53     53.4678     332.313           0      74.212     6.15708
6          54     53.9533     331.444           0     67.3044     7.49312
6          55     54.4358     330.574           0     62.5559     8.86854
6          56     54.8934     329.691           0     59.8995      10.792
6          57     55.3008     328.783           0     57.0922     12.1317
6          58     55.6454      327.85           0      55.679     13.8244
6          59     55.9212     326.894           0     55.4911     15.5385
6          60     56.1143     325.918           0     54.7582     17.1794
6          61     56.2404     324.931           0     55.9148     18.9855
6          62     56.3167     323.939           0     58.4677     21.5677
6          63     56.3636     322.945           0     67.2551      26.247
6          64      56.391      321.95           0       96.92     37.2017
6          65     56.3978     320.955           0     162.618     57.4199
6          66     56.3804     319.961           0     192.243      61.297
#0
7           0     215.693      284.96           0     62.6458     21.1844
7           1      215.13     284.129           0     55.9559     22.4949
7           2      214.39      283.45           0     46.2954     10.8785
7           3     213.579     282.856           0     40.1093     4.33208
7           4     212.747     282.294           0     35.8887     1.54089
7           5     211.914     281.733           0     33.6611    0.824462
7           6     211.085     281.165           0     32.4337    0.440912
7           7     210.263     280.588           0     32.3294     0.35723
7           8     209.445     280.004           0     35.6403    0.370798
7           9     208.638     279.407           0     37.7799    0.682542
7          10     207.844     278.791           0     41.4781     1.53981
7          11     207.056     278.168           0     44.8427     4.21042
7          12      206.24     277.582           0     50.4267      13.105
7          13     205.341     277.134           0     58.5882     17.6509
7          14      204.35     276.976           0     63.9747      6.1781
7          15     203.373     277.207           0      61.074     7.13201
7          16     202.506     277.712           0     54.5404     10.6275
7          17     201.737     278.359           0     46.6878     12.7938
7          18     201.024     279.066           0     40.6662     12.3774
7          19     200.329     279.791           0     34.0686     11.3809
7          20     199.638     280.521           0     30.9477     10.5137
7          21     198.951     281.254           0     31.9151     10.1827
7          22     198.261     281.984           0     33.4185     10.1725
7          23     197.568     282.711           0     33.9317     10.1096
7          24      196.87     283.433           0     34.7048     10.1834
7          25     196.167     284.151           0     34.9997     10.2743
7          26     195.465      284.87           0     36.1254      10.417
7          27     194.794     285.617           0     39.2318     9.81931
7          28     194.203     286.429           0     44.5307     7.78411
7          29     193.778     287.339           0     50.2717     6.37702
7          30     193.652     288.335           0     52.0553     9.32281
7          31     193.907     289.306           0     49.3399     14.6668
7          32     194.448     290.152           0     44.0364     8.00937
7          33     195.144     290.876           0     39.5818     4.30995
7          34     195.913     291.522           0      35.076     2.42742
7          35     196.719     292.122           0     31.3051     1.16992
7          36      197.55     292.687           0     27.9067    0.594684
7          37     198.403     293.218           0     27.1651     0.45421
7          38     199.279     293.708           0     28.1386    0.603003
7          39     200.179     294.154           0     30.9546     1.44015
7          40     201.102      294.55           0     32.8216     2.85087
7          41     202.044       294.9           0     36.7628     4.50175
7          42     203.004     295.197           0     40.6206     5.58204
7          43     203.985     295.413           0     44.9254     4.80802
7          44     204.985     295.502           0     49.4345     3.10122
7          45     205.986     295.423           0     50.9786     2.07394
7          46     206.957     295.165           0      50.685     2.48724
7          47     207.867      294.74           0     46.7339       4.791
7          48     208.702     294.181           0     41.0473     10.0415
7          49     209.464     293.527           0     35.9138     14.7095
7          50     210.172     292.814           0     33.7606     14.7237
7          51     210.844     292.068           0     32.6162     10.7098
7          52     211.499     291.306           0     31.3474     6.41953
7          53     212.153     290.544           0      29.991     3.69352
7          54     212.822     289.795           0     26.9673      2.8948
7          55     213.513     289.065           0     25.3842     4.21914
7          56     214.214     288.346           0     28.5977     9.20231
7          57     214.891     287.603           0     39.3392     18.9785
7          58     215.469     286.782           0     53.0661     21.9345
7          59     215.805     285.837           0     63.1501     15.2141
#1
8           0     127.048     272.667           0     94.5821     52.8111
8           1     127.388     273.611           0     105.981     18.0256
8           2     127.793     274.529           0     107.746     24.8085
8           3     128.422     275.309           0     90.5153     55.9021
8           4     129.242     275.887           0     64.6729      37.249
8           5     130.141     276.332           0     44.1708      20.035
8           6      131.05     276.756           0     36.9511     15.2651
8           7     131.974     277.148           0     36.8286      12.954
8           8     132.899     277.537           0     39.7759      10.802
8           9     133.819     277.937           0     48.0447     9.27821
8          10     134.736     278.346           0     53.8481     8.32636
8          11     135.653     278.751           0     60.2111     8.95165
8          12     136.569     279.162           0      62.619     10.8973
8          13     137.476      279.59           0     60.0862     13.1685
8          14     138.368      280.05           0     56.7382     13.9882
8          15     139.249      280.53           0     50.6925     14.4345
8          16     140.127     281.017           0     48.5321     14.2498
8          17     141.012      281.49           0     45.9873     13.7009
8          18     141.905     281.947           0     47.5224     13.2212
8          19      142.81     282.381           0     47.1368     12.5498
8          20     143.729     282.784           0     49.0243     11.9144
8          21     144.663     283.151           0     51.9199      11.037
8          22     145.611     283.478           0     54.2752     9.85987
8          23     146.569     283.777           0     58.6539     8.40339
8          24      147.53     284.066           0     62.6395     6.69165
8          25     148.488     284.364           0     63.4331     4.83688
8          26     149.433     284.703           0     65.2297     3.21748
8          27     150.351     285.107           0     67.3361     2.39096
8          28     151.238     285.576           0      67.367     1.93469
8          29     152.091     286.106           0     70.1041      1.7879
8          30      152.92     286.671           0     70.9491      1.9092
8          31     153.742     287.246           0     73.1062     2.23708
8          32     154.583     287.793           0      74.079     3.04656
8          33     155.464     288.273           0     72.0635     4.41686
8          34     156.394     288.651           0     66.1786     7.40926
8          35     157.359     288.925           0     58.5919     11.1203
8          36     158.341     289.133           0     50.2899     13.2615
8          37     159.326     289.322           0      43.747     13.5211
8          38     160.307     289.532           0     38.8697     12.6262
8          39     161.278     289.787           0     35.4797     11.2775
8          40     162.231     290.101           0     32.8943     10.0376
8          41     163.167     290.462           0     30.2681     8.32011
8          42     164.092     290.851           0     29.6601     6.82426
8          43      165.01     291.256           0      29.488     5.57319
8          44     165.928     291.662           0     30.2051     4.93609
8          45     166.854     292.048           0     30.8824     4.71342
8          46     167.796     292.394           0     30.8395      4.7426
8          47     168.759     292.677           0     31.0235     5.56037
8          48     169.741     292.883           0     30.8204     7.08202
8          49     170.736     293.013           0     31.7191     10.6911
8          50     171.735     293.109           0     34.0956     17.2948
8          51     172.726     293.263           0     40.5463      20.322
8          52     173.675     293.587           0     48.8886     10.8588
8          53     174.521     294.128           0     54.5526     5.04041
8          54     175.245     294.822           0     58.6708     4.10018
8          55     175.912     295.571           0     61.3754     5.24777
8          56     176.616     296.287           0     61.2854     10.8465
8          57     177.407     296.904           0     60.1021     22.1805
8          58     178.277     297.403           0     56.4201     28.3059
8          59     179.194      297.81           0      54.579     26.4173
8          60     180.125     298.186           0     53.3634     24.1501
8          61     181.038     298.602           0     52.3449     25.4229
8          62     181.905     299.107           0     50.5503     28.2224
8          63     182.706     299.711           0     46.6284     23.3389
8          64     183.442     300.393           0     42.4735      16.093
8          65      184.13     301.124           0      39.958     12.7899
8          66     184.789     301.881           0     37.6094     12.8988
8          67     185.447     302.638           0     38.8172     14.0528
8          68     186.139     303.364           0     43.7997     12.9251
8          69     186.899      304.02           0     50.5148     8.07794
8          70     187.738     304.571           0     51.2542      3.5657
8          71     188.632     305.026           0     48.6331     1.60904
8          72     189.547     305.437           0      40.759    0.748845
8          73     190.462      305.85           0     35.1075    0.424695
8          74     191.364     306.288           0     30.9908    0.285729
8          75     192.252     306.756           0     29.6934    0.205509
8          76     193.122     307.256           0     29.0219    0.243883
8          77     193.979     307.778           0     28.5368    0.381272
8          78     194.826     308.316           0      27.582    0.694111
8          79     195.664     308.867           0     27.3565    0.867908
8          80     196.492     309.434           0     26.7816    0.861961
8          81     197.308     310.019           0     27.6262    0.493468
8          82     198.105     310.629           0     26.9102    0.328043
8          83     198.877     311.269           0     27.6789    0.268355
8          84     199.623     311.941           0     30.2331    0.258515
8          85     200.346     312.636           0     33.9578    0.738563
8          86      201.07     313.331           0     40.1558     2.18599
8          87     201.843     313.971           0     46.0309     7.44035
8          88     202.712     314.472           0     50.1764     20.7713
8          89     203.682     314.728           0     51.7284     13.7848
8          90     204.684     314.688           0      49.599     5.23437
8          91     205.647     314.406           0       44.51     5.70435
8          92     206.556     313.982           0     39.1485     8.29644
8          93     207.439     313.505           0     34.6831     9.47273
8          94     208.327     313.037           0     33.5395     9.18067
8          95     209.237     312.615           0     31.8835     8.46615
8          96     210.172     312.249           0     31.3725      8.1841
8          97     211.125     311.934           0     31.6295     8.62828
8          98     212.091     311.664           0     30.2988     8.82956
8          99     213.066     311.426           0     29.9163     8.40904
8         100     214.045     311.209           0     29.3542     7.49093
8         101      215.03     311.015           0     29.8949     6.33007
8         102     216.019     310.847           0     28.5461     6.07685
8         103     217.012     310.699           0     28.7058     7.02423
8         104     218.004     310.553           0     29.4622     10.3096
8         105     218.991     310.368           0     33.2297     14.8234
8         106     219.951     310.076           0     40.4292     13.6297
8         107     220.842     309.616           0     46.1328      6.4359
8         108     221.626      308.99           0     51.1134     2.79849
8         109     222.312     308.258           0     53.4909     2.30585
8         110     222.943     307.477           0     56.2411     3.42031
8         111     223.565      306.69           0     58.4313     6.21787
8         112       224.2     305.913           0     65.9377     10.0813
8         113     224.834     305.135           0     78.0583     14.6409
8         114     225.415     304.318           0     87.3961     16.2575
8         115     225.837     303.408           0      88.518     14.1442
8         116     226.011      302.42           0     76.5073     12.9356
8         117     225.988     301.417           0     58.4276     16.6491
8         118     225.847     300.424           0     44.5842     14.5852
8         119     225.628     299.445           0     39.1857     11.7076
8         120     225.328     298.487           0     38.8492     11.1745
8         121     224.937     297.563           0     39.2232     12.5589
8         122     224.473     296.673           0     38.4979     16.0525
8         123     223.982     295.798           0     43.2485     22.4905
8         124     223.508     294.913           0     51.6414      27.317
8         125      223.07     294.011           0     62.3436     26.2214
8         126     222.629      293.11           0      64.869      25.485
8         127     222.108     292.252           0     58.8004     24.5875
8         128     221.496     291.457           0     46.3507     15.7735
8         129     220.831     290.705           0     37.2032     7.02885
8         130     220.151     289.967           0     34.6297     2.45704
8         131     219.477     289.224           0     35.9013     1.59982
8         132     218.794     288.489           0     40.4521     3.63133
8         133     218.111     287.754           0     47.6181     8.45928
8         134     217.407     287.039           0     56.1872     16.7253
8         135     216.646     286.385           0     61.8833     28.6947
8         136     215.805     285.837           0     63.1501     33.3935
#1
9           0     213.125     168.485           0     74.1015     43.9236
9           1       214.1     168.249           0     86.4328     41.3052
9           2     215.075      168.01           0     88.3627     45.6798
9           3     216.029       167.7           0      78.657     43.4987
9           4     216.926     167.251           0      68.809     25.8873
9           5     217.732     166.653           0     61.3009      14.426
9           6     218.437     165.939           0     58.7737     8.95102
9           7     219.056     165.149           0     63.4873      6.4423
9           8     219.631     164.327           0     75.7035     6.61449
9           9     220.217     163.512           0     95.0734     8.84453
9          10     220.847     162.732           0     115.479     11.4349
9          11     221.535     162.001           0     127.061     13.4257
9          12     222.243      161.29           0     117.813     16.1151
9          13      222.92     160.549           0     96.6076     18.0115
9          14     223.553      159.77           0     74.2636      15.909
9          15     224.146     158.961           0     66.1031     9.87815
9          16     224.719     158.137           0     70.6457     4.70247
9          17     225.295     157.315           0     83.1066     2.22517
9          18     225.879     156.499           0     98.9511      1.4457
9          19      226.47     155.688           0     110.045     2.15575
9          20     227.061     154.877           0     120.514     2.92992
9          21     227.633     154.053           0     116.168     3.75388
9          22     228.176     153.209           0      107.99     4.23283
9          23     228.693     152.349           0     96.0965     4.56539
9          24     229.195      151.48           0     85.6632     4.66877
9          25     229.688     150.605           0     77.7676     4.27959
9          26     230.173     149.727           0     74.9679     4.17093
9          27     230.647     148.843           0     76.5426     4.04976
9          28      231.12     147.958           0     84.2219     5.20319
9          29     231.602     147.078           0      94.854      7.0192
9          30     232.109     146.211           0      108.96     11.3284
9          31     232.635     145.357           0     116.153     18.0491
9          32     233.145     144.493           0     118.325     29.1628
9          33      233.57     143.584           0     113.219     36.4283
9          34     233.835     142.616           0     106.244     33.2257
9          35     233.928     141.617           0     98.1536     27.0522
9          36     233.909     140.614           0     90.3009     20.3565
9          37     233.867     139.611           0     85.9794      16.822
9          38     233.897     138.608           0     85.3917     17.0115
9          39      234.08     137.622           0     85.1261     19.1816
9          40     234.442     136.686           0     81.0728     18.5906
9          41     234.935     135.812           0      78.124     14.2035
9          42      235.49     134.976           0     74.3864     9.26145
9          43      236.06      134.15           0      74.463     5.11964
9          44     236.613     133.312           0     72.5998     2.59835
9          45     237.141     132.459           0     74.6852     1.88255
9          46     237.639     131.588           0     75.9503     2.17608
9          47     238.114     130.704           0     81.6735     3.03996
9          48     238.565     129.807           0      85.012     3.57708
9          49     238.999     128.903           0     91.7955      4.6491
9          50     239.426     127.995           0      89.133     5.15347
9          51     239.866     127.092           0     89.7714     6.13296
9          52     240.328     126.202           0     87.1533     6.77704
9          53     240.811     125.322           0     86.3263     7.03187
9          54     241.315     124.454           0     84.9028     7.31413
9          55     241.835     123.596           0     86.6453     7.49444
9          56     242.372     122.748           0     87.0988     7.91171
9          57     242.913     121.904           0     91.0382     8.50436
9          58     243.423     121.039           0     90.6924     9.38585
9          59     243.824      120.12           0     86.7351     12.5131
9          60     244.012     119.135           0     75.9538     21.0926
9          61     243.921     118.136           0      55.809     29.5093
9          62     243.636     117.174           0      40.316     35.9589
9          63     243.292     116.232           0     35.7872     36.9505
9          64     243.023     115.265           0     40.4327     33.4465
9          65     242.928     114.266           0     44.2785     31.0574
9          66     243.023     113.267           0     46.2206     30.1486
9          67     243.256     112.291           0     44.8206     29.9796
9          68     243.567     111.337           0     43.9984     30.1688
9          69     243.917     110.397           0     45.6892     30.6484
9          70     244.281     109.462           0     45.5322     30.7981
9          71     244.647     108.527           0     45.2963     29.0504
9          72     245.015     107.594           0     46.4892     26.5304
9          73     245.391     106.663           0     44.4219     24.3666
9          74     245.783     105.739           0     45.4285     23.4252
9          75     246.209     104.831           0     48.9542     23.3927
9          76     246.678     103.944           0     54.9608     24.0311
9          77     247.198     103.086           0     61.6842     25.4562
9          78     247.768      102.26           0      64.901     25.0796
9          79     248.376     101.461           0     65.2964     23.4322
9          80     249.007     100.681           0     68.9573     20.5278
9          81      249.65     99.9103           0     71.3691     18.2336
9          82     250.304     99.1497           0     73.7586     15.8905
9          83     250.966     98.3955           0     74.3521     14.4595
9          84     251.638     97.6503           0     70.6105     13.5357
9          85     252.323     96.9169           0     69.8997     12.8981
9          86     253.021     96.1959           0     70.8575     12.6096
9          87      253.73     95.4861           0      68.701     11.9895
9          88     254.453     94.7898           0      69.304     11.9177
9          89     255.188     94.1069           0     70.7047     12.5815
9          90     255.933     93.4341           0     69.7638     14.1125
9          91     256.689     92.7743           0     70.3286     16.1512
9          92     257.464     92.1373           0     73.0984     17.8196
9          93     258.265     91.5322           0     75.0069     18.9694
9          94     259.096     90.9697           0     79.9781     19.7825
9          95     259.958     90.4567           0     75.0388     19.9574
9          96     260.845     89.9859           0     74.9475     21.4867
9          97     261.746     89.5439           0     69.2926     22.3418
9          98     262.654     89.1183           0     74.0647     23.1921
9          99     263.564     88.6952           0     77.1425     22.7969
9         100     264.475     88.2741           0     80.6233     19.7112
9         101     265.382     87.8445           0     81.1431      14.477
9         102     266.287     87.4104           0     72.9541     9.05197
9         103     267.187     86.9664           0     67.3686     4.12546
9         104     268.086     86.5203           0     56.0599     1.65408
9         105     268.993     86.0921           0     54.9837    0.811055
9         106     269.916      85.698           0     59.9386     0.39152
9         107     270.859     85.3537           0     73.1034     0.29135
9         108     271.814     85.0477           0     91.0812    0.320246
9         109     272.777     84.7656           0     94.3355    0.331661
9         110     273.742     84.4885           0     90.9924    0.474397
9         111     274.698     84.1854           0     87.7343    0.428928
9         112     275.643     83.8454           0     82.9238    0.448584
9         113     276.578     83.4818           0     77.9056    0.399217
9         114     277.502     83.0914           0     78.0339    0.445754
9         115     278.413     82.6698           0     70.4713    0.623899
9         116     279.313     82.2257           0     62.0007     2.48873
9         117     280.202     81.7614           0     50.9426     5.90685
9         118     281.096     81.3055           0      43.542     9.02225
9         119      282.01     80.8909           0      46.875     11.1785
9         120     282.958     80.5617           0      57.988     13.0351
9         121     283.932     80.3205           0     80.7142     15.7457
9         122     284.917     80.1267           0     109.835     18.7155
9         123     285.901     79.9312           0     126.978     19.7556
9         124     286.879     79.7084           0     122.375      21.208
9         125     287.858     79.4883           0     107.013     28.8018
9         126     288.849     79.3291           0     89.1183     39.2401
9         127     289.849     79.2476           0     70.4183      38.532
9         128     290.853     79.2343           0      58.616     34.5123
9         129     291.856      79.255           0     65.7564     41.8291
9         130     292.859     79.2724           0     88.0367      58.096
9         131     293.863     79.2589           0     109.372     68.5758
9         132     294.865      79.207           0     107.697     68.2332
#1
10           0     146.744       173.7           0     92.3254     22.4443
10           1     146.552     172.716           0     121.647     17.5852
10           2     146.341     171.735           0     133.961     14.6592
10           3     146.095     170.762           0     135.751     11.7224
10           4      145.85      169.79           0      132.12     8.90856
10           5      145.67     168.803           0     131.811     7.67554
10           6      145.59     167.803           0     131.194     7.77398
10           7     145.568       166.8           0     125.161     10.1835
10           8     145.506     165.799           0     114.409     15.5083
10           9     145.316     164.814           0     100.362     25.7008
10          10     144.994     163.864           0     86.7394     39.0443
10          11     144.604      162.94           0     79.2481     49.8207
10          12     144.203      162.02           0     80.9446     60.0698
10          13     143.843     161.084           0     87.6429     66.4994
10          14     143.567     160.119           0     92.6447     59.2789
10          15     143.409     159.129           0     98.2619     45.5866
10          16     143.389     158.126           0     102.553     37.0532
10          17     143.493     157.128           0     105.555     33.2686
10          18     143.688     156.144           0     109.913     30.1815
10          19      143.94     155.173           0     118.529     27.6265
10          20     144.218     154.209           0     120.867     25.4155
10          21       144.5     153.247           0      122.89     23.1544
10          22     144.793     152.287           0     126.814     21.7481
10          23     145.099     151.332           0     128.543     20.8505
10          24     145.407     150.377           0     122.499      19.912
10          25     145.709      149.42           0     120.268     18.6026
10          26     146.006     148.462           0     121.815        18.1
10          27      146.29       147.5           0     117.971     18.1558
10          28     146.559     146.534           0     118.157     18.1921
10          29     146.828     145.567           0     120.824     18.0592
10          30     147.113     144.605           0     121.974     18.2763
10          31     147.417     143.649           0     118.548     18.5248
10          32      147.75     142.703           0     117.657     18.5983
10          33     148.121     141.771           0     117.534     19.5213
10          34     148.517     140.849           0     114.627     20.1769
10          35     148.925     139.933           0     117.965     20.9018
10          36     149.334     139.017           0      117.92      21.421
10          37     149.737     138.098           0     121.587     22.6433
10          38     150.135     137.177           0     123.476     23.6798
10          39     150.515     136.249           0     118.997     24.6555
10          40     150.871     135.311           0     113.986     24.3104
10          41     151.195     134.361           0     103.339     22.7204
10          42     151.489     133.402           0     93.3403     20.2629
10          43     151.788     132.445           0     89.7268     18.9417
10          44     152.139     131.505           0     90.5216     19.5345
10          45     152.586     130.607           0     92.6713     20.6562
10          46     153.187     129.804           0     99.1765     22.1017
10          47     153.994     129.208           0     98.5383     25.3196
10          48     154.952     128.911           0     96.4221      27.021
10          49     155.947     128.785           0     104.473     32.8019
10          50     156.932     128.596           0     126.351     31.1086
10          51     157.842     128.176           0     155.934     18.0769
10          52      158.57      127.49           0     167.074     14.9195
10          53     159.121     126.652           0      176.06     14.1516
10          54      159.56      125.75           0     174.462     12.3728
10          55     159.943     124.823           0      180.36      11.664
10          56     160.281     123.878           0     175.291     11.2484
10          57     160.566     122.916           0     168.449     11.6899
10          58     160.813     121.944           0     159.486     11.8835
10          59     161.055     120.971           0     150.451     12.9392
10          60     161.315     120.002           0     137.915     14.8159
10          61     161.588     119.036           0     131.916     16.0298
10          62     161.886     118.078           0     132.517     16.1358
10          63     162.216     117.131           0     129.415     14.6172
10          64     162.561     116.189           0     124.339     12.2552
10          65     162.915     115.251           0     126.001     10.5598
10          66     163.283     114.317           0     127.647     9.73186
10          67     163.661     113.388           0     134.978     10.8152
10          68     164.068     112.471           0     143.975     12.8512
10          69     164.507     111.569           0     133.503     14.1314
10          70     164.989     110.689           0     124.897     15.6622
10          71     165.504     109.829           0     106.156     16.2246
10          72      166.04      108.98           0     100.027     16.8916
10          73     166.587     108.139           0     90.6337      17.132
10          74     167.145     107.306           0     91.6462     17.6306
10          75     167.717     106.482           0     94.2553     17.3047
10          76     168.313     105.675           0     99.0467     16.9274
10          77     168.941     104.892           0     104.287     16.5828
10          78      169.61     104.145           0     102.231     17.1822
10          79     170.306     103.422           0     100.683     18.5848
10          80      171.01     102.708           0     100.074     22.5035
10          81     171.707     101.986           0     97.9418       29.05
10          82     172.377      101.24           0     96.5018     36.0908
10          83     173.008      100.46           0     96.5027     38.4717
10          84     173.602     99.6516           0     94.5043     34.0552
10          85     174.159     98.8169           0     94.0189     25.2072
10          86     174.696       97.97           0     90.0863     18.2648
10          87     175.242      97.128           0     84.9608     15.2506
10          88     175.803     96.2967           0     78.9634     16.8034
10          89     176.389     95.4821           0     72.2114     21.5615
10          90     176.994     94.6823           0     69.0642      25.502
10          91     177.621     93.8988           0      61.676     26.9821
10          92     178.262     93.1277           0      56.864     24.9325
10          93     178.913     92.3636           0     54.7876      20.562
10          94     179.578     91.6129           0     55.5231     15.7565
10          95     180.268     90.8848           0     61.9679     12.4508
10          96      180.99     90.1883           0     67.2135     9.73527
10          97     181.745     89.5276           0      65.871     7.74996
10          98     182.536     88.9107           0     65.7642     6.21648
10          99     183.362     88.3418           0     63.3332     4.95955
10         100     184.218     87.8176           0     63.3865     3.79848
10         101     185.101     87.3422           0     61.6598      3.0281
10         102     186.005     86.9066           0     63.0475     2.43838
10         103     186.926     86.5109           0      59.008      1.6493
10         104     187.857     86.1369           0     57.9438      1.5153
10         105      188.79     85.7678           0     54.7975     1.22967
10         106     189.726     85.4067           0     52.3915    0.816195
10         107     190.663     85.0494           0     54.1382    0.883667
10         108     191.603     84.6972           0     52.4092    0.602061
10         109     192.546     84.3542           0     53.1495    0.369953
10         110     193.489     84.0143           0     56.8229    0.435599
10         111     194.436      83.682           0     53.8213    0.214679
10         112     195.386      83.361           0     52.2707   0.0947229
10         113     196.336     83.0387           0     52.9265    0.179179
10         114     197.286     82.7142           0     49.5916   0.0704631
10         115     198.237     82.3958           0     50.1816    0.078176
10         116      199.19     82.0824           0     56.1745    0.143464
10         117     200.147     81.7834           0     61.1182    0.207031
10         118     201.116     81.5237           0     64.7955    0.372917
10         119     202.098      81.315           0     68.0846    0.615575
10         120     203.089     81.1627           0     69.2401     0.63019
10         121     204.088     81.0671           0     68.9525    0.536818
10         122      205.09     81.0207           0     67.7293    0.249334
10         123     206.093     81.0054           0     67.9254    0.192444
10         124     207.096     81.0114           0     67.9473    0.665547
10         125     208.099     81.0324           0     68.4533     2.36347
10         126     209.101     81.0771           0     66.7793     5.13479
10         127     210.101     81.1547           0     62.8379      8.6993
10         128     211.096     81.2824           0     57.4908     12.4941
10         129      212.08     81.4797           0     54.7499     16.5551
10         130     213.054     81.7182           0     58.6065     20.7901
10         131      214.03     81.9525           0     75.1776     18.9376
10         132     215.021     82.1051           0     102.218     10.8492
10         133     216.023     82.0868           0     127.034     7.46856
10         134      217.01     81.9051           0     130.328     7.94678
10         135     217.991     81.6978           0     103.191     9.73167
#1
11           0     186.899      304.02           0     50.5148     23.3334
11           1      186.08       304.6           0     46.9995     24.9651
11           2     185.247     305.162           0      41.289     22.4135
11           3     184.364     305.638           0     35.2563     20.6039
11           4     183.434     306.018           0     31.6782     19.4282
11           5     182.471       306.3           0     28.2887     18.3864
11           6     181.487     306.499           0     27.2413     17.8832
11           7     180.491      306.63           0     28.9179     17.9593
11           8     179.489     306.694           0     33.6857     18.9853
11           9     178.485     306.699           0     40.2514     20.6223
11          10     177.482     306.652           0     48.1103     23.1645
11          11     176.481     306.577           0     56.0063     26.4142
11          12      175.48     306.505           0     62.3641     28.3437
11          13     174.476     306.463           0     66.8517     26.1672
11          14     173.472     306.468           0     69.8341     20.9747
11          15      172.47     306.515           0     71.8036     17.1738
11          16     171.468     306.586           0     72.6765      15.903
11          17     170.467     306.657           0     73.6719     15.3317
11          18     169.464     306.714           0      75.487     13.8284
11          19     168.461     306.753           0     77.5941     11.8329
11          20     167.457     306.784           0     80.2139     10.7968
11          21     166.454     306.829           0     82.8925     11.2571
11          22     165.454     306.914           0     84.8529     12.8342
11          23     164.461     307.062           0     85.1448     14.0772
11          24      163.48     307.278           0     83.0128      12.445
11          25     162.519     307.567           0      81.921     8.05595
11          26     161.585     307.935           0     83.8834     4.66608
11          27     160.689     308.388           0     78.9595     2.54271
11          28     159.844     308.931           0     76.6272     1.93784
11          29     159.073     309.573           0     70.5901     2.15144
11          30     158.393     310.313           0     66.8381     2.75688
11          31     157.826     311.141           0     63.8777     2.77088
11          32     157.383     312.042           0     59.4586      2.1934
11          33     157.049     312.989           0      57.512     1.62143
11          34     156.804     313.962           0     54.8879     1.28803
11          35     156.631     314.951           0     56.6346     1.22467
11          36     156.524      315.95           0     60.2071     1.34439
11          37     156.494     316.953           0     65.3078     1.81836
11          38     156.571     317.954           0     69.6421     2.89411
11          39     156.798     318.932           0     70.6137     5.39297
11          40     157.201     319.851           0     63.7843     11.7713
11          41     157.756     320.688           0     51.9376     16.4215
11          42     158.407     321.452           0     41.8293     11.0594
11          43     159.105     322.174           0      36.665     5.38339
11          44     159.811     322.888           0     34.4692     2.57591
11          45     160.501     323.617           0     33.0759     1.29012
11          46     161.162     324.373           0     33.6066    0.810511
11          47     161.787     325.159           0     34.6072    0.542652
11          48     162.376     325.972           0     35.7165    0.417152
11          49      162.93     326.809           0     36.5764    0.409773
11          50     163.454     327.666           0     35.4539     0.40453
11          51     163.949     328.539           0     36.1435     0.37624
11          52     164.415     329.428           0     34.2732    0.170204
11          53     164.851     330.333           0     35.0052    0.203419
11          54     165.251     331.254           0     35.6234    0.208071
11          55     165.607     332.193           0     37.1606    0.194799
11          56     165.915     333.148           0      41.158    0.144051
11          57     166.166      334.12           0     42.8276    0.149987
11          58      166.36     335.105           0     44.0086    0.176836
11          59     166.505     336.099           0     44.5154    0.237983
11          60     166.614     337.097           0      44.804    0.192382
11          61     166.703     338.097           0     44.7838     0.11684
11          62     166.786     339.098           0     44.9089    0.107326
11          63     166.873     340.098           0     45.2153   0.0717888
11          64     166.971     341.097           0     45.7583   0.0291723
11          65     167.075     342.096           0     45.3401   0.0424101
11          66     167.184     343.094           0     44.7491   0.0640127
11          67     167.291     344.092           0     44.5324    0.140163
11          68     167.391     345.091           0     44.2542     0.15674
11          69     167.477     346.092           0     44.5624    0.128098
11          70     167.549     347.093           0     45.0973    0.175409
11          71     167.602     348.096           0      45.223    0.176291
11          72     167.639     349.099           0     45.5554    0.170809
11          73     167.662     350.103           0     45.5433    0.167525
11          74     167.673     351.107           0     44.6927    0.165879
11          75     167.674     352.111           0     44.5836    0.165821
11          76     167.662     353.115           0     43.5716    0.167536
11          77     167.635     354.119           0     42.8305    0.171479
11          78     167.593     355.122           0     42.0642    0.177833
11          79     167.533     356.124           0     40.9339    0.163092
11          80     167.454     357.125           0     39.8867    0.128908
11          81     167.356     358.124           0     39.2005    0.163692
11          82     167.239     359.121           0      38.955    0.106046
11          83     167.112     360.117           0      39.193   0.0469323
11          84     166.985     361.113           0     39.7698    0.111008
11          85     166.871     362.111           0     38.3675     0.17671
11          86     166.781     363.111           0     37.9762    0.173436
11          87     166.729     364.113           0     36.6466    0.159335
11          88     166.729     365.117           0     35.9143    0.183771
11          89     166.802     366.119           0     34.9605    0.341086
11          90     166.972     367.108           0     32.8114    0.653333
11          91     167.261      368.07           0     28.2196     1.31131
11          92     167.671     368.986           0     22.6561     2.10722
11          93     168.193     369.843           0     18.7785     2.66555
11          94     168.813     370.634           0      16.551     2.77032
11          95     169.512     371.354           0     16.7144     2.64928
11          96     170.281         372           0     18.9998     2.43203
11          97      171.11     372.566           0     21.1698     2.09154
11          98     171.989     373.051           0     23.1005     1.81456
11          99      172.91     373.451           0     24.3128     1.36476
11         100     173.859      373.78           0     25.1507     1.24075
11         101     174.824     374.056           0     25.8312     1.04886
11         102     175.797     374.303           0     24.5347    0.791009
11         103     176.773     374.541           0     22.4361    0.800968
11         104     177.746     374.788           0     20.5086     0.90315
11         105     178.711     375.064           0     17.6383    0.966997
11         106     179.665     375.378           0     14.1223    0.885891
11         107     180.602     375.738           0     10.7176    0.806415
11         108      181.52     376.146           0     6.93374    0.486308
11         109      182.42      376.59           0     3.46567    0.267419
11         110     183.297     377.079           0     1.64757    0.129396
11         111     184.158     377.595           0      1.5043    0.586152
11         112      185.01     378.126           0     5.45441     3.59391
11         113     185.853     378.671           0     14.7059     11.4648
11         114     186.684     379.235           0     26.5391     22.7262
11         115     187.505     379.813           0     32.7245     32.0504
#1
12           0         356         210           0         181     12.9098
12           1     356.746     210.659           0     170.964     32.6498
12           2     357.492     211.319           0     142.341     31.4329
12           3     358.238     211.978           0     97.4903     35.7734
12           4     358.984     212.637           0     54.5168     39.8508
12           5      359.73     213.296           0     37.2126     35.6987
12           6     360.476     213.956           0     34.6566     23.6145
12           7     361.223     214.615           0     42.9452     15.5241
12           8     361.869     215.351           0     56.3142     17.8855
12           9     362.296      216.25           0     67.9708      18.916
12          10     362.643      217.18           0      77.865     16.6828
12          11     362.832     218.153           0     84.2925     17.0997
12          12     362.831     219.146           0     83.3396     16.8413
12          13     362.707     220.134           0     76.7801      14.992
12          14     362.526     221.112           0     70.1062     12.0659
12          15     362.273     222.075           0     67.7691      9.4424
12          16     361.983     223.027           0     72.8977     6.48111
12          17     361.675     223.974           0     74.8777     4.43418
12          18     361.367     224.921           0     78.4247     4.00129
12          19     361.073     225.872           0     81.7952     4.80858
12          20     360.807     226.831           0     78.7314     5.87354
12          21     360.581     227.801           0     74.1928     5.60875
12          22     360.403      228.78           0     71.0519     3.91513
12          23      360.28     229.768           0     68.6973     2.31007
12          24     360.235     230.761           0     67.4134     2.20723
12          25       360.3     231.753           0     67.0493     2.50427
12          26     360.509     232.723           0      66.708     1.36722
12          27     360.882     233.644           0     67.1102    0.870288
12          28     361.409     234.485           0     62.8957    0.886118
12          29     362.061     235.235           0     61.2949     0.76141
12          30      362.81     235.889           0     58.9169    0.670901
12          31     363.629     236.453           0     57.1034    0.499011
12          32     364.494     236.946           0     60.8872     0.44182
12          33     365.383     237.394           0      61.682    0.394335
12          34     366.286     237.813           0     66.6642    0.439365
12          35     367.198     238.213           0     70.1493    0.466954
12          36     368.119     238.592           0     71.0061    0.315161
12          37     369.046     238.954           0     74.2416    0.406104
12          38     369.977     239.306           0     70.4619    0.511175
12          39     370.908      239.66           0     68.9344    0.652333
12          40     371.823      240.05           0     70.3523    0.914924
12          41     372.699      240.52           0     66.1462     1.18415
12          42      373.49     241.119           0     66.4022     1.60434
12          43      374.13     241.876           0     65.0969     2.91018
12          44     374.585     242.759           0     64.4856      1.8005
12          45     374.876     243.709           0     66.6149     1.29208
12          46     375.058     244.688           0     68.0747     1.18155
12          47     375.166     245.677           0     66.9979     1.45766
12          48      375.21     246.672           0          66     1.46525
12          49     375.182     247.666           0      64.577     1.49336
12          50     375.075     248.656           0     63.7455        1.16
12          51     374.894     249.635           0     61.7948    0.885284
12          52     374.657     250.602           0     60.2352    0.588581
12          53     374.389     251.561           0     61.4469    0.444763
12          54     374.117     252.518           0     64.8586    0.298567
12          55     373.867     253.482           0     65.3757     0.50197
12          56     373.665     254.457           0     63.3864     0.77085
12          57     373.521     255.442           0     62.7139     1.59983
12          58     373.433     256.433           0     62.9461     1.70043
12          59     373.395     257.428           0     63.0752     1.61893
12          60       373.4     258.423           0     63.5682     1.57167
12          61     373.444     259.418           0     64.0385     1.60248
12          62     373.521     260.411           0     64.4962     1.48233
12          63      373.63       261.4           0     64.4378     1.03445
12          64     373.773     262.386           0      64.603    0.859578
12          65     373.952     263.365           0     65.1825    0.900967
12          66     374.162     264.338           0     63.3142     1.01374
12          67     374.383     265.309           0     61.9868     1.12944
12          68     374.588     266.283           0     62.5595    0.956183
12          69     374.753     267.265           0     65.0506    0.753094
12          70     374.858     268.255           0     68.0492    0.393349
12          71     374.897      269.25           0     69.8883    0.324654
12          72     374.884     270.245           0     69.8682    0.333268
12          73     374.843      271.24           0     69.6237    0.362824
12          74     374.794     272.234           0     69.3527    0.394547
12          75     374.744     273.229           0     68.8431    0.410436
12          76     374.695     274.223           0     68.2388    0.423724
12          77     374.648     275.218           0     68.3953    0.415247
12          78     374.603     276.212           0     69.1892     0.41409
12          79     374.556     277.207           0      71.062    0.493301
12          80     374.507     278.201           0     73.6011    0.462892
12          81      374.45     279.195           0     76.7049    0.368675
12          82      374.38     280.189           0      80.018    0.415305
12          83     374.287      281.18           0      83.377    0.383404
12          84     374.165     282.168           0     86.5488    0.377729
12          85     374.015     283.152           0     89.9186    0.426727
12          86     373.849     284.134           0     88.8915    0.557792
12          87      373.68     285.115           0     86.7899    0.695748
12          88     373.517     286.097           0     87.1377     0.94937
12          89     373.362     287.081           0     89.1536     1.36427
12          90     373.212     288.065           0     89.3632     1.78861
12          91     373.069      289.05           0     78.9081     1.81314
12          92     372.995     290.043           0     51.3603     1.35117
12          93     372.963     291.038           0     15.5047    0.633938
12          94     372.945     292.034           0     3.89859   0.0124461
12          95     372.927     293.029           0    0.970711           0
12          96     372.906     294.025           0           0           0
#1
13           0     226.988     208.937           0     39.5813     34.5215
13           1     227.987     208.812           0     43.1939     26.2222
13           2     228.989     208.711           0     49.0655     15.7302
13           3     229.996     208.662           0     56.2913     8.86441
13           4     231.003     208.681           0     65.0603     5.85244
13           5     232.008      208.75           0      71.786     4.99279
13           6     233.012     208.821           0     76.9239     6.77253
13           7     234.018     208.872           0     76.8642     10.9126
13           8     235.026     208.884           0     70.8719     13.3669
13           9     236.033     208.856           0     62.7703     10.9005
13          10     237.039     208.804           0     55.8717     6.85806
13          11     238.045     208.757           0     51.9496     4.08959
13          12     239.052     208.736           0     50.2986     2.53148
13          13     240.059      208.76           0     52.2493     2.50366
13          14     241.064     208.836           0     56.2307     3.43911
13          15     242.064     208.954           0     60.6545     6.24432
13          16     243.065     209.071           0     62.4442      12.149
13          17     244.068     209.155           0     62.1873     16.5155
13          18     245.074     209.214           0     63.3633     14.5613
13          19     246.079      209.28           0     63.6871     9.01968
13          20     247.083      209.36           0     62.3715     4.27463
13          21     248.087     209.444           0     59.8894     2.59117
13          22     249.089     209.545           0     57.3332     2.75611
13          23     250.088      209.68           0     56.4223     3.31971
13          24      251.08     209.853           0     58.2441     4.21905
13          25     252.068     210.048           0     60.8807     6.06958
13          26     253.059     210.233           0     63.1828     9.14465
13          27     254.055     210.378           0     65.2352     11.4033
13          28     255.057     210.483           0     69.1738     10.6991
13          29     256.061     210.566           0     71.5127     7.12473
13          30     257.067     210.615           0     70.5487     3.46659
13          31     258.074     210.633           0     65.9177       2.192
13          32     259.082     210.644           0     57.3072      2.2403
13          33     260.089     210.675           0     45.4038     4.40267
13          34     261.094     210.734           0     35.2627      8.5297
13          35     262.097      210.83           0     30.6192      12.541
13          36     263.095     210.966           0     28.9362     14.6069
13          37     264.087     211.139           0     28.8967     14.5212
13          38     265.073     211.349           0     30.2076     13.5384
13          39     266.056     211.567           0     28.9196     15.0328
13          40     267.046     211.756           0     27.7444     21.1706
13          41     268.044     211.888           0     27.9089     32.1412
13          42      269.05     211.951           0     31.3504     40.3525
13          43     270.057     211.965           0     40.6483     41.3579
13          44     271.064     211.996           0     52.7001     37.6367
13          45     272.061     212.135           0      63.092     32.5993
13          46     273.015     212.459           0     70.1095     31.3276
13          47     273.876     212.981           0     72.4757     31.1229
13          48     274.622     213.658           0     70.1027     29.8598
13          49     275.267     214.432           0     65.6862     27.3193
13          50     275.843     215.258           0      59.782     23.9824
13          51     276.386     216.107           0     53.5067      19.383
13          52     276.917     216.962           0     49.8943     15.2246
13          53     277.457     217.813           0     45.7788     12.4751
13          54     278.017      218.65           0     44.2522     10.7817
13          55     278.608     219.466           0      40.938     10.2283
13          56     279.231     220.257           0     39.1714     10.3759
13          57     279.878      221.03           0     37.8073     12.0944
13          58     280.538     221.791           0     36.5062      15.407
13          59     281.208     222.543           0     37.5608      19.782
13          60     281.892     223.282           0     39.6779     24.4016
13          61     282.587     224.011           0     43.8022      27.062
13          62     283.318     224.704           0      48.772     29.7154
13          63      284.04     225.407           0     53.3249     29.5464
13          64     284.716     226.154           0     56.5421     27.6672
13          65     285.348     226.939           0     56.5908     28.6639
13          66     285.962     227.737           0     49.7022     36.6739
#1
14           0     81.5546     481.661           0     104.592     23.1752
14           1     82.4287     482.162           0      92.014      23.712
14           2     83.1929     482.819           0     70.3206     16.7319
14           3     83.8706     483.565           0     64.1415     17.1938
14           4     84.4587     484.383           0     77.9994     19.0736
14           5      84.927     485.275           0     100.233     20.1625
14           6     85.2259     486.237           0     112.252     20.3087
14           7     85.4023      487.23           0     114.599     20.2201
14           8     85.5818     488.221           0     111.476     17.9946
14           9     85.8348     489.197           0     107.915     15.3941
14          10     86.1593     490.151           0     104.248     13.8864
14          11     86.5335     491.087           0     99.5545     13.2372
14          12     86.9443     492.008           0     96.8159     13.7421
14          13     87.3772     492.918           0      94.224       13.15
14          14      87.798     493.834           0     98.7284     12.7591
14          15     88.0972     494.796           0     103.814     12.4159
14          16     88.0923     495.803           0     96.0886     15.1741
14          17     87.8097     496.771           0     76.9988     15.9134
14          18     87.4313     497.705           0     60.8037     15.0806
14          19     87.0948     498.655           0     54.7235     13.3437
14          20      86.863     499.636           0      54.175     13.3615
14          21     86.7304     500.635           0     56.2674     14.4618
14          22      86.669     501.641           0     59.0491     15.6439
14          23     86.6494     502.649           0      61.246     13.9686
14          24     86.6486     503.657           0     62.6027     9.75255
14          25     86.6526     504.665           0     62.9577     4.84142
14          26     86.6561     505.673           0     62.9682      1.6715
14          27     86.6598     506.681           0     62.9795    0.446176
14          28     86.6676     507.689           0     62.3142    0.146684
14          29     86.6844     508.696           0     61.8334    0.118697
14          30     86.7112     509.704           0      61.845    0.129734
14          31     86.7549     510.711           0     62.3823    0.125268
14          32     86.8166     511.717           0     63.3537    0.107085
14          33     86.8934     512.722           0     64.0698   0.0753298
14          34     86.9844     513.726           0     65.5516   0.0243564
14          35     87.0849     514.729           0     65.1051   0.0635868
14          36     87.1827     515.732           0     64.4405   0.0973221
14          37     87.2701     516.736           0     63.5007    0.142936
14          38      87.343     517.742           0     63.1964    0.171048
14          39     87.4012     518.748           0     62.8463    0.177042
14          40     87.4443     519.755           0     63.0025    0.131302
14          41     87.4736     520.763           0     63.4139    0.169668
14          42      87.489      521.77           0     63.9047     0.18895
14          43     87.4938     522.778           0     64.3968     0.18828
14          44     87.4882     523.786           0      65.298    0.234632
14          45     87.4738     524.794           0      65.944    0.301564
14          46     87.4536     525.802           0     66.0929    0.575458
14          47     87.4293      526.81           0     66.6035     1.07697
14          48     87.4015     527.817           0     66.4674     1.42743
14          49     87.3727     528.825           0     66.2018     1.50622
14          50     87.3499     529.832           0     65.4181     1.61473
14          51     87.3254      530.84           0     64.5332     1.92544
14          52     87.3004     531.848           0     62.8026     2.29493
14          53     87.2755     532.855           0     59.2009      3.0367
14          54     87.2553     533.863           0     51.8187     3.90314
14          55      87.245     534.871           0      40.323     4.91969
14          56     87.2437     535.879           0     26.0252     6.68859
14          57     87.2473     536.887           0     14.0535     10.1992
#1
15           0     35.1434     294.017           0           0           0
15           1     35.4046     293.057           0    0.943028           0
15           2     35.6638     292.096           0     2.50396           0
15           3       35.92     291.134           0     6.31339   0.0290126
15           4     36.1721     290.172           0      12.256   0.0371794
15           5     36.4145     289.206           0     22.0956    0.140041
15           6     36.6432     288.238           0      34.515    0.200214
15           7     36.8634     287.267           0     45.3406    0.203536
15           8     37.0793     286.295           0     51.1369    0.214204
15           9     37.3004     285.325           0     51.6108    0.250417
15          10     37.5286     284.356           0     52.1683    0.197005
15          11     37.7713     283.391           0     53.0875     0.18417
15          12     38.0305      282.43           0     54.6775    0.252413
15          13     38.2969     281.471           0     52.5091    0.167253
15          14     38.5693     280.514           0     51.8541    0.153971
15          15     38.8549     279.561           0     53.2675    0.212727
15          16     39.1555     278.612           0     52.9356    0.172084
15          17      39.463     277.665           0      51.049    0.124722
15          18     39.7794     276.722           0     52.1832    0.107115
15          19      40.108     275.782           0     53.5878    0.120982
15          20     40.4392     274.844           0     52.0455   0.0427444
15          21     40.7704     273.905           0     53.5427   0.0886061
15          22     41.1092     272.969           0     54.8458    0.149794
15          23     41.4453     272.032           0      52.522     0.11926
15          24     41.7798     271.095           0     52.4357   0.0963566
15          25     42.1178     270.159           0     52.0855    0.123343
15          26     42.4518     269.221           0     49.0854    0.118102
15          27     42.7841     268.283           0     49.1954   0.0830613
15          28     43.1211     267.347           0     49.9797   0.0850324
15          29     43.4506     266.408           0     48.9216   0.0359314
15          30     43.7712     265.465           0     51.5959   0.0824897
15          31     44.0911     264.523           0     54.6878    0.136938
15          32     44.4049     263.579           0     54.0763    0.117057
15          33     44.7154     262.633           0     54.8862    0.115196
15          34      45.037     261.691           0     56.2904    0.159789
15          35     45.3746     260.755           0      53.353    0.106469
15          36     45.7275     259.824           0     53.1032    0.145819
15          37     46.0957       258.9           0     55.0242    0.164579
15          38      46.469     257.977           0     54.0159    0.148028
15          39      46.853     257.059           0      58.264    0.260768
15          40     47.2523     256.147           0      59.725    0.330863
15          41      47.662      255.24           0     61.7648    0.282354
15          42      48.091     254.342           0     64.0518    0.283083
15          43     48.5307     253.449           0     60.9372    0.166974
15          44     48.9743     252.558           0     60.9902    0.253655
15          45     49.4138     251.665           0     55.0876    0.169712
15          46     49.8366     250.764           0     54.3651    0.170549
15          47     50.2437     249.856           0     51.5725   0.0715785
15          48     50.6291     248.938           0     49.7664   0.0445698
15          49     51.0075     248.018           0     51.8981    0.112461
15          50     51.3947     247.101           0     49.4084   0.0806567
15          51     51.8039     246.194           0     51.6463    0.238202
15          52     52.2623      245.31           0     54.4834     0.95498
15          53     52.7813     244.461           0      60.395     3.48966
15          54     53.3633     243.654           0     70.7596       11.14
15          55     53.9911     242.882           0      89.609     26.6685
15          56     54.6546      242.14           0     114.492     43.6534
15          57     55.3576     241.435           0     140.316     48.2412
15          58     56.0995     240.772           0     161.066     42.2714
15          59     56.8803     240.155           0     163.681     36.5656
15          60     57.6877     239.573           0     144.891     30.2279
15          61     58.5166     239.022           0     122.629     23.2439
15          62     59.3642     238.501           0     95.5889     16.8198
15          63      60.242     238.032           0     81.9238     14.1398
15          64     61.1462     237.616           0     74.6993     13.6911
15          65     62.0695     237.244           0     79.5195      15.525
15          66     62.9936     236.875           0     89.8034     18.2551
15          67     63.9113      236.49           0      96.098     20.9296
15          68     64.8179     236.079           0     105.766     22.5435
15          69     65.7102     235.638           0     106.206     23.1355
15          70     66.5931     235.179           0     112.241     23.2386
15          71     67.4623     234.694           0     116.432     22.5389
15          72     68.3217     234.192           0     123.488     21.5761
15          73     69.1675     233.667           0     127.836     19.8033
15          74     70.0133     233.143           0     136.359     17.9532
15          75     70.8717     232.639           0     135.471     14.5476
15          76     71.7627     232.196           0     135.157     10.0658
15          77     72.6793     231.808           0     128.603     5.65965
15          78     73.6216     231.488           0     116.247     3.09865
15          79     74.5843     231.236           0      106.21     2.28987
15          80     75.5627     231.054           0     97.0158     2.81954
15          81     76.5532     230.957           0     87.4535     5.41894
15          82     77.5484     230.962           0     82.4405     10.1685
15          83     78.5388      231.06           0      81.762     15.9742
15          84     79.5207     231.223           0     81.7664     20.4411
15          85     80.4961     231.421           0     82.3655     23.1392
15          86      81.465     231.648           0     82.4536     22.9767
15          87     82.4241     231.914           0     81.8028     17.8861
15          88     83.3714     232.219           0     74.1821     10.4349
15          89     84.3078     232.556           0     66.2369     4.06571
15          90      85.227     232.938           0     61.5759     1.21402
15          91     86.1245     233.368           0     52.1149    0.724703
15          92     87.0098     233.823           0     53.6698     5.50758
15          93      87.902     234.264           0     66.7229     17.3348
15          94     88.8124     234.666           0     97.0458     36.8213
15          95     89.7441     235.016           0     144.279     58.2151
15          96     90.7004      235.29           0     172.665     76.0028
15          97     91.6729     235.502           0     170.575     101.486
#1
16           0     101.184      503.45           0      27.084     22.1607
16           1     101.478     504.409           0      32.933     18.1535
16           2     101.787     505.364           0     38.5291     15.1258
16           3     102.128     506.308           0     43.9654     15.1272
16           4     102.496     507.241           0      51.777     15.7875
16           5     102.878      508.17           0     64.4626     18.1907
16           6     103.269     509.094           0      80.477     22.8728
16           7     103.672     510.013           0      99.212     30.1111
16           8     104.091     510.925           0      114.95     42.0135
16           9     104.473     511.853           0     119.839     60.1262
16          10      104.74      512.82           0       116.3     77.9727
16          11      104.87     513.815           0     105.936     72.8314
16          12     104.906     514.818           0     93.1787     61.7459
16          13     104.883     515.821           0     82.4574     53.7653
16          14     104.804     516.822           0     74.6601     45.5762
16          15     104.646     517.813           0     71.6011     36.4258
16          16     104.387     518.782           0     73.4741     31.4719
16          17      104.02     519.716           0     79.9015     28.9139
16          18     103.567     520.611           0      88.593     26.5938
16          19     103.062     521.479           0     107.063      25.358
16          20     102.563      522.35           0      129.38     26.4047
16          21     102.123     523.251           0     152.929      27.758
16          22     101.773     524.192           0     156.566     27.1948
16          23     101.472     525.149           0     144.555     25.9249
16          24     101.141     526.097           0     135.496     25.6444
16          25     100.751     527.021           0     136.178     24.9943
16          26     100.323     527.929           0      147.95     20.8409
16          27     99.8849     528.832           0     168.563     17.1584
16          28     99.4698     529.746           0     173.592     13.3165
16          29     99.0843     530.672           0     177.306     10.5472
16          30     98.7147     531.605           0     170.307     7.23513
16          31     98.3653     532.546           0     168.065     5.33546
16          32     98.0304     533.492           0     177.614     4.78983
16          33     97.7134     534.444           0     177.703     4.24368
16          34     97.4272     535.406           0     177.536     4.37574
16          35     97.1613     536.374           0     177.625     4.13497
16          36     96.9027     537.343           0     173.779     4.45525
16          37      96.654     538.316           0     165.971     5.30378
16          38     96.4032     539.287           0     160.442     6.14512
16          39     96.1088     540.247           0     155.265     7.60822
16          40     95.7031     541.164           0     142.992     11.3629
16          41     95.1274     541.985           0     128.963     19.6161
16          42     94.3806     542.655           0     110.054     36.2237
16          43     93.5453     543.212           0     99.7438     51.2116
16          44     92.7032     543.758           0     101.111     50.9203
16          45     91.9338     544.402           0     101.873     48.0666
16          46      91.287     545.168           0     82.7246     45.5469
16          47      90.753     546.018           0     61.3028     44.0033
16          48     90.3113     546.919           0     52.6781     40.9771
16          49     89.9407     547.852           0     52.7815     37.9081
16          50     89.6363     548.808           0     52.1366     34.0425
16          51     89.3863      549.78           0     54.4039     29.6546
16          52     89.1815     550.762           0     57.5196     25.1058
16          53     89.0159     551.752           0     60.5252     20.8033
16          54     88.8907     552.748           0     60.7088     17.4132
16          55     88.8069     553.748           0     59.9472     14.6236
16          56     88.7612      554.75           0     59.5671     12.4229
16          57     88.7465     555.754           0     59.4787     10.4009
16          58     88.7537     556.757           0     58.7647     8.76813
16          59     88.7785     557.761           0     59.2633     8.07335
16          60      88.822     558.763           0     59.7539     8.20495
16          61     88.8909     559.765           0     60.0693     8.86075
16          62     88.9922     560.763           0     60.1545      9.9481
16          63     89.1311     561.757           0      57.737     10.9731
16          64      89.312     562.744           0     55.2406     12.0601
16          65      89.538     563.722           0     53.9365     13.3359
16          66     89.8134     564.687           0     55.8503     14.6057
16          67     90.1407     565.636           0     59.4795      15.853
16          68     90.5201     566.565           0     62.6071     17.4959
16          69     90.9658     567.464           0     69.0391     18.9481
16          70     91.5078     568.308           0     67.6054     20.2424
16          71     92.1733     569.059           0     65.4501      21.291
16          72     92.9669     569.673           0     58.9307     20.6181
16          73     93.8681     570.115           0     56.1443     20.2668
16          74     94.8363     570.379           0     56.6281     21.0933
16          75     95.8321     570.503           0     62.0955     23.9154
16          76     96.8347     570.548           0     69.8064     27.8217
16          77      97.838     570.572           0     76.5301     24.5659
16          78     98.8411       570.6           0     78.6106     15.0026
16          79     99.8444     570.625           0     75.7069     8.02532
16          80     100.848     570.618           0     72.5462     5.87118
16          81      101.85     570.572           0     72.1016     7.52861
16          82     102.852      570.51           0     74.5426     13.0169
16          83     103.855     570.467           0     79.3945     19.1178
16          84     104.858     570.468           0     83.9637     22.2017
16          85     105.861     570.497           0     89.2393     24.6753
16          86     106.865     570.507           0     94.7767     27.8805
16          87     107.867     570.444           0     94.8506     26.0969
16          88     108.858      570.29           0     85.6903     21.6944
16          89     109.839     570.076           0     71.2437     19.2929
16          90     110.815     569.845           0     55.6713     17.6075
16          91     111.798     569.642           0     45.2998      11.675
16          92     112.789     569.486           0      43.531     4.49183
16          93     113.788     569.384           0     46.3925     3.26791
16          94      114.79     569.332           0     49.1827     7.16114
16          95     115.793     569.296           0     52.9889     15.7971
16          96     116.794      569.23           0     59.8239     24.8231
16          97     117.786     569.076           0     68.7269     21.9332
16          98      118.75     568.798           0     75.0912     9.54324
16          99     119.676     568.411           0     81.7747     3.94768
16         100     120.571     567.957           0     92.2639     3.58928
16         101     121.455     567.483           0     97.3532     4.11005
16         102     122.345     567.017           0     105.055     5.46848
16         103     123.244     566.572           0     101.067      6.0387
16         104     124.142     566.123           0     97.2866     6.22101
16         105     125.007     565.615           0     84.9199      5.4202
16         106     125.804     565.006           0     69.8257     4.57317
16         107     126.495     564.279           0     53.1525     4.94531
16         108      127.07     563.457           0     44.0741     8.26699
16         109     127.523     562.561           0     41.1054     12.8827
16         110     127.854     561.614           0     42.6639     16.5452
16         111     128.077     560.635           0     46.0656     17.8275
16         112     128.234     559.644           0      49.107     17.8231
16         113     128.369      558.65           0      51.962     18.3108
16         114     128.523     557.658           0     53.8177     19.3626
16         115     128.715     556.673           0     55.3324      21.181
16         116     128.939     555.695           0     55.5359     23.3335
16         117      129.19     554.723           0     53.5129     25.7232
16         118     129.448     553.753           0     50.2275     27.2163
16         119     129.694      552.78           0      46.512     26.9299
16         120      129.93     551.805           0     42.9412     25.4474
16         121     130.166     550.829           0     37.3391     24.2631
16         122     130.405     549.855           0      30.681     24.4962
#1
17           0     294.865      79.207           0     107.697      25.131
17           1     295.335     78.3246           0     94.5957     19.0577
17           2     295.876     77.4861           0     71.4287     18.1254
17           3     296.636     76.8367           0     47.5199     35.0699
17           4     297.524     76.3784           0     39.2668     34.5483
17           5     298.476     76.0741           0     48.3847     11.3288
17           6     299.459     75.8873           0     59.2475     2.86206
17           7     300.449     75.7519           0     63.1366    0.612177
17           8     301.445     75.6623           0     64.2745    0.190618
17           9     302.442     75.5946           0     64.0316    0.143091
17          10     303.441     75.5411           0     63.5049    0.126131
17          11      304.44     75.4995           0     63.7206    0.125707
17          12     305.439     75.4659           0     64.3027    0.182006
17          13     306.438     75.4357           0     65.3786    0.312617
17          14     307.438     75.4084           0     66.6253     0.35232
17          15     308.437     75.3886           0     66.6196    0.447589
17          16     309.437     75.3841           0      65.642    0.566485
17          17     310.437     75.4038           0     63.8466    0.542281
17          18     311.435     75.4559           0     61.2671    0.431665
17          19     312.431     75.5483           0     59.5557    0.378363
17          20     313.421     75.6877           0     59.8494    0.401616
17          21     314.403     75.8758           0      62.915    0.484416
17          22     315.376     76.1048           0      65.963    0.555671
17          23     316.345     76.3528           0     66.9274    0.624682
17          24     317.312     76.6046           0     69.2436    0.803476
17          25      318.28     76.8549           0     73.9191    0.736895
17          26      319.25     77.0971           0     76.7134     0.73599
17          27     320.225     77.3214           0     75.7093    0.824527
17          28     321.199     77.5463           0      76.636    0.863658
17          29     322.161     77.8187           0     79.6675    0.939316
17          30      323.09     78.1889           0     80.3161     1.16034
17          31     323.961      78.679           0     77.8508      1.1112
17          32      324.77      79.267           0     78.3198     1.02818
17          33     325.551     79.8908           0     82.5138    0.703518
17          34     326.338     80.5079           0     84.6945    0.591342
17          35     327.136     81.1098           0     89.6586    0.324729
17          36     327.936     81.7096           0     87.1968    0.361848
17          37     328.714     82.3375           0     82.3515    0.358313
17          38     329.462     83.0008           0     80.6037    0.280807
17          39     330.173     83.7036           0     76.4441    0.159583
17          40     330.854     84.4359           0     76.6163    0.191218
17          41     331.523     85.1786           0     79.0244    0.354639
17          42     332.189     85.9244           0     84.1351    0.364378
17          43     332.846     86.6781           0     82.3315    0.380964
17          44     333.499     87.4353           0     78.1954    0.461874
17          45     334.152     88.1926           0     79.4732     0.41513
17          46     334.811     88.9443           0     82.5066    0.438823
17          47     335.482     89.6854           0     82.2692    0.407963
17          48     336.148     90.4317           0     82.6164    0.379523
17          49     336.794     91.1945           0     79.2943    0.373838
17          50     337.419     91.9749           0     75.6649    0.353734
17          51     338.018     92.7754           0     76.1264    0.286987
17          52       338.6     93.5882           0     73.8472    0.352731
17          53     339.168     94.4111           0     75.9017    0.475928
17          54      339.71     95.2512           0      72.338     0.39309
17          55     340.215     96.1144           0     66.1433    0.386133
17          56     340.657      97.011           0     56.5973    0.384556
17          57     341.026     97.9402           0     54.8756    0.467671
17          58     341.313      98.898           0     51.7931    0.367491
17          59     341.523     99.8755           0     51.4463    0.455233
17          60     341.679     100.863           0     51.9878    0.418749
17          61     341.809     101.854           0     53.4851    0.344021
17          62     341.923     102.848           0     55.1777    0.278919
17          63     342.021     103.843           0     56.6499    0.261587
17          64     342.097      104.84           0      57.048    0.217665
17          65     342.152     105.838           0     57.7517    0.261151
17          66     342.184     106.837           0     60.2221    0.286963
17          67     342.193     107.837           0     63.1602    0.313974
17          68     342.183     108.837           0     66.0758    0.405705
17          69     342.165     109.836           0     69.0526    0.431346
17          70     342.148     110.836           0     71.3435    0.512707
17          71     342.133     111.836           0     71.8064    0.508125
17          72      342.12     112.836           0     71.9205    0.495448
17          73     342.105     113.835           0     71.9665    0.490976
17          74     342.086     114.835           0     71.3789    0.458525
17          75     342.056     115.834           0     71.4444    0.448382
17          76     342.022     116.833           0     72.5983    0.407436
17          77     341.987     117.833           0     73.6929    0.384892
17          78     341.967     118.832           0      74.468    0.395853
17          79     341.972     119.832           0     73.8873    0.393608
17          80     342.011     120.831           0     72.2106    0.395345
17          81     342.078     121.829           0     68.7195    0.359115
17          82     342.159     122.825           0     64.3748     0.39889
17          83      342.24     123.822           0     60.3865    0.340949
17          84     342.307     124.819           0     58.8964    0.410177
17          85     342.354     125.818           0     58.8723    0.430811
17          86     342.383     126.818           0     59.6696    0.442088
17          87     342.399     127.817           0     60.9463     0.49287
17          88     342.406     128.817           0     62.4892    0.504086
17          89     342.413     129.817           0     63.9152    0.565505
17          90     342.425     130.817           0     65.7836    0.588042
17          91     342.449     131.816           0        68.1    0.648906
17          92     342.496     132.815           0      69.723    0.690811
17          93     342.572     133.812           0     70.5813    0.685513
17          94     342.683     134.805           0     70.5398    0.733243
17          95     342.838     135.793           0     69.2211    0.580717
17          96     343.035     136.773           0     66.4906    0.478811
17          97     343.261     137.747           0     59.0688    0.433334
17          98     343.507     138.716           0     52.5504      0.4652
17          99     343.772      139.68           0     46.8221    0.306869
17         100     344.054      140.64           0     42.9796    0.301331
17         101     344.338     141.598           0      40.393    0.333688
17         102     344.609     142.561           0     44.6076    0.445565
17         103     344.873     143.525           0     54.4184    0.614753
17         104     345.138     144.489           0     63.5871    0.859811
17         105     345.407     145.452           0     69.2391     1.10815
17         106      345.69     146.411           0     73.4129     1.25801
17         107     345.993     147.364           0     76.5471     1.31806
17         108     346.297     148.316           0     72.7933     1.34351
17         109     346.593     149.271           0     70.2261     1.20545
17         110     346.874     150.231           0     69.2786     1.01554
17         111     347.135     151.196           0     66.1327    0.836974
17         112     347.377     152.166           0     62.0791    0.708458
17         113     347.618     153.136           0     59.6883    0.561981
17         114     347.884       154.1           0     59.0548     1.49625
17         115     348.183     155.054           0     56.6273      6.2011
17         116     348.519     155.996           0     54.9973      15.217
17         117     348.888     156.925           0     57.0521     25.7978
17         118     349.268      157.85           0     61.3454     33.2694
17         119     349.626     158.783           0     70.1711     36.4469
17         120     349.933     159.735           0      81.598     36.5335
17         121     350.158     160.709           0     88.9887     35.0046
17         122     350.287       161.7           0     94.8693     32.5768
17         123     350.355     162.698           0     100.381     25.8554
17         124     350.433     163.695           0     104.084     15.9189
17         125      350.59     164.682           0     105.928     9.43164
17         126     350.845     165.649           0      108.62     6.29954
17         127     351.169     166.594           0     112.523     5.12517
17         128     351.534     167.525           0     118.077      4.5047
17         129      351.94     168.439           0     126.431     4.62468
17         130     352.393      169.33           0      122.53     4.09533
17         131     352.885       170.2           0     117.577     3.98898
17         132     353.398     171.059           0      107.19      3.2512
17         133     353.898     171.924           0     101.385     2.80816
17         134     354.362      172.81           0     96.8323     2.13847
17         135     354.777      173.72           0     99.2255     1.86426
17         136     355.161     174.643           0     101.946     1.44911
17         137     355.532     175.572           0     98.7445    0.965846
17         138     355.921     176.493           0     92.9512    0.753021
17         139     356.326     177.407           0     77.5855    0.440044
17         140     356.715     178.328           0     69.1129    0.397395
17         141     357.063     179.265           0     71.2395    0.372075
17         142      357.35     180.223           0      74.086    0.407646
17         143      357.58     181.196           0     79.3077    0.461635
17         144     357.772     182.177           0     83.1892    0.400217
17         145     357.945     183.162           0     85.4585    0.254452
17         146     358.107     184.148           0     85.9422    0.372818
17         147     358.258     185.137           0     86.7451    0.590235
17         148     358.401     186.126           0     90.3515    0.734858
17         149     358.548     187.115           0     94.7816    0.843069
17         150     358.708     188.102           0     96.4989    0.807083
17         151     358.893     189.085           0       94.16    0.562551
17         152     359.098     190.063           0      88.142    0.398906
17         153     359.301     191.042           0     80.7595    0.419573
17         154     359.483     192.025           0     77.4387    0.362719
17         155     359.631     193.014           0     75.0806    0.305848
17         156     359.734     194.009           0     70.8532    0.225384
17         157     359.794     195.007           0     68.9353    0.152051
17         158     359.816     196.006           0     69.1867     0.16176
17         159     359.811     197.006           0     73.9415    0.403973
17         160     359.788     198.006           0     77.8763     0.42878
17         161     359.756     199.005           0     77.7836    0.496292
17         162     359.717     200.004           0     73.7269    0.336558
17         163     359.662     201.002           0     70.9726    0.254393
17         164     359.585     201.999           0     70.1695    0.305965
17         165     359.479     202.993           0     71.0344    0.326758
17         166     359.333     203.982           0     72.3177    0.316652
17         167     359.123      204.96           0     74.2608    0.322654
17         168     358.825     205.914           0     73.9251    0.601906
17         169     358.415     206.826           0     78.1223      1.3587
17         170     357.962     207.717           0     97.0784      5.4683
17         171     357.457      208.58           0     124.198     14.3146
17         172     356.954     209.444           0     160.455     30.3151
17         173     356.546     210.357           0     173.648     30.9948
17         174     356.241     211.309           0     153.295     34.6071
#1
18           0     173.008      100.46           0     96.5027     43.1009
18           1     173.959     100.787           0     91.0701     57.5482
18           2     174.913     101.104           0     84.2954     54.5208
18           3     175.893     101.326           0     79.4452     57.8748
18           4     176.897     101.304           0     74.2707     54.4937
18           5     177.842     100.962           0     60.4527     39.2695
18           6     178.694     100.429           0     43.4245     32.9923
18           7     179.492     99.8177           0     35.5962     30.4218
18           8     180.298     99.2168           0     42.2171     27.2115
18           9     181.137      98.664           0     55.5541     23.1291
18          10     182.022     98.1858           0     68.2667     19.1059
18          11     182.942     97.7815           0      73.149     15.5063
18          12     183.887      97.438           0     72.5023     12.4552
18          13     184.842      97.125           0      74.257     9.37623
18          14     185.801     96.8245           0     72.5038      6.5011
18          15     186.767     96.5456           0     68.8634     4.35737
18          16     187.738     96.2835           0     67.1393     2.91164
18          17     188.711      96.031           0     67.1982     1.76092
18          18     189.685     95.7816           0     61.4162     1.03297
18          19     190.659     95.5363           0      55.509    0.972497
18          20     191.633     95.2869           0     51.0354    0.814543
18          21     192.605     95.0299           0     48.9262    0.598345
18          22     193.578     94.7782           0      46.067    0.379842
18          23     194.559     94.5574           0     46.7145    0.501205
18          24     195.549     94.3823           0     50.6903    0.661421
18          25     196.547     94.2578           0      56.451    0.979697
18          26     197.549     94.1803           0     62.6528     1.37743
18          27     198.553     94.1416           0     68.2731     1.88169
18          28     199.559     94.1318           0     71.1824     2.82372
18          29     200.564     94.1444           0     70.5097     4.61623
18          30     201.568     94.1843           0     67.6363     7.41848
18          31      202.57      94.272           0     63.7375     11.2697
18          32     203.562      94.433           0      62.057     15.6542
18          33     204.537     94.6795           0     68.6506     21.5982
18          34     205.492     94.9921           0     90.1558     33.0622
18          35     206.442     95.3208           0     119.717     44.4847
18          36     207.405     95.6095           0     143.698     44.6441
18          37      208.38      95.854           0     141.642      45.312
18          38     209.347     96.1288           0     114.087     37.6908
18          39     210.293      96.469           0     86.1056     17.1375
18          40     211.204     96.8938           0     77.1132     5.38375
18          41     212.055     97.4287           0     75.6528     2.74808
18          42     212.837     98.0602           0     77.4223      1.5554
18          43     213.575     98.7425           0     73.1219    0.739833
18          44     214.288     99.4513           0     70.8259    0.412653
18          45     214.985     100.176           0      71.823    0.350206
18          46     215.669     100.913           0      71.039    0.271851
18          47     216.329     101.671           0     73.1338    0.292711
18          48     216.947     102.464           0     77.8287    0.376303
18          49     217.508     103.298           0     76.8253    0.406549
18          50      217.99      104.18           0     78.4189    0.514779
18          51     218.379     105.107           0     69.1443    0.423136
18          52     218.684     106.065           0     61.6702    0.422959
18          53     218.938     107.038           0     58.3992    0.419938
18          54     219.173     108.015           0     56.8076    0.429913
18          55     219.403     108.994           0     57.5817     0.65099
18          56      219.64     109.971           0     60.4675    0.839802
18          57     219.887     110.945           0     63.8472     1.00911
18          58     220.127     111.921           0      65.097     1.35303
18          59     220.334     112.905           0     64.6027     1.46657
18          60     220.485     113.899           0      64.461      1.4076
18          61     220.572     114.901           0     63.4289     1.13647
18          62     220.605     115.905           0     61.6103    0.867588
18          63     220.606     116.911           0     59.6029     0.68433
18          64      220.59     117.916           0      57.904    0.688081
18          65     220.567     118.921           0      56.259     0.64296
18          66     220.543     119.926           0     54.2347    0.891078
18          67     220.514     120.931           0     50.7581     1.17781
18          68     220.474     121.935           0     46.7335     1.25855
18          69     220.406     122.938           0     42.6536     1.39577
18          70     220.295     123.937           0     38.2698     1.58001
18          71     220.137      124.93           0     34.1531     1.76187
18          72     219.942     125.916           0     30.1476     1.93641
18          73     219.736       126.9           0      26.083     2.01512
18          74     219.543     127.887           0      23.288      1.9831
18          75     219.379     128.879           0      21.243     2.05829
18          76     219.244     129.875           0     19.9121     2.28693
18          77     219.139     130.874           0     18.1118     2.45759
18          78     219.066     131.877           0       16.18     2.61874
18          79      219.02     132.881           0     15.0806      3.1386
18          80     219.004     133.886           0     13.2228     3.91173
18          81     219.011     134.892           0     12.0977     4.41838
18          82     219.026     135.897           0     10.2035     4.92121
18          83      219.04     136.902           0     9.09789     5.21706
18          84      219.05     137.907           0     8.09265     5.28127
18          85     219.054     138.913           0           8     5.27142
18          86     219.054     139.918           0     7.08209     5.14505
18          87     219.045     140.923           0     6.07685     4.56792
18          88     219.066     141.928           0           6     4.05001
18          89     219.069     142.933           0     5.06651     3.22603
18          90     219.029     143.938           0     4.06204     2.52899
18          91     218.954      144.94           0     3.05953      2.0338
18          92     218.866     145.942           0      2.0581     1.91184
#1
19           0      134.79     258.429           0     86.6568     58.7078
19           1     135.717      258.04           0     82.4802      59.352
19           2     136.643     257.652           0     80.5764     58.7699
19           3     137.552     257.224           0     80.2623     55.0803
19           4      138.42     256.718           0     82.4529     50.5414
19           5     139.243     256.141           0     89.5897     46.0588
19           6     140.029     255.514           0     99.3909      41.871
19           7     140.791     254.859           0     108.002     38.4082
19           8     141.555     254.207           0     106.845     37.3684
19           9     142.329     253.566           0     102.298     39.1337
19          10     143.121     252.948           0     101.876     40.9547
19          11     143.933     252.357           0     95.9639     41.2541
19          12     144.761     251.787           0     92.4479     40.0899
19          13     145.603     251.239           0     88.0589     36.6468
19          14     146.449     250.696           0     86.1655     33.6041
19          15     147.301     250.164           0     88.9835     31.5353
19          16     148.154     249.632           0     89.9627     31.6164
19          17     149.008     249.103           0     93.7098     34.3046
19          18     149.859     248.569           0     88.8077     37.5038
19          19     150.715     248.043           0     87.5681     43.5574
19          20     151.584     247.538           0     79.8096     51.4152
19          21     152.479     247.081           0      75.615     59.8112
19          22     153.402     246.684           0      67.872      56.898
19          23     154.353      246.36           0     62.4311     43.3663
19          24     155.322     246.094           0     60.7622     34.4397
19          25     156.299     245.861           0     60.3344     29.6477
19          26     157.278      245.63           0     58.3635     25.9597
19          27     158.246     245.363           0     58.4086     23.0743
19          28     159.194     245.028           0     59.6762     20.8885
19          29     160.109     244.614           0     57.7262     19.1978
19          30      160.99     244.132           0      57.724     18.1807
19          31     161.841     243.597           0     58.0829     16.9683
19          32     162.671     243.031           0     59.5361     15.6972
19          33     163.489     242.447           0      56.206     14.7065
19          34     164.292     241.842           0     53.6323     14.2108
19          35     165.075     241.214           0     50.9984     15.0712
19          36     165.833     240.554           0       48.59     17.4355
19          37     166.564     239.864           0     47.9583     20.7144
19          38      167.27     239.149           0     48.5406     26.0596
19          39     167.962     238.421           0      47.972     31.5069
19          40     168.648     237.686           0     44.0253     37.3689
#1
20           0     223.984     224.299           0     163.172     45.5067
20           1     224.997     224.099           0     133.724     44.6063
20           2     226.022     223.973           0      107.17     43.9605
20           3     227.049     223.869           0     85.1005     43.7447
20           4     228.078     223.777           0     69.9181     40.3814
20           5     229.107     223.694           0     59.7366     32.6135
20           6     230.137     223.615           0      49.803     22.5778
20           7     231.166     223.525           0     42.1354     12.8219
20           8     232.191       223.4           0     37.5141     6.97516
20           9     233.203     223.195           0     39.5443     6.19529
20          10     234.177     222.853           0     47.6676     16.6696
20          11     235.059     222.316           0     59.2918     30.9013
20          12     235.775     221.573           0     68.5213     33.0589
20          13     236.287     220.677           0     72.8141     32.6029
20          14     236.635     219.704           0     69.3912     36.6446
20          15     236.934     218.716           0     58.1028     35.4555
#1
21           0     146.552     172.716           0     121.647     55.0501
21           1     145.692      173.23           0      102.59     45.2662
21           2     144.896      173.84           0     76.3161     29.3131
21           3     144.185     174.548           0     64.2352     23.0506
21           4     143.563     175.335           0     63.5005     19.1874
21           5     143.013     176.173           0     69.3987      14.898
21           6     142.496     177.033           0     72.0175     11.6731
21           7     141.974     177.889           0     76.2674     11.0224
21           8     141.425     178.729           0     76.7016     11.5138
21           9     140.854     179.554           0      80.668     12.0288
21          10     140.269     180.368           0     82.6758     12.1781
21          11     139.665     181.169           0     81.8143     11.5771
21          12     139.042     181.954           0     78.8883     11.2341
21          13     138.401     182.726           0      75.546     13.3419
21          14     137.755     183.493           0     75.6243     20.6626
21          15     137.126     184.274           0     75.9253     28.5575
21          16      136.53     185.082           0      73.199     30.4234
21          17     135.953     185.902           0     70.2243     29.9852
21          18     135.357     186.709           0     75.1278      33.245
21          19     134.707     187.472           0     89.7977     33.3593
21          20     133.983     188.166           0     110.379     25.9924
21          21     133.188     188.777           0     117.024     19.6034
21          22     132.369     189.357           0      105.55     15.8609
21          23      131.58     189.976           0      87.212     12.8717
21          24     130.846     190.659           0     68.3514       10.23
21          25     130.161     191.392           0      56.083     8.58455
21          26     129.504      192.15           0     49.9823     8.30842
21          27     128.863     192.921           0     49.6878     9.37609
21          28     128.231       193.7           0     52.1378     11.5305
21          29     127.603     194.482           0     55.7513     14.4304
21          30     126.974     195.263           0     59.9116     17.7318
21          31     126.335     196.036           0     60.6769      20.413
21          32     125.676     196.793           0     62.5076      20.331
21          33     124.998     197.531           0      63.988     17.1566
21          34     124.308      198.26           0     60.1262     13.2186
21          35     123.618     198.988           0     53.8952     10.5515
21          36     122.938     199.725           0     48.0359     8.51213
21          37     122.266      200.47           0     44.2682      7.3975
21          38     121.592     201.213           0     44.2877     6.51931
21          39     120.911     201.949           0     49.5139     5.78399
21          40     120.221     202.677           0     53.5165     5.71354
21          41     119.519     203.393           0     58.1275     5.99704
21          42     118.802     204.095           0     64.1581     6.31017
21          43     118.069     204.779           0     67.0152     6.41413
21          44      117.32     205.446           0     68.4606     6.49903
21          45     116.555     206.095           0     73.1387     6.09387
21          46     115.778      206.73           0     77.0254     6.16232
21          47     114.999      207.36           0     81.2741     6.25585
21          48     114.225     207.999           0     83.0923     6.13438
21          49      113.47     208.659           0     76.1208     6.05836
21          50     112.735     209.342           0     70.7694     5.76467
21          51     112.022     210.047           0     67.6447     5.67237
21          52     111.328     210.771           0     65.0419     5.31957
21          53     110.645     211.505           0     64.7888     5.51233
21          54     109.971     212.248           0     65.3933     6.36135
21          55     109.306     212.999           0     63.9982     8.49627
21          56     108.667     213.772           0     62.3793     11.8101
21          57     108.067     214.576           0     61.2689     15.3683
21          58     107.499     215.402           0     61.3058     18.3678
21          59     106.945     216.239           0     64.7732     20.5198
21          60     106.379     217.067           0     69.3898     22.5615
21          61     105.795     217.883           0     74.9235     24.3029
21          62     105.214       218.7           0     78.8645     25.7139
21          63     104.661     219.537           0     82.5717       25.72
21          64     104.168      220.41           0      86.071     22.4072
21          65     103.763     221.327           0     85.6307     13.3419
21          66     103.481      222.29           0     82.3032     4.86593
21          67     103.356     223.284           0     80.3214     10.4604
21          68     103.449     224.282           0     76.1294     30.5797
21          69     103.795     225.222           0     64.4934     34.0383
21          70     104.356     226.053           0     49.5492     14.9086
21          71     105.059     226.768           0     37.7065     4.03434
21          72     105.861     227.371           0     33.4139     2.45989
21          73     106.745     227.845           0     34.6477      2.6908
21          74     107.698     228.158           0     34.8196     3.55252
21          75     108.694     228.275           0     32.3429      6.8166
21          76     109.693     228.187           0     27.7276     11.1976
21          77     110.655     227.907           0     20.8195     14.6954
21          78     111.557     227.467           0     13.8258     13.9132
21          79     112.391     226.909           0       7.745     10.2997
21          80     113.165     226.271           0     4.20531      7.0778
21          81     113.894     225.583           0     3.47739      5.1606
21          82     114.591     224.862           0     4.34565     4.31224
21          83     115.264     224.118           0     8.02195     3.75504
21          84     115.916     223.356           0     13.5127     3.11686
21          85     116.552      222.58           0     18.8866     3.38527
21          86     117.177     221.796           0     23.7985       4.236
21          87       117.8      221.01           0     27.3729     5.10099
21          88     118.432     220.231           0     28.3378     6.02127
21          89     119.087     219.472           0     27.6968     6.87697
21          90     119.784      218.75           0     25.6479     7.63916
21          91     120.533     218.083           0     23.3138     7.94242
21          92     121.338     217.485           0     22.0268      8.0464
21          93     122.196     216.965           0     21.8878     7.57557
21          94     123.099     216.529           0     23.0781     7.39773
21          95     124.036     216.171           0     27.1016     7.25803
21          96     124.998     215.887           0     31.9911     6.06692
21          97     125.978     215.673           0     35.9111     4.51121
21          98     126.969     215.523           0     39.8337     2.95561
21          99     127.968     215.431           0     42.0744     1.62493
21         100      128.97     215.386           0      44.169    0.602734
21         101     129.973     215.376           0     46.8013    0.264421
21         102     130.976     215.399           0     48.1677    0.144474
21         103     131.978     215.451           0     49.5164    0.114765
21         104     132.978     215.527           0     50.5032     0.15268
21         105     133.976     215.622           0     51.4654    0.128221
21         106     134.973     215.729           0     53.3347    0.073894
21         107      135.97     215.843           0     55.5425   0.0573633
21         108     136.967     215.953           0     57.4118   0.0300858
21         109     137.965     216.049           0     57.5109     0.02933
21         110     138.965     216.127           0     56.8508   0.0514272
21         111     139.966      216.19           0     55.6915   0.0689304
21         112     140.968     216.237           0     54.6015   0.0856431
21         113      141.97     216.276           0     54.3432    0.203922
21         114     142.973     216.315           0     54.4151    0.378711
21         115     143.975     216.356           0     54.9148    0.529467
21         116     144.977     216.394           0     57.1578    0.934671
21         117      145.98     216.425           0      60.088     3.87133
21         118     146.982     216.454           0     62.0561     10.7395
21         119     147.985      216.48           0     67.9495     17.2322
21         120     148.988     216.499           0     77.8791     20.4597
21         121     149.991     216.514           0     91.3317       19.09
21         122     150.992     216.565           0     102.219      21.265
21         123     151.982     216.725           0     101.382     31.7541
21         124     152.937     217.031           0     88.2798      35.111
21         125     153.857     217.431           0     71.0301     24.1068
21         126     154.753     217.881           0     64.9857     18.0455
21         127     155.615     218.394           0     67.4283     21.5934
21         128     156.386     219.036           0     76.0308     22.8027
21         129     156.955     219.862           0     78.9361     23.7761
21         130     157.255     220.818           0     73.0175     24.0274
21         131     157.353     221.816           0     68.0934     21.2112
21         132     157.339     222.819           0     65.9469      20.293
21         133     157.282     223.821           0     65.8718     19.2871
21         134     157.208     224.821           0     66.4785     17.9438
21         135     157.119      225.82           0     65.4262     16.9338
21         136     157.019     226.818           0     63.3623     16.0428
21         137     156.918     227.816           0      59.034     16.3008
21         138     156.835     228.815           0      54.004     17.6275
21         139     156.779     229.817           0     50.8057     20.1962
21         140     156.757      230.82           0     52.1094      26.232
21         141     156.712     231.822           0     59.5811     33.7678
21         142     156.664     232.823           0     73.3429     37.4397
21         143     156.651     233.826           0     96.6129     37.6248
21         144     156.775     234.821           0     138.643     59.5851
21         145     157.297      235.67           0      157.22     49.4527
#1
22           0      96.765     393.813           0     157.814     112.406
22           1     97.7134     394.134           0     165.725     81.3321
22           2     98.6534     394.479           0     166.489     55.0014
22           3     99.5743     394.873           0     168.447     36.7035
22           4     100.473     395.315           0     167.097     29.0309
22           5     101.339     395.817           0     165.802     27.2376
22           6     102.142     396.416           0     156.093     24.7477
22           7     102.859     397.114           0     140.479     24.5247
22           8     103.529     397.859           0      110.59     24.8415
22           9     104.169     398.628           0     87.4477     24.4872
22          10     104.821     399.389           0     74.1119      21.262
22          11     105.501     400.124           0      68.879     15.6998
22          12     106.202     400.839           0     67.6101      9.8677
22          13     106.902     401.555           0     69.0665     5.39081
22          14     107.587     402.285           0     72.0206      2.6055
22          15     108.263     403.025           0     76.1105      2.2211
22          16     108.936     403.766           0     76.7175     3.10555
22          17     109.626     404.491           0     73.5129     3.88009
22          18     110.342     405.192           0     72.3501     4.95129
22          19     111.079      405.87           0     72.2525     5.96751
22          20     111.828     406.534           0     70.5748     6.57714
22          21     112.591     407.183           0     71.9504     6.96277
22          22     113.363     407.821           0     73.9996     7.21723
22          23     114.134      408.46           0     75.1435     7.49169
22          24     114.899     409.106           0     76.6582     7.68795
22          25     115.655     409.762           0     71.1871     7.86363
22          26     116.404     410.428           0       63.69     7.87053
22          27     117.146       411.1           0     56.7465     7.57915
22          28     117.882     411.779           0     50.0505      7.4579
22          29     118.612     412.465           0     46.3507      6.9381
22          30     119.343     413.149           0     47.3721     6.03699
22          31     120.081     413.826           0     50.1617     4.80964
22          32     120.829     414.492           0     51.7179     3.75597
22          33     121.592     415.141           0     52.8085     3.26508
22          34     122.366     415.776           0     51.8519     3.26275
22          35     123.142     416.409           0     50.8094     3.84214
22          36     123.916     417.044           0     50.5898     4.41411
22          37     124.689     417.681           0     48.8417     5.01894
22          38     125.461     418.318           0      49.028     5.46009
22          39     126.237     418.951           0     50.2994     5.98757
22          40     127.018     419.579           0     48.9117     6.77412
22          41      127.81     420.192           0     46.3947     7.65383
22          42     128.613     420.789           0     42.1948     8.61213
22          43      129.42     421.382           0     39.0513     9.54092
22          44      130.22     421.984           0     40.1495     10.0253
22          45     131.004     422.608           0     42.8213     10.2212
22          46     131.769     423.254           0     45.3808     10.1039
22          47     132.521     423.915           0     46.7379     11.5369
22          48     133.269     424.581           0     45.1617      15.371
22          49     134.025     425.238           0     44.2032     22.1249
22          50     134.796     425.877           0     43.2762     29.6728
22          51     135.576     426.505           0     42.7876     33.1315
22          52     136.356     427.133           0     42.7746     31.1733
22          53     137.119     427.781           0     41.6572     26.3765
22          54     137.859     428.457           0     39.4387     21.2563
22          55     138.585     429.146           0     39.5126     16.8265
22          56     139.322     429.824           0     41.9528     14.4265
22          57       140.1     430.454           0     44.1904     15.0048
22          58     140.945     430.991           0     44.0196     17.8487
22          59     141.854     431.412           0     38.1329     26.0882
22          60       142.8     431.739           0     35.1289     33.8326
22          61     143.751     432.053           0     39.6148     38.6153
22          62     144.666     432.462           0     54.2626     40.0468
22          63     145.481     433.042           0     72.9286     36.1406
22          64     146.077     433.844           0     87.9108      30.712
22          65     146.409     434.788           0     91.8308     34.3847
22          66     146.577     435.776           0      92.095      40.718
22          67     146.696      436.77           0     88.6862     46.9099
22          68     146.827     437.763           0     84.3804     52.3046
22          69     146.971     438.754           0     77.0814     55.7523
#1
23           0     182.824     225.556           0     99.3785     62.1688
23           1     183.616     224.945           0     111.444     55.8695
23           2     184.411     224.337           0     105.519     51.2911
23           3     185.206     223.728           0     96.3292      47.366
23           4     186.002     223.121           0     85.7377     44.9991
23           5     186.794      222.51           0     74.9599      45.166
23           6     187.578     221.888           0     71.1695     44.6461
23           7     188.341     221.241           0     68.4318     44.7629
23           8     189.085      220.57           0     70.7477     44.7275
23           9     189.822     219.894           0     74.8643     42.9926
23          10     190.567     219.225           0     78.7464     40.5819
23          11     191.321     218.568           0     83.1802     38.5931
23          12     192.087     217.924           0     90.5369     36.4546
23          13     192.866     217.295           0     94.2922     35.1498
23          14     193.655      216.68           0     98.8225     33.6485
23          15     194.445     216.065           0     106.029     32.6525
23          16     195.216     215.426           0     111.739     33.0919
23          17      195.95     214.746           0     118.523     34.8456
23          18     196.645     214.026           0      121.43     37.4704
23          19     197.314     213.282           0     123.373     41.0295
23          20     197.977     212.532           0     126.304      44.104
23          21     198.658     211.798           0     126.505     46.6754
23          22     199.384      211.11           0     129.428     47.2703
23          23       200.2      210.53           0     133.152     40.2626
23          24     201.145     210.203           0     135.314     27.8824
23          25      202.14     210.298           0     126.297      32.284
23          26     203.051     210.711           0     113.619     37.7855
23          27     203.883     211.268           0     107.508      36.085
23          28     204.696     211.851           0      110.89     28.5491
23          29     205.546     212.379           0     117.296     22.5474
23          30     206.455     212.799           0     124.029     20.2738
23          31     207.423      213.05           0     126.944     19.8595
23          32      208.42     212.982           0     124.896     28.7513
23          33      209.25     212.431           0     105.734     58.5353
23          34     209.764     211.574           0     77.1203     59.4011
23          35     210.063     210.619           0      52.162     56.8028
23          36     210.297     209.646           0     38.0343     45.8012
23          37     210.606     208.693           0     31.2385     28.3213
23          38      211.08     207.812           0     27.1741     13.6886
23          39     211.728     207.049           0     23.1165     10.4006
23          40     212.502     206.416           0     19.7844     10.6372
23          41     213.349     205.882           0     19.2366      10.601
23          42     214.239     205.424           0     21.1266     10.9003
23          43     215.155     205.021           0     25.3516     11.1138
23          44     216.088      204.66           0     27.8963     12.8864
23          45      217.03      204.32           0     30.7703     16.1165
23          46     217.969     203.975           0     34.8508     20.6028
23          47     218.896     203.596           0     39.7976     24.8979
23          48     219.796      203.16           0     48.2932     27.0118
23          49     220.652     202.641           0     59.7002     27.9896
23          50     221.453     202.041           0     74.4336     31.7677
23          51     222.204     201.379           0     95.3075     39.9795
23          52     222.921     200.682           0     117.453     47.3687
23          53      223.62     199.965           0     129.902     46.7015
23          54      224.32      199.25           0     120.478     37.0142
23          55     225.037     198.551           0     96.2097     25.3705
23          56     225.772     197.873           0     69.2152     17.1331
23          57     226.523      197.21           0     48.9407     13.3739
23          58     227.292      196.57           0     37.6727     12.4754
23          59     228.087     195.962           0     33.6391     12.2275
23          60     228.909     195.392           0     31.6596     9.82329
23          61     229.747     194.844           0     28.9762     5.80268
23          62     230.585     194.297           0     25.1457     3.53926
23          63     231.413     193.735           0     26.0619     2.30833
23          64     232.233      193.16           0     31.7095     1.55445
23          65     233.044     192.575           0     36.3624      1.2358
23          66     233.855     191.988           0     43.0931     1.28735
23          67      234.67     191.408           0     44.9246     1.44372
23          68     235.492     190.837           0     47.9946     1.68273
23          69      236.32     190.274           0     48.6169      1.6781
23          70      237.15     189.715           0     48.4937     1.75874
23          71     237.981     189.157           0     49.1655     1.77588
23          72      238.81     188.596           0     48.9026     1.84406
23          73     239.636     188.031           0     51.0825     1.85791
23          74     240.458     187.459           0     50.7741     1.84655
23          75     241.272     186.878           0     52.5384     2.05857
23          76      242.08     186.287           0     52.1071     2.19523
23          77     242.883      185.69           0      50.013     2.14919
23          78      243.69     185.098           0     47.6869     2.08508
23          79     244.501     184.511           0     43.7643     2.26167
23          80     245.313     183.927           0     43.0432     2.89047
23          81     246.122     183.337           0     42.6589     3.47313
23          82     246.917     182.729           0     45.5932     4.53428
23          83     247.688     182.091           0     50.8793     5.97924
23          84     248.429     181.418           0     59.1002     7.77231
23          85     249.144     180.718           0     71.4469     10.7402
23          86     249.853     180.012           0     88.4323     15.2653
23          87     250.582     179.326           0     102.802     21.4167
23          88     251.335     178.666           0     119.348     27.7257
23          89     252.111     178.034           0     137.144     32.3449
23          90     252.902     177.421           0     139.491     36.2153
23          91     253.698     176.814           0     142.204     41.5001
23          92     254.484     176.196           0     144.183     51.3274
23          93     255.238     175.537           0     146.495     60.5376
23          94     255.952     174.836           0     146.542     62.0538
23          95      256.65     174.118           0     131.912      61.417
23          96     257.362     173.415           0     112.308     59.5606
23          97     258.095     172.734           0     93.7148     50.2692
23          98     258.836     172.061           0     81.2417     36.4541
23          99     259.564     171.374           0     74.4879     25.7977
23         100     260.277     170.672           0     78.1207     19.2674
23         101     260.981      169.96           0     89.5462     15.5411
23         102     261.679     169.243           0     91.1224      14.263
23         103      262.38     168.528           0     89.7715     13.8012
23         104     263.083     167.816           0     89.0116     14.4415
23         105     263.775     167.093           0     87.3122     14.2297
23         106     264.447     166.352           0     86.1717     13.2286
23         107     265.107     165.599           0     91.4662     12.6371
23         108     265.763     164.843           0     99.6304     12.1614
23         109     266.439     164.105           0     109.736     12.7548
23         110     267.151     163.401           0     117.839     14.9867
23         111     267.896     162.734           0     123.618     18.9759
23         112     268.673     162.103           0     125.324      24.002
23         113     269.472     161.501           0     124.472     28.5612
23         114     270.289     160.922           0     130.295     31.6191
23         115     271.126     160.373           0     132.793     33.1319
23         116     271.985     159.859           0      138.48     34.6588
23         117     272.874       159.4           0       134.7     35.6897
23         118     273.785     158.985           0     131.873     37.2035
23         119     274.702     158.585           0     123.316      37.727
23         120     275.618     158.181           0     121.479     38.0756
23         121     276.524     157.756           0     121.444     37.2507
23         122     277.417     157.304           0     123.965     35.8372
23         123     278.283     156.803           0     127.734     34.1488
23         124     279.105     156.231           0     130.457     33.6668
23         125     279.844     155.556           0     129.186      35.575
23         126     280.464     154.772           0     119.742     39.0841
23         127     280.951     153.898           0     103.372      44.117
23         128     281.341     152.976           0     78.2186     47.9098
23         129     281.688     152.037           0     64.1122     43.3541
23         130     282.039       151.1           0     62.9803     32.6529
23         131     282.427     150.177           0     69.5421     20.2079
23         132     282.894     149.292           0      81.665     13.0959
23         133     283.441     148.454           0     87.7904     10.5253
23         134     284.059     147.667           0     88.9418     10.2566
23         135     284.727     146.922           0     78.4468     10.7397
23         136     285.453     146.233           0     67.5932     11.8556
23         137      286.25     145.627           0     62.4415       12.58
23         138     287.118     145.129           0     62.2341     12.7205
23         139     288.034     144.726           0     62.9579      12.141
23         140     288.977     144.389           0     65.1353     11.5685
23         141     289.933     144.096           0     68.2511      11.612
23         142     290.899     143.832           0     69.9089     12.4797
23         143     291.875     143.613           0     69.2067     13.5534
23         144     292.862     143.446           0     67.2607     14.3679
23         145     293.854     143.311           0     65.6153     15.1716
23         146     294.846     143.181           0     65.1775     15.6323
23         147     295.837     143.042           0     64.8822     15.8734
23         148     296.828     142.898           0     64.3528     15.5149
23         149      297.82     142.763           0     63.3428     13.5708
23         150     298.814     142.648           0     62.4175      11.458
23         151     299.809     142.546           0     60.7664     9.62103
23         152     300.805     142.446           0       59.39     8.60817
23         153       301.8     142.336           0     57.9896     8.28841
23         154     302.793     142.209           0     57.2066     9.04714
23         155     303.784     142.069           0       58.33     12.2523
23         156     304.777     141.945           0     60.9633     20.9798
23         157     305.777     141.899           0     67.7625     32.2458
23         158     306.769     142.024           0     79.8222     24.3244
23         159     307.687      142.42           0     87.6884     13.2587
23         160     308.418     143.102           0     89.9594      12.544
23         161     308.892     143.983           0     89.2709     15.7685
23         162     309.143     144.952           0     86.2698     22.6484
23         163     309.254     145.947           0     84.5299     31.2659
23         164     309.294     146.947           0     83.5688     36.3517
23         165       309.3     147.948           0     81.8881       36.56
23         166     309.286     148.949           0     81.8576       34.03
23         167     309.255     149.949           0     84.5838     35.0893
23         168     309.226     150.949           0     92.4655      43.284
23         169      309.22      151.95           0      98.392     51.4469
23         170      309.26      152.95           0     92.0369     47.7342
23         171     309.318     153.949           0     74.9264     38.0652
23         172     309.358     154.949           0     60.3653     26.4981
23         173     309.356      155.95           0     52.3807     16.2067
23         174     309.293     156.949           0     50.4945     9.67799
23         175     309.157     157.941           0     49.4512       6.892
23         176     308.951      158.92           0     48.7267     5.76647
23         177     308.695     159.888           0     49.1058     4.73964
23         178     308.408     160.846           0     50.8202     4.39431
23         179     308.104       161.8           0     53.6911     4.67675
23         180       307.8     162.753           0     55.5581     4.68662
23         181     307.505      163.71           0     56.7765     4.34107
23         182     307.218     164.669           0     59.5806     3.97858
23         183     306.938     165.629           0     63.4844     3.81186
23         184     306.664     166.592           0     66.0927     3.71871
23         185     306.391     167.555           0     70.3668      3.5062
23         186     306.096     168.511           0     76.0329      2.9449
23         187     305.763     169.455           0     76.3472       2.632
23         188     305.388     170.383           0     73.6771     2.31756
23         189     304.965      171.29           0     72.1004     2.22078
23         190     304.505     172.179           0     65.7966     2.30178
23         191     304.025     173.057           0     66.6534     2.66052
23         192     303.537     173.931           0      65.249     2.86279
23         193      303.04       174.8           0     68.8053     2.75555
23         194     302.533     175.663           0     65.2249     2.79379
23         195     302.005     176.513           0     64.4249     3.61522
23         196     301.445     177.342           0     59.2337     4.03942
23         197     300.844     178.143           0     57.8871     4.24032
23         198     300.208     178.915           0     55.8893     4.48985
23         199     299.542     179.663           0     54.9907     4.69299
23         200     298.862     180.397           0     56.6514      4.3245
23         201     298.174     181.123           0     57.2133     3.85857
23         202     297.484     181.848           0     56.1149     2.95538
23         203     296.806     182.585           0     55.1068     2.04174
23         204      296.15     183.341           0     54.1476     1.41488
23         205      295.51     184.111           0     53.2753     1.31845
23         206     294.879     184.887           0     56.4007     2.32518
23         207     294.244      185.66           0     61.6733     4.78203
23         208     293.576     186.406           0     66.8711      8.1714
23         209     292.847     187.092           0     70.3992     10.3164
23         210     292.046     187.691           0     65.7583     9.53701
23         211     291.192     188.213           0     58.5248     8.20507
23         212     290.303     188.674           0     49.6773     7.83939
23         213     289.397     189.098           0     43.7547      8.8678
23         214     288.484     189.508           0     38.9601      11.465
23         215     287.577     189.931           0     39.9876     16.5498
23         216     286.687     190.389           0     44.4193     24.3294
23         217     285.822     190.892           0     54.9727     33.8885
23         218     284.983     191.438           0     66.2996     41.4322
23         219     284.159     192.007           0     75.7234     45.5447
23         220     283.323     192.557           0     77.0769     47.0172
23         221     282.451     193.047           0     74.4246     42.3538
23         222     281.546     193.476           0     65.9464     31.9159
23         223     280.629     193.876           0     57.5972     21.1015
23         224     279.714     194.281           0     47.1691     12.6618
23         225     278.806     194.704           0     39.3954       7.455
23         226     277.906     195.142           0     33.8906     4.20709
23         227     277.008     195.583           0     30.0174     2.05672
23         228      276.11     196.024           0     28.1138    0.857376
23         229     275.211     196.463           0      24.086    0.233783
23         230     274.316     196.912           0       21.54    0.187895
23         231     273.433     197.383           0     18.4185    0.112652
23         232     272.565     197.881           0     17.3472    0.938482
23         233     271.717     198.413           0     19.6807     4.77384
23         234     270.894     198.983           0     27.9298     13.2038
23         235     270.105     199.598           0      42.691     22.2289
23         236     269.376     200.284           0     59.8665     22.6309
23         237     268.719     201.038           0       72.91     18.6955
23         238     268.102     201.826           0     75.6054     20.0446
23         239     267.443     202.579           0     66.7152      25.331
23         240     266.715     203.267           0     53.8189     24.1088
23         241     265.945     203.906           0     42.1042     17.7034
23         242     265.169     204.538           0     34.8553     13.1547
23         243     264.413     205.193           0     31.1197     11.0015
23         244     263.696     205.892           0     29.0847     10.8741
23         245     263.026     206.636           0     27.7124     11.7225
23         246     262.394     207.412           0     25.8203     13.2837
23         247     261.776     208.199           0     25.1525      14.689
23         248     261.162     208.989           0     28.4667     14.8507
23         249     260.578     209.802           0     37.6138     17.5315
23         250     260.089     210.675           0     45.4038      16.984
#1
24           0     143.895     644.515           0     4.16725     3.49537
24           1     144.337     643.615           0     11.6113     5.00932
24           2     144.779     642.715           0     24.1322     5.43351
24           3     145.222     641.815           0     38.5355     4.52741
24           4     145.662     640.914           0     50.8069     3.01236
24           5     146.099     640.011           0     60.4127     1.75319
24           6     146.523     639.103           0     63.0367    0.781817
24           7     146.934     638.188           0     67.5659    0.714664
24           8     147.356     637.278           0     67.5437    0.540943
24           9     147.781      636.37           0     71.5365     0.85207
24          10     148.204     635.461           0     76.3726      1.0676
24          11     148.601      634.54           0     82.7513     1.15752
24          12     148.956     633.602           0     95.6388     1.71913
24          13     149.251     632.644           0     104.719     2.06855
24          14     149.491      631.67           0     122.212     2.63562
24          15     149.723     630.695           0     149.903      2.7922
24          16     150.026     629.739           0     176.949     3.26618
24          17      150.45      628.83           0     178.759     3.90643
24          18     150.958     627.966           0     182.564     5.17987
24          19     151.515     627.132           0     169.493     5.52164
24          20      152.09      626.31           0     172.093     4.96614
24          21     152.666     625.489           0     173.572     4.04732
24          22     153.248     624.672           0     182.353     2.93895
24          23     153.836      623.86           0     191.317      2.1161
24          24     154.455     623.071           0     191.038     2.24586
24          25     155.099     622.302           0     187.567     1.94963
24          26     155.768     621.556           0     168.081     1.84859
24          27     156.436     620.808           0     143.145     1.83187
24          28     157.064     620.026           0     114.165     1.82013
24          29     157.648     619.211           0     94.2145     2.60844
24          30     158.242     618.403           0     93.1899     3.99379
24          31     158.917     617.661           0     93.8429     7.38102
24          32     159.688      617.02           0     92.8417     14.0061
24          33     160.501     616.434           0     86.3162     21.8873
24          34     161.315     615.847           0     81.0751     27.8054
24          35     162.101     615.225           0     78.3904     32.4803
24          36     162.865     614.576           0     78.7761      38.027
24          37     163.639     613.938           0     82.9612     44.0668
24          38     164.435     613.328           0     82.8157     47.6199
24          39     165.247      612.74           0      79.864     44.7062
24          40     166.061     612.154           0     75.1272     37.2338
24          41      166.86     611.549           0     68.3285     28.1608
24          42     167.648     610.928           0     68.0488     19.5147
24          43     168.425     610.294           0      68.616     12.7716
24          44     169.187     609.642           0      73.464     7.97998
24          45     169.935     608.974           0     81.0581     4.72134
24          46      170.67     608.292           0     78.3702     2.58463
24          47     171.396       607.6           0     76.8916     1.37698
24          48     172.115     606.901           0     78.1925    0.606012
24          49     172.832       606.2           0      77.158    0.295892
24          50     173.547     605.497           0     74.7721     0.34428
24          51     174.264     604.796           0     75.4562    0.190194
24          52     174.982     604.095           0     77.9741    0.200161
24          53     175.702     603.398           0     74.7916    0.214178
24          54     176.425     602.703           0     74.8594    0.257513
24          55     177.151     602.011           0     77.9856     0.17779
24          56     177.877     601.319           0     76.8274    0.207763
24          57     178.606     600.631           0     75.6692    0.199913
24          58     179.339     599.947           0     78.1357    0.138416
24          59     180.074     599.264           0     77.5269    0.160542
24          60     180.804     598.577           0     73.0639    0.101487
24          61     181.532     597.887           0     69.8097   0.0647753
24          62     182.254     597.192           0     66.8534   0.0378354
24          63     182.968     596.488           0     65.7721   0.0796911
24          64      183.68     595.781           0     64.4971    0.071374
24          65     184.394     595.076           0     66.3652   0.0573499
24          66     185.106     594.371           0     67.0933   0.0787141
24          67     185.815     593.662           0     69.5209   0.0677718
24          68     186.522      592.95           0     74.2575    0.141412
24          69     187.217     592.228           0     76.7034    0.241636
24          70     187.892     591.486           0     77.5678    0.263309
24          71     188.543     590.723           0     75.0824    0.372666
24          72     189.168     589.939           0     73.9805    0.516097
24          73     189.764     589.132           0     70.1856    0.802007
24          74     190.339     588.311           0     66.6229     1.36323
24          75     190.897     587.478           0       66.25     1.98795
24          76     191.444     586.637           0     64.3344     3.21271
24          77     191.982     585.791           0     67.1913     4.73541
24          78      192.51     584.939           0     64.6701     7.19513
24          79     193.031     584.081           0     64.6396     10.4053
24          80     193.538     583.216           0     55.5212     14.6983
24          81     194.044      582.35           0     50.6707      19.011
24          82     194.554     581.487           0     47.1303     23.5823
24          83     195.081     580.634           0     53.8855     26.9545
24          84     195.627     579.793           0     62.4087     27.6152
24          85     196.202     578.972           0     73.1346     26.0706
24          86     196.796     578.163           0     76.6208     23.2631
24          87     197.398     577.361           0     74.2794     19.5306
24          88     197.996     576.557           0     74.6339     16.3376
24          89     198.585     575.745           0     70.7527     13.9798
24          90     199.161     574.924           0     71.0391     11.6731
24          91     199.719     574.091           0     67.4984     10.2982
24          92     200.268     573.252           0     64.3924     9.27092
24          93     200.816     572.412           0     61.9509     9.10358
24          94     201.375     571.579           0     58.5732     9.39911
24          95     201.947     570.756           0     58.7005      10.097
24          96     202.536     569.944           0     59.5039     12.2446
24          97      203.14     569.143           0     63.9425     15.2053
24          98     203.761     568.356           0     68.8308     17.8682
24          99     204.414     567.596           0     76.1591     20.7933
24         100     205.121     566.884           0     87.4762     23.1361
24         101     205.915     566.272           0     95.4704      28.374
24         102      206.81     565.819           0      98.043     41.5349
24         103     207.765     565.512           0     95.8151      50.008
24         104     208.724      565.22           0     98.0555     42.2599
24         105     209.635     564.801           0     103.569     31.5305
24         106     210.438     564.201           0     109.722     26.6763
24         107     211.112     563.459           0     119.296     24.5626
24         108      211.67     562.626           0     126.709     23.4391
24         109      212.15     561.745           0     136.522     22.6584
24         110     212.563     560.832           0     136.339      21.511
24         111     212.925     559.896           0     136.865     20.6446
24         112     213.243     558.946           0     126.507     20.0109
24         113     213.521     557.982           0     115.718     19.9706
24         114     213.777     557.013           0     104.579     19.5102
24         115     214.049     556.047           0     92.5741     18.5911
24         116     214.375     555.099           0     78.2509     18.0076
24         117     214.778     554.181           0     81.1345     17.0526
24         118     215.252     553.297           0     108.202     16.7024
24         119     215.741     552.421           0     142.997     16.1505
24         120     216.175     551.518           0     162.663     16.2479
24         121     216.504     550.571           0     156.848     16.2851
24         122     216.788     549.609           0     148.142     16.1435
24         123      217.09     548.653           0     142.742     16.2899
24         124     217.418     547.705           0     136.213      16.542
24         125     217.771     546.766           0      138.62     16.6819
24         126     218.147     545.837           0     140.437     16.9559
24         127     218.525     544.908           0     137.635     16.8845
24         128     218.906      543.98           0     141.913     16.4341
24         129     219.287     543.053           0     137.035     16.1645
24         130     219.666     542.124           0     135.083     15.8444
24         131      220.06     541.202           0     137.651      15.843
24         132     220.462     540.284           0      130.67      15.804
24         133     220.877     539.371           0      132.77     15.7989
24         134     221.303     538.463           0     128.941     15.8418
24         135     221.725     537.553           0     129.433     15.3863
24         136     222.148     536.644           0     132.234     15.5561
24         137     222.556     535.728           0     131.356     15.5794
24         138     222.954     534.807           0     138.536     15.7678
24         139     223.343     533.883           0     133.669     15.6595
24         140     223.719     532.953           0     132.952     15.4314
24         141     224.094     532.023           0     134.086     15.5086
24         142     224.456     531.088           0       127.9     15.5098
24         143     224.815     530.152           0     130.958     15.1919
24         144     225.184     529.219           0      131.29     14.7806
24         145     225.548     528.285           0     129.216      14.238
24         146     225.909     527.349           0     133.528     13.7321
24         147     226.259      526.41           0     129.358     13.1265
24         148     226.572     525.457           0      124.43     12.9245
24         149     226.842     524.491           0     120.717     12.4755
24         150     227.071     523.515           0     112.796     12.1015
24         151     227.267     522.532           0     99.1062     11.9123
24         152     227.445     521.545           0     89.3056     11.7827
24         153     227.612     520.556           0     84.6265     11.5042
24         154     227.774     519.566           0     85.6902     11.0023
24         155     227.931     518.576           0     90.7117      10.191
24         156     228.084     517.585           0     95.0794     9.68471
24         157     228.226     516.592           0     99.2859     9.62079
24         158     228.348     515.597           0     103.279     9.92486
24         159     228.441     514.598           0     105.472     10.1504
24         160     228.486     513.597           0     104.986     10.7297
24         161      228.46     512.594           0     101.463     11.9363
24         162     228.351     511.597           0     96.2117     14.2786
24         163     228.172     510.611           0     90.3863     18.9933
24         164     227.955     509.631           0     82.9223     24.8624
24         165     227.738     508.653           0     72.4136     29.4499
24         166     227.532     507.671           0     64.1237     30.9993
24         167     227.342     506.686           0     58.9172     30.2559
24         168     227.178     505.697           0     56.9866     30.1138
24         169     227.007     504.709           0     58.7944      33.293
24         170     226.832     503.722           0     62.5164     41.2986
24         171     226.654     502.735           0     73.3061      52.825
24         172     226.456     501.752           0     88.7938     63.1559
24         173     226.222     500.777           0     99.0622     68.5799
24         174     225.952     499.811           0     94.8789     64.4412
#1
25           0     309.254     145.947           0     84.5299      62.599
25           1     310.248     146.083           0     76.7336     60.5657
25           2      311.24     146.234           0     64.3709       49.96
25           3     312.223     146.434           0     56.8787     40.0797
25           4     313.183     146.728           0     56.3997     33.6413
25           5     314.108     147.116           0     58.6898      28.564
25           6     315.012     147.552           0     58.9782       24.77
25           7     315.884      148.05           0     58.8337     22.4351
25           8     316.708     148.622           0     57.4797     21.4867
25           9     317.462     149.284           0     58.2658     22.3798
25          10     318.105     150.054           0     61.2046     27.1935
25          11     318.625     150.913           0     61.6796     36.2563
25          12     319.077     151.808           0     61.7825     38.9854
25          13     319.567     152.684           0     61.3718      35.303
25          14     320.154     153.498           0     60.3054     33.2803
25          15     320.827     154.242           0     57.0808     32.9893
25          16     321.524     154.964           0     54.0043     34.1132
25          17     322.164     155.737           0      49.152     35.3595
25          18     322.676       156.6           0     42.3321      34.117
25          19      323.04     157.535           0     35.7293     30.2588
25          20     323.299     158.504           0     30.5354     22.3812
25          21     323.519     159.483           0     28.2484     14.1106
25          22     323.753     160.459           0     27.8864     8.49979
25          23     324.024     161.426           0     27.9381     5.10226
25          24     324.331     162.381           0     26.8287     3.16845
25          25      324.66     163.329           0     25.7759     2.16282
25          26     324.998     164.274           0     25.7213      1.8068
25          27     325.337     165.218           0     24.5916     1.50497
25          28     325.675     166.163           0     24.6216     1.42603
25          29     326.008      167.11           0     25.0954     1.40358
25          30     326.334     168.059           0     25.7253     1.18726
25          31     326.647     169.012           0     27.2977     1.15316
25          32      326.94     169.972           0     28.7349      1.1478
25          33     327.209     170.939           0     29.5092     1.10378
25          34     327.461      171.91           0     29.9173     1.12067
25          35     327.697     172.886           0      30.349     1.22659
25          36     327.921     173.864           0     31.5679     1.37134
25          37     328.132     174.845           0     30.8495     1.56553
25          38     328.339     175.827           0     29.7752     1.76565
25          39     328.553     176.807           0     29.0862     1.88381
25          40     328.781     177.784           0     28.0437     1.90591
25          41     329.026     178.758           0     27.9159     2.00496
25          42     329.278     179.729           0     26.1135     2.08575
25          43     329.531       180.7           0     25.5123     2.39902
25          44     329.781     181.672           0     25.6339     2.25158
25          45     330.025     182.645           0     25.9406     2.01578
25          46     330.262      183.62           0     26.2586     1.96323
25          47     330.497     184.596           0     27.6913     2.22716
25          48     330.739      185.57           0     31.1416     2.48377
25          49     330.988     186.542           0     36.1054     2.57041
25          50     331.235     187.515           0     39.3166     2.60195
25          51     331.465     188.491           0     41.4567     2.39247
25          52     331.672     189.473           0     41.2417     1.83116
25          53      331.86     190.459           0     38.6784     1.06229
25          54     332.037     191.447           0     34.5564    0.600915
25          55     332.204     192.436           0     29.1793    0.531638
25          56     332.354     193.429           0     24.8812    0.411362
25          57     332.481     194.424           0     22.7797    0.391576
25          58     332.585     195.422           0     22.8321    0.353527
25          59     332.674     196.422           0     24.8975    0.735617
25          60     332.762     197.421           0     31.0768     2.39627
25          61     332.872     198.419           0     42.3702     4.45518
25          62     333.022     199.411           0     57.4835     8.06555
25          63     333.204     200.398           0     70.0884     10.5625
25          64     333.373     201.387           0     76.8196     14.9831
25          65     333.464     202.386           0     76.6682     28.4798
25          66     333.453      203.39           0     71.8178     33.1381
25          67     333.371      204.39           0     67.1697     20.4049
25          68     333.254     205.387           0      64.942      8.7742
25          69      333.12     206.381           0     65.1417     3.58807
25          70     332.971     207.373           0     64.5952     1.70819
25          71     332.808     208.364           0     60.2208     1.19163
25          72     332.634     209.352           0     56.2767     1.25362
25          73     332.447     210.338           0     53.5055     1.33708
25          74     332.246     211.321           0      52.265      1.3089
25          75     332.032     212.301           0     54.0401     1.52538
25          76     331.804     213.279           0     53.8455     1.85043
25          77     331.565     214.253           0     53.4863     2.67076
25          78     331.313     215.225           0     52.4894     3.44727
25          79     331.046     216.192           0     49.7874     5.56519
25          80     330.775     217.158           0     44.3854      9.7855
25          81      330.51     218.126           0     41.7573     17.6331
25          82     330.254     219.096           0     45.2714     29.5862
25          83     330.022     220.073           0     58.4137      43.118
25          84     329.875     221.065           0     80.6599     39.4669
25          85     329.927     222.066           0     105.646     16.6791
25          86      330.28     223.003           0     118.022     6.74269
25          87     330.894     223.797           0     117.254     7.96499
25          88     331.627     224.482           0     106.807     8.61871
25          89     332.402     225.119           0     98.6028     7.48178
25          90     333.184     225.748           0     86.4077     6.24894
25          91     333.955     226.391           0     74.0344     4.67867
25          92     334.722     227.038           0     61.1282     2.84403
25          93     335.493      227.68           0     47.6715     1.89161
25          94     336.277     228.306           0     38.0458     2.08081
25          95     337.081     228.907           0     32.5401     2.25384
25          96     337.896     229.493           0     29.8886     2.29804
25          97     338.714     230.073           0     34.5502     2.33722
25          98     339.529     230.658           0     42.2092     2.15471
25          99     340.329     231.264           0      53.517     1.81843
25         100     341.102     231.904           0      65.167     1.58024
25         101     341.829     232.596           0     69.0222     2.27676
25         102     342.499     233.343           0     67.6155     8.13562
25         103     343.121     234.131           0     64.4325      20.423
25         104     343.711     234.942           0     57.0848     31.4978
25         105     344.289     235.763           0     56.3158     34.6472
25         106     344.842       236.6           0     60.2515     28.1737
25         107     345.354     237.463           0     65.3914     16.1028
25         108     345.812     238.356           0     69.4916     7.29431
25         109     346.233     239.267           0     69.3008     3.29432
25         110     346.642     240.183           0     66.4096     1.70774
25         111     347.064     241.094           0     65.9813     1.47957
25         112     347.503     241.996           0     62.4926     1.31609
25         113     347.956     242.892           0     62.5795     1.27583
25         114      348.41     243.786           0     59.8521    0.917257
25         115     348.845     244.691           0     58.4527    0.858082
25         116      349.25     245.609           0     53.3027    0.668925
25         117     349.628     246.538           0      45.007     0.47296
25         118     350.006     247.468           0     35.3087    0.286697
25         119     350.444     248.371           0     20.7287   0.0921607
25         120     350.892     249.269           0     10.7325           0
25         121     351.323     250.175           0     4.44411           0
25         122     351.732     251.091           0      1.1521           0
25         123     352.132     252.012           0           0           0
#1
26           0     202.426     506.787           0      9.6022     5.80081
26           1     203.228     506.187           0     39.0222     3.49459
26           2     204.034     505.592           0     80.8829     1.99305
26           3     204.869     505.039           0     119.648     2.77702
26           4     205.776     504.617           0     124.838     4.98151
26           5     206.756      504.41           0     110.591     14.1282
26           6     207.755     504.338           0     91.8995      23.873
26           7     208.757     504.337           0     78.2467     25.8788
26           8     209.758     504.343           0     72.2804     25.3556
26           9      210.76     504.356           0     72.2653     25.8393
26          10     211.761     504.366           0     77.1053     27.0961
26          11     212.763     504.342           0     89.0452     24.3725
26          12     213.759     504.238           0     106.901     14.3091
26          13     214.734     504.013           0     122.578     7.26461
26          14     215.682     503.689           0      121.31     7.87695
26          15     216.621      503.34           0     114.894     14.8454
26          16     217.572     503.025           0     108.607     25.3934
26          17     218.536     502.755           0     101.309     40.0128
26          18     219.505     502.501           0     98.4988       50.56
26          19     220.458     502.194           0     92.4737     48.7126
26          20      221.39     501.827           0     79.1535     49.1199
26          21     222.316     501.444           0     66.3272     50.0139
26          22     223.257     501.101           0     65.6996     37.6318
26          23     224.226     500.848           0     76.9167     30.6832
26          24     225.221     500.738           0     91.7817      37.897
26          25     226.222     500.777           0     99.0622     51.6565
#1
27           0     226.222     500.777           0     99.0622     47.1298
27           1     227.162     500.442           0     93.0739     39.7962
27           2     228.104      500.11           0     76.7628     31.3958
27           3     229.049     499.789           0     56.7571     23.6759
27           4     229.998      499.48           0     46.0168     20.3086
27           5     230.941     499.152           0     48.1094     19.5301
27           6     231.857     498.754           0     54.3843     15.2796
27           7     232.716     498.246           0     64.9327     9.44127
27           8     233.496     497.624           0     77.1533     6.12415
27           9     234.218     496.934           0     91.3383     6.36874
27          10     234.927     496.231           0     100.419     9.88903
27          11     235.641     495.534           0     101.942     15.8268
27          12     236.363     494.844           0     107.737     23.7406
27          13     237.076     494.146           0     121.671      29.155
27          14     237.744     493.404           0     136.744     22.7387
27          15     238.286     492.566           0     146.399     11.2231
27          16      238.58     491.613           0     142.256     9.60194
27          17     238.635     490.616           0     129.353     14.8568
27          18     238.586     489.619           0     115.459     20.4235
27          19      238.58     488.621           0      104.85     22.2126
27          20     238.735     487.635           0     95.7498      22.732
27          21     239.082       486.7           0     85.4462      28.682
27          22     239.562     485.825           0     72.7847     37.5313
27          23     240.087     484.976           0     64.1865     42.5872
27          24     240.593     484.115           0     57.0825     42.5705
27          25     241.053     483.229           0     54.3344     38.8226
27          26     241.463     482.319           0     51.8491     33.8064
27          27     241.839     481.394           0      54.319     27.4687
27          28     242.201     480.464           0      56.371     21.9661
27          29     242.562     479.533           0     56.5456     16.7129
27          30     242.935     478.607           0     57.7585     13.3326
27          31     243.326     477.688           0     53.1464     10.7817
27          32     243.728     476.775           0     47.5511     9.71042
27          33     244.133     475.862           0     41.0991     8.44856
27          34     244.528     474.945           0     35.4297     8.53511
27          35     244.905     474.021           0     37.2868     9.62435
27          36     245.251     473.085           0     44.7615      10.711
27          37     245.549     472.132           0     59.8537     13.6194
27          38     245.787     471.163           0     77.7897     24.3788
27          39     245.956     470.179           0     92.2583     43.2066
27          40     246.037     469.184           0     104.359     51.5894
27          41     246.036     468.186           0     121.146     59.3894
27          42     245.968      467.19           0     143.982     75.8086
27          43     245.825     466.202           0     162.931     103.804
27          44     245.601     465.229           0     173.557     133.172
27          45     245.346     464.264           0      175.16     131.357
#1
28           0     55.3734     320.018           0     177.921     52.1874
28           1     55.5969     319.045           0     162.503     42.5709
28           2     55.7418     318.057           0     136.794     33.4499
28           3     55.7698     317.059           0     122.942      23.439
28           4     55.7866     316.061           0     114.978     20.8281
28           5     55.8639     315.065           0     109.183     21.3972
28           6      55.999     314.076           0      106.29     22.2498
28           7     56.1457     313.088           0     104.624      23.732
28           8     56.2758     312.098           0     106.067     27.3369
28           9      56.362     311.103           0      108.27     33.2511
28          10     56.4156     310.106           0     108.338     38.3606
28          11     56.4864      309.11           0     103.607     38.7899
28          12     56.6355     308.123           0     93.0519     37.6088
28          13     56.8946     307.159           0     79.8372     40.3301
28          14     57.2537     306.228           0     66.3772     44.1427
28          15      57.679     305.324           0     60.8881     46.5485
28          16     58.1413     304.439           0     64.8108     46.7704
28          17     58.5977     303.551           0     74.6796     44.0374
28          18     59.0115     302.642           0     90.2802     39.7923
28          19     59.3586     301.706           0     100.542      35.334
28          20      59.643     300.749           0     108.935     33.9829
28          21      59.897     299.784           0     117.621     33.8063
28          22     60.1408     298.815           0     120.941     34.0024
28          23     60.3841     297.847           0      121.78     34.8286
28          24      60.644     296.883           0     124.526     35.3027
28          25     60.9175     295.923           0     128.653     34.9706
28          26     61.1566     294.953           0     127.509     34.3582
28          27     61.3189     293.968           0     125.594        34.6
28          28     61.3857     292.972           0     123.033     34.7686
28          29     61.3779     291.973           0     118.619     34.5412
28          30     61.3738     290.975           0     113.475     33.8511
28          31     61.4729     289.982           0     107.371       33.59
28          32     61.7428     289.021           0     98.6945      33.359
28          33      62.183     288.125           0     87.3255     32.3118
28          34     62.7465       287.3           0     75.9732     31.3478
28          35     63.3699      286.52           0     74.0491     30.2977
28          36     63.9887     285.737           0     81.2277     32.2698
28          37     64.5279     284.897           0     90.0615     37.7497
28          38     64.9291     283.983           0     96.3469     38.8592
28          39     65.1643     283.012           0     95.6817     37.7573
28          40     65.3053     282.024           0     90.8062     39.8579
28          41     65.4493     281.036           0     84.3319     41.6531
28          42     65.6525     280.058           0     77.1022     41.9496
28          43     65.9032     279.092           0     70.5678     42.6172
28          44     66.1544     278.125           0     61.9346     43.0381
28          45     66.3795     277.153           0     53.8408      42.577
28          46     66.5949     276.178           0     47.9597     40.9759
28          47     66.8461     275.211           0     48.8808     39.0522
28          48     67.1852     274.272           0      54.759     38.9183
28          49      67.655     273.391           0     61.9913     40.8282
28          50     68.2557     272.594           0     67.7242     40.6003
28          51     68.9337     271.861           0     73.5951     43.0073
28          52     69.6148     271.131           0     78.1141     46.7243
28          53     70.2201     270.337           0     81.1863     43.0224
28          54     70.6947     269.458           0     79.0778     38.2138
28          55     71.0656     268.531           0     76.1155     39.6415
28          56     71.4018     267.591           0     72.3966     39.6018
28          57     71.7887     266.671           0     73.3081     36.2817
28          58     72.2848     265.804           0     73.6638     30.8932
28          59     72.8824     265.004           0     74.6335     25.9462
28          60     73.5261     264.241           0     73.3662     25.4501
28          61      74.183     263.489           0     76.9304      26.738
28          62     74.8646     262.759           0     81.3033     28.8558
28          63     75.6253     262.113           0     79.8923     29.5666
28          64     76.4842     261.604           0     72.6523     30.5756
28          65     77.4041     261.216           0     65.0528     35.7985
28          66     78.3458     260.884           0      63.936     44.8896
28          67     79.2843     260.543           0     78.9948     51.5693
28          68     80.1954     260.135           0     114.535     44.5996
28          69     81.0609     259.638           0     158.761     32.8787
28          70     81.8747      259.06           0     194.627      29.743
28          71     82.6867     258.479           0     207.369     35.9531
28          72     83.5407     257.961           0     215.651     46.9947
28          73     84.4473     257.543           0     213.124      53.048
28          74     85.3876     257.208           0     211.283     47.2801
28          75     86.3411     256.911           0     206.572     38.0832
28          76     87.2995     256.631           0     194.214      33.249
28          77     88.2558     256.344           0     180.059     33.5001
28          78      89.198     256.014           0     165.533     36.9608
28          79     90.1117     255.612           0     138.299     39.3042
28          80     90.9923     255.141           0     118.525     37.6898
28          81     91.8423     254.617           0      101.72     33.2259
28          82     92.6814     254.076           0     94.1331      28.149
28          83     93.5226     253.538           0     85.5467     22.9179
28          84     94.3742     253.017           0     83.9629     17.7123
28          85     95.2272     252.498           0     75.6723     13.6517
28          86     96.0688     251.961           0      69.682     10.0938
28          87     96.8818     251.381           0     58.0195     7.98294
28          88     97.6629     250.759           0     48.9993     7.33683
28          89     98.4198     250.108           0     44.0764      7.4011
28          90     99.1681     249.447           0     42.8461     7.24973
28          91     99.9272     248.798           0     46.9803     6.75421
28          92     100.712     248.181           0     53.0447     6.65947
28          93     101.525     247.601           0     56.7442     6.93888
28          94     102.355     247.046           0     57.6005      6.6595
28          95     103.181     246.485           0     45.8193     5.64807
28          96     103.991     245.902           0     30.7153      4.2109
28          97     104.787     245.299           0     14.0046     3.10544
28          98     105.573     244.683           0     5.38603       1.679
28          99     106.352     244.059           0     2.07589    0.804858
28         100     107.125     243.426           0     3.41586    0.364714
28         101     107.895     242.791           0     7.26922    0.318963
28         102     108.666     242.157           0     13.2153    0.827019
28         103     109.442     241.528           0     18.9512     1.82453
28         104     110.221     240.903           0     23.2424     2.67412
28         105     110.999     240.277           0     24.7208     3.88329
28         106     111.763     239.634           0     23.4189     5.27993
28         107     112.501     238.962           0     21.4422     6.63328
28         108     113.204     238.253           0     20.9486     8.80549
28         109     113.866     237.506           0     21.3622      11.922
28         110     114.493     236.728           0     22.8985      15.833
28         111     115.092     235.929           0          25     19.9667
28         112     115.676     235.119           0          25     23.7393
#1
29           0     117.786     569.076           0     68.7269     55.6469
29           1     117.977     570.055           0     65.1818     38.9079
29           2      118.14     571.038           0     53.5226     19.2039
29           3     118.211     572.033           0     48.3591     9.58164
29           4     118.182      573.03           0     48.3412     5.27951
29           5     118.063      574.02           0     51.5527     2.26713
29           6     117.875     574.999           0     54.1214     1.19334
29           7     117.626     575.964           0     53.8237     0.65331
29           8     117.313     576.911           0      52.424     0.87826
29           9     116.957     577.843           0     51.8256     1.12853
29          10     116.575     578.764           0     47.4785     1.28063
29          11     116.182      579.68           0     45.7024     1.76257
29          12     115.779     580.593           0     43.7034     1.83512
29          13     115.377     581.505           0     41.6186     1.53547
29          14     114.974     582.417           0     42.3855     1.46623
29          15     114.576     583.331           0     39.9619     1.11872
29          16      114.19     584.251           0     40.8496    0.875951
29          17     113.823     585.178           0     43.5138    0.600258
29          18       113.5     586.121           0     46.3037    0.224483
29          19     113.241     587.084           0       50.57    0.138474
29          20     113.052     588.063           0     55.5455   0.0569518
29          21     112.925     589.052           0     57.2502   0.0558298
29          22     112.836     590.046           0     56.4942   0.0883068
29          23     112.766      591.04           0     55.2994    0.112214
29          24     112.697     592.035           0     53.4715    0.183556
29          25     112.622     593.029           0     52.8303    0.209035
29          26     112.547     594.024           0     51.5448    0.167048
29          27     112.472     595.018           0     51.5371    0.127606
29          28     112.403     596.013           0     52.1963    0.127071
29          29     112.344     597.008           0     52.6289    0.144461
29          30     112.304     598.005           0     53.4785   0.0764266
29          31     112.286     599.002           0     53.2828   0.0715874
29          32     112.292     599.999           0     53.5406   0.0730314
29          33     112.312     600.996           0     53.7517    0.155205
29          34     112.343     601.992           0     54.6195    0.168983
29          35     112.387     602.989           0     54.8332    0.165907
29          36     112.445     603.984           0     54.5564    0.178129
29          37     112.517     604.979           0     54.0103    0.231122
29          38     112.604     605.972           0     53.2308    0.263641
29          39     112.713     606.963           0     52.8726    0.270186
29          40     112.848     607.951           0     52.9557    0.182211
29          41     113.013     608.934           0     53.8775    0.111627
29          42     113.214     609.911           0     54.6763    0.206609
29          43     113.456     610.879           0     55.7233    0.374553
29          44     113.756      611.83           0      57.273    0.481247
29          45     114.126     612.755           0     55.5078    0.569943
29          46     114.559     613.654           0     49.9524    0.278172
29          47     115.044     614.525           0     49.1807    0.450576
29          48     115.563     615.377           0     48.9114    0.405597
29          49     116.103     616.215           0      55.136    0.482427
29          50     116.648      617.05           0     60.2303    0.715836
29          51     117.188     617.888           0      63.742     0.81477
29          52     117.708     618.739           0     62.2257      0.7955
29          53     118.207     619.602           0     60.8289    0.643735
29          54     118.689     620.475           0     57.9303    0.519937
29          55     119.162     621.353           0     56.0229    0.491533
29          56     119.627     622.235           0     52.5825     0.33168
29          57      120.08     623.123           0     51.8745    0.730627
29          58     120.514     624.021           0     48.9597     1.82786
29          59     120.923     624.931           0     50.2896     5.12525
29          60     121.301     625.853           0     49.2343     9.65809
29          61     121.638     626.792           0     49.3802     15.4993
29          62     121.932     627.745           0     51.9623     19.9905
29          63     122.177     628.711           0     52.8007     22.5783
29          64     122.358     629.692           0     53.7544     23.1193
29          65     122.472     630.682           0     54.3778     23.9904
29          66     122.525     631.678           0     54.1528     24.6939
29          67     122.528     632.675           0     53.6432     25.6432
29          68     122.501     633.672           0     53.1625     26.9678
29          69     122.443     634.668           0     53.4855     28.6672
29          70     122.361     635.661           0     54.7638     30.2231
29          71     122.257     636.653           0      57.168     31.5066
29          72     122.139     637.643           0     60.6397     32.5892
29          73     122.011     638.632           0      62.874     32.3801
29          74     121.884     639.621           0     57.5211     30.4694
29          75     121.762     640.611           0     44.5179     27.7785
#1
30           0     77.5484     230.962           0     82.4405     27.8847
30           1     77.9681     230.065           0     69.9666     42.8297
30           2     78.3915      229.17           0     56.8218     39.1281
30           3     78.8997      228.32           0     54.5921     34.8427
30           4     79.5507     227.574           0     53.7206     32.8597
30           5     80.3246     226.956           0     54.6734     30.4575
30           6     81.1675     226.437           0     51.6656     25.0724
30           7     82.0354      225.96           0     54.6211     17.0324
30           8     82.9062     225.488           0     55.0525     8.47342
30           9     83.7741     225.012           0     62.2748      3.3589
30          10     84.6388     224.529           0     63.3366    0.947187
30          11     85.5031     224.046           0     68.4752    0.587546
30          12     86.3649     223.558           0     66.4492    0.656084
30          13     87.2254     223.068           0     67.9702     1.13841
30          14     88.0838     222.575           0     65.4332     2.02747
30          15     88.9466     222.089           0     66.9605      3.9453
30          16     89.8146     221.612           0     65.1923      6.2021
30          17     90.6923     221.154           0     65.2609     9.05792
30          18     91.5759     220.707           0     62.4598      11.609
30          19     92.4658     220.273           0     60.3418     13.7522
30          20     93.3546     219.836           0     59.0882     14.9411
30          21     94.2408     219.394           0     56.1312     15.4408
30          22     95.1224     218.943           0     57.0849      15.446
30          23     96.0038     218.492           0     54.9909     15.3709
30          24      96.887     218.044           0     57.2295     16.5026
30          25     97.7728     217.602           0     55.8571     19.1735
30          26      98.664      217.17           0     57.6936     23.9903
30          27     99.5583     216.745           0     57.8987     30.8106
30          28     100.454     216.323           0     59.6258     36.8412
30          29      101.34     215.881           0     64.0128     38.3122
30          30     102.207     215.402           0     66.8834     34.0179
30          31     103.047     214.878           0     71.1936     29.1075
30          32     103.886     214.351           0     72.3449     25.9793
30          33     104.762     213.889           0     74.7941     25.4004
30          34      105.71     213.607           0     72.8087     27.7397
30          35     106.699     213.554           0     67.3036      29.945
30          36     107.684     213.656           0     63.0959     26.7327
30          37     108.667     213.772           0     62.3793     12.7429
#1
31           0     169.464     306.714           0      75.487     62.6748
31           1     169.884     307.625           0     68.1023     45.2181
31           2     170.216     308.573           0     51.9052     40.3087
31           3     170.453     309.548           0     37.2694     29.7734
31           4     170.665     310.529           0      30.082     18.2595
31           5     170.935     311.496           0     27.5692     11.3528
31           6     171.294     312.434           0     25.9395     7.04653
31           7     171.717     313.344           0     25.4843     3.85719
31           8     172.182     314.234           0     27.0307     1.72869
31           9     172.646     315.124           0     29.9845    0.762179
31          10     173.095     316.022           0     35.8852    0.706042
31          11     173.537     316.923           0     40.1744    0.653076
31          12     173.995     317.816           0     45.2311     0.71117
31          13     174.502     318.683           0     43.3361    0.737062
31          14     175.067     319.513           0     40.4174    0.557162
31          15     175.676     320.311           0     33.8822    0.482984
31          16     176.304     321.094           0     28.9856     0.36003
31          17     176.926     321.882           0     26.6653    0.288815
31          18     177.527     322.686           0      26.216    0.290466
31          19       178.1      323.51           0     28.2651    0.257068
31          20     178.648     324.351           0     29.3118    0.306206
31          21     179.177     325.205           0     31.4454    0.292752
31          22     179.694     326.065           0     32.3536    0.335052
31          23     180.211     326.925           0     33.4236    0.410809
31          24     180.736     327.782           0     33.8401    0.493934
31          25     181.274     328.629           0     34.4924     0.48274
31          26     181.825     329.468           0      34.978    0.549276
31          27     182.394     330.295           0     33.9416    0.432601
31          28     182.974     331.114           0     33.7063    0.452357
31          29     183.562     331.928           0      32.463     0.53681
31          30     184.145     332.745           0     32.6694    0.477261
31          31     184.713     333.573           0     32.6111     0.55566
31          32      185.26     334.415           0     32.6693    0.747005
31          33     185.778     335.274           0     32.5351    0.657121
31          34     186.261     336.154           0     32.3298    0.688221
31          35     186.705     337.055           0     32.3464    0.698551
31          36     187.116     337.971           0     32.5277     0.69714
31          37       187.5     338.899           0     31.0002    0.680658
31          38      187.87     339.831           0     30.6769    0.733957
31          39     188.238     340.765           0     29.5899    0.707752
31          40     188.604       341.7           0     29.0834    0.851892
31          41     188.962     342.638           0     29.8528    0.871258
31          42     189.304     343.582           0     29.0364    0.734639
31          43     189.626     344.533           0     29.4679     0.71739
31          44     189.927     345.491           0     31.1647    0.549391
31          45     190.207     346.455           0     31.0009     0.60025
31          46     190.466     347.425           0     30.5052    0.732241
31          47     190.712     348.398           0     30.7668    0.617233
31          48     190.954     349.372           0     31.7818    0.547847
31          49     191.193     350.347           0     31.3607    0.595749
31          50     191.435     351.321           0     31.2279    0.732511
31          51     191.687     352.293           0     31.7041    0.633407
31          52     191.952     353.261           0     32.7811    0.560724
31          53     192.227     354.227           0      32.423    0.584626
31          54     192.508      355.19           0     32.4012    0.647083
31          55     192.799     356.151           0     32.5062    0.525069
31          56     193.096      357.11           0     32.5276    0.597695
31          57     193.388     358.071           0     31.1222    0.678881
31          58     193.667     359.035           0      30.276    0.731669
31          59     193.933     360.003           0     29.7254    0.536588
31          60     194.189     360.974           0     27.4748    0.408735
31          61     194.456     361.941           0     25.1787    0.875461
31          62      194.75     362.901           0      22.923     1.43059
31          63     195.078      363.85           0     21.8148     3.50656
31          64     195.423     364.793           0     20.7345     6.63266
31          65     195.731     365.748           0     26.2972     7.95626
31          66     195.945     366.729           0     35.2217     6.71789
31          67     196.011      367.73           0     45.2622     5.46788
31          68     195.899     368.728           0     52.5334      5.4958
31          69     195.599     369.686           0     55.1907     7.43646
31          70     195.115     370.565           0     53.8408     11.6811
31          71     194.485     371.346           0     46.4948     15.4104
31          72     193.767     372.049           0     40.2203     14.0336
31          73     193.017     372.716           0     35.2768     9.62827
31          74     192.273      373.39           0     33.5283     5.43539
31          75     191.558     374.094           0     34.2231     2.98657
31          76     190.882     374.836           0     35.3851     1.73433
31          77     190.246     375.613           0     33.9082     1.02262
31          78     189.644     376.416           0     33.2166     1.22163
31          79     189.077     377.245           0     33.4865     1.44442
31          80      188.54     378.093           0      32.425     1.92972
31          81     188.021     378.952           0     33.8052      1.9153
31          82     187.505     379.813           0     32.7245      1.8948
#1
32           0     122.354     343.139           0    0.353808    0.328835
32           1     123.349     343.079           0     2.02001   0.0050673
32           2     124.344     343.013           0     5.70371  0.00021423
32           3     125.337     342.925           0     11.6244    0.133114
32           4     126.325     342.788           0     19.3909    0.295976
32           5       127.3     342.578           0     26.7579    0.451657
32           6     128.249     342.272           0     33.6114    0.438205
32           7     129.161      341.87           0     38.4749    0.491663
32           8     130.029     341.379           0     39.5615    0.491092
32           9     130.862      340.83           0     40.1861    0.547338
32          10     131.678     340.257           0     38.7337    0.578403
32          11     132.487     339.673           0      37.852    0.576665
32          12     133.295     339.089           0     38.0736    0.501406
32          13     134.103     338.506           0     36.2941    0.508481
32          14     134.916     337.927           0     37.5043      0.5709
32          15     135.736      337.36           0     36.2647    0.592295
32          16     136.561       336.8           0     36.8242    0.555102
32          17     137.391     336.248           0     37.3989    0.589451
32          18     138.224     335.698           0     38.9638    0.794833
32          19      139.06     335.155           0       41.17    0.823504
32          20     139.899     334.617           0     41.7292     0.94584
32          21      140.74      334.08           0     43.0642    0.868557
32          22     141.578      333.54           0     42.0929    0.995628
32          23     142.414     332.996           0     43.5628    0.951811
32          24     143.249     332.451           0     42.1627    0.874494
32          25     144.084     331.906           0      43.164    0.718671
32          26     144.917     331.359           0     41.1895    0.580391
32          27     145.745     330.803           0     40.3116    0.665941
32          28     146.565     330.235           0     37.7763    0.724518
32          29      147.37     329.646           0     34.5739    0.589686
32          30     148.161     329.039           0     32.2872    0.489045
32          31     148.936     328.412           0     28.4048    0.471387
32          32       149.7      327.77           0     25.1886    0.416689
32          33     150.452     327.115           0     23.4029     0.38991
32          34     151.184     326.439           0      22.219    0.381626
32          35     151.889     325.733           0      22.741    0.409574
32          36     152.559     324.995           0     24.6822    0.495007
32          37     153.191     324.223           0     29.4671    0.742092
32          38     153.783     323.421           0     35.9754     2.29319
32          39     154.356     322.605           0     44.0624     5.18654
32          40      154.95     321.803           0     55.2355     8.51917
32          41     155.621     321.066           0      64.682     11.7195
32          42     156.396     320.439           0     68.4899     18.5445
32          43     157.201     319.851           0     63.7843     26.6085
#1
33           0     318.625     150.913           0     61.6796     29.6859
33           1     319.604     150.667           0     61.1245     30.6674
33           2     320.596     150.477           0     59.0449     26.8914
33           3     321.601     150.379           0      58.015      24.938
33           4     322.611     150.396           0     58.7912     24.0596
33           5     323.611      150.54           0     60.4395      23.576
33           6     324.588     150.795           0     62.4865     23.0022
33           7     325.539     151.134           0     64.6255     22.6044
33           8      326.46     151.548           0     66.1653      21.769
33           9     327.359     152.008           0     69.6878      20.817
33          10     328.232     152.516           0     69.9903     19.5596
33          11     329.077     153.069           0      71.457      17.802
33          12     329.883     153.677           0     69.1612     15.8402
33          13     330.659     154.323           0     68.7727     12.7409
33          14     331.421     154.986           0     71.1971     8.92285
33          15     332.186     155.646           0     76.1614     5.83763
33          16     332.959     156.296           0     84.4889     3.68123
33          17     333.747     156.927           0      91.414     2.50599
33          18     334.555     157.533           0     90.4886     2.77125
33          19     335.388     158.105           0     91.5611     3.96754
33          20     336.265     158.604           0     91.2941     7.72329
33          21     337.206     158.971           0     93.3025     18.2455
33          22      338.19     159.197           0     89.8163     27.6599
33          23     339.187     159.359           0      84.914     25.0326
33          24      340.18     159.544           0     79.7203     19.4329
33          25     341.158     159.796           0     78.1794     14.6502
33          26     342.116     160.116           0     79.9702     12.4539
33          27     343.057     160.483           0     80.9647     13.8283
33          28      343.98     160.891           0     83.1906     19.5951
33          29     344.875     161.359           0     77.0682     23.5453
33          30     345.759     161.847           0     71.1233     25.9349
33          31     346.645     162.333           0     68.9779     28.1516
33          32      347.55      162.78           0     74.0006     30.6319
33          33     348.487     163.157           0     84.4124     33.8373
33          34     349.451     163.456           0     96.7366     37.8392
33          35     350.433     163.695           0     104.084     31.5082
#1
34           0     129.381     519.506           0     65.5477     55.5946
34           1     129.688      520.46           0     70.5893     56.2592
34           2     130.048     521.394           0     75.3471     45.2779
34           3     130.512     522.282           0     76.7736     34.7432
34           4     131.085     523.104           0     79.6707     30.5482
34           5     131.729     523.871           0     83.3401     27.9988
34           6     132.373     524.638           0     90.3234     21.7533
34           7     132.941     525.463           0     101.837     12.6464
34           8     133.397     526.355           0     111.671     6.53699
34           9     133.718     527.304           0     120.267     4.07049
34          10     133.941      528.28           0      127.56     2.97536
34          11     134.127     529.265           0     128.184      2.5786
34          12     134.308      530.25           0     128.569     2.46405
34          13     134.492     531.235           0     133.989     2.40735
34          14     134.668     532.221           0     144.884     2.84297
34          15     134.826      533.21           0     160.258     3.37875
34          16     134.971     534.201           0     171.805     4.06586
34          17     135.116     535.192           0     170.416     3.79537
34          18     135.267     536.183           0     158.359     3.05114
34          19     135.426     537.172           0     143.506     2.98706
34          20     135.593     538.159           0     132.595     3.39368
34          21     135.771     539.145           0     128.668     3.99497
34          22      135.96     540.129           0     130.546     4.67555
34          23     136.154     541.112           0     131.087     5.69475
34          24     136.346     542.095           0     132.093     6.86909
34          25     136.537     543.078           0     134.061      7.6209
34          26     136.732     544.061           0     135.985     7.71479
34          27     136.924     545.044           0     138.401     7.68052
34          28      137.09     546.032           0     134.985     7.83634
34          29     137.208     547.027           0     126.579     8.45641
34          30     137.267     548.026           0     114.606     9.16006
34          31     137.263     549.028           0     97.3722     10.3673
34          32     137.205     550.028           0     79.4266     12.1955
34          33     137.097     551.024           0     68.1909       14.25
34          34     136.955     552.016           0     63.5668     16.5883
34          35     136.799     553.005           0     63.6101     19.3093
34          36     136.658     553.997           0     66.2808     21.6316
34          37     136.548     554.993           0      69.168     23.4522
34          38     136.473     555.992           0      67.953     24.1005
34          39      136.43     556.992           0     63.8909     23.4646
34          40     136.409     557.994           0     58.4416     22.5439
34          41     136.392     558.996           0     54.4104     21.9904
34          42     136.366     559.997           0     53.6359     21.9854
34          43     136.325     560.998           0     55.3462     22.0695
34          44     136.265     561.998           0     56.9358     21.8444
34          45      136.19     562.997           0     58.8534     21.3079
34          46     136.094     563.994           0      60.243     20.8567
34          47     135.971     564.988           0     62.6541     20.7573
34          48     135.827     565.979           0     62.5845     20.2818
34          49     135.674     566.969           0     63.3097     19.2076
34          50     135.518     567.959           0     64.4383     17.5967
34          51     135.365     568.949           0     67.7246     15.4088
34          52     135.218      569.94           0     71.2858     13.6213
34          53     135.088     570.933           0     74.0061      12.592
34          54     134.985     571.929           0     75.7595     12.7541
34          55     134.908     572.928           0     73.2983     14.9126
34          56     134.854     573.928           0     70.0373       19.46
34          57     134.822      574.93           0      66.952     26.1299
34          58     134.813     575.931           0     64.0693     31.9828
34          59     134.834     576.933           0       62.14     33.8731
34          60     134.887     577.933           0      60.458     32.0605
34          61     134.965     578.932           0     59.7935     27.1929
34          62     135.044     579.931           0     58.7944     21.2344
34          63     135.101     580.931           0     59.3228     17.6332
34          64     135.108     581.932           0     58.5194     17.2078
34          65     135.045     582.932           0     57.8414     18.8603
34          66     134.918     583.926           0     57.4962     19.6114
34          67     134.762     584.915           0     58.1401       19.48
34          68     134.606     585.905           0     60.3403     18.8034
34          69      134.46     586.896           0     63.2915     18.2594
34          70     134.324     587.888           0     67.0073     18.2853
34          71      134.19     588.881           0     70.9042     19.3948
34          72     134.054     589.873           0     74.9973     22.0091
34          73     133.914     590.865           0     76.8311     25.5848
34          74     133.772     591.857           0     77.1642     29.2921
34          75     133.634     592.849           0     75.1326     32.2013
34          76       133.5     593.842           0      73.658     34.2411
34          77      133.37     594.835           0     72.3947     36.0374
34          78     133.244     595.829           0     72.1746     37.0521
34          79     133.119     596.823           0     72.7588     37.1939
34          80     132.991     597.817           0     73.8906      36.144
34          81     132.858     598.809           0     71.8329     34.0604
34          82     132.718     599.801           0     69.5382     31.0565
34          83     132.571     600.792           0     66.1643     27.9821
34          84      132.42     601.782           0      63.323     25.2656
34          85     132.269     602.773           0      62.363     22.8465
34          86     132.123     603.764           0     62.0954     20.6804
34          87      131.99     604.757           0     62.8842     18.9457
34          88     131.875     605.752           0     61.8126     17.8269
34          89     131.777     606.749           0     60.5779     17.1924
34          90     131.694     607.747           0     58.8195     16.8138
34          91     131.623     608.746           0     56.4388     16.7388
34          92     131.561     609.746           0     53.3538     16.7734
34          93     131.505     610.746           0      50.259     17.0479
34          94     131.452     611.747           0     49.2109     18.1547
34          95     131.394     612.747           0     50.4106      19.762
34          96     131.317     613.745           0     53.5561     21.4798
34          97     131.212     614.742           0     57.4371     22.3098
34          98     131.074     615.734           0     61.3957     21.9943
34          99     130.909     616.722           0     62.8016     20.2958
34         100     130.728     617.707           0     62.5131     18.4778
34         101     130.536      618.69           0     63.0556     16.9995
34         102     130.329      619.67           0     63.9079     15.4592
34         103     130.099     620.645           0      65.736     13.4208
34         104     129.845     621.614           0     65.7098     11.1967
34         105     129.581     622.581           0     64.4468     9.52379
34         106     129.314     623.546           0     64.2037     8.62493
34         107     129.044     624.511           0     65.0434     9.09286
34         108     128.779     625.477           0     61.5161     11.5591
34         109     128.534     626.448           0     57.6996      15.808
34         110     128.311     627.425           0     56.1416     19.9099
34         111     128.111     628.406           0     57.4073     22.7175
34         112     127.935     629.393           0     59.1435       25.03
34         113     127.794     630.384           0     60.2785     25.4323
34         114     127.695     631.381           0     62.0478     25.1216
34         115     127.635     632.381           0     64.0773     24.6084
34         116     127.604     633.382           0     66.5646     24.2959
34         117     127.592     634.384           0      69.676     24.3579
34         118     127.593     635.386           0     73.0064     25.1006
34         119     127.607     636.387           0     75.8116     26.2711
34         120      127.64     637.389           0     77.8381     27.8825
34         121     127.703     638.388           0     79.2638     28.7288
34         122     127.811     639.384           0     79.6941     25.0977
34         123     127.965     640.374           0     79.4097     17.1398
34         124     128.151     641.358           0     75.2874     9.66292
34         125     128.341     642.342           0     71.9447     5.05202
34         126     128.523     643.327           0     70.0242      2.3184
34         127     128.698     644.313           0     69.6342    0.983999
34         128     128.875     645.299           0     70.6879    0.422497
34         129     129.059     646.284           0     70.9698     0.34702
34         130     129.248     647.268           0     68.8993    0.481067
34         131     129.441     648.251           0     68.8384    0.604322
34         132     129.643     649.232           0     69.9797    0.759746
34         133     129.851     650.212           0     71.0469    0.712576
34         134      130.05     651.194           0     67.6924    0.400129
34         135     130.232     652.179           0     56.8068     0.42552
34         136     130.402     653.166           0     42.8697    0.374601
34         137     130.566     654.154           0     27.4879    0.303616
34         138     130.737     655.141           0      13.133   0.0789595
34         139     130.922     656.126           0      5.5653   0.0190286
34         140      131.12     657.108           0     1.87937           0
34         141     131.322     658.089           0    0.618061           0
34         142     131.528     659.069           0           0           0
#1
35           0     317.856     181.994           0           0           0
35           1     317.285     182.825           0    0.589874           0
35           2     316.706     183.651           0     5.60771           0
35           3     316.114     184.467           0     16.6584   0.0659097
35           4     315.507     185.273           0     29.1327     0.25479
35           5     314.895     186.075           0     39.9188    0.574783
35           6     314.308     186.895           0     41.1652    0.720522
35           7     313.778     187.753           0     36.5439    0.935474
35           8     313.327     188.655           0     29.1955     1.32427
35           9     312.976       189.6           0     23.3607     2.78368
35          10     312.739      190.58           0     19.8391     6.16948
35          11     312.632     191.583           0     18.6315      10.254
35          12     312.668     192.591           0     18.9226     11.4901
35          13     312.856     193.582           0     19.1443      9.1565
35          14     313.184     194.535           0      18.631     6.02581
35          15      313.63      195.44           0     17.4139     3.87267
35          16     314.162     196.297           0     16.1781      2.4194
35          17     314.753     197.114           0     15.0579      2.3536
35          18     315.391     197.895           0     16.2046     2.54474
35          19     316.077     198.635           0     19.7351     3.34145
35          20     316.803     199.335           0     25.9572     4.10808
35          21     317.561         200           0     34.9271      4.8865
35          22     318.338     200.643           0     42.7614     5.26665
35          23     319.105     201.298           0     49.6334     5.75868
35          24     319.823     202.007           0     54.9229     6.73199
35          25     320.443     202.802           0     56.1757     10.1812
35          26     320.932     203.684           0     57.5667      12.994
35          27      321.29     204.627           0     55.6868     10.9149
35          28     321.535     205.605           0     53.8321      7.8469
35          29     321.705     206.599           0     52.0346     5.82419
35          30     321.838     207.599           0     49.5246     4.55923
35          31     321.956     208.601           0     46.3492     4.17271
35          32     322.058     209.604           0     42.2477     4.30083
35          33     322.135      210.61           0     37.4434     5.02188
35          34      322.17     211.617           0     33.7419     5.96347
35          35     322.157     212.626           0     32.6854     7.29488
35          36     322.105     213.633           0     35.8239      8.5522
35          37     322.048      214.64           0     46.0673     10.1875
35          38     322.045     215.649           0     63.0213     10.4724
35          39     322.164      216.65           0     81.0848     8.98989
35          40     322.451     217.616           0      96.101     7.98115
35          41     322.928     218.504           0     107.306     10.7973
35          42     323.593     219.263           0     103.654     16.2083
35          43      324.38     219.892           0     93.0349     15.4668
35          44     325.233      220.43           0     76.2474     12.0539
35          45     326.119     220.913           0     66.5738     12.5957
35          46     327.023      221.36           0     66.2141     17.3011
35          47     327.952     221.753           0     79.3564      23.669
35          48     328.919     222.037           0     99.6712     29.0498
35          49     329.927     222.066           0     105.646     34.5693
#1
36           0     200.851     392.147           0     30.7675      28.236
36           1     200.331     393.006           0     31.6606     26.9081
36           2     199.823     393.871           0     31.5779     26.9328
36           3     199.338      394.75           0     29.9158     26.5778
36           4     198.874     395.639           0     28.8923     25.5575
36           5     198.418     396.533           0     26.8958     24.1285
36           6     197.955     397.423           0     26.4079     23.0736
36           7     197.474     398.304           0     24.9796     22.2446
36           8     196.987     399.181           0     25.9673     21.7757
36           9     196.492     400.053           0     26.0018     21.6084
36          10     195.998     400.927           0     27.8492     21.5234
36          11     195.507     401.802           0     27.8045     21.4453
36          12     195.015     402.677           0     29.3013     21.6295
36          13     194.513     403.545           0     29.0562     21.0534
36          14     193.999     404.407           0     30.8129     20.2028
36          15      193.47      405.26           0     31.8985     19.0962
36          16     192.931     406.106           0     34.9969     17.8544
36          17     192.377     406.943           0     37.0454     17.1146
36          18     191.811     407.771           0     39.0767     16.4999
36          19     191.229     408.588           0     38.5075      17.464
36          20     190.622     409.387           0     37.9183     19.6171
36          21     189.987     410.164           0     38.1447     21.1563
36          22     189.315     410.909           0     39.4071     19.2068
36          23     188.616     411.629           0     39.7148      15.248
36          24     187.905     412.337           0     40.3373     11.8352
36          25     187.197     413.048           0     41.0102     9.92239
36          26     186.509     413.778           0     42.6516     8.75572
36          27     185.857     414.541           0     44.6959     8.13298
36          28     185.249     415.339           0      46.927     7.54996
36          29     184.685     416.169           0     49.0441     6.81832
36          30     184.156     417.021           0     51.3824      6.0744
36          31     183.652     417.889           0     52.7355     5.78713
36          32     183.162     418.765           0     55.9584     6.14615
36          33     182.671      419.64           0     59.2278     6.90965
36          34     182.169     420.509           0     64.4492     8.35739
36          35     181.641     421.362           0     68.1437     10.5226
36          36     181.087     422.198           0      72.066     11.7583
36          37      180.51     423.019           0     68.8844     11.7588
36          38     179.927     423.836           0      63.003     10.8796
36          39     179.352     424.658           0     54.4145      10.002
36          40     178.791      425.49           0     50.2928     8.97686
36          41      178.25     426.335           0     49.0837     8.55099
36          42     177.735     427.196           0     50.5337     8.40812
36          43     177.256     428.078           0     52.1715      9.0983
36          44     176.825     428.984           0     52.8115     10.2436
36          45     176.459     429.918           0     53.0312     12.3442
36          46     176.164     430.877           0     54.1169     15.4767
36          47     175.937     431.855           0     56.5097     18.1312
36          48     175.755     432.841           0      57.106     19.3647
36          49     175.578     433.829           0     56.7351     18.9094
36          50     175.368      434.81           0     55.2096     18.3748
36          51     175.103     435.778           0     54.6008     18.1619
36          52     174.787      436.73           0       51.67     17.9738
36          53     174.442     437.672           0     48.9544      17.339
36          54     174.088     438.611           0      48.643     16.6262
36          55     173.739     439.552           0     47.8626     15.7859
36          56      173.41       440.5           0       48.68     14.9478
36          57     173.103     441.455           0     51.3112     13.8836
36          58     172.807     442.414           0     52.1612     12.5109
36          59     172.512     443.373           0     52.5612     10.4044
36          60      172.21      444.33           0     54.4249     8.17076
36          61     171.891     445.281           0     55.0467     6.31119
36          62     171.555     446.226           0      52.591     4.67171
36          63     171.198     447.164           0     50.1798     3.88409
36          64     170.823     448.095           0     46.4538     3.15104
36          65     170.444     449.024           0     41.3055     2.68524
36          66     170.073     449.956           0     36.9667     2.32756
36          67     169.717     450.894           0     32.4833     1.82674
36          68     169.369     451.836           0     29.8737     2.05643
36          69     169.024     452.778           0     30.6592     2.47445
36          70      168.68      453.72           0      31.592     2.73839
36          71     168.334     454.662           0      35.313      3.6033
36          72     167.981     455.601           0     40.3063        3.61
36          73     167.621     456.538           0     41.5041     3.01128
36          74     167.259     457.474           0     43.0756     2.43324
36          75     166.895     458.409           0     44.4804     1.70799
36          76      166.54     459.347           0     44.3438     1.17039
36          77     166.196      460.29           0     46.5127     1.12853
36          78     165.856     461.234           0     48.2705     1.09131
36          79     165.515     462.177           0     48.0136     1.22501
36          80     165.158     463.115           0     49.2576     1.62168
36          81     164.781     464.045           0     48.8921     1.88992
36          82     164.391     464.969           0     49.7389     2.17747
36          83     164.003     465.895           0     57.2337     4.80541
36          84     163.644     466.832           0     63.0456     11.7785
36          85     163.341     467.788           0      68.831      19.786
36          86     163.104     468.763           0     68.7649     19.7675
36          87     162.915     469.749           0     60.6212     17.3178
36          88     162.738     470.736           0     48.1252     18.2258
36          89     162.542      471.72           0     38.5711      20.671
36          90     162.312     472.697           0     34.9629     23.2979
36          91     162.039     473.663           0     34.1801     25.0238
36          92     161.726     474.616           0     34.0888     24.9842
36          93     161.382     475.558           0     39.0894     23.3482
36          94     161.024     476.496           0     50.7065     20.0852
36          95      160.68     477.438           0     63.2402     16.2016
36          96     160.408     478.404           0     77.4207     14.0025
36          97     160.289       479.4           0     84.4567     10.2116
36          98     160.385     480.398           0     77.8856     4.62697
36          99     160.675     481.358           0     63.4348     2.84321
36         100     161.118     482.258           0      51.818     5.76829
36         101     161.681     483.089           0      43.366     11.1406
36         102     162.338     483.847           0     41.0245     15.7078
36         103     163.057     484.547           0     43.1264     14.4171
36         104     163.797     485.224           0     49.0458     9.23641
36         105     164.542     485.897           0     57.9228     3.74272
36         106     165.287     486.569           0     64.9253     1.27103
36         107     166.031     487.242           0     68.5852    0.738515
36         108     166.781     487.908           0     67.5788    0.478116
36         109     167.532     488.574           0     65.6116    0.986579
36         110     168.279     489.243           0     67.6079     2.06103
36         111     169.023     489.916           0     70.4032      4.0187
36         112     169.766     490.592           0     70.4506     6.03085
36         113     170.518     491.256           0     71.7337     7.59104
36         114     171.283     491.905           0     72.5993      9.1619
36         115     172.052      492.55           0     69.5978     10.6195
36         116     172.821     493.194           0     67.8429     11.6084
36         117     173.593     493.835           0     66.5641     9.83044
36         118     174.367     494.473           0     66.4963     7.68029
36         119     175.147     495.104           0     69.5426      4.1625
36         120     175.935     495.726           0     69.2925     2.19052
36         121     176.735     496.331           0     67.8977     2.27473
36         122     177.569     496.889           0     69.2688     3.11331
36         123     178.424     497.413           0     69.2673     4.11783
36         124     179.322     497.862           0     75.0153     4.83972
36         125     180.257     498.226           0     83.3421     6.62422
36         126     181.197     498.578           0      99.753     13.6023
36         127     182.077     499.059           0      127.45     38.7461
36         128     182.736     499.812           0     134.324      43.907
#1
37           0     62.4189     231.456           0     51.6035     45.6067
37           1     63.0649     230.694           0     56.0622     46.3457
37           2     63.7136     229.934           0      57.582     46.1118
37           3     64.3646     229.177           0     57.7032     44.6576
37           4     65.0083     228.413           0     60.1159     41.6042
37           5     65.6433     227.642           0     59.3575     37.1069
37           6     66.2708     226.865           0     61.2486     28.2755
37           7     66.8865     226.078           0     64.3729     18.6067
37           8      67.496     225.287           0      61.571     10.9653
37           9     68.1018     224.493           0     61.5722     6.24054
37          10     68.7119     223.702           0     58.6709     4.14761
37          11     69.3376     222.923           0     57.8288     3.19142
37          12     69.9746     222.154           0     57.3654     2.49951
37          13     70.6221     221.393           0     54.0759     1.80624
37          14     71.2871     220.648           0     53.8193     1.34341
37          15     71.9771     219.925           0     56.5449    0.870913
37          16     72.7017     219.238           0     56.5274    0.721038
37          17     73.4611     218.589           0     58.0713    0.516635
37          18     74.2551     217.983           0     63.3573    0.513274
37          19     75.0782     217.417           0     62.9772    0.525428
37          20     75.9187     216.877           0     65.6717    0.411031
37          21     76.7664     216.349           0     63.4132    0.368068
37          22      77.609     215.812           0     62.7685    0.429099
37          23     78.4409     215.259           0     60.9144    0.444646
37          24     79.2529     214.678           0     59.7018    0.407784
37          25     80.0457      214.07           0     62.2234    0.383556
37          26     80.8157     213.434           0     60.4372     0.42424
37          27     81.5631     212.771           0     60.8301    0.437271
37          28     82.2897     212.085           0     61.6634    0.417284
37          29     82.9968      211.38           0     60.5998     0.40986
37          30     83.6994      210.67           0     57.2747    0.386005
37          31     84.4151     209.973           0     58.0135    0.307465
37          32     85.1528     209.299           0     58.6142    0.447239
37          33     85.9158     208.655           0     61.1701    0.432945
37          34      86.708     208.046           0     66.6628     0.43612
37          35     87.5187     207.463           0     66.5657    0.576327
37          36     88.3323     206.883           0     68.7739     0.88047
37          37     89.1389     206.294           0      68.669     1.19321
37          38     89.9313     205.686           0      69.676     1.94638
37          39     90.7071     205.057           0     73.0951     2.73991
37          40     91.4511      204.39           0     76.0632     3.55485
37          41     92.1507     203.677           0     81.9811     3.84558
37          42     92.8119     202.928           0     88.5934     3.48714
37          43      93.459     202.167           0     94.6257     2.88901
37          44     94.1031     201.404           0     100.144     2.37011
37          45     94.7462      200.64           0     100.242     2.19279
37          46      95.391     199.877           0     99.3102     2.26297
37          47     96.0312      199.11           0     101.153     2.00128
37          48     96.6619     198.335           0     99.0815     2.08641
37          49     97.2851     197.555           0     102.225     2.07212
37          50     97.8993     196.767           0     108.742     1.98015
37          51     98.5138     195.979           0      110.91     2.06817
37          52     99.1418     195.203           0     112.911     1.88423
37          53     99.7941     194.446           0     110.256      1.7586
37          54     100.487     193.727           0     106.245      1.3349
37          55     101.223     193.051           0     101.358     1.01521
37          56      101.99     192.412           0     87.6677    0.873689
37          57     102.786     191.809           0     77.4014      0.6147
37          58     103.603     191.233           0     71.7858    0.647349
37          59     104.428      190.67           0     72.5304     0.75766
37          60     105.261     190.118           0     78.6336     1.04059
37          61     106.096      189.57           0     82.4762     1.33515
37          62     106.942      189.04           0      88.106     1.76431
37          63     107.816     188.556           0     84.3014     2.09046
37          64     108.731     188.156           0     82.9728     2.73015
37          65      109.69     187.877           0      77.842      3.1819
37          66     110.676     187.715           0     68.3845     3.76507
37          67     111.666     187.585           0     57.2634     3.84523
37          68     112.645     187.384           0     43.5293     3.75729
37          69     113.589      187.06           0     29.2791     3.16559
37          70     114.487     186.622           0     17.5238     2.29256
37          71      115.34     186.103           0     9.64026     1.68186
37          72     116.156     185.526           0     4.81436     1.34777
37          73     116.939     184.906           0     3.06148     1.00919
37          74     117.686     184.243           0     3.68575     1.27721
37          75     118.402     183.546           0     4.85563    0.903595
37          76       119.1     182.831           0     6.51956    0.947883
37          77     119.801      182.12           0     8.65689     1.31568
37          78     120.533     181.441           0     9.62262     1.58153
37          79     121.317     180.821           0     10.9188     1.58752
37          80     122.156      180.28           0     11.3284     1.54715
37          81     123.038      179.81           0     10.9552      1.4882
37          82     123.943     179.389           0     9.48003     1.56447
37          83     124.856     178.984           0     8.14126     1.88123
37          84     125.766      178.57           0     7.34126      2.2406
37          85      126.66     178.125           0      7.2399     4.01565
37          86     127.527     177.628           0     13.0774     9.85687
37          87      128.35     177.063           0     26.2868     18.7391
37          88     129.097     176.401           0     42.9491     15.1776
37          89      129.71     175.613           0     55.4157      2.2601
37          90     130.164     174.723           0     61.1981    0.804733
37          91     130.501     173.783           0     60.5645    0.581917
37          92     130.812     172.833           0     59.8645    0.644159
37          93     131.165     171.899           0     57.9966    0.721137
37          94     131.583     170.991           0     54.3905    0.627057
37          95     132.075     170.123           0     54.2677    0.760058
37          96     132.631     169.292           0     51.6949      1.0603
37          97     133.234     168.496           0     52.8043     1.37078
37          98     133.868     167.725           0     55.7212     1.76255
37          99     134.526     166.972           0     58.9769     2.28988
37         100     135.193     166.229           0     61.6751     2.82448
37         101     135.859     165.485           0     62.3006     3.80322
37         102     136.521     164.737           0     61.5889     5.57838
37         103     137.178     163.985           0     63.0181     9.55583
37         104      137.83     163.227           0     61.3634     16.0582
37         105     138.493      162.48           0     59.2496     23.4215
37         106     139.189     161.764           0     58.8428     29.9883
37         107     139.945     161.111           0     59.0754     34.7744
37         108     140.772     160.551           0     58.9298     40.5091
37         109     141.643     160.062           0     69.4408     48.0721
37         110     142.526     159.594           0     86.9674     52.0381
37         111     143.409     159.129           0     98.2619     52.8354
#1
38           0     227.741     471.196           0     100.321     72.8091
38           1     227.525     470.224           0     100.133     70.0694
38           2     227.326     469.248           0     101.204     62.3149
38           3     227.211     468.258           0     103.587     56.3679
38           4     227.153     467.264           0     105.239     52.5107
38           5      227.07     466.271           0     101.465     43.7615
38           6     226.913     465.287           0     87.7666     27.3285
38           7     226.716     464.311           0     67.0651     14.6709
38           8      226.56     463.327           0     47.8223     6.61918
38           9     226.473     462.335           0     34.4035     2.19252
38          10     226.473     461.339           0     27.8644     1.01474
38          11     226.553     460.346           0     25.5369     1.16554
38          12     226.709     459.362           0     22.4474     1.20021
38          13     226.936     458.392           0     19.1371     1.15982
38          14     227.222     457.438           0     16.6812      1.4082
38          15     227.553     456.498           0     16.5553      1.5396
38          16     227.916      455.57           0     19.4773     2.17221
38          17       228.3     454.651           0     26.1977     3.62983
38          18     228.718     453.747           0     37.1997     5.07541
38          19     229.214     452.883           0     49.8587     6.12796
38          20     229.838     452.107           0     60.9401     6.35768
38          21     230.599     451.465           0     65.6724     5.92217
38          22     231.454     450.954           0     69.2792      5.7472
38          23      232.36     450.539           0      67.634      5.6537
38          24     233.283     450.164           0     68.3484      6.2721
38          25     234.205     449.788           0     68.2498      7.3729
38          26      235.12     449.394           0     67.3481     8.65574
38          27     236.026     448.979           0     68.7401     9.75789
38          28     236.933     448.568           0     65.9404     10.0668
38          29     237.848     448.175           0      66.363     9.73008
38          30     238.777     447.814           0     66.1443     8.71096
38          31     239.721     447.497           0     66.4478     7.22524
38          32     240.674     447.208           0     70.2761     5.46218
38          33      241.63     446.928           0     74.3565     3.95934
38          34     242.587      446.65           0     72.9708     3.48479
38          35     243.539     446.357           0     72.0601      5.3357
38          36     244.482     446.035           0     72.6432     9.97737
38          37      245.42       445.7           0     68.5293     15.4171
38          38     246.367     445.391           0     70.1105     20.7294
38          39     247.334     445.154           0     78.2399     25.2165
38          40     248.321     445.018           0     91.1494     29.6825
38          41     249.317     445.003           0     106.011     35.4594
38          42     250.308     445.106           0     118.871     52.9022
38          43     251.285     445.301           0     126.762     83.6255
38          44     252.253     445.536           0     125.676     93.4379
#1
39           0     283.545     283.543           0     24.3234     20.2316
39           1       283.8     282.574           0     30.3232     19.3661
39           2      284.05     281.604           0     37.2652     19.5852
39           3     284.284      280.63           0     43.0436     19.4122
39           4     284.491     279.649           0     49.0994      17.885
39           5      284.67     278.663           0     54.8018     14.8755
39           6     284.833     277.674           0     60.2865     11.5903
39           7     285.006     276.687           0     67.7818      9.1558
39           8     285.208     275.706           0     76.8566     7.58431
39           9     285.412     274.724           0     89.0583     6.44421
39          10     285.577     273.736           0     102.027     6.26827
39          11     285.668     272.738           0     111.395      6.0228
39          12     285.651     271.736           0     112.979     5.81152
39          13     285.499     270.746           0     104.812     6.03499
39          14     285.207     269.788           0     88.3287     6.41401
39          15     284.792     268.876           0     65.1884     7.65871
39          16     284.291     268.008           0     44.7357     9.08503
39          17     283.738     267.172           0     34.0152     12.1596
39          18     283.154     266.358           0     31.4053     16.1208
39          19     282.561      265.55           0     35.9499     19.2583
39          20     281.987     264.729           0     43.4081     19.9116
39          21     281.448     263.884           0     49.3251     19.5619
39          22     280.927     263.028           0     51.6783     20.6865
39          23     280.389     262.183           0     47.6028     23.8139
39          24     279.795     261.375           0     41.3404     26.0888
39          25     279.138     260.619           0     33.7648     21.4527
39          26     278.424     259.916           0     27.5296     11.4824
39          27     277.663     259.264           0      27.462     4.00907
39          28     276.854     258.672           0     33.4623     1.10183
39          29      275.99     258.165           0     43.3972     1.63881
39          30     275.066     257.778           0     50.0871     4.20293
39          31     274.093     257.536           0     51.8339     15.5486
39          32     273.096     257.436           0     49.4167     25.9671
39          33     272.094     257.449           0     43.6669     18.8365
39          34     271.098     257.556           0      38.078     5.20131
39          35     270.115      257.75           0     36.2008     2.60538
39          36     269.164     258.067           0     39.8334     5.42936
39          37     268.288     258.553           0     44.0839     10.3606
39          38     267.538     259.218           0     46.9396     12.3687
39          39     266.944     260.025           0     47.8168     8.80554
39          40     266.475     260.911           0     45.6515     7.28082
39          41     266.066     261.826           0     47.3134     8.21931
39          42     265.651     262.738           0     49.4078     8.70856
39          43     265.191     263.628           0     53.6282     9.09063
39          44     264.659     264.477           0     57.0301     8.80683
39          45     264.048     265.271           0     61.8608     8.71062
39          46     263.359     265.999           0     64.9923       9.252
39          47     262.618     266.673           0     65.5643      10.316
39          48     261.861      267.33           0     66.0685      12.722
39          49     261.133     268.019           0     62.8627     16.6924
39          50     260.483     268.782           0     57.0101     19.0651
39          51     259.941     269.625           0     51.3685     13.3499
39          52     259.508     270.528           0     48.9283      7.9989
39          53      259.17     271.472           0     49.5229     5.82421
39          54     258.913      272.44           0     52.0058     4.45571
39          55     258.719     273.424           0     54.8326     4.09334
39          56      258.57     274.415           0     58.6955     3.84761
39          57     258.452      275.41           0     64.7355     4.31543
39          58     258.352     276.407           0     74.0433     6.48684
39          59      258.26     277.405           0     88.5543     11.5818
39          60     258.166     278.402           0     110.867      20.726
39          61     258.062     279.399           0     136.045     34.1002
39          62     257.945     280.394           0     148.333     46.3618
39          63     257.818     281.388           0     143.057     51.5161
39          64     257.703     282.384           0     131.817     48.0756
39          65     257.609     283.382           0     124.605     41.9875
39          66     257.551     284.382           0     125.593      38.095
39          67     257.562     285.384           0     131.083     37.8827
39          68     257.708     286.375           0     133.595     43.4684
39          69     258.033     287.323           0     127.053     50.4453
39          70     258.483     288.218           0      111.33     47.5823
39          71     258.958     289.101           0     93.4623      39.269
39          72     259.356      290.02           0     78.7613     29.8535
39          73     259.583     290.996           0     65.7288      25.659
39          74     259.598     291.997           0     57.8045      28.187
39          75     259.432     292.986           0      52.646     35.9049
39          76     259.141     293.945           0     55.0503     40.0718
39          77     258.785     294.881           0     59.8999      37.085
39          78     258.379     295.798           0     61.5461     31.4144
39          79     257.893     296.674           0     59.3718      31.278
39          80      257.29     297.474           0     50.9667     38.1276
39          81     256.563     298.163           0     42.2401     43.1021
39          82     255.735     298.728           0     36.2975     37.0046
39          83      254.84     299.179           0     35.2647     26.8015
39          84     253.908     299.549           0     37.6615     20.5029
39          85     252.965     299.886           0     44.5616     16.4884
39          86     252.031      300.25           0     50.7819     12.2694
39          87     251.143     300.714           0          56     11.0569
39          88     250.351     301.328           0     57.2732     15.0358
39          89     249.688     302.079           0     54.3588     20.4155
39          90     249.134     302.914           0     53.6582     18.6837
39          91     248.639     303.785           0     51.5522     13.5443
39          92     248.155     304.663           0     48.7798     10.6977
39          93     247.658     305.532           0     45.0778       9.914
39          94     247.141     306.391           0     42.6158     11.1905
39          95     246.606     307.238           0     40.5726     12.7378
39          96      246.06     308.079           0     40.7722     14.6032
39          97     245.503     308.912           0     39.4157     15.4982
39          98     244.935     309.737           0     39.5202     15.6641
39          99     244.351     310.552           0     40.6565     15.5258
39         100     243.751     311.354           0     45.1825     15.4024
39         101     243.138     312.147           0     51.7367     16.9523
39         102     242.516     312.933           0     57.8907     20.3223
39         103     241.892     313.717           0     66.8759     25.1492
39         104     241.267       314.5           0     76.2334     31.4315
39         105     240.638      315.28           0     85.7546     37.0318
39         106      240.01     316.061           0     94.5937      39.651
39         107     239.389     316.848           0     92.6073      38.173
39         108     238.784     317.647           0     95.3683     32.7366
39         109     238.194     318.457           0      103.11     26.3784
39         110       237.6     319.264           0     113.363     19.4784
39         111     236.986     320.056           0     128.666     14.9145
39         112     236.341     320.823           0     128.268     12.9617
39         113     235.688     321.583           0     126.106     13.0333
39         114     235.059     322.363           0     121.321     14.9743
39         115     234.475     323.177           0     108.173     19.5221
39         116     233.946     324.028           0     97.7978     26.0897
39         117     233.453     324.901           0     88.6614     31.9626
39         118     232.967     325.777           0     93.9781     35.6834
39         119      232.47     326.647           0     95.1288     36.1341
39         120     231.955     327.507           0     103.914     33.1314
39         121     231.426     328.358           0     103.517     26.7038
39         122     230.887     329.203           0     107.207     18.1635
39         123     230.346     330.047           0     104.685      11.311
39         124     229.801     330.887           0     104.023     6.66616
39         125     229.254     331.727           0     100.886     4.18911
39         126     228.702     332.564           0      98.708     3.32987
39         127     228.148     333.399           0     98.3074     3.53121
39         128     227.587     334.229           0     97.3872     4.44752
39         129      227.02     335.056           0     101.486     5.70645
39         130     226.442     335.874           0     97.6199     7.98085
39         131     225.843     336.677           0     94.5876     11.3157
39         132     225.217      337.46           0     88.6455     15.5553
39         133     224.556     338.213           0     83.8965     20.0113
39         134     223.864     338.938           0      81.964      23.844
39         135      223.15     339.641           0     78.7656     25.8466
39         136     222.429     340.338           0     78.7999      24.093
39         137     221.721     341.046           0     80.7862     19.4283
39         138     221.044     341.785           0     83.7253     14.3937
39         139     220.416     342.566           0     86.4672     11.1778
39         140      219.84     343.386           0     91.8499     9.92702
39         141     219.321     344.243           0     93.8609     9.57051
39         142     218.841     345.123           0     94.6418      9.6704
39         143     218.387     346.016           0     89.5084     9.78594
39         144      217.93     346.908           0     86.3685     10.2102
39         145     217.455     347.791           0     78.5156     10.7667
39         146     216.953     348.658           0     76.1954     11.6907
39         147     216.442      349.52           0     72.2647     12.8831
39         148     215.957     350.397           0     73.2743     14.0501
39         149     215.577     351.324           0     70.2775     15.7518
39         150     215.388     352.308           0     63.5416     20.3149
39         151     215.425     353.309           0     51.8109     28.8242
39         152     215.616     354.293           0     41.5091     34.1173
39         153     215.848     355.268           0     36.9126     33.3123
39         154     216.027     356.254           0     38.8427     31.9816
39         155     216.091     357.254           0     42.0115      28.849
39         156     216.014     358.253           0     44.5196     23.6072
39         157     215.809     359.233           0     45.0302     19.7566
39         158     215.516     360.192           0     44.8283     17.7588
39         159     215.179     361.135           0     44.5219     16.2769
39         160      214.83     362.075           0     44.3788     14.7694
39         161      214.49     363.017           0     42.9832     12.3323
39         162     214.155     363.962           0      43.367     11.2212
39         163      213.81     364.903           0     38.7875     11.1216
39         164     213.458     365.841           0     36.6745     10.9077
39         165     213.097     366.776           0     35.9754     10.6089
39         166     212.736     367.711           0     33.8984     10.5227
39         167     212.376     368.646           0     32.0233      10.052
39         168     212.015     369.581           0     31.9674     9.62491
39         169     211.654     370.516           0     31.3276     9.62475
39         170     211.297     371.452           0     32.0204     9.24541
39         171     210.951     372.393           0     33.3632       8.423
39         172     210.624      373.34           0     34.2555     7.35183
39         173     210.322     374.295           0      35.262     6.29032
39         174     210.051      375.26           0     35.5728     5.40676
39         175     209.821     376.236           0     34.3923     4.64137
39         176     209.633      377.22           0     32.4212     4.71334
39         177     209.486     378.211           0     29.8805     5.01322
39         178     209.382     379.208           0     26.9945     5.52915
39         179     209.316     380.208           0     24.3998     6.31442
39         180     209.273     381.209           0     23.3306     7.42102
39         181     209.223      382.21           0     23.6553     9.00079
39         182     209.138     383.208           0      24.693     10.8541
39         183     209.002     384.201           0     26.4058     12.9578
39         184     208.811     385.185           0     28.1807     14.8895
39         185     208.585     386.161           0     29.9737     17.0772
39         186     208.355     387.137           0     32.4977     18.4919
39         187     208.157     388.119           0      36.519     18.8405
39         188     208.016     389.111           0     42.8372     18.4088
39         189     207.943      390.11           0     50.7474     18.0856
39         190     207.917     391.112           0     57.2016     18.6831
39         191     207.882     392.114           0     61.1576     22.4169
39         192     207.771      393.11           0     59.5832     29.4935
39         193     207.549     394.087           0     53.1594     34.1218
39         194     207.231     395.037           0     46.7714     32.6482
39         195     206.854     395.966           0     41.4113     28.5161
39         196     206.449     396.882           0     37.2645      24.122
39         197     206.022     397.789           0     36.1225     20.8341
39         198      205.58     398.688           0     32.4616     17.9805
39         199     205.126     399.581           0     31.1264     16.4161
39         200     204.659     400.468           0     29.4978     14.7735
39         201     204.185     401.351           0     29.4911     13.6067
39         202     203.707     402.232           0     29.0642     13.0786
39         203     203.229     403.113           0     30.2969     12.9978
39         204     202.753     403.995           0     31.4949     13.0422
39         205     202.282     404.879           0      32.592     13.4915
39         206     201.815     405.766           0     34.9892     13.9364
39         207      201.35     406.653           0     35.9419      14.196
39         208     200.879     407.538           0     37.4791     14.0699
39         209     200.402     408.419           0     36.6311     13.9301
39         210     199.913     409.294           0      36.981     14.0823
39         211     199.407     410.159           0     35.7716     13.6826
39         212     198.878      411.01           0     36.5018     13.8425
39         213     198.322     411.844           0     36.6051     14.0397
39         214     197.728     412.651           0     39.2617     14.2044
39         215       197.1     413.432           0     45.2914     13.7942
39         216     196.452     414.197           0      53.206     13.6446
39         217     195.801     414.958           0     60.2911     13.2323
39         218     195.165     415.732           0     59.0971     13.0263
39         219     194.546     416.521           0     51.4067     12.8532
39         220     193.917       417.3           0     43.0793     12.7207
39         221     193.328     418.111           0     33.4999     12.7039
39         222     192.731     418.916           0     27.2065     12.8659
39         223     192.099     419.694           0     22.6649     13.1335
39         224     191.435     420.445           0     18.8353     13.6305
39         225      190.76     421.185           0     16.0533     14.4285
#1
40           0     333.464     202.386           0     76.6682     43.0073
40           1     334.448     202.461           0     71.8734      33.644
40           2      335.43     202.549           0     57.4588      19.135
40           3     336.408      202.68           0     46.1676     9.38175
40           4     337.377      202.86           0     45.7965      3.6575
40           5     338.339      203.08           0     52.4465    0.818064
40           6     339.299     203.306           0     57.0372    0.198177
40           7     340.262     203.516           0     60.8134    0.173236
40           8     341.224     203.736           0     64.5104    0.196795
40           9      342.18     203.978           0     67.8939    0.501207
40          10     343.129     204.248           0     66.7003    0.649559
40          11     344.068     204.548           0     66.4758    0.690615
40          12     344.998     204.879           0     68.7843    0.859412
40          13     345.918     205.234           0     67.4873    0.845475
40          14     346.835     205.597           0     67.5619    0.741029
40          15      347.75     205.964           0      69.581    0.791209
40          16     348.668     206.327           0     64.4727    0.543756
40          17     349.587     206.683           0     60.6523    0.662602
40          18     350.502     207.053           0     57.2725    0.881131
40          19     351.405     207.449           0     50.5314     1.15375
40          20     352.302      207.86           0     53.3783      1.6113
40          21     353.186     208.296           0     65.0402     3.92183
40          22     354.056     208.762           0      96.333     12.4249
40          23     354.911     209.253           0     131.948     28.6025
40          24     355.736     209.794           0     166.348     42.6776
40          25     356.546     210.357           0     173.648     51.6578
#1
41           0     280.464     154.772           0     119.742     46.9257
41           1      281.44     154.996           0     106.316     48.0601
41           2     282.436      155.11           0     73.7015     43.9789
41           3     283.435     155.183           0     48.8006      39.862
41           4     284.437     155.208           0      40.494     35.1791
41           5     285.437     155.156           0     42.8835     30.9123
41           6      286.43     155.024           0     48.9555     25.6605
41           7     287.414     154.832           0     51.5825     17.8318
41           8     288.391     154.613           0     52.4402     10.1214
41           9     289.367     154.385           0     53.6245     5.08082
41          10     290.344     154.162           0     55.9904     3.57682
41          11     291.322     153.946           0     56.7912     3.10732
41          12     292.303     153.744           0     53.3041     2.98917
41          13     293.288     153.558           0     50.0308     3.15191
41          14     294.273     153.376           0     48.3831     3.33406
41          15     295.258     153.193           0     49.4162     3.35823
41          16     296.244     153.016           0     53.5592     3.72455
41          17     297.234     152.859           0      56.013     4.57997
41          18     298.228     152.735           0     59.1908     5.78118
41          19     299.226     152.644           0     60.5122     7.23828
41          20     300.226     152.576           0      59.667     8.99223
41          21     301.226     152.519           0     57.6568     10.6651
41          22     302.227     152.468           0     56.1993     12.1972
41          23     303.227     152.421           0     55.2886     13.8555
41          24     304.227     152.361           0      56.434      16.158
41          25     305.227     152.291           0     59.4521     19.5225
41          26     306.226     152.216           0     65.0846     26.8833
41          27     307.224     152.131           0     76.6452     41.2376
41          28     308.222     152.041           0      91.906     57.6347
41          29      309.22      151.95           0      98.392     65.3945
#1
42           0     287.829     85.9681           0     37.7028     24.4932
42           1     287.272     86.8018           0     57.4158     20.0928
42           2     286.733     87.6472           0     78.9375     18.1065
42           3     286.261     88.5321           0     91.8905     16.1243
42           4      285.89     89.4634           0     92.6936     14.9912
42           5     285.609     90.4257           0     82.9856     14.5986
42           6     285.384     91.4028           0     74.3833     14.3251
42           7     285.197     92.3879           0     70.7919     13.9395
42           8     285.031     93.3767           0     71.1546     13.8039
42           9      284.91      94.372           0     71.8966     14.1057
42          10     284.855     95.3731           0     72.7919     14.5737
42          11     284.878     96.3755           0     73.4647     15.0828
42          12     284.973     97.3735           0     73.8373     15.6508
42          13     285.123      98.365           0     72.9107     16.2143
42          14     285.298     99.3522           0     71.7711     16.0218
42          15     285.481     100.338           0     71.8443     15.0917
42          16      285.67     101.323           0      73.319     14.4902
42          17     285.878     102.304           0     75.7049     14.4119
42          18     286.123     103.276           0     75.9974     15.3088
42          19     286.412     104.236           0     74.6819     17.2793
42          20      286.74     105.183           0     74.8213     20.2103
42          21     287.106     106.117           0     76.7667     23.4431
42          22     287.504     107.037           0     79.1012     26.4696
42          23     287.943     107.938           0     84.3131     29.1308
42          24     288.447     108.805           0      87.427     30.0005
42          25     289.035     109.617           0      89.382     25.6343
42          26     289.699     110.369           0     85.5784     18.5971
42          27     290.413     111.073           0     81.3207     12.1674
42          28     291.148     111.755           0     76.4659     7.74406
42          29     291.878     112.442           0     70.7394     5.74895
42          30     292.596     113.141           0     64.4224     5.51416
42          31     293.298     113.858           0     59.1664     5.94344
42          32     293.981     114.592           0     56.3411     6.30665
42          33     294.653     115.336           0      54.201     6.60624
42          34      295.32     116.084           0     54.6662     6.65146
42          35     295.976     116.843           0     53.7516     6.18702
42          36      296.61     117.619           0     48.7856     5.56007
42          37     297.218     118.417           0     44.9393     4.74599
42          38     297.796     119.236           0     41.1435      4.0344
42          39     298.351     120.071           0     38.2738     3.98999
42          40     298.895     120.913           0     35.7488       4.927
42          41     299.443     121.753           0     34.5041     7.62772
42          42     300.002     122.585           0     40.0997     12.6334
42          43     300.561     123.418           0     49.3881     20.0496
42          44     301.096     124.265           0      63.211     25.9728
42          45      301.58     125.144           0     75.2362     24.9575
42          46     302.017     126.046           0      82.561     20.8715
42          47     302.432     126.958           0     74.5834     18.5366
42          48      302.86     127.866           0     63.4452     16.5579
42          49     303.301     128.766           0     51.4175     13.4884
42          50     303.747     129.664           0     41.8564     9.82282
42          51     304.187     130.565           0     36.2337     6.49119
42          52     304.601     131.478           0     32.9415     4.04227
42          53     304.984     132.404           0     33.4971     2.82048
42          54     305.335     133.344           0     32.4556     1.86199
42          55     305.662     134.291           0      34.044     1.37881
42          56     305.975     135.244           0     37.5589     1.35232
42          57     306.268     136.203           0     39.8209     1.63722
42          58     306.561     137.162           0     42.9244     3.49583
42          59     306.847     138.123           0     46.8955     8.05425
42          60     307.084     139.097           0     53.7612     13.0039
42          61     307.211     140.091           0     65.3566     16.7246
42          62     307.134     141.091           0     79.0503     26.1068
42          63     306.769     142.024           0     79.8222     45.4893
#1
43           0          87         368           0          36     28.7404
43           1     86.9521     368.995           0     34.7653     33.9764
43           2     86.9041      369.99           0     29.5709     37.0509
43           3     86.8562     370.985           0     22.5283     37.8353
43           4     86.8082      371.98           0     17.3336     37.5238
43           5     86.7603     372.975           0     15.0914     37.7028
43           6     86.7123      373.97           0     19.9771     39.5666
43           7     86.6644     374.965           0     32.8584     41.7575
43           8     86.6164      375.96           0     49.3242     41.1225
43           9     86.5685     376.955           0     60.7824     35.8222
43          10     86.5205      377.95           0     64.7036     27.6798
43          11     86.4726     378.945           0     61.8326     22.0569
43          12     86.4246      379.94           0     54.7595     23.2663
43          13     86.3767     380.935           0     44.6873     30.8957
43          14     86.3287     381.929           0      35.622     39.4889
43          15     86.2808     382.924           0     29.8149     44.9556
43          16     86.2328     383.919           0     29.1642     47.2299
43          17     86.1849     384.914           0     28.4173     48.3493
43          18     86.1369     385.909           0      26.991      49.897
43          19      86.089     386.904           0     26.6696     51.2914
43          20      86.041     387.899           0      26.762     51.0394
43          21     85.9931     388.894           0     27.8811     47.7788
43          22     85.9451     389.889           0     27.8415        41.1
43          23     85.8972     390.884           0     28.4848      32.397
43          24     85.8465     391.879           0     27.6419     23.8485
43          25     85.7903     392.873           0     28.2444      17.253
43          26     85.7234     393.867           0     29.9048     14.3191
43          27     85.6335     394.859           0     31.9338      14.518
43          28     85.5097     395.847           0     33.6979     16.8471
43          29     85.3515     396.831           0     36.4471      19.339
43          30     85.1714      397.81           0     40.9824     19.7007
43          31     84.9849     398.789           0     45.2545     19.1358
43          32     84.8064     399.769           0      46.629     18.5047
43          33     84.6461     400.752           0     47.1167      18.034
43          34        84.5     401.737           0     46.2626     18.0263
43          35     84.3599     402.724           0     44.4951     18.4447
43          36     84.2214      403.71           0     43.1542     19.0995
43          37     84.0852     404.697           0     42.6733     20.2732
43          38     83.9562     405.684           0     42.6655     21.9213
43          39     83.8388     406.674           0     43.3272     23.8697
43          40     83.7328     407.664           0     44.5933     25.7093
43          41     83.6356     408.655           0     46.6954     27.1198
43          42     83.5416     409.647           0     48.8358     28.4249
43          43     83.4399     410.638           0      49.874     29.6041
43          44     83.3242     411.627           0     49.7415     30.6724
43          45     83.2035     412.616           0     49.1159     32.1277
43          46     83.0938     413.606           0       49.23      33.323
43          47     83.0065     414.598           0     50.5436     34.3743
43          48     82.9432     415.592           0     53.0396     34.7193
43          49      82.898     416.587           0     57.4273     34.3212
43          50     82.8662     417.583           0     61.8975      33.089
43          51     82.8428     418.579           0     66.5801     31.6614
43          52     82.8158     419.575           0     70.3555     30.4175
43          53     82.7564     420.569           0     72.7886     29.3901
43          54     82.6331     421.557           0     73.8373     28.1497
43          55     82.4317     422.531           0     74.0726     25.2136
43          56     82.1542     423.488           0     74.2038     21.5379
43          57     81.8133     424.423           0     73.3327     18.2148
43          58     81.4265     425.341           0     73.6237     15.0984
43          59     81.0213     426.251           0     75.1712     14.6596
43          60     80.6382      427.17           0     76.9087     14.5145
43          61     80.3176     428.113           0     79.3403      15.894
43          62      80.094     429.083           0     79.9443     16.5023
43          63     79.9739     430.071           0     75.3975      15.976
43          64     79.9188     431.066           0     68.2914      14.822
43          65     79.8811     432.061           0     62.5934     13.0812
43          66     79.8532     433.057           0     60.0651     11.7587
43          67     79.8573     434.053           0     61.2934     11.9591
43          68     79.9156     435.047           0     64.1372     13.0894
43          69     80.0129     436.038           0      67.052     15.0071
43          70     80.0907     437.031           0     69.0338     19.5366
43          71     80.0579     438.025           0     70.0342     22.9656
43          72     79.8377     438.995           0      68.355     21.0788
43          73      79.434     439.905           0     65.4379     18.7182
43          74      78.922      440.76           0     62.5025     20.8942
43          75     78.3793     441.595           0     62.3132     24.5404
43          76     77.8842     442.459           0     64.0969     29.4231
43          77     77.4606     443.361           0     66.5623     31.5433
43          78     77.0749     444.279           0     71.3666      31.135
43          79     76.6688     445.189           0     73.9656     33.4461
43          80      76.181     446.057           0     76.3413     43.8254
43          81     75.5789      446.85           0     75.6041       39.98
#1
44           0     167.241     214.998           0     11.7597     10.9805
44           1     167.512     214.029           0     12.4826     8.39946
44           2     167.769     213.056           0     14.2222     6.77721
44           3     168.004     212.078           0     17.7584     6.20679
44           4     168.218     211.094           0     21.3857     7.03498
44           5     168.408     210.106           0     27.3215      8.9184
44           6     168.562     209.112           0     33.8303     12.0216
44           7     168.699     208.115           0      39.478     15.6142
44           8     168.803     207.114           0     44.3145     19.5185
44           9     168.862     206.109           0     50.5156     24.0891
44          10     168.886     205.103           0     59.3879     31.0467
44          11     168.902     204.097           0     68.7153     40.3707
44          12     168.945     203.091           0     75.2799     46.2909
44          13     169.041      202.09           0     80.3433     45.6269
44          14     169.199     201.096           0     84.1595     39.9627
44          15     169.422     200.115           0     90.5878     32.8696
44          16     169.719     199.153           0     98.3873     27.7259
44          17     170.099     198.221           0     104.171     27.5007
44          18     170.571     197.333           0     105.144     35.3141
44          19      171.14     196.503           0     103.246     43.3745
44          20     171.782     195.728           0     96.1071     43.1347
44          21     172.462     194.986           0     87.0806     37.6498
44          22     173.155     194.257           0     77.2301      29.859
44          23     173.864     193.543           0     73.0969      20.755
44          24     174.612     192.869           0     73.5817     11.4731
44          25     175.417     192.265           0     77.5795     5.74981
44          26     176.279     191.747           0     81.6066     3.66941
44          27     177.185     191.309           0     85.1698     2.85659
44          28      178.12     190.935           0     88.5931     3.03838
44          29     179.073     190.614           0     88.5356     4.77437
44          30     180.042     190.343           0     88.5004     9.94927
44          31     181.023     190.117           0     87.0839     14.9278
44          32      182.01     189.924           0     83.3485     15.9281
44          33     183.001     189.747           0     78.7354      13.887
44          34     183.994     189.582           0     76.7534     11.5142
44          35     184.988     189.428           0     75.4381     10.6641
44          36     185.985      189.29           0     75.4184      11.452
44          37     186.985     189.179           0     75.1122     13.8404
44          38     187.989     189.114           0     72.3503     18.0089
44          39     188.996     189.103           0     68.4005      22.768
44          40     190.001     189.142           0     61.2768      26.258
44          41     191.004     189.224           0     52.0742     27.4822
44          42     192.003     189.349           0     44.2614      27.553
44          43     192.989     189.549           0     46.9588     26.2417
44          44     193.958     189.822           0     58.2524     20.5712
44          45     194.914     190.135           0      72.725     16.0748
44          46     195.871     190.445           0     82.5201      16.227
44          47     196.838     190.723           0     82.9825     18.4557
44          48     197.816      190.96           0     73.1879      20.051
44          49       198.8     191.172           0     56.0938     22.4599
44          50     199.786     191.374           0     42.6358      26.277
44          51     200.773      191.57           0     38.9708     28.7058
44          52     201.762     191.756           0      44.433     27.9902
44          53     202.753     191.928           0     54.7367     25.8268
44          54     203.747     192.084           0     60.9601     25.0094
44          55     204.744     192.226           0     59.2405     27.5052
44          56     205.741     192.357           0     52.7196     31.2075
44          57      206.74     192.479           0     45.3189     33.7597
44          58     207.741     192.589           0     40.0174     34.0226
44          59     208.742     192.684           0     38.5811     31.9365
44          60     209.746     192.764           0     41.8029     27.3914
44          61     210.749      192.84           0     47.5725     21.8398
44          62     211.752      192.92           0      58.484     15.6859
44          63     212.753     193.024           0      70.904     9.46653
44          64     213.746     193.184           0     82.3692     7.60813
44          65     214.716     193.452           0     88.5156     8.89266
44          66     215.635     193.862           0     91.0574     13.0457
44          67     216.484     194.402           0     81.5229     16.5074
44          68     217.278      195.02           0     67.2491     16.6906
44          69     218.051     195.664           0     50.8534     15.6124
44          70     218.837     196.293           0     44.0871     16.1667
44          71     219.644     196.894           0     49.8323      18.826
44          72     220.474     197.463           0     63.7252     22.5861
44          73     221.303     198.033           0     85.7057     26.4387
44          74     222.108     198.637           0     107.561     31.6088
44          75      222.87     199.294           0     123.617     37.7704
44          76      223.62     199.965           0     129.902     40.2879
#1
45           0     246.248     159.361           0     57.5302     29.4285
45           1     247.249     159.316           0      78.912     25.9101
45           2     248.251     159.296           0     96.1023     24.4828
45           3     249.252     159.285           0     93.7535     26.4454
45           4     250.252     159.221           0     77.0629      29.435
45           5     251.247     159.099           0     56.6582     26.0404
45           6     252.236     158.941           0     41.0907     15.9053
45           7     253.223     158.768           0     31.2413     7.28286
45           8     254.208     158.586           0      26.634      3.7007
45           9     255.188     158.378           0     24.0479     3.52693
45          10     256.158     158.127           0     22.5365     5.19527
45          11     257.116     157.833           0       20.57      8.2167
45          12     258.063     157.508           0      19.538     10.0878
45          13     259.004     157.165           0     20.6891     11.4445
45          14     259.944     156.817           0     25.8831     12.5249
45          15     260.885     156.473           0     35.9393     14.0598
45          16     261.827     156.132           0     51.7879     16.0536
45          17     262.768     155.787           0     65.2411     18.6341
45          18     263.706     155.435           0     70.4032     21.7194
45          19      264.64     155.072           0     71.1828     24.9861
45          20     265.569     154.698           0     63.6316     28.2518
45          21       266.5     154.328           0      56.336     32.5897
45          22     267.435     153.968           0     52.5552     37.4609
45          23     268.376     153.625           0     48.2171     42.3557
45          24     269.324     153.299           0     48.7913     47.5092
45          25     270.277     152.991           0     53.0673     50.8929
45          26     271.238     152.709           0     57.1768     52.8333
45          27     272.203      152.44           0     63.8352     53.7065
45          28     273.166     152.163           0     70.1885     53.5654
45          29     274.125     151.872           0      70.549     53.0048
45          30     275.062     151.527           0     63.9329     53.8347
45          31     275.956     151.074           0     56.2158     54.3296
45          32      276.85     150.621           0     49.3323     55.5987
45          33     277.743     150.169           0     48.9034     54.1943
45          34     278.637     149.716           0     50.8281     49.6793
45          35     279.531     149.263           0     55.2153     40.4169
45          36     280.425     148.811           0     60.6369     31.3192
45          37     281.319     148.358           0     66.3053     24.7015
45          38     282.212     147.905           0     74.5733     21.3647
45          39     283.106     147.453           0     80.2069     19.0238
45          40         284         147           0          83     20.7992
#1
46           0     208.588     427.852           0     3.67517     3.37871
46           1     209.493     427.421           0     4.86484    0.762843
46           2      210.39     426.973           0     6.81707    0.494305
46           3     211.264     426.483           0     9.57092    0.949324
46           4     212.112     425.948           0     13.5572     1.38425
46           5     212.963     425.419           0      18.575     1.56597
46           6     213.862     424.976           0     25.1676     1.91435
46           7     214.753     424.516           0     31.2225     2.33663
46           8     215.633     424.036           0      39.172     2.87542
46           9     216.489     423.514           0      43.916     3.15298
46          10     217.308     422.937           0     49.0869     3.08224
46          11      218.09     422.309           0     51.3117     3.21783
46          12     218.837     421.641           0     53.8648     3.23221
46          13     219.566     420.953           0     56.9957     3.22488
46          14      220.29      420.26           0     58.3525     3.51814
46          15     221.015     419.567           0     60.3873     3.87591
46          16     221.747     418.883           0     62.0227     4.15974
46          17     222.486     418.206           0     60.9973       4.462
46          18     223.225     417.528           0     58.5725     5.42506
46          19     223.967     416.855           0     56.5082     7.26939
46          20     224.731     416.206           0     54.5739     10.3144
46          21     225.519     415.586           0     54.7365     15.1472
46          22     226.324     414.989           0     60.2824     21.8618
46          23     227.135     414.399           0     67.3877      30.133
46          24     227.936     413.797           0     78.1207     35.0135
46          25     228.715     413.166           0     87.0579     32.3928
46          26     229.444     412.479           0     91.6561     24.6147
46          27     230.105     411.725           0     94.6993     17.8623
46          28     230.706     410.923           0     94.2402     15.0078
46          29     231.273     410.096           0      95.371     15.4013
46          30     231.821     409.256           0     99.3949     17.5985
46          31     232.368     408.416           0     105.917     21.0554
46          32     232.932     407.588           0     118.113     21.1449
46          33     233.538      406.79           0     125.763     16.7326
46          34     234.205     406.041           0     131.719      11.523
46          35     234.915     405.333           0     125.411     8.60907
46          36     235.635     404.636           0     113.271     7.04167
46          37     236.339     403.922           0     101.948      6.4143
46          38     237.009     403.177           0      88.121     5.47096
46          39      237.65     402.407           0     76.3491     5.79994
46          40     238.258     401.609           0     71.4451     7.50701
46          41      238.83     400.787           0     70.3708     9.57455
46          42     239.371     399.943           0     70.9918     11.7191
46          43     239.877     399.077           0      73.199      14.404
46          44     240.355     398.197           0     73.7205     16.3007
46          45     240.824     397.311           0     72.4998     17.5149
46          46     241.299     396.428           0     69.6005     17.4941
46          47     241.787     395.552           0     67.8313     18.0896
46          48     242.287     394.684           0     68.2581     21.0258
46          49     242.802     393.823           0     72.8946     26.9183
46          50     243.344      392.98           0     81.6404     36.2868
46          51      243.95     392.182           0     99.2309     40.5959
46          52     244.659     391.474           0     117.505     36.1379
46          53      245.49     390.915           0     131.126     31.9069
46          54     246.398     390.489           0     131.403     29.3136
46          55     247.303      390.06           0     130.803     31.1918
46          56     248.124     389.484           0     123.298     42.2399
46          57     248.779     388.726           0     116.004     49.8035
46          58      249.25     387.841           0     112.593     39.9684
46          59     249.585     386.896           0     117.963      34.523
46          60     249.897     385.944           0     132.643     31.3144
46          61      250.33      385.04           0     144.688     25.8311
46          62     250.958      384.26           0     142.184     22.1344
46          63     251.723     383.612           0     127.438     19.2923
46          64     252.534     383.023           0      118.23     14.5193
46          65      253.34     382.428           0     113.529     9.49808
46          66     254.099     381.772           0     115.516      6.0018
46          67     254.786     381.043           0     115.775      4.1495
46          68     255.411     380.259           0      111.17     3.97083
46          69     255.995     379.444           0     111.511     3.80467
46          70     256.559     378.616           0     111.286      4.1202
46          71     257.115     377.781           0     117.585     4.75035
46          72     257.659      376.94           0     119.247     4.74163
46          73     258.183     376.085           0     116.803     4.42714
46          74     258.675     375.212           0     105.204     3.31171
46          75     259.129     374.318           0      94.034     2.48268
46          76     259.538     373.403           0     81.8401     1.90039
46          77     259.897     372.467           0       78.66     2.95515
46          78      260.22     371.518           0     80.9393     3.57673
46          79     260.545      370.57           0     90.9928     4.47557
46          80     260.941     369.649           0     105.015      6.8215
46          81     261.467     368.796           0     109.696     9.64709
46          82     262.106     368.024           0     107.135     14.1138
46          83     262.762     367.266           0     94.9823     18.8025
46          84      263.36     366.462           0     82.9382     23.9456
46          85     263.859     365.592           0     72.8923     27.7116
46          86     264.262     364.675           0     64.9277     26.5661
46          87     264.614     363.736           0     63.4246     22.8632
46          88     264.977     362.802           0     69.6198       20.93
46          89     265.387     361.887           0     79.5032     20.0107
46          90     265.857     361.001           0     96.1111     20.0766
46          91     266.358     360.133           0     105.576      20.291
46          92     266.838     359.253           0     109.664     20.6842
46          93     267.258     358.343           0     104.491     21.5835
46          94     267.608     357.404           0     95.2706     23.3543
46          95     267.909     356.448           0     89.0163     25.3872
46          96     268.193     355.487           0     82.0089     28.2995
46          97     268.478     354.526           0     75.6724     32.8122
46          98      268.79     353.573           0      72.221     36.7081
46          99     269.156      352.64           0     68.1615     39.3634
46         100     269.596     351.739           0     61.8667     39.9778
46         101     270.133     350.893           0     56.8329     39.5544
46         102     270.765     350.115           0     47.8925     40.2092
46         103     271.446     349.379           0     48.4563     40.9953
46         104     272.087     348.609           0        55.6     31.8183
46         105     272.593     347.744           0     64.4317     21.0518
46         106     272.866      346.78           0     73.1759     19.5167
46         107     272.866     345.778           0     79.2907     19.4982
46         108     272.607      344.81           0     83.4595     16.6628
46         109     272.152     343.917           0     87.1625     12.9927
46         110     271.609     343.075           0     82.2269     12.3528
46         111     271.082     342.222           0     69.1061     15.0715
46         112       270.6     341.343           0      48.855     18.1261
46         113     270.142     340.452           0     30.9168     19.3494
#1
47           0     207.405     95.6095           0     143.698     57.7634
47           1     207.063     96.5549           0     132.434     61.5507
47           2     206.575     97.4345           0     98.8994     40.5421
47           3     206.025     98.2764           0     74.0002     29.1498
47           4     205.442      99.096           0     59.1221     19.6106
47           5     204.856     99.9139           0     58.2732     9.08158
47           6     204.309     100.758           0       60.18     3.25769
47           7     203.832     101.643           0     61.7281     2.49021
47           8     203.442     102.571           0     59.1308     1.92505
47           9     203.126     103.525           0     58.5734     1.48967
47          10     202.852     104.493           0     57.8845     1.12339
47          11     202.603     105.468           0     58.4108      1.0671
47          12     202.365     106.445           0     61.2508      1.0466
47          13     202.136     107.425           0      64.805    0.932119
47          14     201.922     108.408           0     66.3486    0.803974
47          15     201.738     109.396           0      65.238    0.841553
47          16     201.584      110.39           0     64.0413    0.736064
47          17     201.439     111.386           0      62.931    0.705189
47          18     201.279     112.379           0      62.019    0.742341
47          19      201.09     113.367           0     62.3272     0.79927
47          20     200.872     114.349           0      62.023    0.706417
47          21     200.636     115.327           0     61.5656    0.746442
47          22     200.392     116.302           0     62.6203    0.739506
47          23     200.141     117.277           0     64.1946    0.624108
47          24      199.89      118.25           0     64.5331    0.580279
47          25     199.646     119.226           0     61.7252    0.525006
47          26      199.41     120.204           0     59.9064    0.459259
47          27     199.175     121.182           0     61.1224    0.428038
47          28     198.942     122.161           0     63.9443    0.265091
47          29     198.727     123.143           0      66.078    0.274428
47          30     198.546     124.133           0     68.4615    0.326525
47          31       198.4     125.128           0     67.7388    0.301431
47          32     198.271     126.126           0      64.805    0.186324
47          33     198.142     127.123           0     61.5661   0.0889343
47          34     198.002     128.119           0     61.2209   0.0521081
47          35     197.847     129.113           0      61.809    0.135972
47          36     197.679     130.105           0      62.528    0.234406
47          37     197.489     131.093           0     63.4025    0.263146
47          38     197.264     132.073           0     63.5636     0.21431
47          39         197     133.044           0     64.9521    0.333185
47          40     196.719      134.01           0     62.5964    0.310994
47          41     196.442     134.976           0     63.0713    0.296868
47          42     196.172     135.945           0       65.52    0.222392
47          43     195.909     136.916           0     66.9726     0.29644
47          44     195.663     137.892           0     63.7591     0.32916
47          45     195.434     138.871           0     60.8456    0.236648
47          46     195.207     139.851           0     59.7342     0.15399
47          47     194.975      140.83           0      60.729    0.132859
47          48     194.747      141.81           0     59.4959    0.212855
47          49     194.531     142.792           0     59.7202    0.201226
47          50      194.32     143.775           0     60.3111    0.237773
47          51     194.109     144.759           0      61.043     0.59483
47          52     193.895     145.742           0     60.9513     1.74885
47          53      193.69     146.727           0      59.837     3.60323
47          54     193.508     147.716           0     60.2169      5.9559
47          55     193.352      148.71           0      61.528     8.57752
47          56     193.219     149.707           0     63.0832     10.9281
47          57       193.1     150.705           0     64.0603     12.8518
47          58     192.985     151.705           0     64.1272     13.3119
47          59      192.87     152.704           0     62.2719     12.8781
47          60     192.751     153.703           0     61.6044     11.5185
47          61     192.614     154.699           0     61.4513     9.15569
47          62     192.453     155.692           0     61.8966     6.67496
47          63     192.266     156.681           0     62.4251     4.69381
47          64     192.061     157.665           0     63.4283     3.51769
47          65     191.861     158.651           0     61.0177     2.71086
47          66     191.678      159.64           0     57.3318     2.38505
47          67      191.51     160.632           0     53.1572      1.7585
47          68     191.347     161.624           0     48.0982     1.19774
47          69     191.177     162.616           0     42.5572    0.843578
47          70     190.997     163.606           0     37.9467    0.509889
47          71     190.813     164.595           0     32.7593    0.303821
47          72     190.636     165.585           0     30.1647    0.193036
47          73     190.466     166.576           0     29.8129    0.213086
47          74     190.298     167.568           0     31.3697    0.273559
47          75     190.131      168.56           0     33.5798     0.31966
47          76     189.963     169.552           0     34.8207    0.312649
47          77     189.802     170.544           0     33.3337    0.399621
47          78     189.651     171.539           0      29.796    0.380208
47          79     189.509     172.535           0     25.0981    0.280443
47          80     189.359     173.529           0      19.824    0.280292
47          81     189.184      174.52           0      14.401    0.370134
47          82     188.973     175.503           0     9.90487    0.476164
47          83      188.73     176.479           0     5.80113    0.818443
47          84     188.476     177.453           0     2.87957      2.6126
#1
48           0     112.645     187.384           0     43.5293     15.9141
48           1     112.991     188.328           0     42.7831     18.4222
48           2     113.648      189.09           0     33.5619     3.62468
48           3      114.47      189.67           0     21.7568     2.20188
48           4     115.352     190.154           0     12.6206     2.03922
48           5     116.249      190.61           0      5.6179     2.01475
48           6     117.147     191.065           0     1.73284     1.58879
#1
49           0     56.0995     240.772           0     161.066     64.3145
49           1     56.8393     241.459           0     140.492     67.3709
49           2     57.4832     242.238           0     100.632     53.0891
49           3     58.1177     243.024           0      69.225     29.0838
49           4     58.8098      243.76           0     63.5758     15.3308
49           5     59.6009     244.389           0     65.0466     12.2438
49           6     60.4683     244.907           0     71.1805     9.13648
49           7     61.3707     245.361           0     70.5023     4.95861
49           8     62.2894     245.782           0     70.1364     2.46065
49           9     63.2044      246.21           0     65.7799    0.910125
49          10     64.1165     246.645           0     59.4289    0.233083
49          11     65.0273     247.083           0     58.2298    0.243248
49          12     65.9434     247.509           0     58.2937      0.2119
49          13     66.8679     247.916           0     65.8212    0.357269
49          14     67.8001     248.306           0     69.4828    0.369235
49          15     68.7394     248.678           0     73.1182     0.41808
49          16     69.6803     249.046           0     75.7061    0.539869
49          17     70.6242     249.407           0     70.3557    0.482479
49          18     71.5715     249.758           0     67.9436    0.497651
49          19     72.5203     250.106           0     65.7231    0.644939
49          20     73.4741     250.439           0     60.4812    0.583743
49          21     74.4337     250.755           0      58.335    0.580923
49          22     75.3984     251.056           0     56.7394    0.475703
49          23     76.3733     251.321           0     49.4557    0.876774
49          24     77.3629     251.525           0     43.1854     3.06259
49          25     78.3657     251.648           0     40.1084      9.1451
49          26     79.3757     251.676           0     43.9765     34.0204
49          27     80.3797     251.563           0     56.9517     75.2904
49          28     81.3351     251.237           0     73.9993       87.83
49          29     82.1638      250.66           0     85.2848     68.5866
49          30     82.8448     249.914           0     92.5426     41.1088
49          31     83.4541     249.108           0     93.8481     28.6247
49          32     84.0488     248.291           0     94.9332     24.3523
49          33     84.6573     247.485           0     89.7952     22.4387
49          34     85.2863     246.694           0     85.3468      21.121
49          35     85.9386     245.922           0     81.8182     20.0579
49          36     86.6203     245.177           0     82.0513     18.7845
49          37     87.3213     244.449           0      85.213     17.7625
49          38      88.011     243.711           0     93.1921     16.6384
49          39      88.644     242.923           0     99.8093     17.1688
49          40     89.1646     242.057           0     101.652     17.4121
49          41     89.5565     241.126           0     97.4903       15.34
49          42     89.8757     240.168           0     94.9213     13.5065
49          43      90.158     239.197           0     99.1109     12.6454
49          44     90.4211     238.222           0     116.365     14.1803
49          45     90.6952     237.249           0     143.881      20.613
49          46     91.0702     236.311           0     169.687     36.3509
49          47     91.6729     235.502           0     170.575      34.052
#1
50           0     127.793     274.529           0     107.746     58.2864
50           1       127.3     275.403           0     100.085     57.8176
50           2     126.819     276.284           0     86.4561     42.0394
50           3     126.305     277.146           0     72.4203     23.6721
50           4     125.752     277.983           0     67.7436     11.1787
50           5     125.178     278.807           0     70.3694     4.98206
50           6     124.607     279.632           0     75.5018     2.49598
50           7      124.05     280.467           0      83.188     1.47272
50           8     123.514     281.315           0     84.3005     1.85071
50           9     122.996     282.175           0     90.6012     2.20124
50          10      122.49     283.041           0     88.8823     2.71589
50          11     121.998     283.916           0     93.5575     3.32144
50          12      121.52     284.799           0     88.7193     3.62322
50          13     121.051     285.686           0     90.0954     4.40736
50          14     120.574     286.569           0      87.346      5.8411
50          15     120.082     287.444           0     90.4865     8.86451
50          16     119.566     288.305           0     88.0315     13.4556
50          17     119.018     289.145           0     89.7985      18.775
50          18     118.421     289.952           0     82.1555     24.9736
50          19     117.782     290.726           0     78.8824     31.1975
50          20     117.125     291.485           0     79.6413      35.742
50          21     116.487     292.259           0     86.2689     35.4165
50          22     115.915     293.084           0     99.1441     32.6138
50          23     115.446     293.971           0     106.062     29.7829
50          24     115.079     294.905           0     115.953     27.4797
50          25     114.772      295.86           0     120.916     24.6988
50          26     114.508     296.829           0     123.241     22.8355
50          27     114.274     297.805           0     125.091     21.5946
50          28     114.049     298.783           0     125.659     20.4979
50          29      113.81     299.757           0     119.472     20.0456
50          30     113.545     300.725           0     111.359     20.7681
50          31     113.234     301.679           0     104.193     21.6238
50          32     112.845     302.605           0     98.2513     22.6647
50          33     112.357     303.481           0     93.1997     23.6475
50          34     111.756     304.285           0     93.1057     25.1439
50          35     111.065     305.012           0      93.877     28.5886
50          36     110.336     305.703           0     94.5987     34.0239
50          37     109.648     306.433           0     102.953     35.8004
50          38     109.074     307.256           0     116.551     30.7031
50          39     108.695     308.185           0     124.293      26.379
50          40     108.537     309.176           0      127.57     23.3587
50          41     108.517     310.179           0     127.675     19.9116
50          42     108.508     311.183           0      125.74     17.7796
50          43     108.436     312.184           0     123.932     17.1086
50          44     108.283     313.175           0     121.377     16.7829
50          45     108.065     314.155           0     118.663      16.747
50          46     107.814     315.127           0     113.034      18.525
50          47     107.543     316.093           0     107.098     22.4511
50          48     107.233     317.047           0     102.206     28.2665
50          49     106.871     317.983           0     95.7957     35.1117
50          50     106.467     318.902           0     86.0139     40.5735
50          51     106.046     319.813           0     78.1837      44.192
50          52     105.631     320.727           0     68.6449     47.7534
50          53     105.247     321.654           0      63.464     49.8281
50          54     104.893     322.593           0     61.8069     50.2638
50          55     104.572     323.544           0     61.2191     48.1833
50          56     104.281     324.505           0     63.6727     43.3536
50          57      104.01     325.471           0     68.3229     37.4814
50          58     103.753     326.441           0     68.2662      31.087
50          59     103.511     327.415           0     66.6842     25.5085
50          60     103.265     328.388           0     64.9351     21.0958
50          61     102.989     329.353           0     63.4864     18.5841
50          62     102.669     330.304           0     58.4011     17.8313
50          63     102.308     331.241           0     56.9619     17.7122
50          64     101.915     332.164           0     58.8381     18.1231
50          65     101.514     333.084           0     61.1742     18.7342
50          66     101.115     334.005           0     66.9659     19.3078
50          67     100.722     334.928           0     67.2013     18.8787
50          68     100.325      335.85           0     60.4444     18.0088
50          69      99.921     336.769           0     46.6292     16.3992
50          70     99.5235      337.69           0     32.3497     14.1591
50          71     99.1537     338.623           0     25.4311     12.2514
50          72     98.8221     339.571           0     23.0988     10.1913
50          73     98.5361     340.532           0     22.7447     9.14753
50          74     98.2974     341.507           0     23.7616     8.17113
50          75     98.1018     342.492           0     25.1362     7.10082
50          76     97.9425     343.483           0     26.8204     6.20796
50          77     97.8075     344.477           0      28.092     5.89432
50          78     97.6735     345.472           0      28.501     5.77762
50          79     97.5158     346.463           0     28.2771     5.66148
50          80     97.3219     347.447           0     27.2645     5.24606
50          81     97.0931     348.425           0     25.9252     4.74514
50          82     96.8406     349.396           0     23.8562      3.9322
50          83     96.5718     350.363           0     22.0015     3.56586
50          84      96.284     351.324           0      21.048      3.2714
50          85     95.9732     352.279           0     22.4915     3.10422
50          86     95.6443     353.227           0     24.3396     2.84438
50          87      95.306     354.172           0     27.9168     3.33086
50          88      94.987     355.123           0     32.0873     5.10525
50          89      94.736     356.095           0     32.4766     9.10643
50          90     94.5985     357.089           0     29.4138     12.4235
50          91     94.5877     358.092           0     22.7664     10.8842
50          92     94.6864     359.091           0     15.9211     6.76552
50          93     94.8566      360.08           0      11.977     3.32279
50          94     95.0592     361.063           0     12.1965       2.137
50          95     95.2569     362.047           0     16.2935     2.69138
50          96      95.414     363.038           0     22.6809     4.51222
50          97     95.4934     364.039           0     29.7056      6.4682
50          98     95.4655     365.042           0     35.1473     7.80145
50          99     95.3223     366.035           0     38.7488     8.76133
50         100     95.0791     367.009           0     41.6994     10.0306
50         101     94.7707     367.964           0     43.6731     12.0463
50         102     94.4273     368.907           0     45.8917     14.6749
50         103     94.0753     369.847           0     47.5047     16.8636
50         104     93.7343      370.79           0     44.1399     17.7696
50         105     93.4039     371.738           0     39.6994     16.9122
50         106      93.062     372.682           0     36.8087     15.2861
50         107      92.667     373.604           0     36.2087     14.2451
50         108     92.1665     374.474           0     39.0547     15.7058
50         109     91.5191     375.241           0     42.2326     27.1861
50         110     90.7296      375.86           0     44.3278     42.6255
50         111     89.8488     376.341           0     44.6231     43.7479
50         112     88.9306     376.746           0     47.1442     41.2254
50         113     88.0001     377.122           0     53.7546     38.2691
50         114     87.0468     377.436           0     60.5096     31.3202
50         115      86.054     377.581           0     65.6492     24.0266
50         116     85.0599     377.447           0     63.8733     14.2853
50         117     84.1313     377.067           0     58.4444     9.38575
50         118     83.2833      376.53           0     49.9245     8.67916
50         119     82.4783     375.931           0     45.5527     9.66129
50         120     81.7067     375.289           0     44.0731      14.151
50         121     80.9385     374.643           0      48.537     17.0093
50         122     80.0965     374.097           0     54.6893     17.2853
50         123     79.1332     373.819           0     56.4272     45.0759
50         124     78.1301     373.851           0     52.7856     54.0916
#1
51           0     233.308     233.861           0     137.011     32.8601
51           1     233.822     234.714           0     162.376     44.5888
51           2     234.312      235.58           0      157.41     53.0475
51           3     234.761     236.469           0     131.352      57.802
51           4     235.199     237.363           0     104.039     55.7296
51           5      235.65     238.251           0     88.0065     45.8815
51           6     236.132     239.122           0     84.4541     32.8777
51           7     236.611     239.995           0     81.3854     19.8706
51           8     236.999     240.912           0     74.6079     10.5946
51           9      237.23      241.88           0     58.0631     7.90693
51          10     237.316     242.872           0     40.9118     5.18135
51          11     237.313     243.868           0     27.1434     2.86309
51          12     237.261     244.862           0     20.7198      2.3414
51          13     237.188     245.855           0     19.5528     3.72778
51          14      237.12     246.848           0     22.8287     5.57112
51          15     237.088     247.844           0      28.471     6.73143
51          16       237.1     248.839           0     31.1463     7.06307
51          17     237.104     249.835           0     29.2365     5.49411
51          18     237.064      250.83           0     27.1062     4.06135
51          19     236.994     251.823           0     26.9752     4.51649
51          20     236.915     252.815           0     27.5438     5.56847
51          21     236.836     253.808           0     29.1255     6.77772
51          22     236.767     254.801           0     29.4872     8.22016
51          23     236.704     255.795           0     29.4082     9.87847
51          24     236.646     256.789           0     28.7829      11.464
51          25     236.593     257.783           0     28.1285     13.1403
51          26     236.543     258.778           0     27.6443     14.8383
51          27     236.476     259.771           0      27.109     16.7468
51          28     236.404     260.764           0      26.691     19.0298
51          29     236.332     261.757           0     26.6683     21.5108
51          30     236.257      262.75           0     26.5494      23.804
51          31     236.183     263.743           0     26.6331      25.662
#1
52           0         313         268           0         113     10.2715
52           1     313.383     268.923           0     119.729     19.9601
52           2     313.765     269.847           0     128.584      25.254
52           3     314.148      270.77           0     129.049     31.1682
52           4      314.53     271.693           0     114.368     34.9463
52           5     314.913     272.617           0     92.3034     37.2127
52           6     315.295      273.54           0     66.7672     37.0637
52           7     315.678     274.463           0     44.4896     35.7187
52           8      316.06     275.387           0     29.1381     33.9332
52           9     316.443      276.31           0      20.555     31.3013
52          10     316.825     277.233           0     15.4924     28.1084
52          11     317.208     278.157           0      13.723     23.7814
52          12      317.59      279.08           0     15.0887     19.2517
52          13     317.973     280.003           0     18.9619      16.229
52          14     318.258     280.954           0     23.4989     15.1262
52          15     318.403     281.943           0       28.69     13.5449
52          16     318.529     282.934           0     33.6701     11.1496
52          17     318.625     283.929           0     39.4555     9.33319
52          18     318.696     284.926           0     44.1541     7.93445
52          19     318.776     285.922           0     47.8505     6.21013
52          20     318.905     286.912           0     50.5307      3.3719
52          21       319.1     287.892           0     48.5813      1.4882
52          22     319.342     288.861           0     45.8589     1.46869
52          23     319.556     289.837           0     44.5315     2.00183
52          24     319.666     290.828           0     47.9758     2.00732
52          25     319.627     291.823           0     53.7573     2.49702
52          26      319.44     292.803           0     63.3459     3.13497
52          27     319.142     293.756           0     79.9096     4.55058
52          28     318.795     294.694           0      99.621      7.9202
52          29     318.482     295.641           0     115.792     11.9757
52          30     318.283     296.618           0     127.037      14.682
52          31     318.231     297.614           0     134.987     12.6818
52          32     318.301      298.61           0     141.214     10.8589
52          33     318.459     299.596           0     145.643     10.6296
52          34     318.688     300.568           0      151.37     11.1781
52          35     318.991      301.52           0     161.031     13.2368
52          36     319.399      302.43           0     164.663     14.4761
52          37     319.938     303.268           0     165.145      14.736
52          38     320.578     304.036           0     137.025     14.1526
52          39     321.254     304.771           0     100.676     14.2526
52          40     321.935     305.502           0     72.6045     15.6112
52          41     322.594     306.253           0     58.6392     17.4925
52          42     323.211      307.04           0      56.005      19.449
52          43     323.782     307.859           0     57.9387     21.2124
52          44     324.319     308.702           0     60.9451     22.1857
52          45     324.832      309.56           0      67.214     20.3511
52          46     325.339     310.421           0      71.063     15.4367
52          47     325.845     311.283           0     75.8288     9.08281
52          48     326.351     312.145           0     75.3018     4.10057
52          49     326.844     313.014           0     75.7033     1.76433
52          50     327.328     313.889           0     73.8002     1.04101
52          51     327.806     314.766           0     73.0969     1.39666
52          52      328.29     315.641           0     70.6062     2.21137
52          53     328.784      316.51           0     68.1087     3.72006
52          54     329.289     317.372           0     65.0111     4.46209
52          55     329.803     318.229           0     65.7713     3.71755
52          56     330.334     319.076           0     71.4047     2.22782
52          57      330.89     319.906           0     82.3906     1.21841
52          58     331.473     320.718           0     83.9678      1.2381
52          59     332.059     321.527           0     83.0837     1.25489
52          60     332.623     322.352           0     72.8895     1.28322
52          61     333.136     323.209           0     66.2257     1.45985
52          62     333.595     324.097           0     63.0906     1.48245
52          63     334.028     324.998           0     71.7819     1.75194
52          64     334.472     325.893           0      82.212     1.75118
52          65     334.949     326.771           0     98.4018     1.99433
52          66     335.465     327.627           0     101.761     1.90275
52          67     336.009     328.465           0      104.04      1.7292
52          68      336.57     329.292           0     92.4379     1.71633
52          69     337.127     330.122           0     84.0209     1.47473
52          70     337.671     330.961           0     71.5098     1.31864
52          71     338.202     331.807           0     63.4295     1.23419
52          72     338.724      332.66           0     57.2252     1.11982
52          73      339.24     333.516           0     53.5131     1.11794
52          74     339.743     334.379           0     51.1218     1.14974
52          75     340.229     335.253           0     50.4481     1.21288
52          76     340.688      336.14           0     52.0572     1.55444
52          77     341.119     337.042           0      57.533     1.81549
52          78     341.521     337.957           0     61.7945     2.05059
52          79     341.896     338.883           0     70.7025     2.51322
52          80     342.245      339.82           0     76.0546     2.56338
52          81     342.563     340.767           0     78.9982     2.59362
52          82     342.856     341.723           0     82.6138     2.55135
52          83     343.134     342.682           0     83.7194     2.20907
52          84     343.406     343.644           0      83.989      1.9972
52          85     343.693     344.602           0     86.1607     1.55745
52          86     344.017     345.547           0     88.0706     1.39683
52          87     344.375      346.48           0     79.1979     1.03709
52          88     344.744     347.409           0     72.5765    0.707004
52          89     345.105     348.341           0     67.9445    0.678047
52          90     345.438     349.283           0      63.953    0.543321
52          91     345.733     350.238           0     67.7945    0.655535
52          92     345.999     351.201           0     77.7929    0.941713
52          93     346.229     352.174           0     84.4285     1.10738
52          94     346.409     353.157           0     88.3095     1.06456
52          95     346.533     354.148           0     84.1463      1.0137
52          96     346.605     355.145           0     70.3408    0.884487
52          97     346.653     356.144           0     48.8173     0.71926
52          98     346.706     357.142           0     26.3432    0.666722
52          99     346.782     358.138           0     15.3595    0.634905
52         100     346.889     359.132           0     9.47288    0.640952
52         101     347.013     360.123           0     5.74024    0.647915
52         102     347.152     361.113           0     3.63866    0.447176
52         103     347.307       362.1           0     1.89954    0.241203
52         104     347.468     363.087           0    0.913173   0.0407564
52         105     347.629     364.073           0           0           0
#1
53           0      301.58     125.144           0     75.2362     33.3391
53           1     302.443     124.623           0     68.5573     27.9575
53           2     303.229     123.991           0     52.9244     17.1088
53           3     303.976     123.314           0     39.0816     9.00719
53           4     304.718     122.632           0     32.6826     3.08548
53           5     305.472     121.962           0     31.9379     1.06275
53           6     306.245     121.315           0      32.789     1.17398
53           7     307.036      120.69           0     34.2911     1.21987
53           8     307.836     120.076           0     33.6706     1.00087
53           9     308.649      119.48           0     29.1925    0.909135
53          10     309.475     118.901           0     26.1177    0.663478
53          11     310.309     118.335           0     23.3577    0.461968
53          12     311.153     117.784           0     23.5797    0.449759
53          13     312.009     117.251           0     25.2545    0.610777
53          14     312.876     116.736           0     27.3897    0.646068
53          15     313.754     116.241           0     29.1679    0.601028
53          16      314.64     115.759           0     31.4475    0.679679
53          17     315.527     115.279           0     34.9989    0.848741
53          18     316.403     114.781           0     41.6013     1.09959
53          19     317.261     114.251           0     50.0479     1.26233
53          20     318.086     113.672           0     55.7823     1.43432
53          21      318.87     113.037           0     55.6241      1.3687
53          22     319.615     112.359           0      45.728     1.40446
53          23     320.343     111.661           0       37.68     1.27901
53          24     321.072     110.965           0     33.3711     1.08283
53          25     321.817     110.284           0     28.8974    0.976652
53          26     322.579     109.624           0     24.7218    0.924096
53          27      323.35     108.975           0     19.7508    0.593173
53          28     324.132     108.339           0     12.7364    0.392577
53          29     324.918     107.707           0     7.40103    0.188535
53          30     325.702     107.073           0     3.71258   0.0212944
53          31     326.482     106.434           0     1.74309   0.0402979
53          32     327.261     105.794           0    0.586771           0
53          33      328.04     105.154           0           0           0
#1
54           0     272.874       159.4           0       134.7       84.46
54           1      272.97     160.388           0     122.034     73.6805
54           2     273.109     161.372           0     89.3673     79.5792
54           3     273.354     162.335           0     57.9767     65.8177
54           4     273.624     163.291           0     40.5211     44.8534
54           5      273.85     164.259           0     35.1037     30.6294
54           6     274.018     165.238           0     34.9275     21.5655
54           7     274.153     166.223           0     34.4227     14.5642
54           8      274.28     167.208           0     34.0107     8.81786
54           9     274.433      168.19           0      32.728     4.42625
54          10     274.626     169.165           0     30.6079     2.50821
54          11     274.859     170.131           0     28.6908       2.045
54          12     275.129     171.087           0     27.4718     2.07812
54          13      275.42     172.038           0     25.9782     2.23385
54          14     275.716     172.986           0     25.7202     2.33857
54          15     276.016     173.934           0     25.9666      2.2863
54          16     276.318      174.88           0     25.6437     1.91029
54          17     276.635     175.822           0     26.1085     1.80551
54          18     276.973     176.757           0     27.6813     1.78138
54          19     277.343     177.679           0     29.1368     1.67567
54          20      277.75     178.585           0     32.1944     1.79551
54          21     278.189     179.477           0     36.3127     2.01208
54          22     278.649     180.358           0     40.5839     2.53829
54          23     279.116     181.235           0     45.5819     3.56818
54          24     279.575     182.116           0     49.4172     4.56183
54          25     280.015     183.007           0     53.9845     6.06695
54          26     280.426     183.912           0     56.1366     6.83595
54          27     280.811     184.828           0     57.3249     7.43499
54          28     281.186     185.748           0     56.5525     7.78288
54          29     281.561     186.668           0        53.1     8.30776
54          30     281.957      187.58           0     50.1869     9.46401
54          31     282.391     188.474           0     48.4853     12.4865
54          32     282.889     189.333           0     51.6314     19.9316
54          33     283.496      190.12           0      57.818     30.8978
54          34     284.223     190.797           0     65.5381     32.3215
54          35     284.983     191.438           0     66.2996     40.7472
#1
55           0     244.068     209.155           0     62.1873     55.1433
55           1     244.018     210.156           0     53.7181     46.5625
55           2     243.963     211.158           0     33.2155     27.8503
55           3     243.897     212.158           0     18.6367     11.9159
55           4     243.833     213.159           0      18.938     5.27413
55           5     243.788     214.161           0     27.3096     5.58689
55           6      243.78     215.164           0     38.2319     7.92724
55           7     243.785     216.166           0     49.7193     11.0339
55           8     243.794     217.169           0     60.4204     17.2826
55           9     243.815     218.172           0     70.1084     25.2686
55          10     243.886     219.172           0     78.3479     33.1017
55          11     244.085     220.155           0     83.1437     34.5976
55          12     244.498     221.068           0     79.1126     35.9569
55          13      245.12     221.855           0     68.2057     32.4735
55          14     245.876     222.513           0     57.4673     17.0351
55          15     246.694     223.093           0     50.6071     8.79615
55          16     247.527     223.651           0     46.9973      7.7669
55          17     248.342     224.236           0      47.647     9.84687
55          18     249.107     224.884           0     50.1549     12.4238
55          19     249.788      225.62           0     51.7051     14.0412
55          20     250.364     226.441           0     53.9296     16.1446
55          21     250.833     227.327           0      58.036     17.7701
55          22     251.212     228.256           0     62.7718     15.0761
55          23      251.52      229.21           0     67.0972     10.5345
55          24     251.782     230.178           0     70.9693     8.70368
55          25     252.031     231.149           0     74.0659     10.4124
55          26     252.309     232.113           0     74.9011     16.0478
55          27     252.663     233.051           0     77.9644     22.4608
55          28     253.138     233.934           0     82.3991     25.0228
55          29     253.753     234.726           0     80.8902     29.0367
55          30     254.481     235.416           0     75.8094     26.8868
55          31     255.275     236.028           0     69.5934     20.2445
55          32     256.102     236.595           0      61.641     18.7192
55          33     256.951     237.129           0     57.0294     22.1021
55          34     257.825      237.62           0     54.8133     28.0044
55          35     258.733     238.047           0     55.3696     34.1443
55          36     259.676     238.388           0     56.0144     35.5545
55          37     260.644      238.65           0     56.8316     31.2849
55          38     261.624      238.86           0     56.3674     26.6068
55          39     262.605     239.067           0     54.4122     25.4342
55          40     263.576     239.321           0     51.1053     27.0594
55          41     264.521     239.656           0     47.6781     30.6193
55          42      265.43     240.078           0     44.1224     33.0809
55          43     266.305     240.569           0     41.5029      33.133
55          44     267.162     241.089           0     39.8936     30.8863
55          45     268.029     241.594           0     35.1426     27.4282
55          46     268.911     242.071           0     35.8319     24.4371
55          47     269.804     242.526           0     33.8466     19.6921
55          48     270.693      242.99           0      41.178     15.3315
55          49     271.564     243.488           0     47.8339     12.6258
55          50     272.412     244.024           0     57.4363     12.8563
55          51     273.252     244.571           0     65.0431     16.6113
55          52     274.106     245.096           0     75.6693     30.9993
55          53     274.994     245.562           0     83.0206     47.5505
55          54     275.914     245.962           0     89.3341     48.8389
55          55     276.843      246.34           0     84.4117     44.7055
55          56      277.76     246.746           0     72.8696      39.079
55          57     278.655     247.198           0     56.9124     28.2825
55          58      279.54      247.67           0     44.3448     16.6816
55          59     280.429     248.134           0     40.5038     10.5689
55          60     281.335     248.563           0     40.4368     7.91646
55          61     282.257     248.958           0     42.4349     9.34087
55          62     283.185     249.339           0     41.7278     13.7946
55          63     284.104     249.739           0     47.6657     21.1916
55          64     285.007     250.174           0     63.8332     28.5171
55          65     285.897     250.637           0     84.7994     37.4948
55          66     286.785     251.103           0     103.083     45.3485
55          67     287.677     251.562           0     108.492     47.9817
55          68     288.562     252.033           0     101.212     46.3997
55          69     289.428     252.539           0     81.5544     42.9668
55          70     290.289     253.052           0     65.7748     35.1428
55          71     291.167     253.537           0      62.152     26.5159
55          72     292.081     253.951           0     71.6152     18.8369
55          73      293.03     254.272           0     79.6307     12.0139
55          74      294.01     254.487           0     89.9737     8.77409
55          75     295.005     254.612           0     98.6678     8.04989
55          76     296.006     254.676           0     98.0025     8.82391
55          77     297.008     254.707           0     88.1062     12.4635
55          78     298.011     254.724           0      70.839     15.0033
55          79     299.013     254.743           0     55.8291     14.7561
55          80     300.016     254.758           0     45.1988     12.3879
55          81     301.019     254.773           0     40.5782     8.68835
55          82     302.021     254.796           0     42.5716     5.68746
55          83     303.023     254.836           0     51.4928     5.78892
55          84     304.024       254.9           0     65.5945     11.3462
55          85     305.022     254.995           0     87.5525     22.9566
55          86     306.014     255.144           0     113.125     37.7967
55          87     306.984     255.397           0     130.298     43.1974
55          88     307.894     255.817           0     135.271     27.0257
55          89     308.697     256.417           0     125.566     13.0174
55          90      309.39     257.142           0     118.144     11.0461
55          91     309.958     257.969           0     109.864     18.5063
55          92     310.388     258.874           0     99.8946     36.7654
55          93     310.715     259.822           0     92.8143     43.9901
55          94     310.989     260.787           0     89.7594     42.7556
55          95     311.249     261.756           0     86.7568     41.0323
55          96     311.516     262.722           0     87.6323     36.8928
55          97     311.801     263.684           0     90.8007     29.7483
55          98     312.101     264.641           0        94.4     23.3229
55          99     312.401     265.598           0     97.1903     17.6558
55         100     312.677     266.562           0     102.017     13.7892
55         101      312.91     267.537           0     109.168     11.1923
55         102     313.075     268.526           0     116.616      10.872
55         103     313.141     269.527           0     125.333     12.0794
55         104     313.077     270.527           0     133.609     13.8285
55         105     312.855     271.505           0     133.821      15.422
55         106     312.478     272.434           0      122.93     17.1837
55         107     311.991      273.31           0     105.921     22.2589
55         108     311.443     274.151           0      84.196     30.8313
55         109     310.877     274.978           0      69.838     43.0538
55         110     310.312     275.806           0     66.3745     55.3765
55         111     309.758     276.642           0     68.7233     64.8105
55         112     309.226     277.493           0     74.3356      66.933
55         113     308.732     278.365           0      80.632     60.5044
55         114     308.292     279.266           0     86.2623     49.3457
55         115     307.923     280.199           0     91.2418     37.3771
55         116     307.629     281.157           0     96.4281     27.5318
55         117     307.395     282.132           0      100.95     22.0909
55         118     307.201     283.116           0     105.685     19.7338
55         119     307.023     284.103           0      110.34     19.3021
55         120     306.839     285.089           0     113.725     20.2121
55         121     306.634     286.071           0     115.828     21.8323
55         122     306.397     287.045           0     118.739     22.7496
55         123     306.127     288.011           0     123.256     23.7542
55         124     305.841     288.972           0     125.288     26.0081
55         125     305.547     289.931           0     125.365      29.978
55         126     305.248     290.888           0     124.872     32.7614
55         127      304.94     291.842           0     124.671     33.6362
55         128     304.629     292.796           0     123.673     31.8743
55         129     304.323     293.751           0     125.061     25.8545
55         130     304.025     294.708           0     132.628     18.8485
55         131     303.722     295.664           0     135.315     14.0104
55         132     303.411     296.618           0     140.708     12.7621
55         133     303.111     297.574           0     149.779     13.1925
55         134     302.844     298.541           0     151.949      13.484
55         135     302.609     299.516           0     149.054     14.7456
55         136      302.37      300.49           0     145.562     15.2986
55         137     302.089     301.452           0     145.058      15.954
55         138     301.756     302.399           0     143.054     17.0839
55         139     301.392     303.333           0     141.885     20.2595
55         140     301.034      304.27           0     136.583     25.6533
55         141     300.728     305.225           0     115.352     30.6519
55         142     300.493     306.199           0        93.1     35.4536
55         143     300.322     307.187           0     80.5534     40.7862
55         144     300.206     308.184           0     75.9399     45.1944
55         145     300.136     309.184           0     77.0959     46.1312
55         146     300.109     310.186           0     79.1557     43.3908
55         147      300.12     311.189           0     80.9486     39.3798
55         148     300.163     312.191           0     81.5136     35.5855
55         149     300.217     313.192           0     80.2894     32.1464
55         150     300.243     314.195           0     77.7061     28.0642
55         151     300.202     315.197           0       75.01     23.9647
55         152     300.065      316.19           0     73.2828        20.1
55         153     299.821     317.163           0     73.8291     18.1208
55         154     299.471     318.103           0     76.4147     19.1336
55         155     299.016     318.996           0     80.9623     25.4614
55         156     298.467     319.836           0      79.227     23.2256
55         157     297.861     320.634           0     74.8419     16.1492
55         158     297.237     321.419           0     69.5362     11.6443
55         159     296.625     322.214           0      65.207     9.94294
55         160     296.037     323.026           0     63.8963     9.57662
55         161     295.466      323.85           0      63.444     10.8319
55         162     294.899     324.678           0     63.7698     12.8994
55         163     294.315     325.493           0     63.6795     17.0546
55         164     293.688     326.276           0     63.3203     22.3103
55         165     292.999     327.004           0     62.9815     27.4992
55         166     292.238     327.657           0     58.9607     27.6012
55         167     291.418     328.235           0     54.1045      25.154
55         168     290.558      328.75           0     49.4807     27.7573
55         169     289.676     329.227           0      49.254     36.0455
55         170     288.784     329.686           0     60.8398     45.4475
55         171     287.892     330.143           0     86.8703     53.9114
55         172     286.986     330.573           0     120.225     64.3137
55         173      286.05     330.932           0     138.422     72.6708
55         174     285.082     331.196           0     132.597     68.2379
55         175      284.11      331.44           0     110.268     52.1571
#1
56           0     153.732     466.452           0     143.161     67.5154
56           1     154.704     466.407           0     129.931     66.9077
56           2     155.677     466.434           0     101.341     58.6196
56           3      156.64     466.578           0      69.312     43.8542
56           4     157.594     466.772           0     40.5614     27.0196
56           5     158.546     466.974           0      21.348     12.2383
56           6     159.498     467.177           0      15.641     3.75504
56           7     160.451     467.378           0     24.1665     4.09484
56           8     161.409     467.552           0      42.981     13.7911
56           9     162.374     467.678           0     61.8129     25.5249
56          10     163.341     467.788           0      68.831      36.164
#1
57           0      148.16     575.778           0     38.7795     29.5001
57           1     147.625      576.63           0     47.8314     29.3188
57           2     147.093     577.484           0     59.3662     35.8472
57           3     146.556     578.335           0     69.3117     42.3706
57           4      146.02     579.187           0      80.905     44.8119
57           5     145.482     580.037           0     86.5984     38.3667
57           6     144.964     580.899           0     93.1084     26.6483
57           7     144.481     581.782           0     94.2757     17.8757
57           8      144.03     582.682           0     100.079     15.6326
57           9     143.629     583.604           0     101.187     14.9712
57          10     143.272     584.545           0     103.333     15.4838
57          11     142.953     585.499           0       104.8     14.5544
57          12     142.667     586.464           0       98.02     13.5411
57          13     142.398     587.433           0     91.3411      13.596
57          14     142.128     588.402           0     86.1512     14.3159
57          15     141.865     589.373           0     81.6837     15.5593
57          16     141.632     590.352           0     82.3661     17.3069
57          17     141.431     591.338           0     91.9943     18.9475
57          18     141.256     592.329           0     107.751     20.1082
57          19     141.094     593.322           0     126.642     20.5784
57          20     140.945     594.317           0     141.632      20.444
57          21     140.813     595.314           0      147.67     20.0974
57          22     140.699     596.314           0     152.049     19.8479
57          23     140.602     597.315           0     154.062      19.776
57          24     140.515     598.318           0     153.207     19.7906
57          25     140.428      599.32           0     148.267     19.3477
57          26     140.334     600.322           0     139.583     18.9385
57          27     140.229     601.322           0     128.717     17.9496
57          28     140.114     602.322           0     119.218     16.7257
57          29     140.001     603.321           0     110.773     15.2996
57          30     139.906     604.323           0     99.7784     14.2557
57          31     139.845     605.327           0     92.2917     13.5486
57          32     139.826     606.333           0     88.3598     12.7284
57          33     139.842     607.339           0     88.3304     11.9155
57          34     139.873     608.345           0     91.1628      11.089
57          35     139.877     609.351           0     92.6098     10.9614
57          36      139.81     610.355           0     91.2392     11.9859
57          37     139.649     611.348           0     86.8389      14.341
57          38     139.394     612.321           0     81.8647     18.6068
57          39     139.078     613.276           0     79.8044     24.0933
57          40     138.754     614.229           0     76.6386     28.7926
57          41     138.468     615.193           0     74.7151     33.0218
57          42     138.244     616.174           0     74.7061     35.6862
57          43     138.086     617.168           0     74.6031     36.3106
57          44     137.982     618.169           0     73.4167     34.5738
57          45     137.909     619.172           0     70.7657     31.2476
57          46     137.847     620.176           0     69.3203     26.9094
57          47     137.783      621.18           0     67.6264     22.4271
57          48      137.71     622.184           0     64.6319     18.3079
57          49     137.628     623.187           0     60.7184     15.0855
57          50      137.54     624.189           0     56.2072     12.3366
57          51     137.447     625.191           0      51.811     9.94622
57          52     137.359     626.193           0      48.593     7.78579
57          53     137.277     627.196           0     47.5624     6.00974
57          54       137.2     628.199           0     48.1162     4.61039
57          55      137.13     629.202           0     50.3408       3.796
57          56     137.069     630.207           0     52.7809     3.31922
57          57     137.016     631.211           0     55.0495     3.00234
57          58     136.967     632.216           0     55.6734      3.1649
57          59      136.92     633.221           0     55.2978     3.52552
57          60     136.879     634.227           0     54.8366      3.9113
57          61     136.841     635.232           0       53.89     4.47032
57          62     136.811     636.238           0     53.4813     5.36745
57          63     136.795     637.244           0     52.3338     6.33092
57          64     136.806      638.25           0      49.531       7.634
57          65     136.844     639.255           0     42.4922     9.60175
57          66       136.9      640.26           0     31.0888     11.3783
57          67     136.964     641.264           0     18.0354     12.5353
#1
58           0     272.593     347.744           0     64.4317     29.9939
58           1     273.186     348.555           0     63.0641     42.3293
58           2     273.749     349.386           0     60.3122     45.4266
58           3     274.225      350.27           0     58.0429      46.654
58           4     274.646     351.183           0     59.3749     44.3733
58           5     275.043     352.105           0     69.5852     39.9389
58           6     275.409      353.04           0     76.6129     36.1981
58           7     275.792     353.969           0     83.5366     34.5408
58           8     276.169       354.9           0     88.4473     35.2144
58           9     276.489     355.852           0     91.5191     35.2719
58          10       276.7     356.834           0     93.4698     31.2633
58          11      276.77     357.836           0     91.4644       25.34
58          12     276.702     358.838           0     86.0393     20.9842
58          13     276.531     359.828           0     80.7738     17.9388
58          14     276.295     360.804           0     78.7323     15.6478
58          15      276.02      361.77           0     82.8845     13.9892
58          16     275.714     362.727           0     86.0729     11.7215
58          17     275.375     363.672           0     91.6593     9.97018
58          18     274.993     364.601           0     99.5419     8.92791
58          19     274.574     365.514           0     102.791     8.10444
58          20     274.126     366.413           0      109.79     10.1604
58          21     273.668     367.307           0     111.186     12.9881
58          22     273.228      368.21           0     108.654     18.0523
58          23     272.838     369.135           0     98.1723     22.2448
58          24     272.522     370.088           0      81.796     21.9347
58          25     272.289     371.065           0     70.2067     16.8196
58          26     272.144     372.059           0     66.4146     12.8117
58          27       272.1     373.063           0     71.6434     14.4298
58          28     272.182     374.064           0     77.7399     18.1475
58          29     272.381     375.048           0      76.222     19.4186
58          30      272.65     376.016           0     65.0835      17.038
58          31     272.923     376.982           0     45.4142     12.6865
58          32     273.152      377.96           0     28.8028     9.49607
58          33     273.318     378.951           0     21.0137     8.08974
58          34      273.42      379.95           0     17.9909     7.42285
58          35      273.46     380.954           0     16.4504      7.0105
58          36     273.431     381.958           0      15.748     6.68069
58          37     273.333     382.957           0     15.9717     6.51322
58          38     273.174     383.949           0     16.4713     6.46916
58          39     272.961      384.93           0     18.7158     6.60414
58          40     272.702     385.901           0     20.4735     6.70518
58          41     272.405      386.86           0     22.1254     6.72031
58          42      272.07     387.807           0     25.2433     6.72414
58          43     271.692     388.738           0     27.5161     6.84232
58          44     271.268     389.648           0     29.9553     6.72614
58          45       270.8     390.537           0     31.7828     6.72926
58          46     270.294     391.405           0     33.3891     6.88602
58          47     269.755     392.253           0     36.0101     7.39633
58          48     269.191     393.083           0     39.0515     8.30277
58          49     268.609     393.902           0      39.864       9.314
58          50     268.022     394.717           0      39.984     10.6779
58          51     267.439     395.535           0     40.0652     12.2061
58          52     266.868     396.361           0       40.83     13.6371
58          53     266.314     397.199           0      43.353     14.8896
58          54     265.781      398.05           0     49.2346     16.3671
58          55     265.264     398.912           0     59.7681     17.7557
58          56     264.757     399.779           0     72.3759     18.0584
58          57     264.248     400.645           0     86.6882     17.5199
58          58     263.737     401.509           0     101.169     15.7287
58          59     263.232     402.377           0     116.467     14.0251
58          60     262.756     403.262           0     132.351     13.3425
58          61     262.347      404.18           0     147.002     15.4756
58          62     262.067     405.144           0     161.546     18.8337
58          63     262.033     406.145           0     159.508     19.7646
58          64     262.344     407.096           0     131.132     17.5743
58          65     262.962     407.884           0     88.6642     35.6837
58          66     263.777      408.47           0     51.0075     44.0418
58          67     264.695     408.875           0     29.0682     42.5899
58          68     265.672     409.111           0     20.7078     29.0659
58          69     266.673      409.19           0     20.1629     11.7999
58          70     267.676     409.143           0     22.7473     5.20564
58          71     268.672     409.011           0     29.9906     2.90523
58          72      269.66     408.833           0     38.4375     1.28157
58          73     270.646     408.639           0     48.2565    0.622913
58          74     271.634     408.457           0     59.0739    0.750984
58          75     272.626     408.303           0     67.8793    0.765877
58          76     273.623      408.18           0     72.9118    0.731007
58          77     274.622      408.08           0     73.7005    0.573615
58          78     275.623     407.996           0     71.4476    0.513715
58          79     276.625     407.926           0     67.8352    0.532014
58          80     277.628     407.867           0     66.5663    0.552283
58          81     278.631     407.816           0     67.5418    0.551288
58          82     279.635     407.773           0     71.1309    0.468196
58          83     280.638     407.731           0     75.3004    0.406291
58          84     281.642     407.685           0     78.6105    0.237065
58          85     282.645     407.633           0     81.4302    0.246495
58          86     283.647     407.573           0     83.2148    0.434567
58          87     284.649     407.499           0     82.5254     1.24233
58          88     285.648     407.392           0     78.5075     3.81785
58          89     286.646     407.283           0     70.7195     12.3965
58          90     287.639     407.131           0     62.2054      38.298
58          91     288.629     406.961           0     75.2279      81.302
58          92     289.623     406.819           0     106.788     113.862
58          93     290.624     406.735           0      122.16     118.299
#1
59           0     189.271     535.084           0     221.409      80.975
59           1     190.227     535.408           0     233.663     97.9068
59           2     191.171     535.767           0     236.238     113.369
59           3     192.116     536.123           0     227.971     118.909
59           4     193.091     536.383           0     196.233     107.075
59           5     194.089      536.54           0     142.083     87.4969
59           6     195.094     536.637           0     89.7428     66.1996
59           7     196.101     536.714           0     61.0707     44.1287
59           8      197.11     536.757           0     51.7337     25.4974
59           9      198.12     536.764           0     51.3759     15.5806
59          10     199.128       536.7           0     51.0991     11.5055
59          11     200.126     536.546           0     49.9424     8.54668
59          12     201.105     536.297           0     49.2492     7.05943
59          13     202.052     535.947           0      49.438     6.19046
59          14     202.954     535.492           0     46.9119     5.48834
59          15     203.794     534.931           0      47.197     5.31929
59          16     204.555     534.268           0     46.9161     5.82816
59          17     205.222     533.509           0     49.4929     6.59268
59          18     205.774     532.664           0     52.4234      7.0979
59          19     206.202     531.749           0     54.9909     7.01993
59          20     206.496     530.783           0     55.1059     6.93671
59          21     206.657     529.786           0      55.683     6.80176
59          22     206.689     528.776           0      54.547     6.91552
59          23     206.586     527.772           0      52.301     8.11333
59          24     206.334     526.794           0     49.1274     9.09649
59          25     205.937     525.865           0     48.7997     10.7515
59          26     205.407     525.006           0     49.3853     14.6218
59          27     204.775     524.218           0     55.2777     26.6104
59          28     204.062     523.503           0     62.2067     45.4631
59          29     203.289     522.852           0      65.563     52.5055
59          30     202.481     522.248           0     64.5996     48.4212
59          31     201.645     521.681           0     63.3103     45.1933
59          32     200.778     521.163           0       64.01     45.2683
59          33     199.872     520.716           0     66.8968       45.76
59          34      198.93     520.352           0     70.9129     44.3465
59          35      197.96     520.072           0     77.6606     42.5425
59          36     196.969     519.873           0       83.68     44.0257
59          37     195.967     519.753           0     89.4246     48.0646
59          38     194.958     519.716           0     94.2197     51.9459
59          39     193.949     519.769           0      95.963     52.1728
59          40     192.947     519.897           0     94.2111      49.762
59          41     191.959     520.106           0     89.0693     45.1355
59          42     190.983     520.364           0     83.8648     39.5235
59          43     190.013     520.645           0     81.6632     34.0301
59          44     189.044      520.93           0     79.8164     29.9948
59          45     188.069     521.193           0     67.6405     27.3868
59          46     187.087     521.432           0     46.7628     24.3125
#1
60           0     171.283     491.905           0     72.5993     57.6586
60           1     171.721     491.006           0     61.6929     44.7773
60           2     172.206     490.132           0     37.4399     33.6938
60           3     172.768     489.304           0     18.7703     12.5739
60           4     173.362       488.5           0     10.9575     3.11247
60           5     173.949     487.691           0     9.64002    0.866274
60           6     174.507      486.86           0     9.64652    0.372745
60           7     175.039     486.013           0     10.9473    0.362143
60           8     175.573     485.168           0     11.3806    0.739556
60           9     176.122     484.332           0     12.6683     1.55599
60          10     176.697     483.514           0      16.704      3.4162
60          11     177.298     482.714           0     27.7407     5.85978
60          12     177.913     481.926           0     51.0701     8.30845
60          13     178.507     481.121           0     80.9295     10.6121
60          14     179.016      480.26           0      100.53       11.47
60          15     179.386     479.331           0      95.596     10.0717
60          16     179.665     478.371           0     85.2049     8.50051
60          17     179.924     477.405           0     75.0007     6.12751
60          18     180.193     476.442           0     64.2233     3.61995
60          19     180.478     475.483           0     56.7264     1.71183
60          20     180.785     474.531           0     54.1794     1.08048
60          21     181.117     473.588           0     54.3562     1.12778
60          22     181.471     472.652           0     54.8564     1.02991
60          23     181.851     471.727           0     58.5548     1.14088
60          24     182.259     470.814           0     59.9056     1.30157
60          25     182.682     469.908           0     61.9953     1.38236
60          26     183.105     469.002           0     64.1532     1.40948
60          27     183.502     468.084           0     58.7067     1.15217
60          28     183.856     467.149           0     50.2362    0.974682
60          29     184.177     466.201           0     34.9799    0.730516
60          30      184.48     465.248           0     20.6773    0.544156
60          31     184.786     464.296           0     12.1169    0.279376
60          32     185.116     463.352           0     8.50647      0.3624
60          33     185.484     462.422           0     7.79581    0.193083
60          34     185.894      461.51           0     8.82443    0.246482
60          35     186.344     460.617           0     10.4348    0.321202
60          36     186.833     459.744           0     13.5606    0.409971
60          37     187.358     458.893           0     17.8698     0.45421
60          38     187.913     458.061           0     25.0162     1.16829
60          39     188.479     457.236           0     33.3999     2.03218
60          40     189.025     456.398           0     40.9986     2.88388
60          41     189.514     455.526           0     41.8214     2.93656
60          42     189.921     454.612           0     37.4017     2.36469
60          43     190.256      453.67           0     27.6759     1.54101
60          44     190.541     452.712           0     19.4996     1.17399
60          45     190.805     451.747           0     16.1542     1.02237
60          46     191.076     450.784           0     18.0362     1.72032
60          47     191.376      449.83           0     23.7559     2.54132
60          48      191.72     448.891           0     32.6286     3.31693
60          49     192.106     447.968           0     41.0346      4.1497
60          50     192.521     447.059           0     46.2065     4.70436
60          51      192.96      446.16           0     51.9454     5.57019
60          52     193.408     445.266           0     53.7078     6.08048
60          53     193.855     444.371           0      55.658     6.18446
60          54     194.287     443.469           0     55.3997     6.02079
60          55     194.694     442.555           0     53.8741     5.53116
60          56     195.077     441.632           0     52.0514     4.86794
60          57     195.443     440.701           0     47.8382     3.64292
60          58     195.803     439.768           0     46.1462     2.35471
60          59     196.166     438.836           0     44.6757     1.44242
60          60     196.531     437.905           0     42.9226      1.1307
60          61     196.903     436.976           0     44.4285     1.07742
60          62     197.286     436.052           0     45.5571     1.08905
60          63      197.68     435.133           0     49.7215    0.934343
60          64     198.095     434.223           0     54.6218     1.02608
60          65     198.527     433.322           0     54.6804    0.813022
60          66     198.962     432.421           0     53.4966    0.871114
60          67     199.385     431.515           0     46.7415    0.524342
60          68     199.794     430.602           0      40.491    0.419308
60          69     200.202     429.689           0      34.344    0.306078
60          70     200.615     428.778           0      30.257    0.196634
60          71     201.031     427.868           0     29.7356    0.611286
60          72     201.436     426.954           0     28.9882     1.11767
60          73     201.819      426.03           0     30.2365     1.72823
60          74     202.173     425.095           0     31.4922     2.09564
60          75     202.492     424.147           0     32.2751     2.26789
60          76     202.782      423.19           0     33.6956      1.9377
60          77     203.055     422.228           0     35.5159     1.50362
60          78     203.321     421.263           0     35.1899     1.19191
60          79     203.596     420.302           0     34.3779     1.70886
60          80     203.901      419.35           0     34.0227     3.51289
60          81     204.249     418.412           0     32.6068      5.3954
60          82     204.639     417.491           0     31.3124     6.15953
60          83     205.067     416.587           0     31.2559     6.43509
60          84     205.519     415.695           0       29.85     6.53737
60          85     205.981     414.808           0      31.893     6.67615
60          86     206.443     413.921           0     32.0521      6.8732
60          87     206.898      413.03           0     35.2845      7.1937
60          88     207.341     412.133           0     35.4323     7.50751
60          89     207.769      411.23           0     35.1111      7.4686
60          90     208.193     410.324           0     34.4946     7.46651
60          91     208.622     409.421           0     32.9788     7.12175
60          92     209.065     408.524           0     33.1599     6.77713
60          93     209.518     407.632           0     30.9406      6.2881
60          94     209.979     406.745           0     31.8902     6.17872
60          95     210.447     405.861           0      31.571     6.09641
60          96     210.917     404.978           0     34.5338     6.28725
60          97     211.387     404.095           0     36.6256     6.39549
60          98     211.855     403.211           0     40.7008     7.03938
60          99     212.327      402.33           0     43.4625     8.10408
60         100     212.812     401.455           0     48.7232     9.88531
60         101      213.32     400.593           0     55.5634     12.5048
60         102     213.834     399.735           0     65.6447     17.5443
60         103     214.322     398.863           0     74.5558     22.6583
60         104     214.752     397.959           0     81.1998     24.7255
60         105     215.128     397.033           0     81.1254     24.4913
60         106     215.496     396.103           0     75.8214     23.0005
60         107     215.901     395.189           0     71.3015     18.4924
60         108     216.349     394.294           0     65.2465     11.5285
60         109     216.824     393.414           0     62.3224     6.17031
60         110     217.315     392.543           0     59.6339     3.17176
60         111     217.815     391.677           0     59.1512     2.20488
60         112      218.33     390.819           0      58.043     1.64302
60         113     218.859      389.97           0       59.26     1.32978
60         114     219.394     389.126           0     59.9479     1.26377
60         115     219.923     388.277           0     62.6489     1.31152
60         116     220.436     387.419           0     61.2685     1.65193
60         117     220.932      386.55           0     60.7832      3.9402
60         118     221.421     385.678           0      57.518     8.22299
60         119     221.918     384.809           0     56.3599     13.4777
60         120     222.437     383.955           0     53.6016     19.0717
60         121     222.979     383.114           0     53.7049     25.4247
60         122      223.54     382.286           0     54.6922     31.2197
60         123     224.095     381.454           0     58.6543     35.1298
60         124     224.617     380.601           0     62.3712      34.237
60         125     225.083     379.716           0     66.2478     29.7631
60         126     225.491     378.803           0     67.4914     25.1223
60         127      225.87     377.878           0     67.7008     22.9505
60         128     226.265     376.959           0     65.7978     21.8241
60         129     226.704     376.061           0      61.748      21.428
60         130     227.201     375.193           0     58.8272     21.7841
60         131     227.745     374.353           0     57.0151     22.7277
60         132      228.32     373.535           0     56.3412     24.2992
60         133     228.917     372.732           0     57.0951     25.8523
60         134     229.535     371.946           0     57.9787     28.0355
60         135     230.181     371.183           0      58.569     30.0096
60         136     230.864     370.452           0      57.987     31.6144
60         137     231.586      369.76           0     56.5299     32.9398
60         138     232.347     369.112           0     55.5751     32.8851
60         139     233.146     368.509           0     54.8515     31.6826
60         140      233.98     367.958           0      54.956     31.0965
60         141     234.846     367.458           0     54.5291     31.6734
60         142     235.734     366.998           0     55.7318     32.8626
60         143     236.634     366.561           0     56.1178      33.612
60         144      237.54     366.138           0     57.7196     33.6109
60         145     238.454     365.732           0     58.6835     32.0513
60         146     239.386     365.368           0     59.8354     28.9663
60         147      240.34     365.069           0     61.2695     24.3252
60         148     241.314     364.841           0     60.2586     20.6743
60         149     242.296      364.65           0     59.0921     17.9644
60         150      243.27     364.424           0     58.0479     15.1118
60         151     244.219     364.108           0     59.0071     13.7618
60         152     245.127     363.689           0     57.7735     13.8693
60         153      246.01     363.219           0     55.7509     14.9315
60         154     246.894     362.752           0     53.3629     15.8475
60         155     247.809     362.348           0      50.108     15.8818
60         156     248.767     362.061           0     46.7286     13.5579
60         157     249.755     361.906           0     42.0359     10.1323
60         158     250.753     361.842           0     37.4323     8.21409
60         159     251.753     361.813           0     33.2397       6.662
60         160     252.752     361.766           0     29.0577     5.41966
60         161     253.748     361.681           0     24.4587     4.23643
60         162     254.742     361.564           0      19.743     2.91421
60         163     255.733     361.434           0     14.8639     3.00065
60         164     256.726     361.312           0     9.05946     7.65831
#1
61           0     265.321     234.659           0     54.5851     44.5704
61           1     266.319      234.71           0     60.8504     36.8954
61           2     267.316      234.77           0     66.4637     28.7185
61           3     268.312     234.852           0     69.6262      21.558
61           4     269.307     234.945           0     73.3977     17.2552
61           5     270.306     234.966           0     73.5174     15.9103
61           6     271.292     234.804           0     66.8602     16.3925
61           7     272.216     234.425           0     56.0661     17.3748
61           8     273.066       233.9           0     44.6277     16.4741
61           9      273.89     233.336           0     36.2874     12.6464
61          10     274.744     232.815           0     33.6699     10.1092
61          11      275.65     232.395           0     34.5278     8.79098
61          12     276.602     232.092           0     38.7276     8.86709
61          13     277.585     231.909           0      42.262     11.8259
61          14     278.582     231.844           0     44.9627     18.2652
61          15      279.58     231.892           0     50.4517     25.2923
61          16     280.566     232.052           0      61.702     34.8863
61          17     281.528      232.32           0     78.9175     42.5912
61          18     282.464      232.67           0     101.133     50.0868
61          19     283.389     233.048           0     119.888     58.7001
61          20     284.331     233.381           0      119.38     60.6802
61          21     285.291     233.657           0     102.817     50.5527
61          22      286.25     233.939           0     80.1262     36.3189
61          23     287.191     234.273           0     59.7397     25.3645
61          24     288.115     234.656           0     48.3324     20.1595
61          25     289.026     235.064           0     42.5791     15.8761
61          26     289.945     235.456           0      38.231     12.0675
61          27     290.894     235.769           0     35.7408     9.22381
61          28     291.878     235.946           0     34.8722     8.55546
61          29     292.877     235.949           0     36.4084     11.7566
61          30     293.859     235.766           0     31.2656     12.3121
61          31     294.798     235.424           0      26.297     6.96276
61          32     295.707     235.009           0     26.2531     5.00754
61          33     296.615     234.592           0     25.2086     4.49748
61          34     297.535     234.202           0     27.5652     4.39385
61          35     298.465     233.837           0     31.9034     5.34848
61          36     299.395     233.472           0     41.5283      10.158
61          37     300.304     233.055           0     60.3803     18.2371
61          38     301.133     232.499           0     81.0027      14.218
61          39     301.726     231.697           0     92.2382     8.39315
61          40      301.89     230.713           0     86.9694     3.52994
61          41     301.763     229.722           0     74.0745     3.03897
61          42     301.491     228.761           0     62.5951     3.01629
61          43      301.13     227.829           0      51.528     3.65755
61          44     300.687     226.933           0     41.4919     4.51414
61          45     300.164     226.083           0     37.0946     5.26027
61          46     299.559     225.287           0     38.2763     4.92449
61          47     298.887     224.548           0     42.3859     4.52737
61          48     298.162     223.859           0      46.539      4.0906
61          49     297.403      223.21           0     48.9542     3.88431
61          50     296.631     222.576           0     48.6096      3.7849
61          51     295.863     221.936           0     46.7211     3.16479
61          52     295.105     221.286           0     40.7508     2.81342
61          53     294.345     220.637           0     34.4784     2.40921
61          54     293.571     220.005           0     28.8605     3.47739
61          55     292.767     219.411           0     22.1393     5.45297
61          56     291.926     218.871           0     17.7714      8.1306
61          57     291.058     218.377           0     18.4282     13.1801
61          58     290.195     217.873           0     27.9593     20.0126
61          59     289.381     217.294           0      44.359      20.408
61          60     288.682      216.58           0     58.3218     14.1986
61          61     288.172     215.722           0     64.4225     9.67777
61          62     287.851     214.776           0     61.7441     9.88089
61          63     287.653     213.796           0     51.2073     10.8931
61          64     287.521     212.806           0     37.6465     9.93277
61          65     287.428     211.811           0     25.8357     8.13227
61          66     287.359     210.814           0     18.6285     6.45185
61          67     287.299     209.817           0     17.4948     5.53925
61          68     287.234      208.82           0     20.7633      5.8085
61          69     287.166     207.823           0     26.7707     6.52955
61          70     287.097     206.826           0     34.3557      7.2795
61          71     287.007     205.831           0     43.3265     7.68875
61          72     286.881      204.84           0     50.0835     7.76933
61          73     286.746      203.85           0     53.6154      7.4585
61          74      286.64     202.856           0     55.9286     7.43253
61          75      286.57     201.859           0     57.7108     7.64901
61          76     286.506     200.862           0      58.368      7.8329
61          77     286.408     199.868           0     57.2212     8.44867
61          78     286.236     198.883           0     55.7116     9.74021
61          79      285.97      197.92           0     53.5118      10.819
61          80     285.612     196.987           0     49.2052     10.5024
61          81     285.242     196.059           0      48.514     10.5095
61          82     284.821     195.153           0     52.7613     12.9974
61          83     284.343     194.275           0     62.9001     20.7826
61          84     283.834     193.415           0     73.9124     31.8476
61          85     283.323     192.557           0     77.0769     39.3038
#1
62           0     290.448     404.738           0     128.696     96.3737
62           1     291.384     404.363           0     116.964     69.0389
62           2     292.343     404.053           0     89.5383     34.2165
62           3     293.308     403.759           0     66.3821     12.7678
62           4     294.247     403.393           0     65.4419     7.84368
62           5      295.12     402.888           0     72.5645     6.35295
62           6     295.921     402.275           0     75.8858     4.59796
62           7     296.656     401.586           0     76.5569     2.87214
62           8     297.364     400.867           0     79.9373     2.05439
62           9     298.061     400.139           0     83.3097       2.468
62          10     298.755     399.407           0     81.2597     3.65219
62          11     299.454     398.681           0     80.6347     5.06467
62          12     300.162     397.963           0     82.9702     6.01011
62          13     300.873     397.248           0     80.7442      6.2038
62          14     301.582     396.532           0     79.2528     5.74925
62          15     302.288     395.812           0     82.0505     5.22286
62          16     302.986     395.084           0     86.9901     4.53772
62          17     303.672     394.345           0       83.99      3.9161
62          18     304.348     393.597           0     82.2362     3.30755
62          19     305.015     392.841           0     82.1991     3.11937
62          20     305.678     392.081           0     75.7456     3.68562
62          21     306.333     391.314           0     71.3362     4.57685
62          22     306.972     390.535           0     69.9309     6.11751
62          23     307.597     389.744           0     63.9096     8.07257
62          24     308.208     388.941           0     60.9456     10.1515
62          25       308.8     388.125           0     59.0488     12.2767
62          26     309.382     387.301           0     58.4388     14.9846
62          27     309.953     386.471           0     62.1472     18.1189
62          28     310.524      385.64           0     62.5319     22.2505
62          29     311.108     384.818           0     65.9884      27.441
62          30     311.728     384.023           0     67.0478     32.9692
62          31     312.413     383.283           0     68.4424     38.2136
62          32     313.164      382.61           0     74.0427     46.2329
62          33     313.952     381.982           0     87.6141     55.1979
62          34     314.713      381.32           0     106.305     46.1254
62          35     315.317     380.513           0     119.158     18.9912
62          36     315.633     379.557           0     119.732     9.90985
62          37     315.686      378.55           0     115.458     12.2853
62          38     315.539     377.553           0     113.519     30.7381
62          39     315.196     376.605           0     114.204     48.9764
62          40     314.684     375.736           0     109.706     23.4047
62          41     314.079     374.929           0     105.048      7.6296
62          42     313.449     374.142           0     97.1137      3.6705
62          43     312.844     373.336           0     95.0102     2.80111
62          44     312.285     372.497           0     94.5078     3.56736
62          45     311.761     371.636           0     96.1525       6.613
62          46     311.258     370.761           0     99.0945     10.5042
62          47     310.755     369.888           0      104.61     14.3607
62          48     310.249     369.015           0      113.56     16.7557
62          49     309.733     368.149           0     126.443     16.4123
62          50     309.226     367.277           0     143.108     13.9833
62          51     308.765     366.381           0     158.019     12.2091
62          52     308.434     365.429           0     162.538     16.3392
62          53      308.29     364.431           0     157.903     22.0885
62          54     308.276     363.423           0     152.655     24.1679
62          55     308.325     362.416           0     155.842     22.8543
62          56     308.384     361.409           0     167.934     20.1356
62          57     308.476     360.405           0     182.627     17.3202
62          58      308.64     359.411           0     191.494     15.7764
62          59     308.893     358.435           0     184.712     17.2997
62          60     309.178     357.467           0     151.714     19.4162
#1
63           0     159.841     545.789           0     103.375     48.8835
63           1     160.102     544.813           0     119.645     37.9777
63           2     160.411     543.852           0     118.455     34.7749
63           3     160.802      542.92           0     112.529     33.5857
63           4     161.231     542.006           0     105.637     28.6812
63           5     161.632     541.079           0     100.401     23.0352
63           6     161.987     540.133           0     98.3646     17.6417
63           7     162.333     539.184           0     85.5957     11.5871
63           8     162.719      538.25           0     70.0718     7.20907
63           9     163.193     537.358           0     51.8514     8.38906
63          10     163.745     536.512           0     37.4867     13.3015
63          11     164.348     535.702           0      31.252     17.4582
63          12     164.973     534.908           0     30.6574     18.7438
63          13     165.595     534.112           0     28.0696     17.4289
63          14     166.188     533.294           0     23.7418     14.3519
63          15     166.737     532.446           0     17.5831     11.7352
63          16     167.232     531.566           0     14.4335     9.20245
63          17     167.667     530.654           0     16.2693     7.49921
63          18      168.04     529.715           0     25.1428     6.70391
63          19     168.351     528.754           0     42.4443      6.0723
63          20     168.606     527.777           0     64.3838     5.67973
63          21     168.824      526.79           0      80.463     5.37444
63          22     169.043     525.804           0     87.8805      5.7227
63          23     169.303     524.828           0     88.1394     5.94496
63          24     169.639     523.875           0     88.6558     5.39059
63          25     170.076     522.964           0     89.3131      7.0007
63          26     170.612     522.108           0     90.6964     11.2067
63          27     171.235     521.313           0     98.6621     18.7137
63          28      171.94     520.589           0     110.221     25.2574
63          29     172.742     519.976           0     114.842       20.94
63          30     173.645     519.524           0     101.761     14.2069
63          31     174.615     519.242           0     77.8301     14.6371
63          32     175.615     519.101           0     47.7244      16.527
63          33     176.624     519.059           0     24.0064     14.6241
63          34     177.634     519.079           0     13.0889     9.95378
63          35     178.643     519.128           0     13.5257      5.2312
63          36     179.652     519.177           0     18.1437     2.96827
63          37     180.661     519.222           0     23.5983     2.52043
63          38     181.671     519.259           0     27.6674     2.36047
63          39     182.678      519.33           0      30.027     2.13137
63          40     183.681     519.456           0     30.5438     1.76305
63          41     184.665     519.682           0     30.7719     2.05948
63          42     185.594      520.08           0     33.4698     8.00735
63          43     186.391       520.7           0     38.6721     19.7219
63          44     187.087     521.432           0     46.7628     19.1804
#1
64           0     159.688      617.02           0     92.8417      17.753
64           1     159.339     616.078           0     88.4364     41.0749
64           2     159.101     615.103           0     84.5461     35.2388
64           3     159.109     614.099           0     82.2015     30.2416
64           4     159.329     613.119           0     81.2015     30.1197
64           5     159.668     612.173           0     82.6985     32.9033
64           6     160.061     611.249           0     89.8083      35.716
64           7     160.452     610.324           0     95.6312     35.4371
64           8     160.812     609.387           0     101.508      29.848
64           9      161.11     608.428           0     104.137     21.8682
64          10     161.353     607.453           0     101.308      14.876
64          11      161.57     606.473           0     99.0273     9.72346
64          12     161.789     605.493           0     98.5122     6.01254
64          13     162.021     604.516           0     99.7359     3.81365
64          14     162.269     603.542           0     97.2592     2.64311
64          15     162.531     602.573           0     96.5129     2.32348
64          16     162.807     601.607           0     98.9205     1.84512
64          17     163.087     600.643           0     102.835     1.94262
64          18     163.352     599.674           0     104.158     2.14111
64          19     163.589     598.698           0     106.926     2.14236
64          20     163.794     597.715           0     108.507     1.67513
64          21     163.977     596.728           0     108.264     1.21974
64          22     164.149     595.738           0     101.171     1.35649
64          23     164.318     594.748           0     94.6937     1.93539
64          24     164.488     593.758           0      94.209     2.41543
64          25     164.653     592.768           0     101.142     3.17935
64          26     164.807     591.775           0       112.7     4.14526
64          27      164.95     590.781           0     124.085     5.14368
64          28     165.084     589.786           0     127.904     7.80243
64          29     165.212      588.79           0     127.873     11.8526
64          30      165.34     587.794           0      127.36     17.5043
64          31     165.478     586.799           0      129.43     24.0917
64          32     165.639     585.808           0     135.639     31.3369
64          33     165.814     584.819           0     147.709      41.535
64          34     165.964     583.826           0     159.075     54.7831
64          35     166.031     582.824           0     157.485     64.0358
64          36     165.992     581.821           0     146.127     63.1767
64          37     165.866     580.824           0     130.313     57.3031
64          38     165.699     579.834           0     122.509     49.7208
64          39     165.544     578.842           0     127.785     40.3972
64          40     165.465     577.841           0     140.272     31.9752
64          41     165.506     576.837           0     151.632      27.882
64          42      165.68     575.848           0     154.366     26.8309
64          43     165.967     574.886           0     150.052     27.9939
64          44     166.329     573.949           0     133.125     30.4118
64          45     166.722     573.025           0     122.165     34.5815
64          46      167.11     572.099           0     114.688     40.0188
64          47     167.429     571.147           0     102.918     42.3958
64          48     167.599     570.158           0     90.3078     42.3947
64          49     167.562     569.155           0     77.7904     41.2497
64          50     167.322     568.179           0     71.5578      31.939
64          51      166.93     567.255           0     73.6367     20.0075
64          52     166.458     566.368           0       80.21     12.5194
64          53     165.982     565.484           0     89.1312     10.4627
64          54     165.573     564.567           0     94.0783     9.81594
64          55     165.271     563.609           0     95.8773      9.4988
64          56     165.069     562.626           0     95.7712     8.64649
64          57     164.928     561.631           0      94.595     8.32362
64          58     164.813     560.634           0     93.5364      8.5577
64          59     164.701     559.636           0     91.6357     9.12276
64          60      164.59     558.638           0      89.472     10.0746
64          61     164.487     557.639           0       86.95     11.6312
64          62     164.413     556.637           0     84.8363     13.4627
64          63     164.404     555.633           0     84.2695     15.1969
64          64     164.528     554.636           0     83.3932     17.0079
64          65     164.865     553.691           0      77.228     19.0134
64          66     165.431     552.862           0     65.0995     34.8844
64          67     166.144     552.155           0     56.1098     50.6362
64          68     166.929     551.529           0     54.5124     43.9498
64          69     167.735     550.929           0      60.899      29.089
64          70     168.546     550.336           0     63.5406     15.1756
64          71     169.369     549.762           0     59.4722     5.99937
64          72     170.218     549.224           0     49.3735     2.51578
64          73     171.091     548.729           0     40.4506     2.42384
64          74     171.988     548.277           0     37.1939     2.47594
64          75     172.893     547.841           0     42.0771     2.02779
64          76      173.79     547.389           0     48.7952     2.60685
64          77     174.669     546.903           0     57.1338     5.67645
64          78     175.522     546.375           0     58.1534     12.1273
64          79     176.347     545.802           0     58.8629      22.016
64          80      177.15     545.199           0     58.3834      31.056
64          81     177.937     544.575           0     57.9107     37.6406
64          82     178.719     543.945           0     58.0205     38.8826
64          83       179.5     543.312           0     55.3752     35.3999
64          84     180.279     542.679           0     55.5648     30.4313
64          85     181.059     542.047           0     58.4123      28.761
64          86      181.84     541.415           0      56.177     32.4531
64          87     182.631     540.797           0       56.62     39.4974
64          88     183.445     540.209           0     56.0711     47.9731
64          89     184.282     539.653           0     54.5636     56.1678
64          90     185.138     539.129           0     57.8504     62.8469
64          91      186.01      538.63           0      68.129     70.6127
64          92     186.874     538.118           0     89.0205     75.5648
64          93     187.695      537.54           0     120.654     71.2297
64          94     188.435     536.862           0     160.748     63.6967
64          95      189.03     536.055           0     206.683     62.9345
64          96     189.271     535.084           0     221.409     71.2339
#1
65           0      294.35     242.063           0     27.5874     25.9184
65           1     295.335     241.932           0     25.3012     18.1668
65           2     296.325     241.832           0     19.8305     12.3741
65           3     297.317      241.77           0     16.1017     9.41862
65           4     298.311     241.745           0     18.0892     8.44298
65           5     299.305     241.747           0     21.2109     8.80242
65           6       300.3     241.732           0     25.5064     10.3355
65           7     301.294     241.713           0      33.252     12.8003
65           8     302.287     241.676           0     49.2507     16.4547
65           9      303.28     241.618           0     71.4477     21.8729
65          10     304.272     241.553           0     93.6015      27.054
65          11     305.266     241.519           0     106.632     27.3122
65          12      306.26      241.56           0     106.509     26.7181
65          13     307.248     241.669           0       98.19      29.739
65          14     308.233     241.806           0     87.0648     34.2638
65          15     309.219     241.935           0     76.2398     35.9046
65          16     310.209     242.028           0     65.7224     30.5551
65          17     311.202     242.071           0     56.1574     19.1923
65          18     312.196     242.066           0     50.2119     11.7365
65          19      313.19     242.034           0     49.7397     9.68751
65          20     314.185     242.018           0     55.7189     10.4228
65          21     315.177     242.086           0     65.3692     10.0652
65          22     316.139     242.334           0      74.071     7.05199
65          23     317.008     242.817           0     79.6215     4.14257
65          24      317.75     243.479           0     81.0779     4.54504
65          25     318.404     244.228           0      84.109      5.9497
65          26     319.005      245.02           0     87.9073     6.77238
65          27     319.562     245.843           0     85.3278     7.28619
65          28     320.063     246.702           0     84.3175     6.44372
65          29     320.475     247.607           0     81.4557     4.86111
65          30     320.764     248.559           0     79.2189     4.28257
65          31     320.907     249.543           0     75.7312     3.73328
65          32     320.905     250.537           0     70.7482     3.49542
65          33     320.777     251.523           0      65.802     3.27134
65          34     320.542     252.489           0     62.1071     2.95238
65          35     320.213     253.427           0     61.5552     2.39358
65          36     319.792     254.329           0     64.5612     2.22532
65          37     319.276     255.178           0     70.6506     1.92252
65          38      318.65     255.951           0     77.1497     1.67465
65          39     317.919     256.625           0     76.1917     1.71095
65          40      317.11     257.203           0     68.7009     2.23784
65          41     316.239     257.682           0     58.3982     5.14834
65          42     315.318     258.056           0     53.4087     12.9728
65          43     314.357     258.312           0      52.331     24.2491
65          44     313.387     258.532           0     60.1482     36.1237
65          45      312.44     258.835           0     75.8231     59.5756
65          46     311.565     259.306           0     89.6447     85.6586
65          47     310.715     259.822           0     92.8143     102.433
#1
66           0     238.286     492.566           0     146.399     54.6929
66           1     238.781     493.431           0     134.613     58.4542
66           2     239.281     494.295           0     98.4518     51.5056
66           3     239.795      495.15           0     64.8474     36.7473
66           4     240.287     496.018           0     51.7007     26.8879
66           5     240.723     496.915           0     53.8232     20.7269
66           6     241.095      497.84           0     57.8867     16.6683
66           7      241.41     498.787           0     57.3669     12.6562
66           8     241.723     499.734           0     57.5238     8.33088
66           9     242.042     500.679           0     57.9444     5.24829
66          10     242.362     501.624           0      55.175     2.91606
66          11     242.668     502.573           0     55.3882     1.44624
66          12     242.947     503.531           0     57.5128     1.11001
66          13     243.185       504.5           0     56.3899    0.935969
66          14     243.381     505.478           0     55.2495    0.853795
66          15     243.539     506.463           0      55.286    0.745535
66          16     243.668     507.452           0     56.4588    0.535717
66          17      243.77     508.444           0      58.307    0.363561
66          18     243.846     509.439           0     60.9473      0.3504
66          19     243.893     510.435           0     63.7507    0.305574
66          20     243.915     511.433           0     65.5371    0.296713
66          21     243.925      512.43           0     66.6443    0.297184
66          22     243.929     513.428           0      67.218    0.294434
66          23     243.925     514.425           0     67.1767    0.292594
66          24     243.907     515.423           0     66.5924    0.297914
66          25     243.866     516.419           0     65.3005    0.321317
66          26       243.8     517.415           0      63.949    0.246845
66          27     243.709     518.408           0     62.5056    0.216179
66          28     243.602       519.4           0     61.0865     0.31167
66          29     243.486     520.391           0     60.1173    0.273306
66          30     243.369     521.381           0     59.9928    0.239765
66          31     243.257     522.373           0     61.0771    0.201587
66          32     243.148     523.364           0     63.2905    0.194063
66          33     243.036     524.355           0     66.2708   0.0681082
66          34     242.915     525.346           0     67.4152    0.174246
66          35     242.778     526.334           0     67.2227    0.238966
66          36     242.615     527.318           0     66.4697    0.302314
66          37     242.414     528.295           0     66.0301    0.336447
66          38     242.172     529.263           0     67.7903    0.283059
66          39     241.892      530.22           0     69.2249     0.36366
66          40     241.589     531.171           0      70.298    0.354492
66          41     241.269     532.115           0     75.5826    0.289967
66          42      240.94     533.057           0     83.4261    0.380165
66          43     240.635     534.007           0     84.5126    0.366867
66          44     240.375      534.97           0     81.5598    0.288808
66          45     240.148     535.941           0      76.065    0.146815
66          46     239.927     536.914           0      68.691    0.101936
66          47     239.699     537.885           0     60.7565    0.163674
66          48     239.451     538.851           0     57.7209    0.140583
66          49      239.17     539.808           0     59.0201    0.149654
66          50     238.852     540.754           0     61.1857    0.188007
66          51     238.518     541.694           0     61.9176    0.157825
66          52     238.174      542.63           0     65.8342    0.223926
66          53     237.819     543.563           0     67.3851    0.201819
66          54     237.463     544.494           0       66.04    0.206302
66          55     237.102     545.424           0     67.9003    0.262559
66          56      236.73      546.35           0     65.6714     0.21856
66          57     236.356     547.274           0     64.6525    0.167814
66          58     235.971     548.195           0     67.0427    0.247465
66          59      235.58     549.112           0     62.9385    0.115189
66          60     235.178     550.026           0     62.6567    0.183596
66          61     234.753     550.928           0     60.2209    0.145416
66          62     234.315     551.825           0     58.5142    0.140306
66          63     233.869     552.717           0        59.9    0.171942
66          64      233.43     553.612           0     59.6254    0.180127
66          65     232.998     554.512           0     65.0031    0.248362
66          66     232.572     555.414           0     63.0606    0.172951
66          67      232.15     556.317           0     64.9968    0.299531
66          68     231.723     557.219           0     64.1379    0.233469
66          69       231.3     558.122           0     63.9535     0.21386
66          70     230.877     559.026           0     66.5814    0.265569
66          71     230.462     559.933           0     64.8752    0.206879
66          72     230.054     560.843           0      68.675    0.292994
66          73     229.645     561.753           0     66.2442    0.214834
66          74     229.239     562.664           0     66.9928    0.285899
66          75     228.825     563.572           0     67.2597    0.345907
66          76     228.413      564.48           0     65.4754    0.175998
66          77     227.996     565.387           0     68.9497    0.394862
66          78     227.575     566.291           0     65.3042    0.298749
66          79     227.146     567.191           0     65.6263    0.394729
66          80     226.701     568.084           0     63.2368    0.385784
66          81     226.248     568.973           0     60.9789    0.339533
66          82     225.788     569.858           0     57.6699    0.400651
66          83     225.336     570.747           0     50.8481    0.298739
66          84     224.905     571.647           0     42.0161    0.411332
66          85     224.475     572.547           0     29.0742     0.42182
66          86     224.038     573.444           0     17.6805    0.325339
66          87     223.589     574.334           0     8.34929     0.14405
66          88     223.134     575.223           0     3.76387   0.0721223
66          89     222.677     576.109           0     1.49409   0.0151748
66          90      222.22     576.996           0  0.00513803           0
#1
67           0     174.476     306.463           0     66.8517     36.2334
67           1     174.737     305.513           0     64.4612     31.4787
67           2     175.014     304.567           0     60.6367     22.3344
67           3     175.347      303.64           0     56.5468     16.0345
67           4     175.723     302.729           0     52.9698     12.5408
67           5     176.115     301.826           0     49.0772     11.4698
67           6     176.511     300.924           0     46.5294     13.1259
67           7     176.914     300.025           0     47.7843     18.8375
67           8     177.341     299.137           0     51.4045     27.3334
67           9     177.804     298.267           0     55.0736     37.2467
67          10     178.277     297.403           0     56.4201     43.3079
#1
68           0     189.447     542.769           0     146.776     137.393
68           1     190.343     543.224           0     138.638     113.543
68           2     191.223     543.707           0     116.771     72.8857
68           3     192.065     544.254           0     91.1392     40.7705
68           4     192.848     544.883           0     70.9571     23.3662
68           5     193.547     545.604           0       60.89     15.3917
68           6     194.133     546.419           0     61.1222     12.9634
68           7     194.575      547.32           0     65.7055      10.539
68           8     194.929      548.26           0     76.0832     7.68403
68           9     195.193     549.229           0     81.8528     5.77094
68          10     195.365     550.218           0     82.3136     4.35263
68          11     195.457     551.219           0     79.3804     3.32889
68          12     195.494     552.222           0     76.0622     2.43229
68          13     195.488     553.226           0     74.1747     1.63353
68          14     195.446      554.23           0     73.3623     1.34639
68          15     195.364     555.231           0     74.7534     1.20865
68          16     195.242     556.228           0     76.3667     1.17387
68          17     195.088      557.22           0     78.0228     1.16822
68          18     194.918      558.21           0     77.6613     1.01233
68          19      194.75       559.2           0     74.6524     0.88202
68          20     194.588     560.191           0     72.3945    0.899324
68          21      194.43     561.183           0     70.8259    0.816783
68          22     194.272     562.174           0     70.1791    0.790139
68          23     194.113     563.166           0     70.6504     0.89385
68          24     193.956     564.158           0     70.3407     1.19468
68          25     193.803      565.15           0      68.366     1.81533
68          26     193.649     566.143           0     67.0164     2.63418
68          27     193.475     567.132           0     65.0299     3.68095
68          28     193.269     568.115           0      62.541     5.50324
68          29     193.027     569.089           0     61.4791     7.80567
68          30     192.759     570.057           0     57.4636     10.0789
68          31     192.483     571.023           0     55.9913     12.3264
68          32     192.203     571.987           0     57.5585     14.9587
68          33      191.92     572.951           0     60.1616     18.0042
68          34     191.644     573.917           0     60.0806     21.1337
68          35     191.378     574.885           0     62.7244     24.7879
68          36     191.113     575.853           0     67.2745     28.3014
68          37     190.851     576.823           0     68.3553     29.6906
68          38     190.627     577.802           0     65.2293     29.5232
68          39     190.505     578.799           0     59.6998     29.6004
68          40     190.528     579.802           0     49.8826     30.7758
68          41     190.769     580.776           0     36.7138     32.6175
68          42     191.223     581.672           0     27.6827     35.5555
68          43     191.801     582.493           0     32.4405     37.4009
68          44      192.41     583.291           0     49.4658     33.6581
68          45     193.031     584.081           0     64.6396     22.2888
#1
69           0     262.344     407.096           0     131.132     30.1178
69           1     261.809     407.939           0      128.69     29.4688
69           2     261.388     408.843           0      109.22     28.7962
69           3     261.173     409.817           0     89.0936     22.7947
69           4     261.076     410.811           0     75.2645     18.9902
69           5     261.003     411.806           0      69.771     16.8668
69           6     260.889     412.798           0     68.1349     15.7677
69           7     260.701     413.778           0      69.556     16.6093
69           8     260.461     414.747           0     70.4618      17.613
69           9     260.208     415.713           0     70.8106      18.372
69          10     259.985     416.686           0     70.3098     18.2888
69          11     259.816     417.669           0     68.6614     17.8989
69          12     259.691      418.66           0     66.6809     17.8348
69          13      259.58     419.652           0     63.6677     17.9728
69          14     259.455     420.642           0      59.978     18.2768
69          15     259.293     421.627           0     56.1998     18.5961
69          16     259.086     422.603           0     53.0533      18.856
69          17     258.841     423.571           0     50.6536     18.4862
69          18     258.573     424.532           0     50.6823      18.148
69          19     258.295     425.491           0     54.2808      17.628
69          20     258.023     426.452           0     60.1195     16.8586
69          21     257.778     427.419           0     65.2814     16.2824
69          22     257.562     428.394           0     70.4499      16.367
69          23     257.357     429.371           0     74.2643     16.8844
69          24     257.137     430.344           0     77.2771      18.104
69          25     256.888     431.311           0     79.4661      19.452
69          26     256.608     432.269           0     81.6902     20.9828
69          27     256.307      433.22           0     85.4522     21.8306
69          28     256.004     434.172           0     90.8244     22.2242
69          29     255.723     435.129           0     95.7898     22.3314
69          30     255.456     436.091           0     102.838     22.8017
69          31     255.186     437.052           0     112.393     22.9997
69          32     254.907      438.01           0     119.159     23.0973
69          33     254.619     438.966           0     118.182     23.5388
69          34     254.314     439.917           0     111.606     23.9203
69          35     253.978     440.856           0     100.526     22.8183
69          36      253.62     441.788           0     86.4294     20.5859
69          37     253.242     442.712           0     85.7126     18.0889
69          38     252.864     443.636           0     98.8451     19.4978
69          39     252.539      444.58           0     115.739     28.2677
69          40     252.253     445.536           0     125.676     35.2701
#1
70           0      96.765     393.813           0     157.814     118.013
70           1     96.4144     394.741           0     156.094     89.0758
70           2     95.8959     395.586           0     152.585     57.3102
70           3     95.3192     396.393           0     149.629     39.6525
70           4     94.7587     397.211           0     149.714     29.5064
70           5     94.2687     398.073           0     148.908     26.0296
70           6     93.8721     398.982           0     147.095     26.2677
70           7     93.5812     399.929           0     136.777      26.028
70           8     93.3803       400.9           0     127.382     25.8243
70           9      93.246     401.883           0     120.635     24.9731
70          10     93.1495      402.87           0     116.917     23.5593
70          11     93.0769     403.859           0      115.37     22.2656
70          12     93.0241     404.849           0     118.259     21.9566
70          13     92.9741      405.84           0     125.428     22.3943
70          14     92.9039     406.829           0     133.483     22.9034
70          15     92.7863     407.813           0     137.465     23.4341
70          16     92.6183     408.791           0     133.711     24.4477
70          17     92.4416     409.767           0     126.032     26.3276
70          18      92.323     410.751           0     119.873     28.5369
70          19     92.3216     411.741           0     116.911     31.5106
70          20     92.4733     412.718           0     116.653     37.7556
70          21     92.7707     413.661           0     117.988       46.75
70          22     93.1615     414.572           0     119.457     51.0164
70          23      93.574     415.474           0     121.056      48.674
70          24     93.9345     416.397           0     125.908     42.6234
70          25     94.1832     417.355           0     130.904      37.249
70          26     94.3016     418.337           0     136.188     34.8007
70          27     94.3146     419.328           0     140.645     33.4521
70          28     94.2638     420.318           0     144.326     32.1515
70          29     94.1856     421.307           0     147.451     30.9751
70          30     94.0983     422.295           0      150.52     30.0293
70          31     94.0019     423.282           0     152.974     28.9753
70          32     93.8917     424.268           0     151.303     27.8474
70          33     93.7748     425.253           0     149.384     26.5128
70          34     93.6662     426.238           0     147.281     25.3873
70          35     93.5784     427.226           0     143.434     24.3208
70          36     93.5256     428.216           0     138.205     24.0665
70          37     93.5296     429.208           0     131.289     25.1125
70          38     93.6129     430.195           0     122.739      26.152
70          39     93.7761     431.173           0     112.717     24.7175
70          40     93.9814     432.143           0     100.255     22.2233
70          41     94.1695     433.116           0     89.0114     21.4444
70          42     94.3007     434.099           0     81.6347     22.3486
70          43     94.3683     435.088           0     79.6169     24.4301
70          44     94.3884      436.08           0     81.3425     28.1196
70          45      94.391     437.072           0     83.4625     32.7392
70          46      94.403     438.063           0     84.2766      36.781
70          47     94.4365     439.054           0      82.212     38.2813
70          48     94.4908     440.045           0     78.2269     36.7667
70          49      94.563     441.034           0     72.9271     32.2407
70          50      94.653     442.022           0     67.5181     25.9219
70          51      94.751     443.009           0     63.7335       20.39
70          52     94.8432     443.996           0     61.9116     17.0077
70          53     94.9144     444.985           0     63.2172     15.8268
70          54     94.9605     445.976           0     64.5823     16.4943
70          55     94.9738     446.968           0     66.6735     18.4638
70          56     94.9581     447.959           0     68.4592     20.6935
70          57     94.9115      448.95           0      68.111     22.5795
70          58      94.828     449.938           0     64.6271     23.8885
70          59     94.7011     450.922           0     57.1329     24.3846
70          60     94.5326     451.899           0      45.731     24.0858
70          61     94.3441     452.873           0     33.2169     22.8627
#1
71           0     167.008     227.256           0     49.0194     39.4229
71           1     167.822     226.664           0     57.3212     35.0348
71           2     168.645     226.085           0      69.608     30.1822
71           3     169.482     225.526           0     79.7019     25.0781
71           4     170.327     224.979           0     88.5825     20.6101
71           5     171.175     224.438           0      89.737     17.2829
71           6     172.017     223.887           0     90.8627     14.8943
71           7     172.842      223.31           0     84.2832     13.0574
71           8     173.652     222.713           0     81.1312     11.7311
71           9     174.465      222.12           0     83.0153     11.0185
71          10     175.304     221.565           0     87.2829     11.4443
71          11     176.184     221.076           0      94.991     11.6312
71          12     177.099     220.657           0     94.2382     12.4656
71          13     178.028      220.27           0     91.2383     17.6135
71          14     178.947      219.86           0     84.8353     28.0474
71          15     179.847     219.409           0     78.8211      37.713
71          16     180.726     218.919           0     80.7724     41.1038
71          17     181.592     218.408           0     83.8397     37.4926
71          18      182.45     217.881           0     90.7374     33.9834
71          19     183.302     217.346           0     94.4593     30.8648
71          20     184.141     216.791           0     97.1907     30.3781
71          21     184.964     216.211           0     95.0466     32.0246
71          22     185.761     215.597           0     88.1163     35.4048
71          23     186.533     214.952           0     83.3571     39.0262
71          24     187.271     214.267           0     77.8557     43.6762
71          25     187.968     213.542           0     75.9415     48.4861
71          26      188.63     212.784           0     73.7064     52.8359
71          27     189.263     212.001           0     74.2075     55.7346
71          28     189.877     211.204           0     74.5749     56.9951
71          29     190.494     210.409           0     75.2687     57.0723
71          30     191.126     209.626           0     78.5888     55.7417
71          31     191.777     208.858           0      81.047     55.1181
71          32     192.443     208.104           0     81.5847     54.4859
71          33      193.11      207.35           0     81.3237     52.8199
71          34     193.762     206.584           0     78.8421      51.358
71          35     194.392     205.799           0     76.6614     50.3308
71          36     194.985     204.986           0     76.8377     46.6252
71          37     195.537     204.145           0     74.3358      36.246
71          38      196.05     203.279           0     76.3294     22.9889
71          39     196.544     202.402           0     76.0649     12.3924
71          40     197.047      201.53           0     78.5577     6.49486
71          41     197.575     200.674           0     71.9469      3.6685
71          42     198.137     199.839           0     63.1837     2.56291
71          43     198.725     199.022           0     50.5175     2.78236
71          44     199.328     198.216           0     40.7807     6.39972
71          45     199.935     197.413           0     35.2332     13.4303
71          46     200.545     196.613           0     27.9165      22.672
#1
72           0      104.74      512.82           0       116.3     63.9551
72           1     105.694     512.489           0     117.676     62.1684
72           2     106.672     512.238           0     116.239     59.7937
72           3     107.672     512.097           0     115.489     57.8112
72           4     108.679     512.022           0     118.499     58.6439
72           5     109.683     511.918           0     125.464     57.4418
72           6     110.657     511.649           0     129.941     42.1188
72           7     111.466     511.051           0     122.309     34.7801
72           8     111.986     510.187           0     94.0221     32.0608
72           9     112.302     509.228           0     66.6678     30.7453
72          10     112.513      508.24           0     51.7516     29.1372
72          11     112.673     507.243           0     42.6972     25.9238
72          12     112.805     506.242           0     36.5519      22.726
72          13     112.925     505.239           0     33.3252      20.044
72          14     113.032     504.235           0     34.4404     17.4597
72          15     113.131      503.23           0     39.2266     16.1207
72          16      113.23     502.225           0     48.6545     15.1936
72          17     113.343     501.222           0     60.7677     14.7551
72          18     113.474      500.22           0     75.9193     16.0742
72          19     113.615      499.22           0     92.6783     18.9011
72          20     113.769     498.222           0     106.355     21.9647
72          21     113.938     497.227           0     114.118     23.1644
72          22     114.114     496.232           0     110.034     20.0444
72          23     114.273     495.235           0     95.8045     15.0567
72          24     114.394     494.233           0     78.7315      10.753
72          25     114.467     493.226           0     65.6164     7.82245
72          26     114.483     492.216           0     60.6475     7.34347
72          27     114.445     491.207           0     64.8473     6.99724
72          28     114.367       490.2           0     74.1861     6.92599
72          29      114.27     489.195           0     85.6608      8.3615
72          30     114.183     488.189           0      95.541     13.4268
72          31     114.144      487.18           0     102.248     19.9179
72          32     114.189     486.171           0     103.714     23.5008
72          33     114.333     485.171           0     98.1946     21.5124
72          34     114.562     484.188           0     90.6067     14.4184
72          35     114.862     483.224           0     85.0156     8.27438
72          36     115.212     482.276           0      78.345     5.29932
72          37     115.577     481.335           0     68.9988     3.87044
72          38     115.924     480.387           0     59.2815     1.93806
72          39     116.224     479.422           0     45.6753    0.564604
72          40     116.457      478.44           0      33.676     0.25264
72          41     116.628     477.445           0     25.4612    0.401429
72          42     116.744     476.442           0     20.9265    0.665501
72          43     116.811     475.434           0     19.5151      1.9411
72          44     116.843     474.425           0      20.771     4.63825
72          45     116.868     473.415           0     24.2299     9.10555
72          46     116.916     472.406           0     29.4123     15.4642
72          47     116.998       471.4           0     32.5957     22.2923
72          48       117.1     470.395           0     33.5044     27.0421
72          49     117.211     469.392           0     32.7006     29.7161
#1
73           0     234.312      235.58           0      157.41     45.0993
73           1     235.203     235.137           0     152.183     48.2983
73           2     236.124      234.76           0     128.146     40.2883
73           3     237.104     234.587           0     102.071     48.2648
73           4     238.099     234.589           0     84.2361     52.3362
73           5     239.089     234.702           0     73.1535     45.3223
73           6     240.072     234.862           0     68.0027     33.5911
73           7     241.056     235.013           0     64.7005     22.2829
73           8     242.044     235.132           0      59.946     13.6132
73           9     243.035     235.232           0     53.6104     7.90915
73          10     244.025     235.336           0     46.8489     4.91594
73          11     245.013     235.459           0     41.0058     4.22342
73          12     245.997     235.611           0     35.6242     5.36542
73          13     246.979     235.777           0     32.6207     8.54115
73          14     247.965     235.922           0     34.6223     18.2484
73          15     248.958     235.988           0     43.5641     33.0066
73          16      249.95     235.901           0     56.9856     28.5111
73          17     250.915      235.66           0     70.1258     22.3477
73          18     251.859     235.341           0     79.6409     30.2661
73          19     252.804     235.028           0     84.4157     42.4741
73          20     253.753     234.726           0     80.8902     48.9649
#1
74           0     188.996     189.103           0     68.4005     53.6732
74           1     189.132     188.122           0     63.5722     54.2238
74           2      189.31     187.149           0      61.463     43.9999
74           3     189.706     186.242           0     63.6612     38.5074
74           4     190.331     185.474           0     65.0548     34.9977
74           5     191.118     184.874           0     64.8477     32.6907
74           6     191.989     184.404           0     60.0388     32.0295
74           7      192.89     183.993           0     61.7333     32.3186
74           8     193.782     183.564           0     58.6481     28.6013
74           9     194.651     183.091           0     56.4922     21.9636
74          10       195.5     182.583           0     51.2469     15.7846
74          11     196.335     182.051           0      47.237     12.1959
74          12     197.159     181.502           0     41.2126     11.1234
74          13     197.967     180.931           0     37.6399     12.7539
74          14     198.761      180.34           0     32.4872     15.6016
74          15      199.54     179.729           0     29.7566     17.6981
74          16     200.308     179.105           0     27.9793     17.5625
74          17     201.075     178.479           0     25.2614     14.6693
74          18     201.843     177.854           0      23.629     10.4784
74          19     202.614     177.234           0     21.5977     6.47556
74          20     203.386     176.615           0     21.3236     4.05655
74          21     204.168     176.007           0     26.9438      2.8878
74          22     204.964      175.42           0     29.1545     2.64087
74          23     205.789     174.873           0     31.6551     2.76699
74          24     206.638     174.363           0      32.987     3.57192
74          25     207.496      173.87           0     35.2339     6.41786
74          26     208.348     173.367           0      36.313     9.93424
74          27     209.179     172.828           0     37.2811     12.6802
74          28     209.979     172.246           0     37.4707     13.7796
74          29     210.744     171.617           0     37.5311     15.1991
74          30     211.459     170.933           0     40.0291     24.0023
74          31     212.096     170.175           0     46.8975     37.1791
74          32     212.629     169.342           0     59.4449     40.7809
74          33     213.125     168.485           0     74.1015     45.0445
#1
75           0     111.687     287.784           0     85.5537     58.3983
75           1     111.565     286.792           0     97.9379     47.5485
75           2     111.437       285.8           0     109.409     35.8463
75           3     111.314     284.808           0     116.081     24.5436
75           4     111.227     283.812           0     118.007     16.3737
75           5     111.203     282.813           0     117.969     12.7707
75           6     111.246     281.814           0     119.363     12.4514
75           7     111.342     280.819           0     123.968     14.2555
75           8     111.498     279.831           0     131.434     16.6861
75           9     111.708     278.854           0     140.454     21.0127
75          10     111.995     277.896           0     149.149     36.2445
75          11     112.379     276.973           0     150.609     56.5971
75          12     112.872     276.103           0     155.027     54.3608
75          13     113.466     275.299           0     158.078     38.5667
75          14      114.14      274.56           0     163.722     31.4139
75          15     114.864     273.871           0     169.522      33.441
75          16     115.627     273.225           0     168.608     36.2153
75          17     116.416     272.611           0     167.281     34.3652
75          18     117.249     272.058           0     168.771     27.9805
75          19     118.157     271.641           0     164.083     41.4856
75          20     119.145     271.489           0     151.805     68.6758
75          21     120.142     271.554           0     133.386     65.4343
75          22      121.13     271.708           0     114.495     43.3908
75          23     122.112     271.898           0      95.625     22.9478
75          24     123.093     272.091           0     75.4821     14.1034
75          25     124.076     272.271           0     61.5379     16.9442
75          26     125.062     272.437           0     58.7695     28.2538
75          27     126.053     272.567           0     72.7947     36.6968
75          28     127.048     272.667           0     94.5821     42.1698
#1
76           0      111.55     525.276           0     43.6864     29.7666
76           1     111.242     526.243           0     58.3893     28.1254
76           2     110.904       527.2           0     75.5345     26.6198
76           3     110.498     528.131           0     89.5755     25.4196
76           4     110.036     529.034           0     106.102     24.5697
76           5     109.566     529.934           0     125.434     20.6418
76           6     109.166     530.866           0     146.042     16.2342
76           7     108.897     531.843           0     156.014       10.53
76           8     108.749     532.847           0     151.681     7.60948
76           9     108.682      533.86           0     144.708      5.0771
76          10     108.649     534.874           0     139.481     4.22348
76          11     108.629     535.889           0     137.883     3.74408
76          12     108.611     536.904           0     137.663     3.74021
76          13     108.589     537.919           0      134.78     4.17631
76          14     108.556     538.934           0     126.868     4.65099
76          15       108.5     539.947           0     114.161     6.06662
76          16     108.416     540.959           0     97.3439     12.6662
76          17     108.306     541.968           0     80.8218     26.3899
76          18     108.174     542.974           0      69.925     39.3005
76          19     108.027     543.978           0      66.908     40.5854
76          20     107.868     544.981           0     71.5001     32.1166
76          21       107.7     545.982           0     83.8676     25.3027
76          22     107.509     546.979           0     99.6546     25.6732
76          23     107.266     547.964           0     115.622     29.6526
76          24     106.937     548.923           0     128.487     35.7277
76          25     106.506     549.841           0     132.737     40.1277
76          26     105.988     550.713           0     136.022     40.3187
76          27     105.387     551.531           0      130.66     37.5239
76          28     104.717     552.292           0     121.758     33.9717
76          29     103.971      552.98           0     107.608     28.9754
76          30     103.153     553.581           0     91.0142     24.8755
76          31       102.3      554.13           0     79.6433     25.8459
76          32     101.436     554.664           0     71.3779     35.8195
76          33     100.574     555.199           0     64.8765     52.5203
#1
77           0     263.385    0.495956           0     55.5047    0.742613
77           1     264.037      1.2475           0     57.2898    0.436075
77           2     264.692     1.99701           0     56.6794    0.502612
77           3     265.362     2.73297           0     56.6606    0.478585
77           4     266.043      3.4584           0     59.7883     2.28881
77           5     266.734     4.17475           0     63.1238     2.30748
77           6     267.442     4.87498           0     67.3425     1.65495
77           7     268.158     5.56535           0     69.9865     1.32495
77           8     268.859       6.272           0     75.2789    0.974444
77           9     269.529     7.00846           0     78.4809     1.53016
77          10      270.14     7.79354           0     78.3135      1.9674
77          11     270.647     8.65032           0     75.5992     2.28873
77          12     271.019     9.57309           0     72.7174     2.82807
77          13     271.338     10.5161           0     70.0643     2.39289
77          14      271.75     11.4216           0     68.7229     1.63019
77          15     272.306     12.2473           0     65.2025      1.2004
77          16     272.941     13.0131           0     64.5726    0.655399
77          17     273.603     13.7561           0     64.1486    0.382438
77          18     274.257      14.507           0     67.6279    0.412559
77          19     274.883     15.2803           0     71.5938    0.391265
77          20      275.49      16.069           0     70.6637    0.513014
77          21     276.085     16.8671           0     71.8616    0.364781
77          22     276.673     17.6703           0     70.5934    0.452711
77          23      277.26     18.4738           0     72.5669    0.501041
77          24     277.842      19.281           0      74.555    0.578808
77          25     278.417     20.0933           0     72.2465     0.60657
77          26     278.971     20.9199           0     70.6942    0.573314
77          27     279.495     21.7664           0     63.4739    0.348431
77          28     279.978     22.6367           0     62.5247    0.351451
77          29     280.418     23.5292           0     58.1109    0.154081
77          30     280.821      24.439           0     58.1971     0.14443
77          31     281.204      25.358           0     57.5464    0.190481
77          32     281.572     26.2824           0     56.1879    0.203595
77          33     281.941     27.2067           0      58.238    0.246406
77          34     282.311     28.1309           0     56.2896    0.215285
77          35     282.669     29.0594           0     56.6564    0.181302
77          36      283.02     29.9908           0     59.7849    0.240894
77          37     283.367     30.9236           0     58.1187    0.189205
77          38     283.708     31.8583           0     59.6224    0.223753
77          39      284.05     32.7931           0     62.3103    0.270975
77          40     284.386     33.7298           0     60.7052    0.307037
77          41     284.723     34.6665           0     61.5209    0.410116
77          42     285.068        35.6           0     62.7076    0.448145
77          43     285.418     36.5316           0     59.9472    0.382629
77          44     285.771     37.4623           0     60.1552    0.321009
77          45     286.125     38.3923           0     60.1825    0.424757
77          46     286.472     39.3253           0     57.8679     0.33428
77          47     286.811     40.2609           0     58.7099    0.367235
77          48     287.146     41.1979           0     58.4901    0.260765
77          49     287.471     42.1388           0     56.9525    0.212905
77          50     287.791     43.0813           0     58.4318    0.220984
77          51     288.116     44.0218           0     58.9095    0.211524
77          52     288.451     44.9591           0     56.5245    0.200993
77          53     288.809     45.8875           0     56.7814    0.279122
77          54     289.214     46.7969           0     54.9471    0.333641
77          55      289.66     47.6866           0     53.1114    0.440256
77          56      290.14     48.5584           0     54.9577    0.524097
77          57     290.627     49.4262           0     60.5278    0.659277
77          58     291.085     50.3099           0     75.1538    0.859399
77          59     291.463     51.2304           0      89.387    0.867165
77          60     291.734     52.1878           0     100.928    0.886174
77          61     291.918      53.166           0     109.303    0.783358
77          62     292.052     54.1521           0     113.459    0.796775
77          63     292.168     55.1406           0      114.22     1.02336
77          64     292.274     56.1302           0     114.729     1.14904
77          65     292.367      57.121           0     113.668     1.32768
77          66      292.44     58.1136           0     111.532     1.52468
77          67     292.489     59.1077           0     107.655     1.62437
77          68     292.519     60.1025           0     104.784     1.80997
77          69     292.532     61.0976           0     102.446     2.32341
77          70      292.53     62.0929           0     100.967     2.92592
77          71     292.522     63.0881           0     99.8223     3.43626
77          72      292.53     64.0833           0     97.2805     4.20769
77          73     292.589     65.0768           0      94.205     5.74811
77          74     292.724     66.0627           0     89.3934     8.01632
77          75     292.945     67.0332           0     84.7206     11.8645
77          76     293.231     67.9864           0     79.5898     16.7651
77          77     293.553     68.9283           0     76.8188     20.6227
77          78     293.876     69.8697           0      77.847     22.3381
77          79     294.156     70.8246           0     76.5617     22.2394
77          80     294.359     71.7989           0     74.3145     21.9269
77          81     294.501      72.784           0     70.8654     22.3252
77          82       294.6     73.7743           0      65.244     26.4844
77          83     294.711     74.7634           0     61.2992     33.4486
77          84     294.941     75.7317           0     65.2714     41.6903
77          85      295.37     76.6295           0      70.763      48.221
77          86     295.876     77.4861           0     71.4287     65.0645
#1
78           0     337.206     158.971           0     93.3025     47.0425
78           1     337.112     159.957           0     87.8214      50.187
78           2     337.029     160.944           0     78.2875     39.9414
78           3     337.043     161.934           0     71.8417     32.8489
78           4     337.162     162.917           0     64.8393     26.9723
78           5     337.339     163.891           0      57.882     18.7484
78           6     337.539     164.861           0     53.0609     10.9961
78           7     337.746      165.83           0     50.4553     5.50493
78           8     337.936     166.802           0     49.7357     2.58909
78           9     338.113     167.776           0     48.3798     1.38415
78          10     338.277     168.753           0     46.3896    0.916678
78          11     338.427     169.732           0     46.3439    0.788735
78          12     338.565     170.713           0     47.6426     0.88555
78          13      338.69     171.695           0     50.7304    0.972776
78          14     338.806     172.679           0     54.5409     1.18325
78          15     338.909     173.664           0     58.2346     1.34903
78          16     339.004     174.649           0     61.2548     1.22064
78          17     339.101     175.635           0     60.4854     1.45194
78          18     339.205      176.62           0     58.9934      1.6098
78          19     339.318     177.604           0     56.8561     1.76298
78          20     339.438     178.587           0     55.0262     2.01615
78          21     339.562     179.569           0     53.3698     1.95773
78          22     339.689     180.552           0     52.1732     1.81107
78          23     339.818     181.534           0      51.011     1.70233
78          24     339.941     182.516           0     49.5197     1.71103
78          25     340.063     183.499           0     46.0295     2.10127
78          26     340.174     184.483           0     40.1432     2.66104
78          27     340.267     185.469           0     32.2249     3.18676
78          28     340.349     186.456           0     22.2539     4.11564
78          29     340.427     187.443           0     13.0257     4.81654
78          30     340.504     188.431           0     6.12842     5.07368
#1
79           0     224.617     380.601           0     62.3712     57.6487
79           1     225.539     381.041           0     60.6339     49.1137
79           2     226.419     381.561           0     54.6847     39.8871
79           3     227.243     382.165           0     50.0952     32.1399
79           4     228.015     382.834           0     50.7445      27.785
79           5     228.749     383.544           0     59.7102      27.722
79           6     229.449     384.288           0     72.1898     27.7733
79           7     230.121     385.058           0     82.8716     23.6285
79           8     230.811     385.811           0     81.5306     17.7323
79           9     231.554     386.512           0     71.4157     11.5566
79          10     232.369     387.128           0     63.9612     7.30755
79          11     233.262     387.624           0      61.329     5.16329
79          12      234.22     387.979           0      63.055     4.22556
79          13     235.218     388.199           0     59.0036       2.517
79          14      236.23     388.341           0     54.4435     2.13326
79          15     237.243      388.47           0     52.4158     6.74986
79          16     238.252     388.629           0     52.1899     13.2582
79          17     239.253     388.837           0     55.4858     21.1313
79          18     240.239     389.104           0     61.2978     30.8096
79          19     241.211     389.417           0     69.6347     39.6822
79          20     242.172     389.765           0     82.6081     45.1712
79          21     243.107     390.177           0     98.5156     48.0725
79          22     243.972     390.719           0      114.36     69.7667
79          23     244.659     391.474           0     117.505     73.7098
#1
80           0     184.886     497.726           0     150.229     57.0235
80           1     185.294     498.657           0      145.29     36.5564
80           2     185.977     499.409           0     109.443     24.6818
80           3     186.821     499.979           0     68.9838     18.2096
80           4     187.723     500.451           0      53.028     14.1791
80           5     188.643     500.886           0     55.6554     13.0424
80           6     189.564     501.321           0     62.4445     13.4191
80           7      190.47     501.785           0     69.4029     15.6219
80           8     191.349     502.299           0     70.7289     17.6201
80           9     192.159     502.916           0     68.8101     18.4366
80          10     192.838     503.675           0     60.7037      17.571
80          11     193.335     504.563           0     51.8139     15.4129
80          12     193.646     505.532           0     43.6777     12.9874
80          13     193.803     506.538           0     38.3625     10.5394
80          14      193.86     507.555           0     36.1649     9.37172
80          15     193.863     508.573           0     34.6586     8.61689
80          16     193.844     509.591           0     34.4349     7.97812
80          17     193.819     510.609           0     35.4278     7.71916
80          18     193.798     511.627           0     35.7976     7.62476
80          19     193.786     512.645           0     36.4312     7.90879
80          20     193.784     513.663           0     38.1107     8.93796
80          21     193.797     514.681           0     40.2979     11.4752
80          22     193.828     515.699           0      45.074     16.8754
80          23     193.875     516.716           0     55.2886     27.0258
80          24     193.921     517.733           0     71.9616     42.0648
80          25      193.95     518.751           0     88.8646     57.1255
80          26     193.949     519.769           0      95.963     67.4502
#1
81           0     122.129     380.101           0    0.100578   0.0941688
81           1     122.363     381.077           0           1    0.316712
81           2     122.605     382.051           0     1.05117    0.455208
81           3      122.87      383.02           0     2.01962    0.697201
81           4      123.17     383.978           0     2.97767    0.987661
81           5     123.506     384.924           0      3.9237     1.23515
81           6     123.859     385.863           0     4.86347     1.56627
81           7     124.209     386.804           0     4.95913     1.85607
81           8     124.578     387.738           0     5.73814     2.11518
81           9     124.953      388.67           0           6     2.10635
81          10     125.328     389.601           0           6     2.26267
81          11     125.704     390.532           0     6.53152     2.42886
81          12     126.083     391.461           0     6.95548     2.49902
81          13     126.468     392.389           0           7     2.36982
81          14     126.858     393.313           0           7     2.47463
81          15     127.255     394.236           0           7     2.62393
81          16     127.657     395.155           0     7.15546     2.78466
81          17     128.068     396.071           0      7.9366     2.76493
81          18     128.494     396.981           0     7.99044     2.85465
81          19     128.926     397.887           0           8     2.96919
81          20     129.364      398.79           0     8.79029     2.94048
81          21     129.802     399.693           0     9.55627     3.01501
81          22     130.242     400.596           0     10.5958     3.18499
81          23     130.689     401.495           0     11.8358     3.60331
81          24     131.148     402.388           0     13.8329     4.13503
81          25      131.62     403.274           0     16.0635      4.4498
81          26     132.105     404.153           0     17.9273     4.63875
81          27     132.595     405.029           0     18.6119      4.7517
81          28     133.082     405.907           0     19.8252     5.12003
81          29     133.558     406.791           0     19.0925     4.97544
81          30     134.021     407.681           0     18.9719     4.72551
81          31     134.462     408.584           0     17.6405     4.39422
81          32     134.879     409.497           0      16.443     4.36967
81          33     135.277     410.418           0          16     4.45892
81          34     135.669     411.343           0     16.5719     4.76537
81          35     136.072     412.262           0     18.5431     5.62569
81          36     136.504     413.168           0     20.8407     6.70595
81          37     136.976     414.055           0     23.0835      8.0018
81          38     137.487     414.918           0     25.2842     8.73491
81          39     138.033     415.761           0     26.7783     8.90342
81          40     138.601     416.589           0     28.5436     8.88137
81          41     139.181     417.409           0      29.967     8.95987
81          42     139.763     418.227           0     30.8816     9.02073
81          43     140.343     419.046           0     31.9857      9.3586
81          44      140.92     419.867           0     32.7287     9.79383
81          45     141.491     420.693           0     33.1895     10.8264
81          46     142.056     421.523           0     33.3707     12.1673
81          47     142.613     422.358           0     32.9421     13.3295
81          48     143.165     423.197           0     33.5708     14.1033
81          49     143.715     424.036           0     33.7207     14.7224
81          50     144.271     424.873           0     34.4988     15.2695
81          51     144.824     425.711           0      35.807     16.8534
81          52     145.351     426.565           0     38.5565      19.269
81          53     145.835     427.445           0     44.2499     22.6499
81          54     146.209     428.376           0     50.3346     27.0051
81          55     146.459     429.348           0     56.7083     31.1276
81          56     146.568     430.346           0     63.2129     34.3956
81          57      146.49     431.347           0     69.4068     38.5485
81          58     146.145     432.289           0     75.8069     39.0404
81          59     145.481     433.042           0     72.9286     41.0363
#1
82           0     95.1274     541.985           0     128.963      33.887
82           1     95.7495     542.802           0      133.03      42.687
82           2      96.096     543.768           0     126.485     37.8817
82           3     96.2431     544.784           0     111.675     40.6639
82           4     96.2876      545.81           0     99.9419     43.1917
82           5     96.2955     546.837           0     97.0948     44.6222
82           6     96.2953     547.864           0     103.586     45.6909
82           7     96.3088      548.89           0     110.486      46.413
82           8     96.3515     549.916           0     111.481     47.2881
82           9     96.4233      550.94           0     104.707     48.4267
82          10     96.5118     551.963           0     92.4138     49.7821
82          11     96.6075     552.986           0     78.1955     51.1625
#1
83           0     159.841     545.789           0     103.375     65.2848
83           1     160.834     545.931           0     101.947       47.91
83           2     161.682     546.468           0     86.4049     24.2418
83           3     162.363     547.207           0     77.7838     19.2456
83           4     162.905     548.053           0     76.4239      20.232
83           5     163.316      548.97           0     75.0254      28.213
83           6     163.586     549.938           0     72.2995     38.7977
83           7     163.763     550.927           0     70.9411     39.6701
83           8     163.961     551.912           0      75.385     33.3464
83           9     164.308     552.855           0      77.699     29.6833
83          10     164.865     553.691           0      77.228     20.8943
#1
84           0     299.016     318.996           0     80.9623     69.0081
84           1     299.881     319.498           0     79.2426     62.5228
84           2     300.745     319.999           0     71.2985     52.5523
84           3     301.594     320.525           0     57.4521     38.2352
84           4     302.418     321.091           0     43.5003      21.535
84           5      303.21     321.699           0     31.5456     9.05871
84           6     303.963     322.356           0     26.7395     4.11284
84           7     304.678     323.054           0     41.8218     1.88078
84           8      305.35     323.794           0     72.6609     6.89404
84           9     305.958     324.587           0     101.243     15.4048
84          10     306.504     325.423           0     107.564     16.7162
84          11     307.032     326.271           0     113.025     14.8114
84          12      307.58     327.107           0     111.162     14.6288
84          13     308.152     327.926           0     115.351     15.6634
84          14     308.747     328.729           0     115.196     17.2029
84          15     309.369     329.511           0     111.892     18.3518
84          16      310.01     330.277           0     109.641     18.4089
84          17     310.666     331.031           0     103.053     17.8699
84          18     311.311     331.794           0     99.2827     15.7444
84          19     311.909     332.595           0     102.708      12.824
84          20      312.42     333.453           0     108.746     10.3622
84          21     312.782     334.384           0     115.757     10.5695
84          22     312.961     335.367           0     121.574      13.189
84          23     312.974     336.366           0     124.393     18.7458
84          24     312.879     337.361           0     125.396      23.737
84          25     312.725     338.348           0     126.007     25.6524
84          26     312.553     339.332           0     126.953     24.2275
84          27     312.381     340.317           0     129.357      20.366
84          28     312.223     341.303           0     133.392     15.9123
84          29     312.089     342.293           0     139.763     11.7377
84          30     311.984     343.287           0     148.338      8.7972
84          31     311.907     344.283           0     156.817     7.11196
84          32     311.845      345.28           0     166.994     6.48915
84          33     311.772     346.277           0      175.84     6.35689
84          34     311.686     347.272           0     177.425     6.96787
84          35     311.612     348.269           0     166.521     8.62089
84          36     311.584     349.267           0     142.505     11.4155
84          37      311.61     350.266           0     113.547     14.8556
84          38     311.662     351.264           0     89.2564     17.6434
84          39     311.692     352.263           0     75.2314      19.669
84          40     311.642      353.26           0     68.7341       20.67
84          41     311.444      354.24           0     65.8842     21.2183
84          42      311.08      355.17           0     69.2194     21.5966
84          43      310.55     356.017           0     82.0123     22.9553
84          44     309.889     356.766           0     116.593     27.8711
84          45     309.178     357.467           0     151.714     33.1384
#1
85           0     130.124     486.811           0     53.8659     42.2091
85           1     129.667     487.717           0     60.9685     34.8372
85           2     129.211     488.624           0     63.4454     31.1331
85           3     128.776     489.541           0     59.6797     29.0616
85           4     128.381     490.476           0     52.9791     27.6665
85           5     128.038     491.432           0     48.1637     26.3806
85           6     127.754     492.406           0     45.9389     25.5525
85           7     127.523     493.395           0     46.7248     24.8462
85           8     127.328     494.391           0     50.7757     23.9055
85           9     127.167     495.393           0     57.6832      23.013
85          10      127.04       496.4           0     65.1214     22.4417
85          11     126.954     497.412           0     68.9918     22.3164
85          12     126.915     498.426           0     66.1748     22.2629
85          13     126.925     499.441           0     57.8492     21.3767
85          14     126.977     500.455           0     49.3637     19.4871
85          15     127.069     501.466           0     46.3606      16.724
85          16     127.197     502.473           0     50.6769     14.7918
85          17     127.359     503.475           0     59.7467     14.1435
85          18      127.55     504.472           0     68.0897     14.6196
85          19     127.758     505.465           0     72.1108     15.0292
85          20     127.967     506.459           0     71.9716      14.402
85          21      128.16     507.455           0     69.0922     13.6286
85          22     128.335     508.455           0     68.0625      14.243
85          23     128.501     509.457           0     69.2729     17.1561
85          24     128.672     510.457           0     66.9082     22.6766
85          25     128.854     511.456           0     61.6289     29.6069
85          26     129.043     512.453           0     56.0148     34.8699
85          27     129.225     513.452           0     51.6022      38.926
85          28     129.389     514.453           0      52.436     42.5184
85          29      129.52      515.46           0     56.1794      46.387
85          30     129.597     516.472           0     59.4243     51.4086
85          31     129.593     517.487           0     61.2443     55.4233
85          32     129.499     518.498           0     62.7422     57.6334
85          33     129.381     519.506           0     65.5477      63.188
#1
86           0     145.316     164.814           0     100.362     49.5578
86           1     146.284     164.552           0     100.319     66.7382
86           2     147.085     163.949           0     94.8011     47.2366
86           3     147.701     163.158           0     87.0307     45.0072
86           4     148.217     162.298           0     83.8988     46.6537
86           5     148.686      161.41           0     84.2232     46.6873
86           6     149.152     160.522           0     87.6984     45.0556
86           7     149.694     159.679           0     87.6647      38.233
86           8     150.426     158.994           0     83.0207     21.7481
86           9     151.349     158.605           0     67.6647     25.9493
86          10     152.346     158.492           0     46.9134     33.5891
86          11     153.348     158.524           0     29.8773     19.7861
86          12     154.349     158.594           0     21.7942     9.46756
86          13      155.35     158.654           0     19.0788     5.06744
86          14     156.352     158.695           0     19.0476     3.42035
86          15     157.354     158.739           0     20.0931      3.0435
86          16     158.355     158.809           0     20.8092     2.94291
86          17     159.351     158.931           0     20.9312     2.74904
86          18     160.335     159.124           0     20.4586     2.70879
86          19     161.298     159.406           0     19.1198     2.56001
86          20     162.225     159.787           0     18.1295     2.03643
86          21     163.101     160.277           0      19.413     1.85986
86          22     163.902      160.88           0     24.8821     3.01037
86          23     164.603     161.598           0     31.8875     4.36655
86          24     165.171     162.424           0     38.1641     5.58088
86          25     165.582     163.339           0     40.7445     6.29652
86          26     165.849     164.306           0      40.888     6.70098
86          27     166.019     165.295           0     39.3237      6.6227
86          28     166.132     166.291           0     37.5094     6.55898
86          29     166.213     167.291           0      37.944     6.64646
86          30      166.26     168.293           0      39.883      6.5562
86          31     166.264     169.296           0     42.0632     6.38367
86          32     166.213     170.298           0     44.0434     6.18011
86          33       166.1     171.294           0     46.3944     5.59279
86          34     165.934     172.284           0     50.0762     4.88246
86          35     165.722     173.264           0     55.4539      4.2873
86          36      165.47     174.235           0     64.7466     3.79135
86          37     165.174     175.193           0     75.7778     3.61861
86          38     164.812     176.129           0     81.6218     3.72824
86          39     164.354     177.021           0     76.1331     3.38672
86          40     163.807     177.862           0     62.4096     2.49606
86          41     163.206     178.665           0     46.1835     1.41938
86          42      162.58     179.449           0     36.6486    0.869443
86          43     161.952     180.231           0     38.6921    0.394353
86          44     161.324     181.013           0     47.8319    0.259685
86          45     160.685     181.786           0     59.2226    0.456791
86          46     160.041     182.555           0     69.9693     2.07972
86          47     159.398     183.325           0     76.9156     9.25632
86          48     158.789     184.122           0     83.3149     21.6731
86          49     158.245     184.964           0     82.5099      27.761
86          50     157.754     185.839           0     73.7832     27.0351
86          51     157.274      186.72           0     59.4237     38.0088
#1
87           0     146.744       173.7           0     92.3254     37.3236
87           1     147.546     174.325           0     63.0646      24.695
87           2     148.219     175.088           0     44.1396     21.3297
87           3      148.83     175.901           0     45.1031     14.7767
87           4     149.421      176.73           0     52.5692     9.52227
87           5         150     177.566           0     61.8261      7.5824
87           6     150.569     178.409           0     62.2133     8.90451
87           7     151.172     179.229           0     59.7653     12.5885
87           8      151.82     180.013           0     53.2428     14.9491
87           9     152.518     180.753           0      44.532     12.6021
87          10     153.268      181.44           0     41.7229     7.89739
87          11     154.068     182.069           0     43.7764     4.07973
87          12     154.893     182.664           0     47.6389     4.09508
87          13     155.744     183.221           0     55.8985     11.0108
87          14     156.608     183.759           0     66.4517     22.4838
87          15     157.452     184.327           0     77.0369     36.8309
87          16     158.245     184.964           0     82.5099     43.1791
#1
88           0      233.57     143.584           0     113.219     55.9227
88           1     234.578      143.58           0     113.053     51.6934
88           2     235.581       143.5           0     111.047     45.9852
88           3     236.578     143.352           0     103.554     44.6005
88           4     237.558      143.12           0     88.3913     45.7145
88           5     238.515     142.807           0     66.7555      41.533
88           6     239.452     142.439           0     46.8382     30.2834
88           7     240.378     142.041           0     34.4598     18.5373
88           8     241.294     141.623           0     27.9153      10.626
88           9     242.197     141.177           0     24.5514     6.13023
88          10     243.082     140.696           0      21.172     3.65273
88          11     243.944     140.176           0     18.2974     2.01686
88          12     244.781     139.616           0     14.6356     1.23256
88          13     245.595     139.022           0     13.0048    0.706922
88          14     246.394     138.409           0     13.5368    0.676533
88          15     247.192     137.794           0     17.6199    0.697876
88          16     248.002     137.196           0     27.2457    0.861704
88          17     248.832     136.625           0     37.0659     1.09757
88          18     249.685     136.091           0     47.4721     1.43975
88          19     250.557     135.586           0     51.4189     1.89711
88          20     251.437     135.097           0     56.4889     2.37901
88          21     252.319     134.609           0     57.7261     2.77008
88          22     253.198     134.118           0     61.1053     3.22026
88          23     254.072     133.618           0     61.0516     3.33974
88          24     254.942     133.111           0     62.1085      3.7635
88          25     255.805     132.591           0     58.5734     3.93261
88          26      256.66      132.06           0     56.4235     4.39832
88          27      257.51     131.518           0     50.5147      4.4853
88          28     258.355     130.971           0     45.9122     4.33234
88          29     259.203     130.427           0      36.942     3.71888
88          30     260.055      129.89           0     28.8147     3.68077
88          31      260.91     129.358           0     20.5628     3.86126
88          32     261.763     128.823           0     15.2897     4.07911
88          33     262.613     128.282           0     11.7146     4.20731
88          34     263.464     127.743           0     10.3985     4.74705
88          35     264.324     127.219           0     10.2528     5.54049
88          36     265.202     126.726           0     11.3296      6.9167
88          37      266.11     126.291           0     12.5291     9.00149
88          38     267.057     125.946           0     14.2212     10.9332
88          39     268.039     125.724           0     16.5902     11.8069
88          40     269.044     125.654           0     17.7651      11.726
88          41     270.047      125.74           0     19.3066     11.8243
88          42     271.026     125.978           0     20.0466     12.0605
88          43     271.958      126.36           0     20.5827     12.3076
88          44      272.83     126.863           0     20.8533     11.6412
88          45     273.634      127.47           0     20.3586     10.3872
88          46     274.368      128.16           0     19.8988     8.86523
88          47     275.035     128.915           0     19.9653     7.42372
88          48     275.645     129.715           0     18.8472     6.76091
88          49      276.21      130.55           0     18.3559     6.41989
88          50      276.74     131.406           0     17.8943     6.62278
88          51      277.25     132.274           0     17.5442     6.81109
88          52     277.756     133.145           0          17     6.99704
88          53     278.269     134.012           0     17.0032     7.07686
88          54     278.797      134.87           0     17.6931      6.9659
88          55     279.343     135.716           0     17.9027     7.27194
88          56     279.909     136.549           0          18     7.76184
88          57     280.493      137.37           0          18     8.63848
88          58     281.091      138.18           0     18.1802     9.96349
88          59     281.698     138.984           0     18.9839     11.0355
88          60     282.308     139.785           0     19.7848     12.1517
88          61     282.905     140.596           0          20     12.6969
88          62     283.492     141.415           0     21.1108     13.4348
88          63     284.057     142.248           0     24.1361     15.8535
88          64     284.597     143.098           0     30.3528     22.6425
88          65     285.128     143.955           0      42.383     35.9202
88          66     285.672     144.802           0     56.8546     52.6264
88          67      286.25     145.627           0     62.4415     65.5314
#1
89           0     57.4932     343.464           0     8.02188     7.15375
89           1     58.4027     343.071           0     11.8151     4.30268
89           2     59.3106     342.674           0     16.8728     2.55387
89           3     60.2137     342.266           0     23.0486     1.38931
89           4     61.1124     341.848           0     29.5178    0.887079
89           5     62.0139     341.437           0     35.2913    0.528894
89           6     62.9268     341.052           0     41.1877     0.63226
89           7     63.8561     340.708           0     48.6381     1.15562
89           8     64.7916     340.381           0     61.2332      4.3375
89           9     65.7297     340.062           0     78.1026     15.3161
89          10      66.669     339.746           0     86.2563     30.9612
89          11     67.6133     339.446           0     89.8719     43.6624
89          12     68.5608     339.156           0     89.0693     47.4614
#1
90           0     68.4103      338.17           0     87.3729     46.1116
90           1     69.3231     337.813           0     87.2802     46.5468
90           2     70.2305     337.443           0     85.3429     44.1916
90           3     71.1321     337.058           0     81.2244     40.3865
90           4     72.0349     336.677           0     67.8054     35.1277
90           5     72.9417     336.305           0     50.8183      29.334
90           6     73.8523     335.942           0     41.0866     22.8962
90           7     74.7635     335.581           0     44.9966     18.4734
90           8     75.6624      335.19           0     63.2332     16.3973
90           9     76.5548     334.785           0     78.6673     13.6339
90          10     77.4392     334.363           0     79.4042     8.81798
90          11     78.3026     333.899           0     65.1877     4.16252
90          12     79.1575     333.419           0     41.1406     1.74698
90          13     80.0078     332.932           0     23.3878     1.83717
90          14     80.8585     332.445           0     15.1688     3.44968
90          15     81.7124     331.964           0     13.2307     5.77116
90          16     82.5704      331.49           0     12.2105     8.10666
90          17     83.4318     331.023           0     11.5584     10.7052
#1
91           0     293.863     79.2589           0     109.372     52.1565
91           1     293.981     80.2403           0     107.944     41.0908
91           2     294.061     81.2256           0     101.208     34.1087
91           3     294.029     82.2136           0      95.698     31.5001
91           4     293.921     83.1962           0     90.0532     27.5764
91           5     293.806      84.178           0     82.6552     23.2503
91           6     293.736     85.1641           0     73.6882     23.1079
91           7     293.709     86.1522           0     64.4641     25.9858
91           8     293.665     87.1398           0     55.8212     29.1592
91           9     293.596     88.1259           0     49.9814     31.2337
91          10     293.467      89.106           0     46.6298     32.6035
91          11     293.263     90.0732           0     44.2162     32.7609
91          12         293     91.0262           0     41.8952     32.8396
91          13     292.705     91.9697           0     37.2094     32.6305
91          14       292.4     92.9101           0     34.1979     30.7615
#1
92           0     229.444     412.479           0     91.6561     46.2985
92           1     229.978     413.328           0     86.7415     46.5817
92           2     230.456      414.21           0     76.7441     35.9754
92           3     230.866     415.126           0     72.3722     28.7962
92           4     231.171     416.082           0     71.6573     23.6592
92           5     231.358     417.068           0     71.2399     19.9554
92           6     231.451     418.067           0     70.5193     16.2418
92           7     231.476      419.07           0      69.831     12.6633
92           8      231.47     420.073           0     66.5824     9.23641
92           9     231.433     421.076           0     61.7541     6.90449
92          10     231.376     422.078           0     56.8292     5.06568
92          11     231.301     423.079           0     51.6265      3.7985
92          12     231.215     424.078           0     46.0264     3.13168
92          13     231.109     425.076           0     42.2535     2.91134
92          14     230.975     426.071           0      38.642     3.04045
92          15     230.806      427.06           0     35.0696     3.38622
92          16     230.592      428.04           0     32.0806     3.80362
92          17     230.313     429.004           0     29.3031     4.15586
92          18     229.945     429.937           0     26.8971     4.45906
92          19     229.468      430.82           0     23.6687     4.64215
92          20     228.881     431.634           0     21.7178     5.07395
92          21     228.192     432.363           0     20.2444     5.49731
92          22     227.424     433.009           0     19.4202     5.88108
92          23     226.603     433.586           0     19.2326     6.25109
92          24     225.748     434.111           0          20     6.58265
92          25     224.872       434.6           0      20.077     6.92265
92          26     223.982     435.064           0          21      7.1105
92          27     223.081     435.505           0          21     6.91165
92          28     222.169     435.924           0     21.7677     6.66092
92          29     221.246     436.318           0     22.2395     6.51369
92          30     220.314     436.689           0     22.6888     6.15707
92          31     219.379     437.053           0     23.5689     5.77141
92          32      218.45     437.432           0     23.8059     5.20064
92          33     217.537      437.85           0     23.9306     4.46558
92          34     216.653     438.324           0     23.6759     3.72153
92          35     215.809     438.867           0     22.8915     3.19793
92          36     215.019     439.485           0     21.5158     3.15542
92          37     214.289     440.174           0     20.8996     3.09722
92          38     213.627     440.928           0     20.9731     3.43247
92          39     213.037     441.739           0     20.2333      4.0841
92          40     212.516     442.597           0     18.6108     4.29107
92          41     212.058      443.49           0     17.4816     4.16412
92          42     211.651     444.407           0      16.386     3.58702
92          43     211.281      445.34           0     15.5652     3.14589
92          44     210.938     446.283           0     14.3281     3.02164
92          45     210.618     447.234           0       12.24     2.46604
92          46     210.317     448.191           0     10.8091     2.16698
92          47     210.032     449.153           0     9.84231     1.85551
92          48     209.752     450.117           0     8.66462     1.52684
92          49     209.474     451.081           0           8     1.44629
92          50     209.189     452.043           0     7.99191     1.17493
92          51     208.897     453.003           0      8.0027     1.28692
92          52       208.6     453.961           0     8.96117     1.20749
92          53     208.293     454.917           0      11.481     1.28344
92          54     207.986     455.872           0     14.6257     1.60289
92          55     207.698     456.833           0     18.8857       2.553
92          56     207.445     457.804           0      23.772     4.40233
92          57     207.224     458.783           0     28.4591     6.41758
92          58     207.001     459.761           0     32.2801     8.66201
92          59      206.71     460.721           0     34.4544      11.725
92          60     206.267     461.621           0     33.8002     12.5162
92          61      205.65     462.413           0      29.807     10.0324
92          62     204.912     463.092           0     24.1141     7.60105
92          63     204.117     463.705           0     18.3058     6.19236
92          64     203.318     464.312           0     14.6015     5.41323
92          65     202.553     464.962           0     12.5274     4.78366
92          66     201.855     465.682           0     12.5166     4.26347
92          67     201.241     466.476           0     13.8781     3.75497
92          68     200.717     467.331           0     16.6538     3.11937
92          69     200.269     468.229           0     21.0476     2.67633
92          70     199.874     469.152           0     25.9028     2.99399
92          71     199.499     470.082           0     31.3724     3.34357
92          72      199.11     471.007           0     36.6891     3.45361
92          73      198.68     471.914           0     39.6578     3.19989
92          74     198.212     472.802           0     43.3274     2.79922
92          75     197.728      473.68           0     46.2845     2.22404
92          76     197.254     474.565           0     48.7245     1.89186
92          77       196.8      475.46           0     51.1194     1.68697
92          78     196.366     476.365           0     53.0592     1.40737
92          79      195.94     477.273           0     55.6765     1.83842
92          80      195.51     478.179           0     55.4992     2.48107
92          81     195.071     479.082           0     57.6025     4.11635
92          82      194.62     479.978           0     57.1904      5.6041
92          83     194.168     480.874           0     57.7832     8.03919
92          84     193.726     481.775           0     56.5337      10.336
92          85       193.3     482.683           0     55.0535     13.5719
92          86     192.882     483.596           0     53.4565     17.3767
92          87     192.472     484.511           0     49.4399     20.7563
92          88      192.07     485.431           0     47.9071     24.8317
92          89     191.662     486.347           0     47.2584     28.7636
92          90     191.254     487.264           0     52.3469     32.4862
92          91     190.872     488.192           0     62.7952     34.6133
92          92     190.577     489.151           0     78.5134     34.6719
92          93     190.483     490.149           0     92.7783     34.8226
92          94     190.706     491.127           0      94.292     31.6185
#1
93           0     243.071     320.943           0     43.2038     34.6015
93           1     244.051     320.728           0      48.263      23.921
93           2     245.032     320.525           0     49.5059     14.8811
93           3     246.021     320.357           0     49.2434      9.5355
93           4     247.018     320.246           0     47.4538      9.0576
93           5      248.02     320.208           0     44.5087     13.3278
93           6     249.022     320.252           0     40.6456     18.3668
93           7     250.024     320.285           0     35.8569     20.6375
93           8     251.027     320.276           0     29.8598     20.8242
93           9     252.027     320.214           0     24.7191     19.5727
93          10     253.025     320.109           0     22.7235     17.4687
93          11     254.018     319.971           0     25.0489     14.6263
93          12     255.006     319.799           0     30.6407     13.9763
93          13     255.987     319.592           0      37.496     15.3629
93          14     256.966     319.375           0      44.016     16.0956
93          15      257.95     319.183           0     47.9129     16.5261
93          16     258.943     319.044           0     49.6408     16.4153
93          17     259.942     318.954           0     49.8139     15.2665
93          18      260.94      318.86           0     51.1895      10.559
93          19     261.924     318.667           0     52.4911     5.02399
93          20     262.853     318.289           0     52.9755     2.61258
93          21      263.68     317.722           0     49.3148     1.56195
93          22     264.411     317.036           0     44.7924    0.859052
93          23      265.08     316.289           0     42.5626    0.722889
93          24     265.722     315.518           0      40.138     1.44226
93          25     266.349     314.736           0     39.5356     1.79974
93          26     266.949     313.932           0      39.792     2.53973
93          27     267.482     313.083           0      38.528     4.59893
93          28     267.904     312.174           0     35.4402     9.90336
93          29     268.224     311.223           0     31.2202     14.2871
93          30     268.501     310.259           0     28.0168     14.9131
93          31     268.804     309.303           0     26.7861     13.8039
93          32     269.174     308.371           0     25.7662     12.5334
93          33     269.626     307.476           0     25.0119     13.3325
93          34     270.146     306.619           0     26.8804     18.2684
93          35     270.711     305.791           0     35.8436      28.129
93          36     271.297     304.977           0     55.2475     43.6557
93          37     271.883     304.163           0     75.9671     60.0404
93          38     272.464     303.346           0     80.0147     67.8076
#1
94           0      306.26      241.56           0     106.509     26.8722
94           1     306.544     242.489           0     97.6066     32.4187
94           2     306.836     243.417           0     82.4567     33.0403
94           3     307.131     244.343           0     68.4849     29.6883
94           4      307.42     245.272           0     60.2229     22.3886
94           5     307.691     246.206           0     60.0148     14.4048
94           6     307.934     247.147           0     64.5157     8.33401
94           7     308.144     248.097           0     69.9547     5.05072
94           8     308.306     249.056           0     72.9894     3.85247
94           9     308.415     250.022           0      71.092     3.26891
94          10     308.461     250.993           0     67.5637      2.6433
94          11     308.421     251.965           0     62.6041     3.36325
94          12       308.3     252.929           0     73.2661      5.8924
94          13     308.132     253.887           0     102.471     18.7042
94          14     308.001     254.851           0     133.494     34.4417
94          15     307.894     255.817           0     135.271     46.3926
#1
95           0     290.955     422.633           0     90.2079     89.8461
95           1     291.953     422.778           0     89.3596     78.8852
95           2     292.961     422.787           0     87.7829     48.1412
95           3     293.941     422.552           0      87.677     47.8167
95           4     294.821      422.06           0     84.7074     48.9458
95           5     295.593     421.412           0     71.2079     46.2519
95           6     296.311     420.705           0      62.234     41.7168
95           7     296.972     419.943           0     61.5294     34.6661
95           8     297.616     419.167           0     63.1766      26.042
95           9     298.254     418.386           0     71.3097     16.4988
95          10     298.887     417.602           0     79.0998     8.39625
95          11      299.53     416.826           0     80.5601     2.87639
95          12     300.187     416.061           0      83.367    0.810312
95          13     300.853     415.304           0     84.4894    0.277248
95          14     301.531     414.558           0     85.5839    0.408037
95          15     302.223     413.825           0     89.2256    0.438376
95          16     302.933     413.109           0     88.6711    0.438407
95          17     303.662     412.413           0     79.2263     0.46657
95          18     304.405     411.731           0     74.5864    0.286701
95          19     305.146     411.047           0      76.106    0.297496
95          20     305.865     410.341           0     79.5223    0.382147
95          21     306.555     409.606           0     84.7609    0.631507
95          22     307.213     408.842           0     91.9961     0.57399
95          23     307.837      408.05           0     93.8254    0.574918
95          24     308.432     407.236           0      88.819    0.685109
95          25     308.996     406.401           0     86.5669    0.568768
95          26     309.542     405.553           0     76.2471    0.555841
95          27     310.072     404.695           0      73.303    0.469889
95          28     310.587     403.828           0     69.0657    0.370609
95          29     311.089     402.954           0     72.9529    0.488892
95          30     311.569     402.068           0     73.4311    0.622556
95          31     312.021     401.167           0     78.2325      1.4206
95          32     312.436     400.248           0     75.1298     1.69228
95          33     312.818     399.315           0      73.889     2.84305
95          34     313.184     398.375           0     68.7646     4.24645
95          35     313.537     397.431           0     62.7129     6.01619
95          36     313.889     396.486           0     61.5822     9.93486
95          37     314.241     395.542           0     59.2097     15.7254
95          38     314.588     394.595           0     58.0534     23.3949
95          39     314.943     393.651           0     59.1894     31.8871
95          40      315.32     392.716           0     56.8652     38.7869
95          41      315.72     391.791           0     56.9369      43.129
95          42     316.146     390.877           0     59.6417     44.0818
95          43     316.575     389.965           0     63.4318     40.2581
95          44     316.965     389.035           0     74.3048     32.9487
95          45     317.265     388.073           0     87.5631     26.6812
95          46     317.417     387.077           0     99.1449     23.2275
95          47     317.416     386.069           0     106.834     22.6934
95          48     317.296     385.068           0     112.687     24.6485
95          49     317.088     384.081           0      119.07     27.6998
95          50     316.806     383.113           0       119.7     31.3572
95          51     316.446     382.172           0     120.591     34.0269
95          52     315.965     381.286           0     124.814     43.8734
95          53     315.317     380.513           0     119.158     36.6712
#1
96           0     158.468     425.437           0     7.04308     5.72542
96           1     157.859     426.245           0     14.9603     3.55521
96           2     157.249     427.051           0     23.0238     2.44939
96           3     156.642      427.86           0      30.493     3.47693
96           4     156.057     428.685           0     35.7506     5.79257
96           5     155.515     429.539           0     38.0454       9.228
96           6     155.035     430.429           0      42.086     13.3446
96           7     154.622     431.352           0     44.9914     17.4483
96           8     154.265     432.298           0     50.4129     21.4774
96           9     153.961     433.263           0     57.1008     25.5294
96          10     153.698     434.239           0        60.8     29.9855
96          11     153.474     435.225           0     64.9246     34.2437
96          12     153.281     436.218           0     69.9997     37.6277
96          13     153.113     437.215           0      76.619     39.5868
96          14     152.964     438.215           0     84.1882     40.1728
96          15     152.846      439.22           0     90.5566     38.4679
96          16     152.776     440.229           0     97.7563     33.2466
96          17     152.757      441.24           0     102.058     27.1156
96          18     152.753     442.251           0     100.206     25.4537
96          19     152.709     443.261           0     90.5343     27.8319
96          20      152.58     444.264           0     74.4397     29.0127
96          21     152.366     445.253           0     59.7077     27.1021
96          22     152.094     446.227           0     52.9827     26.4873
96          23     151.797     447.193           0     54.9091     27.8987
96          24     151.494     448.158           0     62.3587     30.8647
96          25      151.18     449.119           0     71.6107     34.0911
96          26      150.84     450.072           0     75.9416      36.003
96          27      150.49     451.021           0     73.9197     36.0985
96          28     150.169      451.98           0     72.3441     36.2769
96          29     149.964      452.97           0     73.8561     37.2627
96          30     149.988     453.981           0     78.8904     38.3234
96          31     150.343     454.927           0      81.841     42.2589
96          32     151.015     455.683           0     81.7221     46.9388
96          33      151.85     456.252           0     82.9819     56.9908
96          34     152.738     456.736           0     82.1813     70.7577
#1
97           0     234.018     208.872           0     76.8642     43.1511
97           1     234.231     209.899           0     66.2414     37.2095
97           2     234.441     210.926           0     46.1156      25.036
97           3     234.621      211.96           0     29.0154     11.3338
97           4     234.776     212.997           0     20.5747     4.73833
97           5     234.922     214.035           0       20.87     6.86862
97           6     235.094      215.07           0     24.3262     12.1565
97           7     235.316     216.095           0      30.504     12.5313
97           8     235.647      217.09           0     39.8408     6.97353
97           9     236.169         218           0     52.8145     14.7539
97          10     236.934     218.716           0     58.1028     23.0449
#1
98           0     235.775     221.573           0     68.5213     23.6088
98           1     236.437     222.325           0     69.4621     23.0639
98           2     237.046      223.12           0     67.4563     27.3122
98           3     237.674     223.902           0     63.9095     31.1332
98           4     238.358     224.634           0     62.3444       35.48
98           5     239.084     225.324           0     61.8599     44.5176
98           6     239.828     225.995           0     58.3588     48.2391
#1
99           0     236.578     143.352           0     103.554      61.723
99           1     236.983     144.295           0     98.5065     60.4045
99           2     237.575     145.133           0     82.9837      40.168
99           3     238.249     145.907           0     65.2919     22.8872
99           4     238.926     146.678           0     50.2114     12.2479
99           5     239.577     147.471           0     40.1526     5.22656
99           6     240.204     148.283           0     34.7042     2.21931
99           7      240.82     149.104           0     31.5931    0.847171
99           8     241.425     149.933           0     29.0015    0.335512
99           9     242.027     150.765           0     31.2358    0.255903
99          10     242.629     151.596           0     33.3996    0.230008
99          11      243.24     152.421           0     36.7474    0.214435
99          12     243.863     153.236           0     39.6631     0.42994
99          13     244.497     154.043           0     40.8486    0.669032
99          14     245.145      154.84           0     40.2828      1.0797
99          15     245.785     155.642           0      37.901     1.72503
99          16     246.402     156.461           0      41.622     3.29787
99          17      246.95     157.329           0     55.9683     5.71118
99          18       247.3     158.293           0      75.465     17.0425
99          19     247.238     159.316           0     78.6767     21.4364
#1
100           0     356.241     211.309           0     153.295     8.49181
100           1     356.399     212.292           0     120.265     7.59312
100           2     356.479     213.283           0     96.0881     12.6762
100           3     356.391     214.275           0     82.9981     26.5085
100           4     356.144     215.239           0     78.1869     30.3202
100           5     355.796     216.171           0     77.9209     25.2265
100           6     355.412      217.09           0     80.7392     19.2039
100           7     355.022     218.006           0     84.7013     14.9749
100           8     354.643     218.926           0      72.696      11.798
100           9     354.298      219.86           0     53.4779     10.3581
100          10     353.983     220.805           0      34.549     10.5766
100          11     353.693     221.757           0     21.8447     11.2252
100          12     353.416     222.713           0     20.6655     11.9622
100          13     353.127     223.666           0     26.0688     12.1507
100          14     352.804     224.608           0      32.296     11.0345
100          15     352.434     225.532           0     36.1688     8.05966
100          16     352.007     226.431           0     38.5356     5.40255
100          17     351.532     227.306           0     36.6609     2.90574
100          18     351.034     228.168           0     40.5814     1.85151
100          19     350.535     229.029           0     48.0117     1.99408
100          20     350.049     229.898           0     61.9356     2.85549
100          21     349.594     230.783           0     68.8364     3.75252
100          22     349.169     231.683           0     75.3893     6.15623
100          23      348.75     232.587           0     74.8295     9.91944
100          24     348.317     233.483           0     69.7486     15.4109
100          25      347.83     234.351           0     62.5357     21.1253
100          26     347.277     235.179           0     53.8899     27.0343
100          27     346.664     235.963           0     53.2129     33.5158
100          28     346.015     236.718           0     60.3717     38.4875
100          29     345.354     237.463           0     65.3914     32.6929
#1
101           0     152.738     456.736           0     82.1813     49.7098
101           1     153.509     456.104           0     84.2493     47.0384
101           2     154.287     455.481           0     80.8211     44.2535
101           3     155.067     454.861           0     78.8781      39.339
101           4     155.835     454.227           0     78.0993     33.9405
101           5     156.575     453.559           0     80.2637     28.9546
101           6     157.263     452.838           0     85.2672     26.3638
101           7     157.853     452.035           0     86.9087     25.5085
101           8     158.325     451.158           0     78.4852      24.507
101           9       158.7     450.234           0     67.9961     22.1944
101          10     159.023     449.292           0     59.4139     20.0364
101          11     159.329     448.343           0     53.1497     19.9105
101          12     159.637     447.396           0     53.5982      22.467
101          13     159.958     446.452           0     59.3935     25.5185
101          14      160.29     445.513           0     63.0087     25.7597
101          15     160.634     444.577           0     65.7059     21.8904
101          16     160.994     443.648           0     66.9023     16.8237
101          17     161.378     442.728           0     62.0964     11.2374
101          18     161.798     441.825           0     59.2343     8.05827
101          19     162.272     440.948           0     56.1542     6.65063
101          20     162.809     440.108           0     52.8455     6.81963
101          21     163.409     439.313           0     49.3525      7.4856
101          22     164.054     438.553           0     46.4018     8.97122
101          23     164.717      437.81           0      42.969     11.0052
101          24     165.356     437.044           0     41.0256     12.6628
101          25     165.926     436.227           0     42.2609     14.2439
101          26     166.392     435.346           0     46.1215     15.1563
101          27     166.721     434.406           0     51.9526     15.7992
101          28     166.904     433.426           0     57.6226     16.3938
101          29     166.966     432.432           0     61.4669     17.2408
101          30     166.965     431.435           0     62.7525     16.9218
101          31     166.961     430.439           0     61.0678     15.9848
101          32     167.005     429.443           0     58.2885     15.5736
101          33     167.131     428.454           0     53.9854     14.4312
101          34     167.355     427.484           0     50.5577     11.9452
101          35      167.67     426.538           0     49.1563     9.86776
101          36     168.041     425.613           0     50.8231     8.07777
101          37     168.415      424.69           0     51.2053     6.03004
101          38     168.756     423.753           0     51.8526     4.42488
101          39     169.057     422.803           0     48.3359     3.01237
101          40     169.345     421.849           0     41.1331     2.34689
101          41     169.651       420.9           0     36.1407     1.69991
101          42     169.985     419.962           0     35.9235     1.51455
101          43      170.34      419.03           0     35.6085     1.13175
101          44     170.702     418.102           0      38.449     1.00873
101          45     171.065     417.174           0     42.1711    0.834528
101          46      171.42     416.243           0     42.1531     0.55588
101          47     171.764     415.307           0     42.8015     0.46522
101          48     172.101      414.37           0     43.4473    0.359995
101          49     172.431     413.429           0     42.6107    0.347952
101          50     172.758     412.488           0     44.0435     0.43015
101          51      173.09     411.549           0     45.0297    0.436334
101          52      173.43     410.611           0     43.2132    0.412469
101          53      173.78     409.679           0     41.7836    0.393609
101          54     174.145     408.751           0     39.1688    0.381219
101          55     174.518     407.827           0     35.4641    0.263921
101          56     174.896     406.905           0     34.4519    0.337311
101          57     175.282     405.986           0     33.1539    0.238964
101          58      175.67     405.068           0     34.4961    0.289003
101          59     176.056      404.15           0     38.2932    0.491659
101          60     176.439      403.23           0     39.7057    0.400229
101          61     176.823      402.31           0     42.8517    0.386389
101          62     177.219     401.396           0     43.4374    0.392189
101          63     177.623     400.485           0     41.7825    0.301611
101          64      178.04      399.58           0     40.8814     0.38353
101          65     178.471     398.681           0     37.2535    0.176019
101          66     178.915     397.789           0     36.2313    0.355746
101          67     179.369     396.902           0      33.655     0.18353
101          68      179.83     396.018           0     33.3043    0.200874
101          69     180.297     395.138           0     32.2985    0.184141
101          70     180.766     394.258           0     32.4771    0.192859
101          71     181.235     393.379           0      32.608    0.203528
101          72     181.698     392.497           0     32.7475    0.261686
101          73     182.151     391.609           0     34.0577    0.277693
101          74      182.59     390.715           0     34.1549    0.236115
101          75     183.019     389.815           0     36.7026     0.33833
101          76     183.438     388.911           0     35.5289     0.19932
101          77     183.846     388.002           0     37.2284    0.236728
101          78     184.248      387.09           0     36.2344    0.221694
101          79     184.645     386.176           0     35.7816    0.176572
101          80     185.048     385.264           0      36.694     0.22576
101          81     185.451     384.353           0     34.5551    0.260038
101          82     185.855     383.442           0     34.4511    0.239531
101          83     186.266     382.534           0     33.3578    0.246453
101          84     186.679     381.627           0     32.7739    0.482114
101          85     187.093     380.721           0     33.3858    0.866925
101          86     187.505     379.813           0     32.7245     1.38259
#1
102           0     115.161     521.731           0     39.3589     26.1306
102           1     116.034     521.246           0     55.5254     34.4936
102           2     116.922     520.791           0     73.9051     33.5617
102           3     117.847     520.416           0     88.7968      29.994
102           4     118.808     520.148           0       103.9     30.9747
102           5     119.794     519.997           0     114.331     39.8195
102           6     120.792     519.982           0     115.092     51.6375
102           7     121.783     520.105           0     106.389     56.1839
102           8     122.766     520.276           0     91.6557     51.5159
102           9     123.749     520.448           0     77.5007     42.7755
102          10     124.732     520.622           0     65.6037     33.4449
102          11     125.721     520.756           0     57.3562     25.1672
102          12     126.718     520.811           0     54.7142     20.5207
102          13     127.715     520.764           0     58.4144     22.8058
102          14     128.703     520.623           0     65.8196     34.3615
102          15     129.688      520.46           0     70.5893     45.8893
#1
103           0     226.011      302.42           0     76.5073     29.2696
103           1     227.018     302.542           0     73.3208     19.9518
103           2     228.008      302.32           0      52.029      19.507
103           3     228.944     301.925           0     30.4502     15.8521
103           4     229.857     301.482           0     16.9943     8.46647
103           5     230.785     301.069           0     11.9001     3.28354
103           6     231.738     300.719           0     11.4441      2.6538
103           7     232.693     300.372           0     19.0224     3.69504
103           8     233.647     300.024           0     31.5596     5.33991
103           9     234.608     299.698           0      41.724     8.17119
103          10     235.591     299.443           0     47.6252     14.9199
103          11     236.595     299.288           0     47.3525      19.715
103          12     237.607     299.202           0     43.3604     15.1661
103          13     238.619     299.127           0     40.3801     7.74504
103          14     239.629      299.02           0     40.5312     2.52446
103          15     240.636     298.887           0     40.3551     1.41108
103          16     241.645     298.779           0     38.8908     2.14734
103          17      242.66     298.749           0     35.9364     3.35111
103          18     243.673     298.823           0     32.6839     4.49435
103          19     244.674     298.996           0     31.3085     6.46801
103          20     245.659      299.24           0     33.0491      9.3598
103          21     246.622     299.564           0     40.8833      14.122
103          22     247.553      299.97           0     52.8462     21.7325
103          23     248.411     300.512           0     59.4394     25.8053
103          24     249.125     301.233           0     60.5409       25.38
103          25     249.688     302.079           0     54.3588     34.4389
#1
104           0     93.7761     431.173           0     112.717     49.4894
104           1     92.7863     431.344           0      110.41     86.7486
104           2     91.9749     431.933           0     104.661      47.876
104           3     91.4695       432.8           0     88.8539     32.1435
104           4     91.1696     433.759           0     75.1725     28.4812
104           5     90.9406     434.737           0     69.5473     27.4332
104           6     90.7048     435.714           0     71.0999     29.6476
104           7     90.4325     436.681           0     77.1334     33.8219
104           8     90.1404     437.643           0     84.4853     37.5679
104           9     89.9042     438.619           0     89.0331     40.1456
104          10     89.7861     439.617           0     89.0374     41.9889
104          11     89.7895     440.622           0     84.0973      39.989
104          12     89.8575     441.624           0     74.5308     35.7439
104          13     89.9263     442.626           0     61.7704      31.277
104          14     89.9568     443.631           0     49.1575     28.1068
104          15     89.9502     444.635           0     40.9207      26.537
104          16     89.9271      445.64           0     39.3219     26.0486
104          17     89.9099     446.644           0     42.8618      26.389
104          18      89.909     447.649           0     49.0621     27.1053
104          19     89.9229     448.654           0     55.4102     28.0636
104          20     89.9517     449.658           0     60.2624     28.1154
104          21     89.9973     450.662           0     63.3005     26.6595
104          22     90.0629     451.664           0       64.14     23.3874
104          23     90.1453     452.666           0     64.0314     18.7485
104          24      90.235     453.667           0       64.57      13.362
104          25      90.317     454.668           0     64.2759     8.12017
104          26     90.3836      455.67           0     62.3522     4.99208
104          27     90.4335     456.674           0     58.1966     3.29196
104          28     90.4773     457.678           0     52.7796     2.33811
104          29     90.5269     458.681           0     49.3151     2.00682
104          30     90.5885     459.684           0     47.6229     2.12243
104          31     90.6665     460.686           0     48.9332        2.15
104          32     90.7613     461.686           0     52.4619     2.15522
104          33     90.8749     462.684           0      57.415     1.89455
104          34     91.0146     463.679           0     62.5767     1.98827
104          35     91.1912     464.669           0     64.2555     2.50861
104          36     91.4321     465.644           0     65.7502     2.94726
104          37     91.7831     466.585           0     63.9536      2.7625
104          38     92.2643     467.467           0     52.5681     1.24098
104          39     92.8397     468.291           0     35.8561    0.411661
104          40     93.4644     469.078           0     23.3401    0.390984
104          41      94.097     469.858           0     22.1086    0.635821
104          42     94.7141     470.651           0     32.3891     0.97391
104          43      95.306     471.463           0     48.4499     1.29975
104          44     95.8652     472.298           0     64.5235     1.48455
104          45     96.3985     473.149           0     72.1469     1.47146
104          46     96.9179     474.009           0     78.1454     1.62636
104          47     97.4352     474.871           0     76.1477     1.24653
104          48     97.9694     475.722           0      76.027     1.11209
104          49     98.5439     476.546           0      65.348    0.785818
104          50      99.168     477.333           0     54.3164    0.540154
104          51     99.8322     478.087           0     40.1808    0.345134
104          52     100.516     478.823           0     25.7797    0.239365
104          53       101.2     479.559           0       17.14    0.132767
104          54     101.883     480.296           0     16.5634    0.430551
104          55      102.57      481.03           0     22.6079     1.54081
104          56     103.278     481.742           0     33.5445     4.18637
104          57     104.021     482.418           0     43.6783     8.93385
104          58     104.809     483.041           0     47.4716     13.4173
104          59     105.643     483.603           0     44.7833     14.6032
104          60     106.511     484.109           0      40.344     12.1042
104          61     107.405     484.568           0     34.7886     7.12836
104          62     108.325      484.97           0     33.8877     3.02854
104          63     109.259      485.34           0     37.7368     1.35697
104          64     110.215      485.65           0     45.9693     2.45755
104          65     111.194     485.877           0     56.4116     4.94474
104          66     112.186     486.036           0     73.8176     14.8167
104          67     113.185     486.137           0     93.8652     36.1616
104          68     114.189     486.171           0     103.714     56.6932
#1
105           0     276.885     298.729           0     5.65148     4.43106
105           1     277.765     298.223           0      14.831     2.52165
105           2     278.645     297.718           0      22.718     2.12436
105           3     279.516     297.196           0     27.8596      3.3889
105           4     280.361     296.633           0     29.4348     5.80822
105           5     281.162     296.009           0     30.9794     8.63964
105           6     281.906     295.318           0     32.0434      13.005
105           7     282.587     294.566           0     35.9607     19.8525
105           8     283.214     293.767           0      44.837     26.8175
105           9     283.804     292.941           0      58.414     32.3535
105          10     284.391     292.112           0     71.1957     35.0324
105          11     285.017     291.313           0     79.0251     34.7253
105          12     285.717     290.578           0     76.8812     33.3045
105          13     286.496     289.927           0     74.1506     34.3077
105          14     287.332     289.351           0     71.6165     36.7242
105          15     288.193     288.813           0     73.9284     37.6341
105          16     289.049     288.267           0     78.8914     35.9387
105          17     289.869     287.668           0     78.1648     31.3532
105          18     290.637     287.004           0     72.4692     29.9757
105          19     291.374     286.306           0     58.0169     33.3627
#1
106           0     202.712     314.472           0     50.1764     17.6577
106           1     202.501     315.461           0     51.2726     14.2157
106           2     202.228     316.434           0     48.8576      10.747
106           3     201.918     317.396           0     45.1354     7.02143
106           4     201.625     318.364           0      41.943     4.39184
106           5     201.398     319.349           0     41.2742     2.90557
106           6     201.263      320.35           0     41.8574     1.96344
106           7     201.226     321.361           0     41.1501     1.38965
106           8     201.301     322.369           0     38.6114      1.0858
106           9     201.488     323.362           0     35.8039    0.851882
106          10     201.796     324.325           0     34.2638    0.761676
106          11     202.237     325.234           0     33.7331    0.917773
106          12     202.811     326.066           0     34.9476     1.18831
106          13     203.511     326.796           0     37.6801     1.37084
106          14      204.32     327.402           0     42.2505     1.39761
106          15     205.216      327.87           0     48.1458     1.20722
106          16      206.17     328.202           0     51.0053     1.07464
106          17     207.157     328.421           0     53.5124     1.23057
106          18     208.158     328.559           0     57.1706     1.68221
106          19     209.167     328.632           0     60.6602     3.19453
106          20     210.177     328.643           0     63.5698     5.05403
106          21     211.187     328.584           0     64.9662     7.76945
106          22     212.188     328.444           0     64.4292     10.5821
106          23     213.172     328.212           0     61.6246     14.2142
106          24     214.128     327.886           0     57.7443     21.7477
106          25     215.056     327.484           0     53.3698     33.9302
106          26     215.964     327.039           0     52.0042     44.8485
106          27     216.861     326.574           0     54.0892     50.1508
106          28     217.759      326.11           0     57.1681     49.5805
106          29     218.666     325.663           0     60.6721     44.9512
106          30      219.59     325.252           0     63.5265     38.1332
106          31     220.535     324.894           0     65.9064     31.4122
106          32     221.502     324.598           0     66.2995     25.1629
106          33     222.486      324.37           0     65.9112     18.5986
106          34     223.482     324.197           0     65.2496     11.2865
106          35     224.484      324.06           0     65.4656     7.08852
106          36     225.487     323.934           0     66.3462     8.06766
106          37     226.488     323.793           0      66.931     14.7655
106          38     227.484     323.622           0     66.4959     25.9793
106          39     228.474     323.417           0     65.5174     37.8244
106          40     229.462     323.203           0     64.2033      45.225
106          41     230.456     323.018           0     62.9485     48.9821
106          42     231.462     322.918           0     63.2965     50.2566
106          43     232.472     322.921           0     72.0105     51.4106
106          44      233.48     322.998           0     92.9604     54.2838
106          45     234.475     323.177           0     108.173     35.1855
#1
107           0     104.976     253.099           0     16.7361      15.031
107           1      105.99     253.074           0     18.8317     12.8253
107           2     107.004     253.054           0     20.8501     12.9928
107           3     108.018     253.055           0     23.8364      14.665
107           4     109.032     253.094           0     26.8712      16.075
107           5     110.043     253.172           0     31.2881     16.8809
107           6     111.049     253.301           0     34.5241     16.5358
107           7     112.053     253.445           0     37.1809     14.1317
107           8     113.061      253.55           0      40.706     9.05973
107           9     114.075      253.59           0     43.2104     4.53574
107          10     115.088     253.548           0     43.4034     3.87695
107          11     116.095     253.431           0     41.8943      8.7209
107          12     117.095     253.259           0     39.5978     18.2775
107          13     118.081     253.021           0     38.8535     29.8701
107          14     119.035     252.679           0     37.8295     37.3978
107          15     119.922     252.187           0     42.9502     32.9355
107          16     120.677      251.51           0     47.9151     21.1661
107          17     121.232     250.662           0     49.0023     13.7457
107          18     121.582      249.71           0     44.4782      6.3704
107          19     121.798     248.719           0     39.1478      1.8198
107          20     121.936     247.715           0     31.8094     1.41293
107          21     122.036     246.706           0     25.0744     1.56485
107          22     122.112     245.694           0     19.4763     1.91684
107          23     122.151     244.681           0     15.7885      2.1687
107          24     122.131     243.667           0     13.2467     2.30525
107          25      122.02     242.659           0          12     2.62911
107          26     121.793     241.671           0     11.6543     2.82779
107          27     121.432     240.723           0      11.589     3.60398
107          28     120.938     239.837           0     12.1113     4.51908
107          29     120.333     239.023           0     12.9613     5.67051
107          30     119.628     238.295           0     14.7829     7.21213
107          31     118.858     237.635           0     17.0152     9.02314
107          32     118.058     237.011           0     19.8622     11.1651
107          33     117.254     236.393           0      22.099     13.7196
107          34     116.459     235.763           0     24.0818     15.7749
107          35     115.676     235.119           0          25     16.6132
#1
108           0     115.676     235.119           0          25     16.6299
108           1     114.975     234.383           0     25.6068     14.6913
108           2     114.257     233.664           0     26.4998     12.7288
108           3     113.517     232.967           0     28.5149     10.9464
108           4     112.763     232.286           0     30.5306      9.0262
108           5     112.029     231.582           0     32.7698     7.61062
108           6     111.373     230.806           0     34.9172      7.5927
108           7     110.889     229.913           0     34.7204     10.6009
108           8      110.66     228.923           0     29.6939     18.3412
108           9     110.655     227.907           0     20.8195      16.875
#1
109           0     222.243      161.29           0     117.813      71.928
109           1     223.068     161.834           0     103.619     68.0664
109           2     223.912     162.348           0     67.0077     48.2555
109           3     224.778     162.825           0     41.1233     28.2023
109           4     225.656     163.278           0     31.2122     13.9851
109           5     226.545      163.71           0     29.7476     7.05062
109           6     227.445     164.119           0     31.7044     4.03733
109           7     228.353     164.509           0     33.0294       2.796
109           8     229.262     164.896           0     34.7364     2.91199
109           9     230.173      165.28           0     34.4127     2.78045
109          10     231.089      165.65           0     34.5303     2.72914
109          11     232.016     165.992           0     33.9837     2.39737
109          12     232.956       166.3           0     33.6871     1.90013
109          13     233.905     166.575           0     33.5607       1.522
109          14      234.86     166.828           0     33.5317     1.04147
109          15     235.817     167.075           0     32.0512    0.925845
109          16     236.769     167.342           0     28.8518     1.18976
109          17     237.703     167.665           0     26.4963     3.05922
109          18     238.606     168.066           0     24.5781     7.03277
109          19     239.469     168.548           0     22.9491     11.0794
109          20      240.29     169.099           0     23.6362     14.6202
109          21     241.081     169.691           0      26.655     17.7939
109          22     241.869     170.287           0     31.2621     21.4696
109          23      242.69     170.838           0     34.7802     24.1552
109          24     243.565     171.297           0      38.418     23.9827
109          25     244.494     171.633           0     41.7482      20.841
109          26     245.457     171.856           0     45.0175     18.4655
109          27     246.434     172.002           0     47.8659     19.0935
109          28     247.417     172.106           0     50.0391     23.8446
109          29     248.401     172.197           0     52.0862     34.0149
109          30     249.386     172.283           0      51.945     48.0394
#1
110           0     59.0115     302.642           0     90.2802     41.6547
110           1     59.7879     303.226           0     81.0292      55.437
110           2     60.5316     303.851           0     69.6176     44.9816
110           3     61.1601     304.591           0     61.7448     41.8131
110           4     61.6494     305.431           0     57.5123     43.2218
110           5     62.0094     306.333           0     57.2679      46.617
110           6     62.2558     307.273           0     54.3847     48.5378
110           7     62.4363     308.227           0      52.743     50.2647
110           8     62.6046     309.184           0     50.7224     51.6617
110           9     62.7968     310.136           0     46.4886     51.6441
110          10     63.0238     311.081           0     41.2043     48.8291
110          11     63.2797     312.018           0     33.5826      45.238
110          12     63.5558      312.95           0     33.0668     41.0486
110          13     63.8587     313.873           0     47.9469     38.2841
110          14     64.1844     314.788           0     77.8639     40.2597
110          15     64.5125     315.702           0     106.265     46.3333
#1
111           0     220.592     507.498           0     41.4631      34.865
111           1     220.557       508.5           0     49.1166     32.7015
111           2     220.518     509.503           0     56.7784     33.3996
111           3     220.481     510.506           0     61.5172     34.0775
111           4     220.452     511.509           0     62.5397       33.19
111           5     220.431     512.512           0     61.1143     30.8392
111           6     220.398     513.515           0     58.9694     27.9327
111           7     220.333     514.516           0     56.7984     24.1791
111           8     220.251     515.516           0     55.7368     20.7393
111           9     220.143     516.514           0     56.9502     18.0268
111          10     220.014     517.509           0     60.3779       16.14
111          11     219.872     518.502           0     60.9149     15.7212
111          12     219.724     519.494           0     59.6261     16.5435
111          13     219.573     520.486           0     57.8826     18.2306
111          14     219.411     521.477           0     56.4128     20.8718
111          15     219.226     522.463           0     55.9035     23.6488
111          16      219.01     523.443           0     56.4675     26.2969
111          17     218.769     524.417           0     54.0322     28.6152
111          18     218.512     525.387           0     53.1941     30.3912
111          19     218.236     526.351           0     54.1443     31.8777
111          20     217.941      527.31           0     55.2072     32.8927
111          21     217.635     528.266           0     53.3247     33.8908
111          22     217.319     529.218           0     53.0911     35.3945
111          23     216.991     530.166           0     54.7509     36.4581
111          24     216.656     531.112           0     52.4457     37.7423
111          25     216.308     532.053           0     51.9776     38.9372
111          26     215.938     532.986           0     52.4961     39.2984
111          27     215.549     533.911           0     49.9463     40.2106
111          28     215.147     534.831           0     50.6818     40.4961
111          29     214.736     535.746           0     49.4417     41.8689
111          30     214.316     536.657           0     49.5987      42.145
111          31     213.888     537.564           0     51.2706     42.6392
111          32      213.46     538.472           0     50.7857     41.7852
111          33     213.041     539.384           0     54.0116     40.8128
111          34     212.637     540.302           0     53.5194     40.3494
111          35     212.255      541.23           0     55.0297     39.5836
111          36     211.885     542.163           0     56.7683     39.7556
111          37     211.522     543.098           0     54.8303     40.3742
111          38     211.161     544.034           0     54.9634     40.0458
111          39     210.792     544.968           0     53.7385     40.1436
111          40     210.422       545.9           0     52.0941     40.9319
111          41     210.047     546.831           0     54.2588     41.7085
111          42      209.67     547.761           0     53.2769     43.6466
111          43     209.303     548.695           0     54.3981     43.7112
111          44     208.952     549.635           0     56.5579      41.064
111          45      208.63     550.585           0     53.8008     35.7939
111          46     208.337     551.545           0     53.2913     30.5298
111          47     208.069     552.512           0     54.3737     27.1542
111          48       207.8     553.478           0     52.8158     28.2818
111          49      207.54     554.447           0     51.7538     32.3306
111          50     207.291     555.419           0     52.5236     37.7835
111          51     207.048     556.393           0     54.5245     42.5601
111          52      206.81     557.368           0     52.9732     46.2915
111          53     206.582     558.345           0     52.1214     50.1663
#1
112           0     270.503     336.173           0     21.1573      19.759
112           1     271.357     335.682           0     21.6822     13.4545
112           2     272.196     335.165           0     20.9046     8.11141
112           3     273.004     334.602           0     18.7935      7.2014
112           4     273.789     334.006           0     16.2149     8.98871
112           5     274.583     333.423           0     14.4423     9.82429
112           6      275.43     332.918           0     14.5475     11.0209
112           7     276.323     332.504           0     15.3136     11.5148
112           8     277.261     332.201           0      18.135     11.8691
112           9     278.226     332.001           0     23.7998     13.5171
112          10     279.202     331.868           0     32.0277      16.306
112          11     280.184     331.788           0     43.8328     20.8225
112          12     281.166     331.709           0     57.3442     28.4108
112          13     282.147     331.612           0     73.0545     38.3934
112          14     283.127     331.518           0     89.4954      50.513
112          15      284.11      331.44           0     110.268     62.7735
#1
113           0     79.9381      286.25           0     99.3735     23.8994
113           1     79.5724     287.195           0     123.067     21.6474
113           2     79.2443     288.153           0      131.19     18.6799
113           3     78.9474     289.121           0     124.462     17.7733
113           4     78.6139     290.077           0     102.471     18.0594
113           5     78.1697     290.986           0     85.5287     19.3752
113           6     77.5473     291.784           0     68.8974     20.3375
113           7      76.766     292.427           0     55.6324     24.5307
113           8     75.8914     292.937           0     51.0297     31.5034
113           9     75.0041     293.425           0       51.29     35.2621
113          10     74.1732     294.004           0     52.2789     26.7952
113          11     73.4454     294.708           0      48.899     17.0634
113          12      72.824     295.507           0     47.2232     14.3559
113          13     72.2926     296.369           0     47.6583     13.7641
113          14     71.8335     297.272           0     50.6506     13.8657
113          15     71.4417     298.205           0     53.1574     13.5832
113          16     71.1117     299.163           0     58.3738     12.9517
113          17     70.8402     300.138           0     61.2677     11.7121
113          18     70.6293     301.128           0     62.3207     11.1937
113          19     70.4746     302.129           0     63.0573     10.6847
113          20     70.3635     303.136           0     63.2254     10.5165
113          21     70.2757     304.144           0     60.8597     10.5183
113          22     70.1917     305.153           0      55.622     11.1249
113          23     70.0979     306.162           0     48.3952     12.5412
113          24     69.9937     307.169           0     43.4329     14.5587
113          25     69.8847     308.176           0      40.294     17.4201
113          26     69.7723     309.182           0     40.9402     20.4448
113          27     69.6606     310.188           0     42.4863     22.5843
113          28     69.5529     311.195           0     44.7274     22.7918
113          29     69.4457     312.202           0     45.7783     21.2178
113          30     69.3214     313.207           0     48.1443     18.4512
113          31     69.1455     314.204           0     55.3987     17.2251
113          32     68.8729     315.179           0     66.2993     19.1357
113          33     68.4521       316.1           0     76.0475     25.6588
113          34     67.8433     316.908           0      84.901     42.7987
113          35     67.0601     317.549           0     96.7105     58.3243
113          36     66.1932     318.072           0     118.664      57.275
113          37     65.3191     318.583           0     133.912      45.977
#1
114           0     254.619     438.966           0     118.182     75.6788
114           1     255.357     439.643           0     105.566     81.4939
114           2     256.118     440.293           0     82.2209     82.6518
114           3     256.902     440.916           0     60.3851     72.7182
114           4     257.665     441.563           0     50.8153     59.8079
114           5     258.332     442.309           0     47.5324     49.3426
114           6     258.813     443.186           0      45.474     45.7651
114           7     259.079     444.151           0     40.8564     44.3488
114           8     259.194     445.145           0     34.5733     42.7348
114           9     259.216     446.146           0     29.2757     40.8631
114          10     259.197     447.147           0     27.5779     36.7849
114          11     259.177     448.148           0     27.5914      32.653
114          12     259.196     449.148           0      28.541     28.5739
114          13     259.285     450.145           0     30.6655     22.4689
114          14     259.446     451.133           0     34.9909     15.0906
114          15     259.666      452.11           0     47.8518     12.0626
114          16     259.909     453.081           0     76.9132     15.5314
114          17     260.112     454.061           0     114.897     21.8976
114          18     260.181     455.059           0     142.033     25.8418
114          19     260.074     456.054           0     140.787     26.7837
114          20     259.935     457.045           0     115.152     27.3834
114          21     259.848     458.042           0     88.9002      27.981
114          22     259.825     459.043           0     77.9756     30.6549
114          23     259.842     460.043           0     86.5844      43.037
114          24     259.865     461.044           0     115.372     67.4003
114          25     259.891     462.045           0     157.962     91.6061
114          26      259.96     463.043           0     182.139      92.298
#1
115           0      206.22      223.84           0     46.7009     18.2048
115           1     205.974     224.814           0     43.6507     25.5487
115           2     205.646     225.763           0     37.2791     25.4866
115           3     205.222     226.673           0     35.2646     27.4864
115           4     204.677     227.516           0     40.4541     23.6471
115           5     204.011     228.267           0     51.3143     21.2597
115           6     203.248     228.919           0     62.8038     20.2175
115           7     202.443     229.519           0     66.6752     19.7499
115           8     201.686     230.179           0     65.4125      18.215
115           9     201.071     230.971           0     54.3909     17.9626
115          10     200.606     231.861           0     40.6713     16.8497
115          11     200.235     232.794           0     31.4783     10.9086
115          12     199.891     233.737           0     25.8719     5.74502
115          13      199.52      234.67           0     24.2041     2.78554
115          14     199.089     235.577           0     24.9862     1.50904
115          15     198.596     236.452           0     25.9218    0.870479
115          16     198.058       237.3           0     28.3945    0.654093
115          17     197.494      238.13           0     30.5745    0.524938
115          18     196.918     238.952           0     33.6776    0.568915
115          19     196.342     239.774           0     33.6833    0.583467
115          20     195.763     240.595           0     33.6896    0.676216
115          21     195.184     241.415           0     32.7264    0.673092
115          22     194.604     242.235           0     31.7342    0.581898
115          23      194.03     243.058           0     31.7885    0.399302
115          24     193.457     243.883           0     30.3956     0.35536
115          25     192.884     244.707           0      30.599    0.371703
115          26     192.311     245.531           0     29.3271    0.495518
115          27     191.738     246.356           0     28.9683    0.358384
115          28     191.168     247.182           0     29.5109     0.34184
115          29     190.599      248.01           0     29.5797    0.457537
115          30     190.032     248.838           0     29.7366    0.375894
115          31     189.464     249.666           0      28.845    0.323765
115          32     188.895     250.494           0     29.1372    0.264261
115          33     188.326     251.321           0     28.0193    0.191056
115          34     187.753     252.145           0     28.0037    0.307436
115          35     187.181      252.97           0     27.6049    0.305306
115          36     186.611     253.797           0     27.1181     0.28867
115          37     186.052     254.631           0     27.8151    0.313014
115          38     185.506     255.473           0     27.2343    0.321702
115          39     184.973     256.324           0     28.9072    0.312073
115          40     184.448      257.18           0      28.957    0.361374
115          41     183.928     258.039           0     30.6529    0.354482
115          42     183.413     258.901           0     30.0222    0.335238
115          43     182.902     259.764           0     30.6639    0.407438
115          44     182.393      260.63           0     29.8081    0.324264
115          45     181.882     261.494           0     30.5845    0.364505
115          46     181.369     262.357           0     30.5186     0.45916
115          47     180.849     263.216           0     32.0414    0.333338
115          48     180.327     264.074           0     32.2757    0.329963
115          49     179.802      264.93           0     33.4518    0.283327
115          50     179.283     265.789           0     34.3823    0.339085
115          51      178.77     266.652           0     35.5186    0.259912
115          52     178.269     267.522           0     36.5824    0.374158
115          53     177.785     268.402           0     37.5114    0.408746
115          54     177.324     269.294           0     37.6919    0.303298
115          55     176.882     270.195           0     39.0419    0.242633
115          56     176.459     271.106           0     37.9201    0.230124
115          57     176.048     272.022           0     39.6839    0.304519
115          58     175.651     272.944           0     38.2612    0.261329
115          59      175.27     273.873           0     38.1067    0.256671
115          60     174.909      274.81           0     38.5673    0.240942
115          61     174.576     275.757           0     37.8304    0.222854
115          62     174.276     276.715           0     38.4439    0.159704
115          63     174.014     277.684           0     39.8994    0.208719
115          64     173.796     278.664           0     38.5179    0.199025
115          65     173.621     279.653           0     38.3577    0.259616
115          66     173.484     280.648           0     38.5047    0.207128
115          67     173.381     281.646           0     38.7726    0.242638
115          68     173.311     282.648           0      38.419    0.297624
115          69     173.275     283.651           0     37.9968    0.373454
115          70     173.276     284.655           0     37.2401    0.388977
115          71     173.322     285.658           0     36.4772    0.943909
115          72     173.412     286.658           0     36.4473     1.85664
115          73     173.545     287.653           0     36.8108     3.63634
115          74     173.706     288.644           0      38.365     6.35342
115          75     173.871     289.635           0     40.7993     9.58809
115          76     174.015     290.628           0     44.4581     12.2851
115          77     174.075      291.63           0     47.8075     14.9886
115          78     173.976     292.629           0     50.6859     21.8494
115          79     173.675     293.587           0     48.8886     24.2868
#1
116           0     98.6587     270.122           0     40.1185     22.2982
116           1     98.9403     269.178           0     61.5238     13.4614
116           2     99.2337     268.238           0     77.4374     10.6562
116           3     99.6027     267.325           0     86.1491     13.1156
116           4     100.109      266.48           0     90.1645     17.5718
116           5     100.744     265.727           0     90.6392     22.8584
116           6     101.467     265.059           0     96.0753     27.2813
116           7     102.235     264.442           0     100.295     29.2101
116           8     103.019     263.845           0     103.777     28.0622
116           9     103.809     263.256           0     93.6372     25.0368
116          10     104.594     262.662           0     80.3308     22.2321
116          11     105.379     262.066           0     67.0646     20.9878
116          12     106.161     261.467           0     54.8025     20.4423
116          13     106.953     260.882           0     48.4234     19.8371
116          14     107.762      260.32           0     43.4882     18.7148
116          15     108.582     259.774           0      41.368     16.1975
116          16     109.398     259.222           0     39.2947     12.4918
116          17     110.173     258.615           0     36.1979     10.5408
116          18     110.879     257.928           0     31.7163     11.8346
116          19      111.48     257.148           0     27.4557      14.499
116          20     111.975     256.296           0     26.9464     18.3816
116          21     112.379     255.398           0      30.997     21.5123
116          22     112.726     254.476           0     37.1783     23.2548
116          23     113.061      253.55           0      40.706     21.7622
#1
117           0      135.28     241.648           0     56.1033     36.8453
117           1     136.107     241.061           0     69.7419      36.426
117           2     136.947     240.491           0     76.1659     34.4299
117           3     137.795     239.935           0     80.3536     31.4598
117           4      138.64     239.375           0     81.6696      27.519
117           5     139.464     238.784           0     85.0716     24.2116
117           6     140.252     238.145           0     88.9905     23.3035
117           7     140.986     237.446           0     92.4492     22.9139
117           8     141.659     236.687           0     93.4326     21.8611
117           9     142.278     235.884           0     93.6617     20.4551
117          10     142.851     235.047           0     89.7593     16.6152
117          11     143.385     234.185           0     82.6408     10.4774
117          12     143.885     233.303           0     78.2296     5.97687
117          13     144.361     232.407           0     75.1916     3.21537
117          14     144.827     231.506           0     76.1189     2.24274
117          15     145.293     230.606           0     77.6547     2.14907
117          16     145.764     229.708           0      79.176     2.17405
117          17     146.242     228.813           0     80.8241     1.90905
117          18     146.711     227.914           0     79.8218     1.59507
117          19      147.16     227.005           0     78.7224      1.7125
117          20     147.582     226.083           0     73.7279     1.38994
117          21     147.988     225.153           0     70.5152     2.92584
117          22     148.388     224.221           0     59.8896      5.0331
117          23     148.788     223.289           0     50.2584     7.99405
117          24     149.191     222.359           0     40.7929     11.5369
117          25     149.582     221.423           0     33.4891     16.4334
117          26     149.949     220.478           0     32.8341     25.4825
117          27     150.282      219.52           0     40.2419     40.2392
117          28     150.574     218.549           0     59.4119     56.8567
117          29     150.818     217.564           0     85.5574     65.5126
117          30     150.992     216.565           0     102.219     55.8602
#1
118           0     247.018     320.246           0     47.4538     27.0651
118           1     247.292     319.268           0     42.7325     34.1541
118           2     247.631      318.31           0     37.5284     36.9514
118           3     248.055     317.387           0     36.4409     33.8418
118           4     248.575     316.514           0     37.2473     29.3593
118           5     249.186     315.702           0     40.0162     25.4049
118           6     249.868     314.948           0     44.3425     23.2871
118           7     250.572     314.216           0     47.7794     22.2642
118           8     251.286     313.492           0     50.3648     21.3949
118           9     251.999     312.769           0     52.3009     19.0177
118          10      252.72     312.053           0     50.5748     15.7027
118          11     253.456     311.352           0     48.2273     13.1418
118          12      254.21     310.671           0     46.9764     11.2385
118          13      254.98     310.008           0     46.9299     9.44827
118          14     255.756     309.352           0     45.5693     7.96932
118          15     256.523     308.686           0      46.371     7.07939
118          16     257.265     307.991           0     48.9808     7.12483
118          17      257.96      307.25           0     51.0415     7.09567
118          18     258.588     306.451           0      52.025     7.23716
118          19     259.126     305.589           0      54.682      7.5038
118          20     259.571     304.675           0     56.3571     8.09321
118          21     259.906     303.716           0     60.5757     10.3665
118          22     260.112     302.721           0     61.3037     19.6051
118          23     260.194     301.709           0     58.6122     33.3311
118          24     260.213     300.693           0     51.7335     40.7224
#1
119           0     120.792     519.982           0     115.092     50.2282
119           1     120.808     520.988           0     106.109     51.5706
119           2     120.866     521.993           0     87.8666     46.3797
119           3     120.927     522.997           0      71.754     35.4266
119           4     120.997     524.001           0     60.9891     23.9219
119           5      121.14     524.997           0     55.0357     17.3564
119           6     121.427     525.961           0     47.6557     14.1523
119           7     121.851     526.874           0     41.7522     11.7296
119           8      122.37     527.736           0     35.3566     8.09529
119           9     122.905     528.588           0     30.6132     4.62066
119          10     123.388     529.471           0     25.2716     3.40247
119          11     123.769     530.402           0     20.6675     4.06529
119          12     124.017     531.377           0     16.8473      2.9275
119          13     124.118     532.378           0      15.423     1.79969
119          14     124.074     533.384           0     17.5804     2.19216
119          15     123.917     534.378           0     22.6629     2.89149
119          16     123.673     535.354           0     28.7878     1.94716
119          17     123.372     536.314           0     34.4758     1.41035
119          18     123.052     537.268           0      39.757     1.10552
119          19     122.732     538.222           0     43.1326    0.955603
119          20     122.395      539.17           0      45.348     1.00443
119          21     121.986      540.09           0     47.6124     1.06722
119          22     121.444     540.937           0     41.7501     1.21111
119          23     120.752     541.667           0     32.0189      1.1144
119          24     119.939      542.26           0     21.2308     1.07343
119          25     119.048     542.728           0     14.2584     0.59127
119          26     118.111     543.094           0       16.73    0.396867
119          27     117.164     543.435           0     28.8116    0.350458
119          28     116.214     543.767           0     53.7213    0.443968
119          29     115.256     544.074           0     81.8622    0.596935
119          30     114.285     544.337           0     88.3145     1.92408
119          31     113.305     544.568           0     75.1809     8.28231
119          32     112.327     544.802           0     51.4229     26.5147
#1
120           0      208.42     212.982           0     124.896     18.5593
120           1     209.219      213.48           0     123.536     15.6319
120           2     210.028     213.961           0     124.287     12.7742
120           3     210.833     214.448           0     109.472     11.2169
120           4     211.616     214.969           0      91.502      11.735
120           5     212.368     215.534           0     66.9522     14.3733
120           6     213.105     216.119           0      46.776     17.7377
120           7     213.839     216.708           0     32.6048     23.3708
#1
121           0     81.0609     259.638           0     158.761     101.206
121           1     81.5629     260.522           0     147.788     114.647
121           2     81.7608     261.521           0     129.061     55.7357
121           3     81.7218     262.538           0     116.995     42.2914
121           4     81.5573     263.543           0     109.885     38.7587
121           5      81.341     264.538           0     106.191     35.1225
121           6     81.0891     265.525           0      103.43     30.8952
121           7     80.7987     266.501           0     97.1863     26.9839
121           8     80.4723     267.465           0     94.7361     23.5079
121           9     80.1312     268.425           0     98.2434     20.2968
121          10     79.8047      269.39           0      101.24     16.4863
121          11     79.5279      270.37           0     102.466     14.6603
121          12     79.3047     271.363           0     101.581     14.9148
121          13     79.1039     272.361           0     97.7837     16.4153
121          14     78.8773     273.354           0      90.298      18.503
121          15     78.5832     274.329           0     80.0517     20.9915
121          16     78.1905     275.269           0       71.62     23.2863
121          17     77.6769     276.148           0     61.6544     25.6854
121          18     77.0681     276.964           0     51.7615     29.0777
121          19      76.409      277.74           0     49.9381     28.2478
121          20     75.7741     278.537           0     56.6327     23.9386
121          21     75.2129     279.386           0     72.1455     21.3824
121          22     74.7522     280.294           0     86.1583     23.6145
121          23     74.3928     281.247           0       90.05     26.3789
121          24     74.0857     282.218           0     83.1452     29.2202
121          25     73.7832      283.19           0     66.6329     42.8501
#1
122           0     292.116      292.05           0     46.1416     39.9215
122           1     292.003     293.042           0     54.3609     30.9488
122           2     291.867     294.031           0      62.788     25.5488
122           3     291.688     295.013           0     72.4797      23.402
122           4     291.477     295.989           0     80.4285     20.8087
122           5      291.25     296.961           0     84.8336     18.1643
122           6     291.012     297.931           0     86.8288     15.1742
122           7     290.768     298.899           0     79.2902     13.0156
122           8     290.526     299.867           0     71.7439     12.0823
122           9     290.297     300.839           0     69.9372     13.0966
122          10     290.081     301.813           0     73.5981     15.4921
122          11      289.87     302.789           0     78.8725      18.904
122          12     289.669     303.767           0     83.8634     23.5241
122          13     289.487     304.749           0      89.869     30.5396
122          14     289.328     305.734           0     95.5947     38.8235
122          15     289.183     306.722           0     102.239     45.5758
122          16     289.033     307.709           0     107.671     48.0621
122          17     288.849      308.69           0      107.51     46.0481
122          18     288.631     309.664           0     101.996     40.9454
122          19     288.396     310.634           0     92.9765     35.7341
122          20     288.159     311.604           0     83.5314     30.5539
122          21     287.905      312.57           0     76.0282     26.7863
122          22      287.62     313.526           0     70.5949     23.7199
122          23       287.3     314.472           0     69.1663     20.6154
122          24      286.96      315.41           0     72.5233     18.1356
122          25     286.631     316.353           0     78.1217     14.9468
122          26     286.347      317.31           0     88.6477     10.8347
122          27     286.126     318.284           0     101.586     7.82764
122          28     285.963     319.268           0     112.745     7.44586
122          29     285.838     320.259           0     117.783     8.76144
122          30     285.721      321.25           0      117.24     10.7828
122          31      285.59      322.24           0     111.537     12.9179
122          32     285.453     323.229           0     102.663     14.9867
122          33     285.327     324.219           0     93.2325     17.1297
122          34     285.234     325.213           0      84.901     19.1194
122          35     285.191      326.21           0     80.6852     21.6788
122          36     285.178     327.208           0     81.3991     25.5049
122          37     285.197     328.206           0     89.4309     30.1686
122          38     285.215     329.205           0     106.301     32.8419
122          39      285.17     330.202           0     126.134     32.5415
122          40     285.082     331.196           0     132.597     36.4438
#1
123           0      192.87     152.704           0     62.2719     48.5019
123           1     193.856     152.612           0     52.5869     41.8599
123           2     194.844     152.534           0     32.8138     31.4615
123           3     195.834     152.503           0     18.2385     15.9915
123           4     196.825     152.486           0     15.5765     7.02975
123           5     197.815     152.461           0     19.9748     3.91055
123           6     198.805     152.449           0     27.0819     4.46233
123           7     199.794     152.507           0     34.8487     5.42505
123           8     200.766     152.697           0     41.2034     5.53192
123           9     201.694     153.044           0     47.0504     5.42191
123          10     202.558     153.529           0     50.2698     5.44794
123          11     203.354     154.118           0     53.7022      5.1895
123          12     204.093     154.778           0     55.2442     4.82227
123          13     204.788     155.484           0     54.0877     4.46719
123          14     205.456     156.216           0     52.9097     4.11236
123          15     206.103     156.966           0     52.5293     3.69038
123          16      206.73     157.732           0     51.2302     3.31907
123          17      207.34     158.513           0     51.1564      3.0986
123          18     207.935     159.305           0     52.3782     2.69875
123          19     208.519     160.105           0     51.1269     2.42181
123          20     209.101     160.907           0     50.4374     1.93912
123          21     209.688     161.705           0     47.9152     1.71037
123          22     210.285     162.496           0     46.2949     1.88489
123          23     210.888     163.282           0     46.3039     2.53599
123          24     211.496     164.064           0     45.9978     4.65259
123          25     212.116     164.836           0      49.405      8.7157
123          26     212.712     165.627           0     56.5163     17.6038
123          27     213.245     166.462           0     69.5259     31.4838
123          28     213.687     167.348           0     81.8438     39.0339
123          29       214.1     168.249           0     86.4328     46.6231
#1
124           0     259.676     238.388           0     56.0144      56.744
124           1      259.21     239.281           0     57.3076     47.9573
124           2     258.761     240.182           0     52.3217     34.5342
124           3     258.363     241.107           0     41.6853     19.6289
124           4     258.021     242.054           0     32.6736     9.35492
124           5     257.718     243.014           0     26.4472     4.83308
124           6     257.435      243.98           0     27.5318       5.256
124           7     257.151     244.946           0     31.2052     7.41624
124           8     256.871     245.913           0     35.3731     10.9075
124           9     256.606     246.885           0     39.7961      15.524
124          10     256.369     247.863           0     44.6286     20.5898
124          11     256.164     248.849           0     51.1952     24.2925
124          12      255.97     249.837           0     63.8498     27.3514
124          13     255.731     250.815           0     80.9954     32.0152
124          14      255.38     251.758           0     94.5591     36.5283
124          15     254.889     252.637           0     98.9007     37.0599
124          16     254.321     253.468           0     93.1303      32.193
124          17     253.792     254.325           0      80.178     23.7862
124          18      253.37     255.238           0     64.6139     20.6529
124          19     253.059     256.196           0     53.3845     19.0537
124          20     252.819     257.174           0     46.2974     18.1618
124          21     252.562     258.147           0     43.5802     18.2898
124          22     252.188     259.082           0     42.4822      14.569
124          23      251.64     259.927           0     38.9154     11.5149
124          24     250.944     260.653           0     32.6446     8.14949
124          25     250.165     261.292           0     25.9233     1.91467
124          26     249.359     261.895           0     24.1929    0.490242
124          27     248.569     262.519           0     27.4836     1.04576
124          28      247.83     263.203           0     32.6136     1.38829
124          29     247.181     263.972           0     36.8462     1.25847
124          30     246.639     264.821           0     35.8033    0.885587
124          31     246.188     265.721           0     33.2039    0.984155
124          32     245.792     266.647           0     29.7043     1.32564
124          33     245.419     267.582           0     26.5252     1.85149
124          34     245.032     268.511           0     25.4237     3.11312
124          35     244.604     269.423           0      24.059     4.44609
124          36     244.117     270.304           0     25.9205     7.23329
124          37     243.564     271.145           0     31.4134     12.5417
124          38     242.949     271.942           0     42.6549     20.0029
124          39     242.271     272.686           0     53.8658     24.4496
124          40     241.531     273.369           0     60.8491     22.8893
124          41     240.743     273.995           0     62.7002     20.1876
124          42     239.937     274.599           0     56.1498     18.9961
124          43     239.143     275.219           0     48.7971     18.3718
124          44     238.392     275.889           0     45.7143     17.8849
124          45     237.726     276.644           0     47.8978     14.2393
124          46     237.183     277.491           0     54.0034     7.82762
124          47     236.779     278.414           0     59.1125     3.24294
124          48     236.496      279.38           0      61.763      1.9324
124          49     236.284     280.364           0     62.7561     1.62269
124          50     236.115     281.357           0     60.5981     1.85284
124          51     235.996     282.357           0     55.4845     3.15518
124          52     235.949     283.362           0     48.3291      5.8624
124          53     235.978     284.369           0     42.4662     9.34666
124          54     236.054     285.372           0     39.4299     11.8576
124          55     236.136     286.376           0      38.592     12.0313
124          56     236.194     287.381           0     38.4169     10.5933
124          57     236.221     288.388           0     38.2498     8.52546
124          58     236.222     289.394           0     37.7195     6.19311
124          59     236.198     290.401           0     36.4063     3.91937
124          60      236.15     291.407           0     34.9322     2.06097
124          61     236.075     292.411           0     34.1816    0.839443
124          62     235.973     293.412           0     32.5716     0.34243
124          63     235.862     294.413           0     28.6347     1.15425
124          64      235.75     295.414           0     26.1037     4.32318
124          65     235.731      296.42           0     27.9176     6.40392
124          66     235.864     297.418           0     35.1334     8.95427
124          67     236.158     298.381           0     44.4714     14.5054
124          68     236.595     299.288           0     47.3525     24.6115
#1
125           0     91.6729     235.502           0     170.575      32.365
125           1     92.0161     234.572           0     169.382     27.4024
125           2     92.4178     233.666           0     154.558     11.4967
125           3     92.9127     232.807           0      146.26     4.64718
125           4     93.4532     231.976           0     134.504     3.15531
125           5     94.0087     231.155           0     129.139     2.79222
125           6     94.5903     230.352           0     117.279     3.19347
125           7     95.2116      229.58           0     111.745     3.86883
125           8     95.8767     228.845           0     104.747     5.47223
125           9     96.5922     228.159           0     93.8422     7.28667
125          10     97.3467     227.516           0     82.8187      9.0999
125          11     98.1359     226.917           0     74.2005     10.4914
125          12     98.9634     226.371           0     67.1453     11.2923
125          13     99.8228     225.877           0     66.7461     12.6067
125          14     100.705     225.424           0      70.374     14.7826
125          15     101.603     225.006           0     79.1643     19.3874
125          16     102.521     224.632           0      81.587     25.8476
125          17     103.449     224.282           0     76.1294     34.6198
#1
126           0     244.012     119.135           0     75.9538     16.7968
126           1     244.973     118.825           0     78.3282     23.5639
126           2     245.788     118.229           0     71.6198     22.1804
126           3      246.47     117.485           0     66.5539     24.0658
126           4     247.065     116.668           0     66.2788     26.9121
126           5     247.614     115.821           0     65.9557      28.783
126           6     248.147     114.963           0     69.0737      29.445
126           7     248.678     114.104           0     70.5333     28.6309
126           8     249.213     113.248           0     75.2661      27.635
126           9     249.751     112.393           0     78.5349     25.8788
126          10     250.307      111.55           0     79.0326     23.8391
126          11     250.884     110.721           0     77.8735     22.2694
126          12     251.489     109.912           0     75.2103     20.8769
126          13     252.111     109.117           0     77.9145     20.4324
126          14      252.74     108.327           0      80.212     21.4298
126          15     253.379     107.545           0     82.7345     21.8789
126          16     254.028     106.772           0      86.358     20.4758
126          17      254.69     106.009           0     83.3416     18.7798
126          18     255.365     105.258           0     79.5253     17.4029
126          19     256.046     104.512           0        78.6      16.142
126          20     256.735     103.773           0     76.0773     14.9958
126          21     257.434     103.045           0      75.282     13.7416
126          22     258.131     102.313           0     73.9444     13.0065
126          23     258.816     101.571           0     70.0453     12.8888
126          24     259.492     100.821           0     65.7737     13.5001
126          25     260.159     100.064           0     63.9974     14.1927
126          26     260.826     99.3052           0     64.3756     14.8921
126          27     261.506     98.5585           0     68.0087     16.1088
126          28     262.205     97.8293           0     74.9304     17.9544
126          29      262.92     97.1163           0     77.3829     19.7664
126          30      263.64     96.4082           0     71.0841     21.6008
126          31     264.353     95.6934           0     67.0765     23.6261
126          32     265.061     94.9728           0     66.1698      25.579
126          33     265.778     94.2615           0     61.1916     26.9444
126          34     266.514     93.5698           0     53.8115     28.8993
126          35     267.261     92.8902           0     44.5503     30.5716
#1
127           0     219.505     502.501           0     98.4988     94.3477
127           1      219.78     503.487           0     92.4225     86.0029
127           2      220.05     504.475           0      71.741     61.9185
127           3     220.273     505.475           0     49.7405      43.221
127           4     220.445     506.484           0     39.4941     33.3305
127           5     220.592     507.498           0     41.4631       29.84
#1
128           0     111.314     284.808           0     116.081     49.7164
128           1     110.483     285.327           0     106.333     49.4475
128           2     109.664     285.865           0     92.2517     44.4024
128           3     108.866     286.434           0     83.2504     40.6997
128           4     108.105     287.051           0     83.4921     38.2672
128           5     107.405     287.737           0     88.9888     36.9632
128           6     106.795     288.501           0     94.3197     36.8237
128           7     106.304     289.347           0     94.9346     36.3182
128           8     105.934     290.252           0     90.2646     34.3728
128           9     105.657     291.191           0     81.8975     31.3718
128          10     105.415     292.141           0      79.899     28.7052
128          11      105.16     293.087           0     86.6418     25.5968
128          12     104.872     294.024           0      102.23     23.6395
128          13      104.56     294.953           0     124.668     22.7687
128          14     104.258     295.885           0     143.916     22.2947
128          15     103.998     296.829           0     151.797     22.0393
128          16     103.779     297.784           0     141.756     21.6195
128          17     103.565     298.741           0     128.892     21.7396
128          18     103.318     299.689           0     116.357     22.5025
128          19     103.022     300.623           0     103.909     25.1511
128          20     102.687     301.544           0      90.137     29.1726
128          21     102.338     302.459           0     79.2588     34.0178
128          22     101.995     303.377           0     70.1979     37.4889
128          23     101.683     304.306           0      60.997     40.0027
128          24     101.407     305.247           0      54.807     42.3835
128          25     101.155     306.194           0     50.2641     42.5894
#1
129           0      167.27     239.149           0     48.5406     35.6519
129           1     168.189      239.54           0     45.9757     32.6294
129           2      169.11     239.926           0     40.5753     25.9045
129           3     170.054     240.251           0     35.8257     21.2605
129           4     171.031     240.458           0     33.3156     19.6647
129           5     172.028     240.509           0     31.4535     18.9471
129           6     173.021      240.41           0     29.4391      18.247
129           7     173.991     240.172           0      31.463     17.5783
129           8     174.925      239.82           0     33.2309     17.3305
129           9      175.84      239.42           0     32.6637     17.9052
129          10     176.747     239.001           0     34.7416     18.6668
129          11     177.647      238.57           0     33.2252     19.2035
129          12     178.537     238.117           0     33.5038      21.038
129          13     179.412     237.635           0     31.3651     22.1886
129          14     180.272     237.128           0     31.0616     24.4402
129          15     181.123     236.606           0     28.9359     26.9048
#1
130           0     123.473     446.256           0     134.205      34.807
130           1       123.8     445.291           0     161.661     27.8064
130           2     124.153     444.336           0     166.766       26.81
130           3     124.616     443.429           0     148.333      29.532
130           4     125.187     442.585           0     123.119     27.5344
130           5     125.818     441.786           0     97.6928     20.6704
130           6     126.463     440.997           0     81.1225     16.0853
130           7     127.091     440.196           0     76.0993     13.8308
130           8     127.668     439.356           0      75.079     13.3778
130           9     128.212     438.495           0     76.6544     13.1328
130          10     128.729     437.617           0     76.2746     12.8161
130          11      129.23      436.73           0     74.2681     12.4605
130          12     129.713     435.833           0     71.0439     11.6024
130          13     130.172     434.924           0     68.5279     10.3887
130          14     130.598     433.999           0      63.591     8.64242
130          15     130.997     433.062           0     60.2302      7.1134
130          16     131.388     432.121           0     53.3278     5.39709
130          17     131.788     431.185           0     48.9685     4.34318
130          18      132.23     430.267           0     44.8388     4.26358
130          19     132.734     429.381           0     40.1688     5.98565
130          20     133.319     428.548           0     35.8221     11.5956
130          21     133.995     427.785           0     34.8584     24.0809
130          22     134.756     427.109           0     39.6685      34.346
130          23     135.576     426.505           0     42.7876     42.2175
#1
131           0     267.154     456.355           0     58.3995     50.0451
131           1     267.504     455.403           0      61.897     34.3534
131           2     267.858     454.453           0     67.8741     20.9858
131           3      268.22     453.505           0     69.5726     12.2368
131           4     268.581     452.558           0     67.8684      5.8672
131           5     268.943      451.61           0     68.2177     2.35918
131           6     269.303     450.663           0     66.3436     0.96104
131           7     269.664     449.715           0     77.6761    0.976753
131           8     270.044     448.775           0     105.159     1.82697
131           9     270.439     447.841           0     126.447     2.50541
131          10     270.865      446.92           0      139.57     3.48309
131          11     271.352     446.031           0     131.533      3.5605
131          12     271.895     445.174           0     125.229     3.49977
131          13     272.498     444.359           0     120.747     3.24932
131          14     273.146     443.578           0     122.112     2.95273
131          15     273.816     442.817           0     119.951     3.39163
131          16     274.481     442.051           0     111.687     3.98791
131          17     275.117     441.262           0     103.642     4.10771
131          18     275.733     440.456           0     101.553     4.53688
131          19     276.352     439.652           0     108.418     5.15535
131          20     276.984     438.859           0      124.57     6.17065
131          21     277.628     438.076           0     135.202     7.32583
131          22     278.277     437.297           0     137.447     8.45367
131          23      278.93     436.521           0     129.711     8.92916
131          24     279.615     435.773           0     110.337     9.47011
131          25     280.357     435.082           0     88.9617     10.1438
131          26     281.169     434.475           0     70.7711     11.6293
131          27     282.045     433.964           0     61.9545     14.7813
131          28     282.943     433.492           0     64.7272     21.3314
131          29     283.819     432.981           0     78.2729     29.8689
131          30     284.654     432.406           0     88.1776     34.9469
131          31     285.491     431.833           0     92.5208     44.0489
131          32       286.4     431.383           0     89.6236     64.3873
131          33     287.385     431.144           0     86.9692     66.7248
131          34     288.399     431.137           0     88.5986     53.9868
#1
132           0     136.226     511.651           0     29.0363     22.3046
132           1     136.139     512.682           0     37.7082     22.5885
132           2      136.05     513.712           0     44.9011     23.0542
132           3     135.966     514.743           0      51.247     25.5174
132           4     135.891     515.775           0      56.993     28.3691
132           5     135.814     516.806           0     62.0659     29.9273
132           6     135.722     517.836           0     64.2841     30.6701
132           7     135.596     518.863           0     62.0886     30.4306
132           8     135.421     519.882           0     57.8748     30.2569
132           9     135.204     520.893           0     55.7646     31.0363
132          10     134.931     521.891           0     58.4367      32.939
132          11     134.592     522.868           0     66.1341     34.6264
132          12     134.172     523.813           0     78.5084     36.2272
132          13     133.635     524.697           0     93.0343     40.6387
132          14     132.941     525.463           0     101.837     35.6653
#1
133           0     269.088     331.478           0     8.16592     6.87107
133           1     268.664       332.4           0     14.4079     7.73688
133           2      268.23     333.317           0     22.2368     8.50724
133           3     267.788      334.23           0     28.3113     8.65078
133           4     267.343     335.142           0     32.4242     8.26203
133           5     266.911     336.061           0     35.2675     8.62903
133           6     266.509     336.992           0     32.9831     10.4194
133           7     266.115     337.927           0     35.0893     14.2646
133           8     265.738     338.869           0     35.3044     20.1757
133           9     265.368     339.814           0     33.0227       27.08
133          10     264.993     340.757           0     35.2297     30.5076
133          11     264.624     341.703           0     35.0027     28.8915
133          12     264.248     342.645           0     37.3724     22.0173
133          13     263.861     343.583           0     40.6202     13.9652
133          14     263.485     344.526           0      42.853     8.58269
133          15     263.154     345.485           0     45.8552     6.52921
133          16     262.899     346.467           0     44.2021      6.9657
133          17      262.73     347.467           0     38.9791     10.0557
133          18     262.622     348.476           0     34.8158     14.2189
133          19     262.541     349.488           0     32.5935     18.7648
133          20     262.454     350.499           0     31.4548     22.6294
133          21     262.344     351.507           0     30.1431     26.1559
133          22     262.211     352.513           0     28.8488     29.4013
133          23     262.064     353.517           0     28.1294      31.777
133          24     261.932     354.524           0     27.5609     32.4517
133          25     261.869     355.536           0     27.4239     32.9506
133          26     261.948     356.548           0     29.4881     33.5764
133          27     262.238      357.52           0     31.3075     35.1447
133          28     262.766     358.387           0      33.816     36.9145
133          29     263.496     359.091           0     43.8803     49.8667
133          30     264.319     359.685           0     62.7657     64.7599
133          31     265.133     360.291           0     86.2476     68.1367
133          32     265.857     361.001           0     96.1111     66.2493
#1
134           0     232.716     498.246           0     64.9327     52.3514
134           1     233.119     499.173           0     61.9047     55.5083
134           2     233.321     500.164           0     55.4482     50.7823
134           3     233.356     501.174           0     50.0657     46.0667
134           4     233.264     502.181           0     45.0491     40.4361
134           5     233.075     503.175           0     42.1384     35.5591
134           6     232.809      504.15           0     39.0096      32.338
134           7     232.482     505.107           0     38.6008     29.8189
134           8     232.076     506.033           0     41.6749     28.1477
134           9      231.59      506.92           0     43.2651     27.1779
134          10     231.024     507.757           0     46.7015      26.893
134          11     230.379     508.536           0     52.2257     25.1013
134          12     229.685     509.271           0     63.8479      22.642
134          13     228.953     509.969           0     79.9556     20.6077
134          14     228.172     510.611           0     90.3863     15.3863
#1
135           0     157.359     135.465           0     47.8719     39.9355
135           1     157.133     136.423           0     54.4632     43.8535
135           2     156.899      137.38           0     59.0038     46.3678
135           3     156.655     138.333           0     59.5152     46.4736
135           4     156.393     139.282           0     59.7882     45.1448
135           5     156.111     140.226           0     60.8742     43.5006
135           6     155.818     141.165           0     59.3924     41.8032
135           7     155.514     142.102           0     57.8651       40.08
135           8     155.199     143.035           0     57.9354     38.4829
135           9     154.881     143.966           0      57.298     37.6659
135          10      154.57       144.9           0     55.5548      37.271
135          11      154.26     145.835           0     55.6292     36.9797
135          12     153.943     146.767           0     56.5341     37.4483
135          13     153.623     147.698           0     53.8466     38.4007
135          14     153.298     148.627           0     52.8033     38.5368
135          15     152.962     149.552           0     53.1567     39.5081
135          16      152.62     150.475           0     51.4134     40.8674
135          17     152.274     151.397           0     53.1704     42.0464
135          18     151.927     152.318           0     56.8241     44.3692
135          19     151.592     153.244           0     57.8814       47.46
135          20      151.27     154.175           0     62.0628      48.551
135          21     150.965      155.11           0     67.0429     49.2994
135          22     150.704      156.06           0     69.9894     48.0718
135          23      150.53     157.029           0     75.4891     44.7908
135          24     150.459      158.01           0     80.9705     43.1149
135          25     150.426     158.994           0     83.0207     42.5117
#1
136           0     205.341     277.134           0     58.5882      29.511
136           1     205.307     276.129           0     61.6588     20.0868
136           2     205.562     275.156           0     54.8972     12.3145
136           3     206.047     274.275           0     44.7859     5.68764
136           4     206.641     273.464           0     36.0524      2.3585
136           5     207.259     272.671           0     33.4142    0.566178
136           6     207.853     271.859           0     35.1417    0.197974
136           7     208.417     271.026           0     35.9227   0.0971295
136           8     208.952     270.174           0     37.3719    0.137815
136           9     209.467     269.311           0     36.8614    0.153772
136          10     209.976     268.443           0     39.4062    0.203831
136          11     210.489     267.578           0     38.7114    0.161219
136          12     211.013      266.72           0     40.6429    0.222378
136          13     211.552      265.87           0     39.7229    0.182369
136          14       212.1     265.027           0     40.4522    0.187192
136          15     212.649     264.185           0     38.7272    0.156204
136          16     213.196      263.34           0     39.3383    0.231427
136          17     213.732      262.49           0     39.1951    0.205816
136          18     214.261     261.634           0     39.0994    0.185746
136          19     214.783     260.774           0     39.3982    0.223064
136          20     215.302     259.913           0     39.5936    0.166498
136          21     215.817     259.049           0     39.9693    0.180083
136          22      216.33     258.184           0     38.5519    0.201086
136          23     216.838     257.316           0     38.0703    0.231664
136          24     217.345     256.448           0     36.6058    0.181631
136          25     217.853     255.579           0      36.778    0.439005
136          26     218.368     254.716           0     35.5742     1.42676
136          27       218.9     253.862           0     35.4765     3.01343
136          28     219.461     253.027           0     34.4792     5.07954
136          29     220.057     252.217           0     34.5237     7.58525
136          30     220.688     251.433           0     33.9645     10.3517
136          31     221.339     250.667           0     36.5637     12.8926
136          32     221.989     249.899           0     43.3138     14.2047
136          33     222.615     249.112           0     50.9863     14.6644
136          34     223.198     248.293           0     59.6058     14.4289
136          35     223.737     247.444           0     65.8171     14.8062
136          36     224.269     246.591           0     69.3932     15.8632
136          37      224.84     245.762           0     68.7305     18.7279
136          38      225.47     244.978           0     64.5286     22.1325
136          39      226.13     244.219           0     58.2722     22.1352
136          40     226.773     243.446           0     50.8308     18.9913
136          41     227.376     242.641           0     45.1519     15.6981
136          42     227.943     241.811           0     44.0009     12.5497
136          43     228.509     240.979           0     45.5422     9.24005
136          44     229.107      240.17           0     50.3175     4.82844
136          45     229.753     239.399           0     48.7048     2.12424
136          46     230.438     238.663           0     51.5113     6.23627
136          47      231.14     237.943           0     60.3448     19.3007
136          48     231.844     237.225           0     79.1352      38.922
136          49     232.564     236.522           0     114.068     60.4061
136          50     233.366     235.917           0     149.468     65.3394
136          51     234.312      235.58           0      157.41     67.5782
#1
137           0     290.637     287.004           0     72.4692     40.2826
137           1     290.402     286.019           0     63.9748     23.2736
137           2     290.368     285.007           0     52.8756     22.5455
137           3      290.55     284.012           0     48.3897     29.7649
137           4     290.999     283.104           0     49.6827     36.3799
137           5     291.672     282.349           0     45.5294     34.1718
137           6     292.497     281.762           0      41.039     26.5291
137           7     293.385     281.275           0     41.7284     22.4252
137           8     294.272     280.787           0     49.2175     23.0057
137           9     295.118     280.231           0     54.3519     16.5387
137          10     295.908     279.598           0     55.7547     8.39199
137          11     296.668     278.929           0     53.2613     4.52495
137          12     297.443     278.277           0     48.5201      3.4507
137          13     298.267     277.689           0     43.3557     3.20805
137          14     299.155     277.203           0     37.4474     3.66771
137          15     300.097     276.831           0     31.5178       6.414
137          16     301.066     276.539           0     31.1791     16.2698
137          17     302.044     276.275           0     43.8447     35.9738
137          18     303.017     275.997           0     73.5521     63.4814
137          19     303.979     275.682           0      105.27     88.5867
137          20     304.931     275.337           0      116.38     103.911
#1
138           0     257.703     282.384           0     131.817     102.252
138           1     258.719     282.309           0     126.639     94.9955
138           2      259.73     282.431           0     104.544     75.9005
138           3     260.736     282.597           0     81.9915     57.8588
138           4     261.752     282.679           0     72.4377     44.4319
138           5     262.768     282.599           0     71.1056     27.5596
138           6     263.745     282.313           0     70.9046     15.8816
138           7     264.639     281.822           0     67.7427     13.1384
138           8     265.441     281.194           0      62.673      11.178
138           9     266.171     280.482           0     59.8821     8.61019
138          10     266.852     279.724           0     60.3365     6.49689
138          11      267.51     278.946           0     60.7619     5.25648
138          12     268.162     278.163           0     58.8424     3.96632
138          13     268.814     277.379           0     49.7684     2.94816
138          14     269.478     276.606           0     37.2557     2.10367
138          15     270.166     275.854           0     26.7721     1.60607
138          16     270.891     275.138           0     19.6777       1.227
138          17     271.668     274.478           0     16.3303    0.960806
138          18     272.494     273.881           0     15.4446     0.63431
138          19     273.354     273.334           0     16.1371    0.560379
138          20     274.224     272.804           0     18.1157    0.941823
138          21     275.083     272.255           0     19.7446     1.45658
138          22      275.91      271.66           0     19.5993     2.30707
138          23     276.695      271.01           0     18.9961     4.01249
138          24     277.436      270.31           0     17.3498     7.06035
138          25     278.141     269.574           0     16.4722     12.4023
138          26     278.827      268.82           0     17.2728     17.1178
#1
139           0     317.265     388.073           0     87.5631     18.9745
139           1     318.037     388.698           0     79.9566     30.7334
139           2     318.779     389.356           0     68.1458     29.9916
139           3      319.43     390.106           0      60.304     28.4458
139           4      319.97     390.939           0     58.8996      27.033
139           5     320.397     391.835           0     60.1719     25.7054
139           6     320.735     392.769           0      66.961     23.9355
139           7     321.029     393.717           0     75.7075     20.6252
139           8     321.297     394.673           0     75.5564     16.8958
139           9     321.534     395.637           0     71.4691      13.275
139          10     321.742     396.608           0     65.9177     9.74135
139          11     321.917     397.585           0     60.8454     6.83524
139          12     322.049     398.569           0     56.8884     4.96969
139          13     322.125     399.559           0     55.1281     3.91521
139          14     322.145     400.551           0     56.0858     2.87384
139          15     322.121     401.544           0     59.2002     2.00435
139          16     322.056     402.534           0     64.0753     1.40329
139          17     321.956     403.522           0     68.6007    0.991273
139          18     321.817     404.505           0     70.9639    0.989807
139          19     321.636     405.481           0     72.9844    0.823582
139          20      321.41     406.448           0     75.1809    0.739812
139          21     321.141     407.403           0     78.3651    0.668759
139          22     320.838     408.349           0     78.7631    0.705167
139          23     320.514     409.287           0     77.7809    0.658902
139          24     320.169     410.218           0     81.7685    0.805966
139          25     319.795     411.138           0     84.0711    0.676382
139          26     319.391     412.044           0     86.3992    0.450825
139          27     318.941     412.929           0     91.8189    0.587413
139          28     318.452     413.793           0     88.5064    0.468084
139          29     317.925     414.635           0      89.299    0.495001
139          30     317.378     415.463           0     83.6626    0.359218
139          31     316.821     416.285           0     82.1785    0.353515
139          32     316.273     417.113           0     79.0439    0.263725
139          33     315.736     417.948           0     75.8111    0.209486
139          34     315.222     418.797           0     73.0198    0.197254
139          35     314.715     419.651           0     70.8532    0.213297
139          36     314.215     420.508           0     71.9728    0.207725
139          37     313.707     421.361           0     74.8091    0.201415
139          38      313.19     422.209           0     81.8641    0.207698
139          39     312.649     423.041           0     87.8803    0.346056
139          40     312.084     423.857           0     95.0307    0.383822
139          41     311.498     424.659           0     91.8166    0.470747
139          42     310.905     425.455           0     91.9458    0.308352
139          43     310.316     426.254           0     86.9455    0.289664
139          44     309.731     427.056           0     84.7983    0.295115
139          45     309.165     427.872           0     82.5907    0.248666
139          46     308.616     428.699           0     79.3766    0.300959
139          47     308.089      429.54           0     80.9897    0.331856
139          48     307.578     430.391           0     79.3736    0.306794
139          49     307.083     431.252           0     84.7972    0.442929
139          50     306.596     432.117           0     84.0174    0.476633
139          51     306.114     432.985           0      87.438     0.46016
139          52     305.626     433.849           0     84.1559    0.370754
139          53     305.135     434.712           0     85.2564    0.420169
139          54     304.629     435.566           0     82.0922    0.409605
139          55     304.107     436.411           0     82.1525    0.410213
139          56     303.563     437.241           0     73.7528    0.367789
139          57     303.018     438.071           0     64.2334    0.331473
139          58       302.5     438.918           0     39.3947    0.288657
139          59     301.998     439.775           0     21.5839    0.178273
139          60     301.523     440.646           0     8.92492    0.144315
139          61     301.036     441.511           0     3.53732    0.103474
139          62     300.514     442.355           0     1.33103    0.014825
139          63     299.964     443.182           0    0.788298           0
139          64     299.401         444           07.67163e-005           0
#1
140           0     238.635     490.616           0     129.353     52.1057
140           1     239.597     490.313           0     117.182     52.9802
140           2     240.482     489.827           0     94.4425     37.2389
140           3     241.331      489.28           0     70.9987     29.8914
140           4     242.186     488.744           0     53.8187     25.4063
140           5     243.055      488.23           0      47.281     24.3564
140           6     243.914     487.699           0     49.0598     23.7512
140           7      244.74     487.119           0     51.3225     23.1813
140           8     245.518     486.475           0     49.7076      22.355
140           9     246.255     485.786           0     48.5147     21.4959
140          10     246.965     485.068           0     47.6812     20.5281
140          11     247.657     484.332           0     45.7631      18.726
140          12     248.335     483.585           0     45.9154     16.5999
140          13     249.004     482.828           0     47.4641     13.5605
140          14     249.665     482.065           0      46.136     10.4599
140          15     250.324       481.3           0     45.9765     7.41813
140          16     250.979     480.532           0     49.2522     4.78252
140          17      251.63      479.76           0     52.4816     3.55608
140          18      252.28     478.987           0     57.4005     2.66043
140          19     252.926     478.211           0     58.7157     2.37871
140          20     253.566     477.431           0     54.7065     2.18162
140          21     254.194      476.64           0     50.7583     2.31122
140          22     254.794     475.829           0      46.304     3.53379
140          23     255.347     474.984           0     45.3762     6.21667
140          24     255.815      474.09           0      52.161     9.50148
140          25     256.176     473.147           0     64.0816      13.575
140          26      256.46     472.178           0       80.37     20.3721
140          27     256.788     471.223           0     91.8127     18.9404
140          28     257.286     470.345           0      89.638     10.2442
140          29     257.916     469.557           0     81.9613     14.4178
140          30     258.572     468.789           0     79.2129     22.2258
140          31     259.159     467.968           0     83.1457     24.2571
140          32     259.566     467.044           0     87.0661     21.6417
140          33     259.729     466.048           0     92.1349     23.2352
140          34     259.729     465.039           0     115.344     39.8114
140          35     259.749     464.029           0     162.124     64.1911
140          36      259.96     463.043           0     182.139     75.3557
#1
141           0     223.057     223.912           0     198.257     66.0048
141           1     223.004     224.923           0     170.453     42.9543
141           2     223.071     225.934           0     122.487     23.4246
141           3       223.1     226.946           0     91.2859     17.6615
141           4     223.045     227.957           0     76.3751     26.9136
141           5     222.929     228.964           0     65.1058     35.2626
141           6     222.786     229.966           0     56.8283     36.5968
141           7      222.66     230.971           0     44.9958     30.8063
141           8     222.571      231.98           0     30.8488     20.2106
141           9     222.511     232.991           0     19.5847     11.4781
141          10     222.485     234.004           0     20.0252     6.12573
141          11     222.506     235.016           0     19.0248     4.29936
141          12     222.547     236.029           0     20.6325     4.14264
141          13     222.593      237.04           0     23.6976      6.8044
141          14     222.644     238.052           0      26.443     11.4974
141          15     222.703     239.063           0     29.5574     15.9228
141          16     222.795     240.072           0     32.3684      18.936
141          17      222.96     241.071           0     35.3726     20.8639
141          18     223.225     242.049           0     40.1601     22.2307
141          19     223.586     242.995           0     46.7142     22.4099
141          20      223.99     243.924           0     57.1612     20.8979
141          21     224.408     244.846           0     65.2417     18.5794
141          22      224.84     245.762           0     68.7305     16.8869
#1
142           0     161.681     483.089           0      43.366     51.0923
142           1     160.784     483.567           0     43.9095     32.0837
142           2     160.038     484.256           0     40.4162     23.2894
142           3     159.476     485.103           0     35.6477      21.804
142           4     159.057     486.028           0     33.7942     19.2139
142           5     158.734     486.992           0     32.4696     14.3911
142           6     158.468     487.972           0     32.5153     10.0072
142           7     158.232     488.961           0     34.0203     7.16414
142           8         158      489.95           0     35.9498     6.42259
142           9     157.775     490.941           0     35.2729      7.0946
142          10     157.562     491.934           0     35.9139     8.09401
142          11     157.362     492.931           0     37.5244     8.12127
142          12     157.167     493.928           0     42.4703       8.189
142          13     157.003     494.931           0     50.4836     8.29419
142          14     156.907     495.942           0     54.3918     7.64202
142          15     156.856     496.957           0      58.934     7.08866
142          16     156.842     497.973           0     56.1339     7.33868
142          17     156.829     498.989           0     48.2333     7.57384
142          18     156.786     500.004           0     39.1108     9.16523
142          19     156.693     501.016           0     31.2953     12.6619
142          20     156.565     502.024           0     25.4552     16.2736
142          21      156.42      503.03           0     20.8688     17.8318
#1
143           0     157.842     128.176           0     155.934     42.9736
143           1     157.849     129.221           0     146.081     44.4605
143           2     157.735     130.259           0     118.238     42.4377
143           3     157.651       131.3           0     85.2711     40.1476
143           4     157.608     132.343           0     57.5611     38.0338
143           5     157.558     133.386           0     44.9289     37.9171
143           6     157.472     134.427           0     43.5429     39.9153
143           7     157.359     135.465           0     47.8719     43.6459
#1
144           0     215.635     193.862           0     91.0574     44.4891
144           1     216.342     193.172           0     84.5639     46.6914
144           2     217.058     192.493           0     65.3205     39.3946
144           3     217.808     191.851           0      45.301     29.6012
144           4     218.593     191.252           0     31.4729     23.1697
144           5     219.413     190.703           0     25.5416     19.4753
144           6     220.264     190.201           0     25.7645     16.1449
144           7     221.124     189.716           0     27.2171     12.4507
144           8     221.966     189.202           0     30.6127     10.0187
144           9     222.762     188.618           0     33.7223      8.4018
144          10     223.496     187.957           0     33.5808     4.63542
144          11     224.184     187.249           0     36.2069     2.81564
144          12     224.877     186.547           0      36.149     4.24927
144          13     225.608     185.883           0     33.3159     5.05367
144          14     226.383     185.271           0     28.3126      3.2588
144          15      227.19     184.702           0     23.8443     1.42864
144          16     228.016     184.162           0     20.9606     1.58874
144          17     228.848     183.631           0     18.7661     1.94269
144          18      229.68     183.099           0     17.9642     2.50404
144          19     230.506     182.558           0     17.4993     2.84407
144          20     231.324     182.005           0     17.6699     2.78695
144          21     232.132     181.439           0     16.3224       2.572
144          22     232.932      180.86           0     15.8409     2.38679
144          23     233.725     180.271           0     15.6029     2.31946
144          24     234.513     179.677           0     15.3379     2.09306
144          25     235.302     179.083           0     15.8919     2.09649
144          26     236.094     178.494           0     16.0488     2.16546
144          27     236.893     177.914           0     17.6247     2.15481
144          28     237.698     177.342           0     16.6658     1.92076
144          29     238.503     176.771           0     17.5048     1.69044
144          30     239.299     176.187           0     19.3553     2.19458
144          31     240.077     175.579           0     21.6396     3.45648
144          32     240.824     174.934           0     25.3395     6.28309
144          33     241.566     174.282           0     28.5023     10.7156
144          34     242.302     173.624           0     33.2205     16.0469
144          35     243.034     172.962           0     38.1063     21.6535
144          36     243.766       172.3           0      40.233      26.811
144          37     244.494     171.633           0     41.7482     30.7946
#1
145           0     156.295     550.437           0     59.8561     32.9631
145           1     155.814     551.304           0     79.6968     23.6629
145           2     155.346     552.179           0     97.4695     20.5532
145           3     154.917     553.073           0     114.149     21.2418
145           4     154.555     553.996           0     114.982     21.4844
145           5     154.253     554.941           0     118.969     18.3974
145           6     153.959     555.889           0     123.846     15.6217
145           7     153.646      556.83           0     120.481     13.2886
145           8     153.299     557.759           0     122.641      11.762
145           9     152.931      558.68           0     126.661     12.2192
145          10     152.555     559.598           0     118.142     13.5856
145          11     152.152     560.504           0     110.693      15.488
145          12     151.691     561.382           0     96.2841     17.0797
145          13     151.166     562.224           0     83.7792     19.4504
145          14     150.573     563.019           0     74.7439     22.5826
145          15     149.922     563.767           0     69.2813     25.8311
145          16     149.225     564.473           0     66.2965     28.8779
145          17     148.495     565.144           0     66.2142     29.8086
145          18     147.742      565.79           0     68.3978     28.2401
145          19     146.983     566.429           0     72.7546     24.4544
145          20     146.235     567.081           0     81.4336     19.6672
145          21     145.526     567.774           0     94.3461     15.9144
145          22     144.895     568.539           0     109.293     13.9808
145          23     144.378     569.385           0     115.186     14.3571
145          24     143.956     570.283           0     115.651     16.0186
145          25     143.585     571.203           0      98.389     17.3644
145          26     143.237     572.131           0     81.8158     20.8456
145          27     142.923     573.072           0     71.1353     25.0705
145          28     142.662     574.029           0     72.1364     29.9818
145          29     142.442     574.996           0       89.28     34.9993
145          30     142.255      575.97           0     106.946     39.6803
145          31     142.113     576.952           0      107.07     43.5244
145          32     142.008     577.938           0     90.1434     46.9558
#1
146           0     184.149     549.145           0     163.044     18.7248
146           1     183.951     550.125           0     191.306     15.2836
146           2     183.845     551.119           0     179.229     16.8965
146           3     183.835     552.119           0     152.383     16.4869
146           4     183.827     553.119           0     139.167     15.6902
146           5     183.757     554.116           0     140.776     15.3889
146           6     183.592     555.102           0      144.95     15.1963
146           7     183.317     556.063           0     147.192     13.9693
146           8      182.93     556.985           0     148.916     12.9019
146           9     182.493     557.884           0     143.379     11.2556
146          10     182.049      558.78           0     144.864     11.1724
146          11     181.617     559.682           0     138.337     11.0298
146          12     181.212     560.596           0     136.505     11.6528
146          13     180.817     561.515           0     135.299     13.4445
146          14     180.432     562.437           0     134.073     15.9267
146          15     180.052     563.362           0     140.284     19.1469
146          16     179.662     564.283           0     139.917     21.0203
146          17     179.255     565.196           0     140.551     21.1498
146          18     178.805     566.089           0     136.198     20.3343
146          19     178.319     566.963           0     125.446     19.0478
146          20      177.82     567.829           0     113.488     19.7538
146          21     177.336     568.703           0     99.4067     24.1611
146          22     176.892       569.6           0     89.2928      33.115
146          23     176.512     570.524           0     83.4493     39.8592
146          24     176.208     571.477           0     87.1696     41.2607
146          25     175.945     572.441           0     99.8477     40.1727
146          26     175.662       573.4           0     111.184      38.536
146          27      175.32      574.34           0      114.52     37.0249
146          28      174.93      575.26           0     107.649     35.6202
146          29     174.545     576.183           0     89.3822     34.1967
146          30     174.205     577.123           0     74.4684     35.2685
146          31     173.879     578.068           0     67.6932     36.4716
146          32     173.537     579.008           0     64.0787     37.5839
146          33     173.152     579.931           0     67.4717     39.1633
146          34     172.713     580.829           0     70.4704     41.0108
146          35     172.231     581.705           0     74.6879     44.5128
146          36     171.712     582.559           0     75.7487     49.4491
146          37     171.182     583.407           0     71.4358     57.8447
#1
147           0     73.7832      283.19           0     66.6329      40.509
147           1     73.4908      284.17           0     53.6799     55.4834
147           2     73.1513     285.135           0     47.3423     68.1847
147           3     72.7837     286.089           0     43.7159     69.4574
147           4     72.4635     287.061           0     42.4972     66.2134
147           5     72.3047     288.071           0     41.8885     54.1745
147           6     72.3894      289.09           0      41.694     46.9794
147           7     72.7047     290.063           0     42.1731     45.1509
147           8     73.1679     290.975           0     47.6631     48.5577
147           9     73.7153     291.839           0     51.9607     55.0061
147          10     74.3342     292.653           0      53.752     66.4081
147          11     75.0041     293.425           0       51.29     59.3417
#1
148           0     250.915      235.66           0     70.1258     45.8743
148           1     250.785     236.656           0     63.8002      47.761
148           2     250.507     237.622           0     53.6114     39.9635
148           3     250.181     238.572           0     46.5159     28.8173
148           4     249.883     239.532           0     43.3597     15.7761
148           5     249.663     240.513           0     40.9734      9.0585
148           6     249.535      241.51           0     40.0347     7.41986
148           7     249.485     242.513           0     40.5132      6.7104
148           8     249.505     243.518           0      42.041     6.24303
148           9     249.587      244.52           0     43.9975     7.24599
148          10     249.739     245.513           0     46.8689     10.4007
148          11     249.986     246.487           0     50.8645     13.7438
148          12     250.338     247.428           0     50.4126     14.3982
148          13     250.783     248.329           0     50.8999     14.5929
148          14     251.307     249.187           0     51.8451      16.783
148          15      251.89     250.006           0     57.3704     19.9176
148          16     252.532     250.778           0     66.9966      24.106
148          17     253.244     251.487           0     80.7946     30.9258
148          18     254.037     252.104           0      94.457     39.4665
148          19     254.889     252.637           0     98.9007     34.2016
#1
149           0     96.6075     552.986           0     78.1955     51.2774
149           1     96.7178     553.962           0     66.1859     50.6922
149           2     96.8182     554.939           0     55.4894     47.6676
149           3     96.8672      555.92           0     45.6671     39.1435
149           4     96.8588     556.902           0     37.7683     30.5028
149           5     96.8098     557.883           0     36.1167     25.8629
149           6     96.7508     558.864           0     37.7276     23.5501
149           7     96.7061     559.845           0     42.2253     22.0862
149           8     96.6931     560.827           0     47.2018      20.782
149           9     96.7266     561.809           0     51.1944     20.2835
149          10     96.8062     562.788           0     54.1308     21.0137
149          11     96.9318     563.762           0     56.1805     23.9955
149          12     97.0909     564.731           0     56.1994     28.4127
149          13     97.2594     565.699           0     53.5527     33.2242
149          14     97.4277     566.667           0     52.3816     37.5373
149          15     97.5817     567.637           0     54.9677     41.8722
149          16     97.7028     568.612           0     62.5663     50.7145
149          17      97.779     569.591           0     71.8639     62.0895
149          18      97.838     570.572           0     76.5301     62.3947
#1
150           0     200.582     374.044           0     25.2549      20.795
150           1     200.307     375.014           0     31.4612     17.0147
150           2     200.057     375.991           0     37.7177     11.7712
150           3     199.863      376.98           0     44.7293     7.98719
150           4     199.735     377.981           0     49.6385     6.10307
150           5     199.649     378.985           0     54.2308     5.99575
150           6     199.546     379.988           0     55.0794     6.85913
150           7     199.355     380.979           0      54.363     9.04525
150           8     199.049     381.939           0     50.2465     13.7898
150           9     198.627     382.855           0     42.5721     18.1414
150          10     198.142     383.739           0     37.6847     18.5924
150          11     197.646     384.617           0     34.2082     16.6534
150          12     197.177      385.51           0     32.8614     14.6121
150          13     196.754     386.425           0     31.6892     13.0751
150          14     196.382     387.362           0      31.788     12.1288
150          15     196.049     388.314           0     34.0085     11.8074
150          16      195.74     389.274           0     34.7784     12.2321
150          17     195.435     390.235           0     37.3318     13.1941
150          18     195.102     391.187           0     41.8074     13.6201
150          19     194.717     392.119           0     43.0822     13.1962
150          20      194.28     393.028           0     43.3521     12.1908
150          21     193.805     393.917           0     41.4679     11.5613
150          22     193.321     394.802           0     38.6757     10.9146
150          23     192.847     395.692           0     37.0752     10.8054
150          24     192.399     396.595           0     35.2061     10.7033
150          25     191.978     397.512           0     35.4031     10.7803
150          26     191.587     398.441           0     33.8385     10.8292
150          27     191.216     399.379           0     33.8356     11.1395
150          28     190.858     400.322           0     34.1072     11.0689
150          29     190.522     401.272           0     32.7478     11.0628
150          30     190.232     402.238           0     32.3692     11.1901
150          31      190.03     403.226           0     32.6247     11.3463
150          32     190.001     404.234           0     31.7631     12.3962
150          33      190.21      405.22           0      30.126      16.444
150          34     190.634     406.135           0     30.3913      24.069
150          35     191.191     406.975           0     34.6616     28.5276
150          36     191.811     407.771           0     39.0767     20.5221
#1
151           0     215.075      168.01           0     88.3627     43.3616
151           1     215.491     168.921           0      83.197     39.5874
151           2     215.933      169.82           0     80.1189     33.0169
151           3      216.37     170.721           0      78.412     25.5761
151           4     216.772     171.638           0     79.3226     20.6065
151           5     217.153     172.565           0     79.7095     17.6011
151           6      217.55     173.484           0     77.0432     15.9337
151           7     217.958     174.399           0     75.1797     15.6027
151           8     218.374      175.31           0     69.7725     14.6388
151           9     218.789     176.221           0     66.3688     12.7687
151          10     219.203     177.133           0      60.977     9.55716
151          11     219.619     178.044           0     51.0156     5.90602
151          12     220.059     178.944           0     39.8407     2.16613
151          13     220.529     179.828           0     23.8583    0.383077
151          14     221.023     180.699           0     12.5726   0.0578614
151          15     221.532     181.562           0     5.99543           0
151          16     222.047     182.421           0     5.90094   0.0676832
151          17     222.581     183.268           0     10.5941     1.07859
151          18     223.122     184.111           0     20.3885     4.59214
151          19     223.673     184.947           0     29.9073      11.998
151          20     224.254     185.763           0      34.797     19.2308
151          21     224.877     186.547           0      36.149     22.6264
#1
152           0     102.878      508.17           0     64.4626     67.1622
152           1     103.551     507.389           0     55.3331     67.4205
152           2     104.134     506.539           0     46.2422     52.9474
152           3     104.616     505.628           0     40.1417     38.8096
152           4     105.024     504.682           0     36.0208     30.7932
152           5     105.402     503.723           0      33.486     24.8269
152           6     105.799     502.772           0      32.127     20.1178
152           7     106.244     501.842           0     30.0289     17.1495
152           8     106.738     500.937           0     28.2127     15.2673
152           9     107.308     500.078           0     27.0043     15.0935
152          10     107.972      499.29           0     29.9767     15.4617
152          11     108.778     498.647           0     34.1661     17.1826
152          12     109.712     498.213           0      38.962     19.3094
152          13     110.717     497.987           0     44.6253     16.9233
152          14     111.745     497.905           0     63.2475     23.9488
152          15     112.774     497.958           0     94.5704     46.2061
152          16     113.769     498.222           0     106.355     50.1933
#1
153           0     251.784     345.851           0     30.7719     25.7633
153           1     251.252     346.711           0      35.691     27.0384
153           2     250.707     347.562           0     39.7218     27.5011
153           3     250.136     348.396           0     42.4399     27.0199
153           4     249.536     349.209           0     43.5058     25.4024
153           5     248.912     350.004           0     44.8199     23.2481
153           6     248.267     350.783           0     44.4729     21.0177
153           7     247.615     351.556           0     43.9314     18.7136
153           8     246.973     352.336           0     43.9379     16.7075
153           9     246.364     353.143           0     43.0646     15.0776
153          10     245.834     354.004           0     41.8241     13.8391
153          11     245.439     354.934           0      39.685     13.5038
153          12     245.228     355.922           0     36.7954      13.462
153          13     245.223     356.933           0     32.6152     14.7306
153          14     245.393     357.929           0     29.3986     16.7976
153          15     245.688     358.896           0     28.6811     20.0269
153          16     246.033     359.846           0     32.5352     24.6407
153          17     246.361     360.802           0     40.4196     30.0318
153          18      246.64     361.774           0     48.6785     37.4214
153          19     246.894     362.752           0     53.3629     43.7394
#1
154           0     255.952     174.836           0     146.542     98.8782
154           1     256.385      175.75           0     131.848     78.5502
154           2      257.01     176.547           0     98.2354     46.4029
154           3     257.707     177.281           0     76.5927     25.0271
154           4     258.392     178.027           0     70.3145     17.6401
154           5     259.003     178.835           0     72.6598     15.6493
154           6     259.514     179.709           0     72.3759     14.0817
154           7     259.937     180.629           0     73.0206     12.4643
154           8     260.296     181.576           0     69.4778     10.5626
154           9     260.626     182.533           0     66.2176     8.45018
154          10     260.952     183.492           0     64.3089     7.12152
154          11     261.284     184.449           0     60.7735     6.61563
154          12     261.627     185.401           0     57.3444      5.9415
154          13     261.989     186.347           0     54.5713     5.51581
154          14     262.366     187.287           0     49.6263     5.22227
154          15     262.746     188.226           0     47.3474     4.61538
154          16     263.132     189.162           0      46.557     4.28185
154          17     263.529     190.094           0     46.9666      3.9031
154          18     263.933     191.022           0     48.6586     3.83955
154          19     264.335     191.952           0     48.6002     3.39008
154          20     264.737     192.881           0     49.0977     3.32568
154          21     265.137     193.811           0     49.3754     3.07981
154          22     265.528     194.745           0     46.1287     2.55045
154          23     265.913     195.682           0     43.0049     2.21181
154          24     266.303     196.617           0     39.5696     2.50583
154          25       266.7     197.549           0     39.8215     4.64071
154          26     267.114     198.472           0     45.4014     8.15422
154          27     267.565     199.379           0     55.3152     12.3082
154          28     268.088     200.246           0     67.2669     20.5178
154          29     268.719     201.038           0       72.91     23.0676
#1
155           0     95.4378     380.258           0     53.5393     24.1347
155           1     94.9088     381.142           0     78.3763     30.1184
155           2     94.3721     382.021           0     93.8241     40.2534
155           3     93.8383     382.901           0      97.577     51.8198
155           4     93.3535      383.81           0     96.4947     60.3025
155           5      92.977     384.768           0     97.8036     61.3726
155           6     92.7579     385.774           0     103.905     57.3827
155           7     92.7193     386.803           0     115.326      52.148
155           8      92.863     387.822           0     127.056     49.4679
155           9     93.1852       388.8           0     133.542     47.9344
155          10     93.6585     389.715           0     133.199     45.3289
155          11     94.2432     390.562           0       130.2     44.3135
155          12     94.8938     391.361           0     128.436     46.7357
155          13     95.5639     392.142           0     133.561     51.3975
155          14     96.2025      392.95           0     146.255      53.924
155          15      96.765     393.813           0     157.814      70.963
#1
156           0     133.983     188.166           0     110.379     57.0145
156           1     134.794      188.78           0     102.885     51.8373
156           2     135.637     189.349           0     83.6776     45.2281
156           3     136.526     189.844           0     63.0548     40.4656
156           4     137.423     190.324           0     47.3382     33.3294
156           5     138.312      190.82           0     43.0338     23.3808
156           6     139.181     191.348           0     46.5742     14.2615
156           7     140.027     191.913           0     53.5297     9.21888
156           8     140.849     192.512           0     51.7407     7.45205
156           9     141.656     193.132           0     47.5289     5.95144
156          10     142.456     193.761           0     42.5185     4.51389
156          11     143.254     194.392           0     41.7579     3.53776
156          12     144.048     195.027           0     46.8042      2.7632
156          13     144.837      195.67           0     47.1329     2.91509
156          14     145.618     196.322           0     45.9622     3.75665
156          15     146.383     196.993           0     44.9886     6.93561
156          16     147.108     197.707           0     46.6836     17.0109
156          17     147.751     198.495           0     57.2453     26.5946
156          18     148.236     199.389           0      68.517     16.7491
156          19      148.48     200.375           0     70.6935     9.77147
156          20     148.487     201.393           0     64.4641     7.24874
156          21     148.339     202.399           0     56.4198     4.23263
156          22     148.102     203.388           0      50.288     2.43515
156          23     147.812     204.363           0     44.7051     2.31365
156          24     147.487     205.328           0     37.8305     2.72568
156          25     147.134     206.282           0      30.841     3.44425
156          26     146.757     207.227           0     21.6665     4.02327
156          27     146.364     208.165           0     12.9806     4.76505
156          28     145.965     209.101           0     6.52924     5.44349
#1
157           0     239.084     225.324           0     61.8599     37.1422
157           1     239.865     224.724           0     59.8919     37.7182
157           2     240.644     224.123           0     56.2186     33.3548
157           3     241.403     223.497           0      56.617     27.2385
157           4     242.151     222.856           0     63.1846       21.17
157           5     242.906     222.226           0      72.859     17.4434
157           6     243.694     221.636           0     79.6014     20.4977
157           7     244.498     221.068           0     79.1126     30.8019
#1
158           0     281.121     289.064           0     19.4584     19.4547
158           1     280.123     288.858           0     18.9825     12.7021
158           2      279.12     288.686           0     18.1197     6.33608
158           3     278.109     288.559           0     15.8256     2.78142
158           4     277.094     288.479           0     12.7979     1.15127
158           5     276.075     288.468           0     12.5321    0.754059
158           6     275.062      288.57           0     12.9646    0.597328
158           7     274.071     288.807           0          13    0.514831
158           8      273.13     289.197           0     14.3203    0.679205
158           9     272.273     289.747           0     16.5889     1.67618
158          10     271.527     290.439           0     19.6278     2.45398
158          11       270.9     291.242           0      22.733     3.32973
158          12      270.37     292.112           0     27.1375     5.04915
158          13     269.887     293.009           0     35.3162     7.84866
158          14     269.393     293.899           0     47.9362     11.0983
158          15     268.852     294.762           0     65.4876     15.5274
158          16     268.284     295.608           0     81.0928     21.7842
158          17     267.774     296.489           0     92.1304     21.3857
158          18     267.485     297.465           0     93.3106     15.9035
158          19     267.556      298.48           0     84.8579      21.416
158          20     267.915     299.433           0     75.9174     25.3518
158          21     268.459     300.294           0      71.472     13.2982
158          22     269.114     301.074           0     75.1539     3.70427
158          23      269.86     301.767           0     75.1206     2.03029
158          24     270.675     302.378           0     75.6967     5.18695
158          25     271.545     302.907           0     80.6637     12.8998
158          26     272.464     303.346           0     80.0147     13.7543
#1
159           0     272.464     303.346           0     80.0147     14.0069
159           1     273.216     303.954           0     81.2621     14.5286
159           2     273.979     304.548           0     76.4753     9.64664
159           3     274.768     305.106           0     72.0003     5.28399
159           4      275.57     305.645           0     66.6766     5.14287
159           5     276.353     306.211           0      63.302     6.75365
159           6     277.086     306.841           0     59.8897     10.2761
159           7     277.779     307.516           0     58.9629     17.0556
159           8     278.425     308.235           0      62.719     26.4443
159           9     279.057     308.966           0     68.7924     33.3271
159          10     279.703     309.685           0     69.4818     35.2832
159          11     280.366     310.388           0     63.6344     34.8608
159          12     281.035     311.086           0     53.5933     36.6961
#1
160           0          54         300           0          65     53.9134
160           1     54.2669     299.024           0     67.3738     50.2318
160           2     54.5338     298.049           0     69.4718     52.1054
160           3     54.8007     297.073           0     71.5175     53.0782
160           4     55.0676     296.097           0     73.8962     54.3576
160           5     55.3346     295.122           0     72.8308     54.7885
160           6     55.6015     294.146           0     72.1817     54.4987
160           7     55.8684      293.17           0     72.0751     54.6155
160           8     56.1353     292.194           0     73.5713      55.268
160           9     56.4022     291.219           0     75.6482     54.2378
160          10     56.6691     290.243           0     79.5415     51.3335
160          11      56.936     289.267           0     83.8828     48.0689
160          12     57.2029     288.292           0     82.9378     44.4962
160          13     57.4699     287.316           0     78.5003     40.2763
160          14     57.7368      286.34           0     72.7403     36.7286
160          15     58.0037     285.365           0     68.4534     35.8145
160          16     58.2706     284.389           0     64.7403     38.4553
160          17     58.5375     283.413           0     61.5422     41.6715
160          18     58.8044     282.437           0     58.9821     44.1452
160          19     59.0713     281.462           0      58.862     45.5649
160          20     59.3382     280.486           0     60.3511     44.5763
160          21     59.6052      279.51           0     60.2648     41.7419
160          22     59.8721     278.535           0     59.5208     38.1648
160          23      60.139     277.559           0     58.4363     34.4466
160          24     60.4059     276.583           0     56.5238     29.9453
160          25     60.6728     275.608           0     54.8135     25.1888
160          26     60.9094     274.624           0     53.7726      22.325
160          27     61.1806     273.651           0     50.6426     22.0906
160          28      61.517     272.697           0     48.1297     23.1679
160          29     61.9064     271.764           0     51.2556     24.8684
160          30     62.3588      270.86           0     53.2884     26.6506
160          31     62.8844     269.996           0     56.4072     28.0389
160          32     63.4952     269.191           0     52.6363     28.9823
160          33     64.1801     268.448           0     50.6598     29.8674
160          34     64.9151     267.753           0     51.8687     31.0959
160          35     65.6912     267.105           0      55.552     32.6524
160          36     66.5048     266.504           0     58.5057     34.3178
160          37     67.3656     265.974           0     65.9932     35.5324
160          38     68.2941     265.576           0     69.8528     36.4009
160          39     69.2862     265.389           0     72.6935     37.0569
160          40     70.2946     265.442           0     71.2099     39.4757
160          41     71.2901      265.62           0     72.0009     43.6373
160          42     72.2848     265.804           0     73.6638     38.4084
#1
161           0     246.037     469.184           0     104.359     108.571
161           1     247.036     469.091           0     92.9353     96.9223
161           2     248.024     469.269           0      62.503     60.1393
161           3     248.995     469.529           0      38.118      33.814
161           4     249.973     469.758           0      30.986     24.8038
161           5     250.963     469.927           0     37.1365     24.7731
161           6     251.961     470.045           0     47.2983     30.5645
161           7     252.962     470.138           0     58.5726     39.4364
161           8      253.96     470.248           0     71.9428     49.3904
161           9     254.948     470.434           0     83.5906     61.0589
161          10     255.899     470.755           0     91.7711     68.6147
161          11     256.788     471.223           0     91.8127     67.6351
#1
162           0     206.582     558.345           0     52.1214     46.5846
162           1     206.456     559.279           0     53.6948     51.9768
162           2     206.335     560.213           0     56.4842     54.3631
162           3     206.262     561.153           0     59.5175      55.557
162           4     206.255     562.095           0     63.7938     56.9018
162           5     206.326     563.035           0     71.9237     57.6886
162           6     206.463     563.967           0      86.534     57.7076
162           7     206.634     564.894           0     98.9154     54.6655
162           8      206.81     565.819           0      98.043     45.5537
#1
163           0     172.821     493.194           0     67.8429      68.599
163           1     172.144     493.923           0     56.6184     54.1516
163           2     171.476      494.66           0     37.5262     30.9227
163           3     170.855     495.438           0     23.4282     13.9508
163           4     170.301     496.264           0     17.8247     6.55581
163           5      169.83     497.141           0     17.8619     3.52182
163           6     169.456     498.062           0     19.4064     1.90316
163           7     169.135     499.004           0     21.8748     1.29816
163           8     168.775     499.931           0     24.3128     3.41413
163           9     168.339     500.826           0     27.2334     6.07175
163          10     167.823     501.676           0     34.4017     7.50056
163          11     167.259     502.496           0     49.0714     8.23794
163          12     166.682     503.306           0     66.9348     9.07782
163          13     166.129     504.134           0     79.9108     12.4996
163          14     165.639         505           0     74.8349     13.5278
163          15     165.221     505.903           0     63.0063     12.3441
163          16     164.863     506.831           0     53.6768     11.2886
163          17     164.563     507.779           0      49.741     12.6054
163          18     164.335     508.748           0     51.4082     18.4168
163          19     164.177      509.73           0     55.2611     25.8576
163          20     164.061     510.718           0     60.3462     30.4418
163          21     163.932     511.705           0     64.6157     32.8231
163          22     163.717     512.676           0     67.1789     38.3504
163          23     163.364     513.606           0     67.0357     45.7014
163          24     162.882     514.477           0     65.0312     44.4287
163          25      162.32     515.298           0     60.7808      37.914
163          26     161.733     516.101           0     57.2707     31.5446
163          27     161.171     516.922           0     56.6329     23.7713
163          28     160.677     517.786           0      62.267     15.1885
163          29     160.282     518.699           0     71.2883     8.93624
163          30     159.984     519.648           0     83.6849     5.64694
163          31     159.765     520.618           0     91.6827     4.41438
163          32       159.6       521.6           0     96.9978     4.39384
163          33     159.466     522.585           0     101.109     4.36516
163          34     159.356     523.574           0     102.319     4.63049
163          35     159.272     524.566           0      100.06     5.38377
163          36     159.227      525.56           0     94.6829     6.88389
163          37     159.228     526.555           0     85.6448      9.1126
163          38     159.268     527.549           0     75.3936     11.3226
163          39     159.335     528.541           0     64.1626     13.0139
163          40     159.417     529.533           0       52.16     13.9779
163          41     159.515     530.523           0     40.4642     14.6881
163          42     159.625     531.512           0     31.5452     15.8324
163          43     159.738       532.5           0     24.9728     19.9563
#1
164           0     192.159     502.916           0     68.8101     45.0175
164           1     192.486      501.95           0     67.9933     49.9469
164           2     192.852     500.998           0     54.8574     45.0433
164           3     193.199     500.038           0     40.8895     37.4877
164           4     193.463     499.053           0     30.5137     31.2265
164           5     193.605     498.043           0     24.8397     28.0124
164           6     193.619     497.024           0     21.6899     26.9134
164           7     193.524     496.008           0     21.5239      27.833
164           8     193.367         495           0     25.6322     29.9005
164           9     193.221     493.991           0     37.4933     31.1516
164          10     193.175     492.972           0     54.6689     37.2394
164          11     193.338     491.965           0     67.0222     40.3917
164          12     193.709     491.016           0     67.9663      49.826
#1
165           0     38.9736      231.19           0           0           0
165           1     39.9136     231.455           0     1.32966 0.000900626
165           2     40.8523     231.726           0     3.43059    0.110682
165           3     41.7863     232.012           0     7.14516    0.181901
165           4     42.7076     232.337           0     13.4305    0.182339
165           5     43.6036     232.727           0     22.4323     0.36301
165           6     44.4577     233.201           0     30.8959    0.597107
165           7     45.2619     233.755           0     37.9453    0.670963
165           8     46.0324     234.356           0     43.3506    0.670487
165           9     46.7875     234.975           0     47.7588    0.585062
165          10     47.5466      235.59           0     48.5374    0.596533
165          11     48.3178      236.19           0     50.0021    0.534245
165          12     49.1017     236.773           0     50.1114    0.522284
165          13     49.8931     237.346           0     50.3213    0.559636
165          14      50.694     237.905           0     51.4535    0.638233
165          15     51.4956     238.464           0      51.227     1.31208
165          16     52.3024     239.014           0     56.5155     3.94293
165          17      53.112     239.561           0     67.5773     11.6332
165          18     53.9077     240.128           0     94.2266     26.3331
165          19     54.6553     240.757           0     126.956     48.4888
165          20     55.3576     241.435           0     140.316     64.3209
#1
166           0     162.124     192.422           0     137.637     44.1732
166           1     163.105     192.289           0     156.279     33.8874
166           2     164.088     192.168           0     144.906     25.1562
166           3     165.075     192.088           0     117.878     21.8358
166           4     166.065     192.087           0     95.9919     21.8273
166           5     167.044     192.232           0     84.0297     22.8948
166           6     167.963       192.6           0     76.7157     24.7315
166           7     168.761     193.186           0     71.7412     33.3093
166           8      169.46     193.888           0     72.6941     45.6436
166           9      170.17     194.578           0     82.8841     57.2996
166          10     170.962     195.173           0     92.9622     70.1514
166          11     171.782     195.728           0     96.1071     80.5012
#1
167           0     201.453     184.732           0      28.914     23.6385
167           1     202.461     184.833           0     35.7265     20.8665
167           2     203.467     184.955           0     44.0013     19.5325
167           3     204.466      185.12           0     53.4132     19.8229
167           4     205.455     185.339           0     63.3743     21.3507
167           5     206.428     185.622           0     72.9645      24.279
167           6     207.369     185.996           0     78.9771     30.6062
167           7     208.244     186.506           0     73.5107     33.4087
167           8     209.038     187.135           0     63.7871     28.2165
167           9     209.764     187.842           0     49.6299     24.1933
167          10     210.431     188.604           0       38.13      23.085
167          11     211.059     189.399           0     33.5063     21.0463
167          12     211.641     190.228           0     35.7774     19.5074
167          13     212.156       191.1           0     45.3549      22.887
167          14     212.554     192.031           0     61.3342     33.5645
167          15     212.753     193.024           0      70.904     25.3785
#1
168           0     109.708     556.031           0     29.1246     28.7711
168           1      109.67         557           0     29.0088      18.476
168           2     109.615     557.968           0     28.8445     13.9651
168           3     109.532     558.934           0     28.5362     11.7542
168           4     109.423     559.898           0      28.941     10.8108
168           5      109.29     560.858           0     30.4682     10.4283
168           6     109.137     561.816           0      33.087     10.2064
168           7     108.968     562.771           0     36.9573     10.6977
168           8     108.779     563.722           0      38.879     11.7526
168           9     108.587     564.673           0     38.7796      14.063
168          10     108.425     565.628           0     36.5393     17.9955
168          11      108.29     566.589           0     36.1261     24.0825
168          12      108.17     567.551           0     43.8059     32.6805
168          13     108.057     568.514           0     62.0801     42.5053
168          14     107.956     569.479           0     83.1366     50.7332
168          15     107.867     570.444           0     94.8506      49.846
#1
169           0     128.327     456.199           0     53.0541     28.8692
169           1     128.834     457.047           0     72.9749     36.4337
169           2     129.351     457.889           0     81.3413     40.6323
169           3     129.889     458.718           0     85.2028     43.1066
169           4     130.459     459.525           0     82.4126     42.8076
169           5     131.024     460.336           0     82.3363     37.6755
169           6     131.524     461.188           0     87.7807     26.2207
169           7     131.889     462.106           0     101.834     14.5412
169           8     132.102      463.07           0     117.036     6.75865
169           9     132.188     464.054           0     129.152     4.49803
169          10     132.186     465.042           0     136.112     3.60762
169          11     132.137     466.029           0     134.519     3.06839
169          12     132.064     467.014           0     125.734     2.52952
169          13     131.977     467.999           0     109.659     2.91897
169          14     131.893     468.983           0     93.1908     5.63212
169          15     131.816     469.968           0      81.254     11.0934
169          16     131.724     470.952           0     74.2076     18.3147
169          17     131.594     471.931           0     66.6816      24.241
169          18     131.414     472.903           0     60.1923     28.3371
169          19     131.207     473.869           0     55.0905     30.1877
169          20     130.994     474.834           0     51.6364     31.9147
169          21     130.809     475.804           0     49.5838     33.4399
169          22     130.658     476.781           0     47.4326     35.0264
169          23     130.532     477.761           0     46.2392     37.1533
169          24     130.421     478.743           0     46.8603     39.0371
169          25     130.321     479.726           0      48.345     41.0586
169          26     130.235      480.71           0     47.4314     44.0602
#1
170           0     304.521     263.562           0     57.2097     39.7211
170           1     304.147     264.503           0     69.5625     28.0948
170           2     303.806     265.456           0     81.1414     21.1242
170           3     303.542     266.434           0     91.9374     15.0431
170           4     303.382     267.434           0     102.427     11.7968
170           5      303.34     268.446           0      108.05     10.4495
170           6     303.426     269.455           0     108.326     11.0104
170           7     303.599     270.453           0     109.008     13.3521
170           8     303.849     271.434           0     112.532     17.9925
170           9     304.124     272.408           0     114.456     25.4256
170          10     304.382     273.388           0     113.576     37.2702
170          11     304.638     274.368           0     113.539     49.4004
170          12     304.931     275.337           0      116.38     54.8039
#1
171           0         318         299           0         144     27.2483
171           1     318.144      299.99           0     146.404     10.0115
171           2     318.288     300.979           0     149.822     10.8297
171           3     318.433     301.969           0     154.131     12.1626
171           4     318.577     302.958           0     154.122     13.3061
171           5     318.721     303.948           0     132.679     14.1473
171           6     318.865     304.938           0     93.5809     14.9353
171           7      319.01     305.927           0     56.8865     16.3821
171           8     319.154     306.917           0     36.9237     19.2744
171           9     319.298     307.907           0     28.7096     23.4584
171          10     319.442     308.896           0     28.9998     28.7283
171          11     319.586     309.886           0     34.5083     36.7042
171          12      319.23     310.783           0     43.1804     20.3798
171          13      318.74     311.655           0     49.9311     11.4427
171          14     318.282     312.544           0     50.2146     8.98848
171          15     317.916     313.474           0     43.5307     7.67272
171          16     317.685     314.446           0     32.6078     5.90439
171          17     317.551     315.436           0     25.2419      4.3147
171          18     317.464     316.433           0     26.4925     4.24792
171          19     317.368     317.428           0     38.7697     7.07872
171          20     317.249     318.421           0     60.7361     14.5537
171          21     317.126     319.413           0     83.1132     25.2436
171          22      317.02     320.408           0     92.6153     32.7462
#1
172           0     252.562     258.147           0     43.5802     52.6393
172           1     253.403     258.756           0     45.1583     46.8011
172           2     254.202     259.417           0     46.2357     33.1383
172           3     254.919     260.167           0      44.844     21.6538
172           4     255.515     261.017           0     37.7842     15.4374
172           5     255.992     261.938           0     26.6939     12.4941
172           6     256.392     262.896           0     17.4229     9.85385
172           7     256.775     263.861           0     19.0856     7.99928
172           8     257.199     264.808           0     32.8322     8.42423
172           9       257.7     265.716           0     50.5467     10.3705
172          10     258.305     266.559           0     62.0845     14.1412
172          11     259.007     267.323           0     65.3396     22.4179
172          12     259.757     268.041           0     62.2016      36.831
172          13     260.483     268.782           0     57.0101     46.2164
#1
173           0     210.028     305.652           0     10.7421     9.41694
173           1     210.728     304.972           0     14.2249     7.76507
173           2     211.426     304.289           0      17.454     6.10688
173           3     212.112     303.594           0     20.5424      5.3273
173           4     212.777     302.879           0     23.3706     5.46298
173           5     213.415      302.14           0     25.8737     7.20848
173           6     214.032     301.383           0     30.5167     10.6569
173           7     214.646     300.623           0     36.1512     14.8464
173           8     215.291      299.89           0       44.44     16.7536
173           9     215.996     299.214           0     52.2597     15.6542
173          10     216.765     298.613           0     54.9702     13.9424
173          11     217.575     298.068           0     55.1994      13.392
173          12      218.39      297.53           0     50.9387     15.2163
173          13     219.184     296.961           0     48.0114     16.7236
173          14     219.951     296.357           0     44.9436     17.7738
173          15     220.702     295.733           0     46.0552     20.9285
173          16     221.466     295.125           0     51.4257     28.7251
173          17     222.261     294.558           0     58.0647      36.624
173          18      223.07     294.011           0     62.3436     35.8556
#1
174           0     275.914     245.962           0     89.3341     41.3561
174           1     275.212     246.707           0     82.3884     29.4454
174           2     274.588     247.517           0     70.6523      17.119
174           3     274.059     248.393           0     63.2209     3.69561
174           4     273.628      249.32           0     64.0607    0.951035
174           5     273.327     250.298           0      69.989    0.655014
174           6     273.178      251.31           0     62.2863    0.460393
174           7      273.12     252.331           0     44.8086     1.80109
174           8     273.131     253.354           0     30.7368     5.90337
174           9     273.182     254.376           0     27.2763     11.3394
174          10     273.231     255.398           0     34.9542     18.5172
174          11     273.219      256.42           0     45.8929     25.9856
174          12     273.096     257.436           0     49.4167     32.4317
#1
175           0     50.0088      308.31           0     54.6089     37.0715
175           1     49.5274     309.215           0     66.6499      30.073
175           2     49.0632     310.128           0     80.2349     26.2421
175           3     48.6443     311.063           0     81.2759     23.6281
175           4     48.2768     312.019           0     78.4921      21.416
175           5      47.934     312.985           0     75.0634     19.9769
175           6     47.6034     313.954           0     65.2475     18.2832
175           7     47.2763     314.925           0     59.4868     16.2711
175           8     46.9551     315.898           0     55.9677      16.738
175           9      46.665      316.88           0     50.9425      20.216
175          10     46.4442     317.881           0      52.011     25.1388
175          11     46.3223     318.898           0       57.52     30.1907
175          12      46.312     319.922           0      64.872     37.1357
175          13      46.392     320.944           0     66.7233     39.3346
#1
176           0     220.033     495.469           0     103.065     67.0734
176           1     219.161     494.931           0     103.678     52.8932
176           2     218.231     494.503           0       80.12     53.5866
176           3      217.24     494.241           0     51.8452      37.868
176           4     216.224     494.108           0     30.9537     24.7406
176           5       215.2      494.07           0     22.0181     18.7942
176           6     214.177     494.126           0     18.9755     14.5402
176           7     213.164     494.281           0     20.6655     10.2674
176           8     212.166     494.514           0      29.682     7.89094
176           9      211.19     494.827           0     49.8661     6.19386
176          10     210.247     495.227           0     77.5488     5.75348
176          11      209.37     495.756           0     103.477     6.44749
176          12     208.656     496.489           0     104.751     6.40122
176          13     208.182     497.398           0     81.2858     4.80743
176          14     207.873     498.374           0     50.9333     4.26574
176          15     207.642     499.373           0     32.2703      6.7569
176          16     207.425     500.375           0     28.3525     15.1537
176          17     207.196     501.373           0     38.0854     28.4836
176          18     206.975     502.374           0     63.7922     39.3846
176          19     206.817     503.387           0     94.5139     47.8929
176          20     206.756      504.41           0     110.591     42.3303
#1
177           0     107.233     317.047           0     102.206     57.9776
177           1     108.062     317.616           0     93.9711     52.2528
177           2     108.838     318.255           0      75.692     38.4255
177           3      109.58     318.934           0     56.7348      29.388
177           4     110.282     319.654           0     43.0152     23.6788
177           5      110.91     320.439           0     40.1177     20.5539
177           6      111.41     321.311           0     40.4549     19.2584
177           7     111.761     322.254           0     44.0255     17.4615
177           8     112.015     323.226           0     48.0851     14.9019
177           9     112.202     324.214           0     47.7137      12.125
177          10     112.369     325.206           0     47.6217     9.08672
177          11     112.545     326.196           0     48.0351     6.16512
177          12     112.742     327.182           0     48.9643     3.68479
177          13     112.962     328.163           0     50.6742     1.95319
177          14     113.194     329.142           0     49.9466    0.943737
177          15     113.436     330.118           0     50.0318     0.47938
177          16     113.688     331.091           0     50.0116    0.126869
177          17     113.952     332.061           0     51.5373   0.0932817
177          18     114.228     333.028           0     49.5839    0.131232
177          19     114.506     333.994           0     47.9998   0.0746537
177          20     114.782     334.961           0     48.6677           0
177          21     115.055     335.929           0      49.537   0.0600116
177          22     115.318       336.9           0     48.8858   0.0607123
177          23     115.571     337.873           0     49.0333    0.010322
177          24     115.826     338.846           0     49.7592           0
177          25     116.094     339.815           0     50.2546    0.078336
177          26     116.381     340.778           0     48.5562   0.0728208
177          27     116.686     341.737           0     49.1361  0.00192837
177          28     117.007     342.689           0     50.9362    0.185298
177          29     117.332     343.641           0     48.6699    0.513832
177          30     117.655     344.593           0     48.3027    0.970478
177          31     117.976     345.546           0     49.8022     1.32236
177          32     118.292     346.501           0     48.4789     1.04723
177          33     118.601     347.458           0     48.9506    0.603495
177          34     118.911     348.414           0     51.6951    0.326696
177          35     119.225     349.369           0     51.5554    0.215067
177          36     119.537     350.325           0     51.5353   0.0872226
177          37     119.848     351.282           0     53.0246    0.100984
177          38     120.153      352.24           0     52.8715    0.380142
177          39     120.444     353.202           0      51.842    0.582526
177          40     120.719     354.169           0     51.5171    0.945368
177          41      120.98     355.141           0     51.6858     1.34874
177          42     121.223     356.116           0     49.4423     2.01844
177          43     121.452     357.095           0     47.3821     2.70385
177          44     121.675     358.076           0     46.5518     3.34582
177          45     121.907     359.054           0     46.2783     4.01063
177          46     122.163     360.027           0     44.7733     4.62009
177          47     122.456     360.989           0     41.1085     5.19135
177          48     122.807     361.931           0     39.4865     5.56179
177          49     123.221     362.847           0     36.5241     5.51719
177          50     123.676     363.744           0     35.5158     5.16977
177          51     124.142     364.635           0     37.2707     4.84385
177          52      124.59     365.535           0     38.8232     4.38438
177          53     125.006     366.451           0      42.872     4.03944
177          54      125.38     367.384           0     42.8217     3.37074
177          55      125.72      368.33           0     42.7388      2.7754
177          56     126.036     369.285           0     41.8597     2.24786
177          57     126.333     370.245           0       37.19     1.59073
177          58     126.616      371.21           0     31.9612     1.03218
177          59      126.86     372.186           0     25.5332    0.570411
177          60     127.085     373.166           0     18.5132    0.262066
177          61     127.318     374.144           0     11.1298   0.0485511
177          62     127.571     375.117           0     5.02744           0
177          63     127.838     376.086           0     1.82716           0
177          64     128.109     377.055           0           0           0
#1
178           0     287.504     107.037           0     79.1012     69.8713
178           1     288.425     106.629           0     73.2646     74.7492
178           2     289.306      106.14           0     58.9328     63.7905
178           3      290.16     105.604           0     43.6309     45.3132
178           4     291.003     105.052           0      34.096     30.1683
178           5     291.838     104.488           0     30.7258     21.4963
178           6     292.657     103.902           0     31.1834     18.0041
178           7     293.452     103.283           0     32.1284     16.5769
178           8     294.214     102.623           0     34.1896     15.6048
178           9     294.953     101.937           0     37.7962     14.2121
178          10     295.681     101.241           0      41.455     12.7989
178          11     296.412     100.547           0     45.4026     11.1284
178          12     297.151     99.8623           0      50.162     10.0427
178          13     297.902     99.1904           0     50.8987     8.53485
178          14     298.661     98.5276           0     48.3582     7.21097
178          15     299.411     97.8545           0     46.9611     5.99128
178          16     300.121     97.1387           0     43.8318     5.16561
178          17     300.753     96.3542           0     39.6519     4.47449
178          18     301.283     95.4968           0     37.2114     3.91715
178          19     301.691     94.5756           0     36.5915     3.65778
178          20     301.967     93.6063           0     38.2013     4.12486
178          21     302.134     92.6126           0      38.046     4.81958
178          22     302.194     91.6067           0     36.6301      5.5164
178          23     302.144     90.6002           0     33.5693     6.42649
178          24     301.999      89.603           0     28.6124     7.22376
178          25     301.794     88.6163           0     21.7274     8.80452
178          26     301.565      87.635           0     15.8512     13.3928
#1
179           0     222.629      293.11           0      64.869     34.4385
179           1     223.345     292.448           0     62.0497     27.1135
179           2      224.06     291.784           0      53.605     16.7284
179           3     224.781     291.128           0     39.5878     7.55534
179           4     225.511     290.482           0     30.1071     2.25588
179           5     226.252     289.848           0     25.8649    0.611275
179           6     227.007      289.23           0      25.528    0.465831
179           7     227.774     288.628           0     24.8903    0.825183
179           8     228.553     288.041           0     24.3796     1.53341
179           9     229.334     287.458           0     23.5142     3.27623
179          10     230.117     286.877           0     24.7084      5.9319
179          11     230.903       286.3           0      25.859     9.58322
179          12     231.699     285.736           0     26.9465     13.3536
179          13     232.509     285.194           0     28.9403     16.6043
179          14     233.338     284.679           0       32.43     18.4047
179          15      234.19     284.204           0     37.6976     18.8569
179          16     235.065     283.775           0      43.497     18.8958
179          17     235.949     283.362           0     48.3291     15.7268
#1
180           0     205.647     314.406           0       44.51     32.2253
180           1      206.18     315.221           0     42.0734     35.8317
180           2      206.74     316.019           0     35.2115     31.6012
180           3       207.4     316.736           0     25.4699      22.852
180           4     208.134     317.376           0     17.5666     15.2708
180           5     208.912     317.963           0     14.1044     10.1845
180           6     209.711     318.521           0     16.1918     6.55193
180           7     210.522     319.061           0     22.7815     4.03081
180           8     211.355     319.567           0     31.0457     4.00805
180           9     212.209     320.035           0      41.488      7.0966
180          10     213.089     320.454           0     49.0084     12.3104
180          11      213.99     320.824           0     58.5054     19.3916
180          12     214.905      321.16           0     67.9513     25.5337
180          13     215.822      321.49           0     74.2453     31.5917
180          14     216.712     321.886           0     77.3909      40.971
180          15     217.539     322.402           0     73.6518     45.9406
180          16     218.304     323.004           0     67.1593     42.4133
180          17     219.045     323.638           0     62.9476     38.1119
180          18     219.789     324.266           0     63.9994     33.9205
180          19     220.535     324.894           0     65.9064     32.6913
#1
181           0     146.869     463.329           0     125.928     91.5418
181           1     146.898     464.334           0     117.562     84.8787
181           2     146.544     465.277           0     86.8867     40.1936
181           3     146.066     466.165           0     69.2748     20.0816
181           4     145.565     467.039           0     67.1368     12.8386
181           5      145.05     467.906           0     79.1793     9.87979
181           6     144.522     468.765           0     89.8132     8.40466
181           7         144     469.627           0     100.131     7.25573
181           8     143.488     470.495           0     100.264     6.33548
181           9     142.991     471.372           0     103.547     6.72693
181          10     142.499     472.251           0     102.127     9.72372
181          11     142.003     473.129           0     106.972     16.1327
181          12     141.499     474.002           0     107.498      23.924
181          13     140.982     474.867           0     109.584     30.4129
181          14     140.449     475.722           0     107.234     35.0407
181          15     139.907     476.573           0     108.459     36.0147
181          16     139.369     477.425           0     108.562     33.8977
181          17     138.851     478.289           0     111.662     30.5472
181          18     138.371     479.176           0     112.199     27.1711
181          19     137.937     480.085           0     115.394     25.7813
181          20     137.545     481.014           0     115.015     24.2608
181          21     137.192     481.958           0     119.091     23.9143
181          22     136.864     482.911           0     120.613       24.02
181          23     136.541     483.866           0     118.451     24.0129
181          24     136.191     484.811           0     116.951     26.6518
181          25      135.77     485.727           0     113.579     29.8498
181          26     135.268     486.601           0     109.262     30.8412
181          27     134.697     487.431           0     105.483     27.3897
181          28     134.082      488.23           0     99.9178     23.1114
181          29     133.455     489.019           0      84.231     22.6779
181          30     132.877     489.844           0     69.6121      24.803
181          31     132.401     490.733           0     56.7284     25.9065
181          32      132.05     491.677           0     50.4773     23.2553
181          33     131.777     492.648           0     47.3832     21.3175
181          34     131.531     493.625           0     46.7103     20.7203
181          35     131.242     494.591           0     48.1324     22.0221
181          36      130.86     495.523           0     51.2288     25.5559
181          37     130.332     496.382           0     54.6253     29.8559
181          38     129.625       497.1           0     59.4646     30.5371
181          39     128.766     497.627           0     61.7692      34.991
181          40     127.839     498.022           0     63.8504     42.2993
181          41     126.915     498.426           0     66.1748     37.1328
#1
182           0     292.945     67.0332           0     84.7206     27.0333
182           1     292.096     67.5634           0     79.3575     42.1606
182           2     291.343     68.2216           0     72.1791     35.3041
182           3     290.695     68.9846           0     64.4852     33.2516
182           4     290.144     69.8202           0     59.4164     32.2922
182           5     289.678     70.7057           0     54.1021      31.314
182           6     289.291     71.6288           0     51.9018     29.6297
182           7     288.981     72.5803           0     51.6942     27.3077
182           8      288.73     73.5493           0     49.6936     25.7204
182           9     288.557      74.535           0     50.0311     26.0451
182          10     288.433     75.5282           0     51.9939     29.3489
182          11     288.315     76.5221           0     56.8731     38.2452
182          12     288.162     77.5113           0     69.8169     47.4169
182          13     287.974     78.4943           0     91.9127     52.4431
182          14     287.858     79.4883           0     107.013     59.4459
#1
183           0     129.211     488.624           0     63.4454     44.6551
183           1      130.28     488.636           0     60.7793     43.9132
183           2     131.346     488.694           0     61.4642     42.3054
183           3     132.409     488.802           0     71.4904     47.4954
183           4     133.455     489.019           0      84.231     49.6502
#1
184           0     287.414     154.832           0     51.5825     60.7663
184           1      287.27     155.801           0     43.6128     49.8265
184           2     287.173     156.776           0     30.5203     40.8308
184           3     287.174     157.756           0     21.2566     24.6388
184           4     287.278      158.73           0     16.3747     11.6976
184           5     287.464     159.691           0     14.0095     3.88381
184           6     287.707     160.641           0     12.9176    0.730916
184           7     287.981     161.582           0     14.1211    0.367368
184           8     288.256     162.522           0     16.3117    0.686793
184           9     288.526     163.464           0     19.4452     1.06381
184          10     288.796     164.406           0     23.0511     1.40164
184          11     289.071     165.347           0     26.5559     1.64497
184          12     289.357     166.284           0     28.6701     1.52037
184          13     289.662     167.216           0     30.8044     1.50602
184          14     289.994     168.138           0     31.8489     1.74324
184          15     290.363     169.045           0     29.8375     1.71674
184          16     290.777     169.933           0     27.5279     1.85751
184          17     291.239     170.797           0     23.5559     2.09164
184          18     291.743     171.637           0     18.7893      2.1654
184          19     292.277     172.459           0       14.92     2.14341
184          20     292.837     173.263           0     11.7144     1.95891
184          21     293.408      174.06           0     9.49725     1.67277
184          22     293.976     174.858           0      8.1451     1.38532
184          23     294.539      175.66           0     7.15661     1.60559
184          24       295.1     176.464           0     7.04638     3.28617
184          25      295.66     177.268           0      8.1051     8.07011
#1
185           0     304.931     275.337           0      116.38     52.2377
185           1     305.223     276.265           0     112.806     52.7024
185           2     305.534     277.186           0      107.47     45.4719
185           3      305.95     278.065           0     103.783     42.0985
185           4     306.519     278.853           0     97.4261     44.8192
185           5     307.209     279.539           0     93.7267      55.827
185           6     307.923     280.199           0     91.2418      52.865
#1
186           0     312.879     337.361           0     125.396     103.531
186           1     313.873     337.457           0      110.56     87.9488
186           2     314.865     337.567           0     82.4194     63.9764
186           3     315.834     337.805           0      64.717     50.4951
186           4      316.74     338.225           0     56.3416     45.2671
186           5     317.549      338.81           0     51.3053     42.7253
186           6      318.26     339.512           0      48.337     37.6359
186           7     318.919     340.262           0     50.2885     29.0167
186           8     319.567     341.021           0     56.4647     19.7478
186           9     320.236     341.763           0     65.0195     10.6617
186          10     320.931     342.481           0     69.4565     4.45213
186          11      321.65     343.174           0      67.626     1.57964
186          12     322.377     343.858           0     62.7399    0.676261
186          13     323.091     344.556           0     58.8041    0.485008
186          14     323.788     345.272           0      57.092    0.493973
186          15     324.469     346.002           0     56.5167    0.658548
186          16     325.136     346.746           0     55.2108    0.545123
186          17     325.789     347.501           0      53.366    0.719451
186          18     326.429     348.268           0     53.5997    0.959164
186          19     327.047     349.052           0     58.5918     1.08307
186          20     327.628     349.865           0      59.698     1.19337
186          21     328.159     350.711           0      63.579     1.00728
186          22     328.623     351.595           0      63.269    0.864921
186          23     329.023      352.51           0     64.7408    0.791047
186          24     329.356     353.451           0     60.3752    0.598229
186          25      329.63     354.412           0     58.7567    0.439884
186          26     329.854     355.385           0     60.8563    0.285407
186          27     330.028     356.369           0     65.1587    0.209111
186          28     330.134     357.362           0     68.1084    0.255855
186          29     330.151      358.36           0     71.4665    0.263142
186          30     330.064     359.355           0     74.1579    0.226502
186          31     329.875     360.336           0     72.4519    0.305503
186          32     329.605     361.297           0      68.447    0.397869
186          33     329.277      362.24           0     67.4669    0.329952
186          34     328.902     363.166           0     68.6023    0.524215
186          35     328.493     364.077           0     68.0849    0.503758
186          36     328.047     364.971           0     75.1261     0.73381
186          37     327.558     365.842           0     76.7447    0.784093
186          38     327.029     366.688           0     82.7754    0.945185
186          39     326.457     367.507           0     81.0051     1.15936
186          40     325.849     368.299           0      81.016     1.06778
186          41     325.213     369.069           0     76.3464    0.854444
186          42     324.557     369.823           0     70.0015     0.71692
186          43     323.897     370.572           0     67.7223    0.521392
186          44     323.237     371.321           0     68.1608    0.721621
186          45     322.573     372.068           0     73.2977     1.11566
186          46     321.906      372.81           0     80.9306     1.47098
186          47     321.228     373.544           0     85.7334      1.9684
186          48     320.519     374.248           0     90.6044     2.51005
186          49     319.766     374.903           0     96.0621     3.46319
186          50     318.967     375.503           0     95.3411     5.21938
186          51     318.122     376.035           0     96.6131     11.4663
186          52     317.258     376.536           0     99.9855     29.3567
186          53     316.397     377.041           0     110.622     59.1813
186          54     315.539     377.553           0     113.519     86.8313
#1
187           0     157.274      186.72           0     59.4237     52.8912
187           1     156.481     187.333           0     46.5438     40.7739
187           2     155.754     188.023           0     39.6844     31.6241
187           3     155.117     188.797           0     40.7611     28.3973
187           4     154.599     189.655           0     43.7046     23.9237
187           5     154.206     190.576           0     46.8555     20.0704
187           6     153.899     191.531           0     48.9339     16.2364
187           7     153.617     192.492           0     48.5354     10.0335
187           8     153.292     193.441           0      49.237     4.31188
187           9     152.886     194.357           0     49.9423     2.88376
187          10     152.401     195.234           0     49.2591     3.44995
187          11     151.855     196.075           0     52.1345     5.78977
187          12     151.274     196.891           0     60.8195     9.89784
187          13     150.656      197.68           0      70.843      14.049
187          14      149.97     198.411           0     80.4934     16.2207
187          15      149.16     199.001           0     81.3197     18.6361
187          16     148.236     199.389           0      68.517     31.0352
#1
188           0     239.828     225.995           0     58.3588     27.7853
188           1      239.22      226.83           0     54.3997     26.5014
188           2     238.764     227.757           0      42.402     12.8228
188           3      238.42     228.731           0     33.9503     4.97257
188           4     238.106     229.716           0     36.1692     7.79552
188           5     237.755     230.688           0     45.5033     16.7999
188           6      237.35     231.638           0     61.4931     31.7809
188           7     236.955     232.593           0     83.2064     53.2293
188           8     236.775      233.61           0     103.142     61.5529
188           9     237.104     234.587           0     102.071     75.2871
#1
189           0     79.9381      286.25           0     99.3735     23.6363
189           1     80.8713     285.946           0     73.1199     19.2292
189           2     81.7803     285.576           0     49.6702     15.0162
189           3     82.6363     285.096           0     39.4894     14.0385
189           4     83.4306     284.519           0     36.4249     12.9951
189           5      84.167     283.869           0     40.8498     11.8422
189           6     84.8558      283.17           0     50.5015     10.1914
189           7     85.4994     282.429           0     56.8541     8.73504
189           8     86.0884     281.643           0     61.7432     6.52058
189           9     86.6339     280.827           0     59.3412     4.93304
189          10     87.1495     279.992           0     55.7476     3.04991
189          11     87.6495     279.147           0     49.4118     2.06927
189          12       88.16     278.308           0     45.0265     1.20406
189          13     88.7049     277.492           0     38.4959    0.816269
189          14     89.2945     276.707           0     31.8166     1.11747
189          15     89.9208     275.951           0     25.9423     1.16466
189          16     90.5681     275.213           0     23.5884    0.848351
189          17     91.2269     274.485           0     29.3216    0.932759
189          18     91.8907     273.762           0     45.2819     1.23934
189          19     92.5717     273.055           0      64.492     1.85052
189          20     93.2922     272.388           0     73.6557     2.07608
189          21     94.0799     271.802           0     71.9577     2.33425
189          22     94.9319     271.315           0     53.5634     4.13514
189          23     95.8251     270.908           0     34.5601      6.6228
189          24     96.7488     270.575           0     25.5744     10.0939
189          25      97.699     270.329           0     28.5389     16.8806
189          26     98.6587     270.122           0     40.1185     25.3708
#1
190           0     249.221     159.286           0     94.2272     25.7349
190           1     249.349     160.264           0     86.2261     25.6885
190           2     249.512     161.236           0     73.2083     24.6449
190           3     249.772     162.187           0     63.0805     21.9532
190           4     250.118      163.11           0      57.384      18.519
190           5     250.521      164.01           0     51.0064     15.3269
190           6     250.976     164.884           0     54.3914     14.3327
190           7     251.469     165.738           0     59.7391     16.2569
190           8     251.974     166.585           0     70.9494     21.3185
190           9     252.473     167.435           0     78.2814     31.0597
190          10      252.97     168.286           0     84.2103     40.9783
190          11     253.465     169.139           0     80.6759     45.8516
190          12     253.972     169.985           0     76.0056     45.3031
190          13     254.478     170.831           0     70.3315     44.7374
190          14     254.983     171.677           0     74.9074     51.1248
190          15     255.501     172.516           0     91.3711     65.9903
190          16      256.06     173.329           0     118.487     89.6473
190          17      256.65     174.118           0     131.912     95.2482
#1
191           0     241.531     273.369           0     60.8491     34.2187
191           1     242.306     274.022           0     58.1057      29.172
191           2     243.139       274.6           0     47.6659     16.5914
191           3     244.011     275.117           0     38.2249     8.56564
191           4     244.909     275.589           0      31.781     4.45264
191           5     245.817      276.04           0      29.225     2.16941
191           6     246.723     276.494           0     26.7772    0.906419
191           7     247.634      276.94           0     26.1912    0.609709
191           8     248.544     277.389           0     23.8709    0.425952
191           9     249.449     277.846           0      23.639      0.4332
191          10     250.348     278.315           0     22.5597    0.248158
191          11     251.245     278.787           0     22.8042     0.64313
191          12     252.144     279.256           0     26.3419     3.88885
191          13     253.051     279.711           0     36.8468     10.9046
191          14     253.959     280.161           0     59.5324     22.0544
191          15     254.898     280.544           0     85.6051     40.1408
191          16      255.87     280.831           0     112.832     72.8742
191          17     256.855     281.071           0     136.383      92.734
191          18     257.818     281.388           0     143.057     96.7228
#1
192           0     225.837     303.408           0      88.518     29.6116
192           1     226.452     304.199           0     86.2723     33.2977
192           2     227.141     304.928           0     64.8863     28.4446
192           3     227.881     305.605           0     37.7645     16.6802
192           4     228.657      306.24           0     20.1632     8.38583
192           5      229.46     306.841           0     11.5713     4.69207
192           6     230.283     307.414           0     7.42023     3.74769
192           7     231.107     307.986           0     7.10391     3.58236
192           8     231.914     308.581           0     8.92616     4.44792
192           9     232.691     309.215           0     12.6677     5.16476
192          10      233.44     309.882           0     18.6245     4.18824
192          11     234.167     310.573           0     26.1288     2.68555
192          12     234.882     311.276           0     33.4175     1.86134
192          13     235.597      311.98           0     38.6844     3.33017
192          14     236.307     312.688           0     41.7019     7.79498
192          15     237.018     313.395           0     45.2419     15.9196
192          16     237.735     314.096           0     51.2906     28.3267
192          17     238.462     314.787           0     63.8092     46.3449
192          18     239.214      315.45           0     81.3683     71.2578
192          19      240.01     316.061           0     94.5937     84.1673
#1
193           0     258.274     11.0236           0   0.0236203    0.018611
193           1     258.186     12.0257           0     1.04665           0
193           2     258.094     13.0275           0     3.01374           0
193           3     257.998     14.0289           0     7.19971    0.128467
193           4     257.889      15.029           0     14.1217     0.45977
193           5     257.775     16.0285           0     22.0311    0.604379
193           6     257.665     17.0285           0     30.8843    0.674546
193           7     257.571     18.0301           0     38.6096    0.864169
193           8     257.469     19.0308           0     44.6731     1.02446
193           9     257.357     20.0306           0     49.6735     1.07194
193          10     257.229     21.0284           0     53.7156    0.997188
193          11     257.073     22.0223           0     58.2841    0.857781
193          12     256.891     23.0117           0     59.0268    0.877345
193          13     256.694     23.9981           0     58.7722    0.825993
193          14     256.485     24.9823           0     59.9636    0.661131
193          15     256.248       25.96           0     61.4491    0.512484
193          16     255.967     26.9257           0     63.5432    0.529785
193          17     255.638     27.8764           0     63.4307    0.404595
193          18     255.257     28.8074           0     70.1587      0.3381
193          19     254.821     29.7144           0     78.6747    0.479844
193          20     254.349     30.6026           0     82.4485    0.555628
193          21     253.846     31.4736           0     84.7879    0.510219
193          22      253.33     32.3373           0     80.4353    0.434647
193          23     252.804     33.1951           0     78.2304    0.477183
193          24     252.279      34.053           0     76.3838    0.448045
193          25     251.751     34.9094           0     76.4179    0.485388
193          26     251.226     35.7672           0     77.3233    0.577179
193          27     250.689      36.618           0     78.3657    0.444714
193          28     250.142     37.4624           0     81.9114    0.616105
193          29     249.575     38.2931           0     82.6286    0.666745
193          30     248.991     39.1128           0     87.2128    0.674013
193          31     248.396     39.9239           0     83.9985    0.629344
193          32     247.798     40.7329           0     82.8117    0.573735
193          33     247.206     41.5458           0     80.8727    0.691837
193          34     246.614     42.3595           0     79.1822    0.659449
193          35     246.031     43.1793           0     82.0978    0.503942
193          36     245.455     44.0037           0     80.5243    0.534889
193          37     244.883     44.8317           0     81.4553    0.495756
193          38     244.317      45.663           0     78.8481    0.591737
193          39     243.743     46.4896           0     78.9584    0.448489
193          40     243.161     47.3101           0     81.3848    0.385358
193          41     242.558     48.1149           0     82.6518    0.510144
193          42     241.933     48.9038           0     84.5771    0.467891
193          43     241.289     49.6762           0      76.425    0.369489
193          44      240.63     50.4361           0     69.5229    0.345156
193          45     239.969     51.1947           0     68.3362    0.141543
193          46     239.315     51.9592           0     68.1496    0.279074
193          47     238.675     52.7356           0     70.7535    0.349988
193          48     238.059     53.5303           0     76.3582    0.262395
193          49     237.455     54.3352           0     77.3006     0.31311
193          50     236.858     55.1449           0     81.9611    0.423927
193          51     236.264      55.957           0     83.5415    0.460054
193          52     235.665     56.7648           0     81.9522    0.447367
193          53     235.064     57.5719           0     82.5084    0.364665
193          54     234.456     58.3731           0      79.198    0.357698
193          55     233.838     59.1671           0     79.5514    0.267999
193          56      233.21     59.9529           0     75.9607    0.329992
193          57     232.568     60.7272           0     67.2731    0.306246
193          58     231.922     61.4986           0     59.0008    0.130911
193          59     231.272     62.2664           0     48.1648     0.18411
193          60      230.62     63.0321           0     40.0871    0.181961
193          61     229.961     63.7923           0     34.9304   0.0942099
193          62     229.279     64.5321           0     33.1894    0.110418
193          63     228.568     65.2439           0     39.3043    0.225658
193          64     227.833     65.9301           0     53.8275    0.335478
193          65     227.094     66.6133           0      64.203      0.5058
193          66     226.373      67.315           0      65.508    0.552285
193          67     225.686      68.049           0     59.7487    0.575526
193          68     225.046     68.8257           0     44.9082    0.377268
193          69     224.443     69.6307           0     28.1987    0.304463
193          70     223.865     70.4542           0     18.5636    0.230693
193          71     223.303     71.2882           0     14.2564    0.396431
193          72      222.75     72.1286           0     13.8141    0.461576
193          73       222.2     72.9714           0     14.7539    0.587118
193          74     221.649     73.8126           0     13.7044    0.727538
193          75     221.094      74.652           0     12.3808     0.72863
193          76     220.535      75.488           0     10.8084     0.66955
193          77     219.969     76.3201           0     9.98894     0.48583
193          78      219.41     77.1565           0     11.2077    0.824506
193          79     218.861     77.9991           0     17.5511     1.32861
193          80     218.335     78.8567           0     36.4919     1.95726
193          81     217.896     79.7619           0     65.6982     4.66995
193          82     217.685     80.7439           0     95.3178     30.2283
193          83     217.991     81.6978           0     103.191     28.5182
#1
194           0     223.198     248.293           0     59.6058     44.2265
194           1     224.031     248.843           0     55.3519     37.7851
194           2     224.844     249.424           0     43.6589      28.066
194           3     225.577     250.102           0      33.536     18.4853
194           4     226.218     250.867           0     28.2541     12.1451
194           5     226.763     251.705           0     26.9029     8.91244
194           6     227.196     252.605           0     28.5247     6.92732
194           7     227.548      253.54           0     32.0102     5.79226
194           8     227.832     254.497           0     36.8999     5.84283
194           9     228.071     255.467           0     41.7596     6.29897
194          10     228.282     256.444           0     45.4925     7.06998
194          11     228.478     257.423           0     48.9742     7.61857
194          12     228.666     258.404           0     52.9475     7.99449
194          13     228.844     259.387           0     57.5838     8.27617
194          14     229.005     260.373           0     62.8211     8.70806
194          15     229.144     261.362           0     66.0389     9.31322
194          16      229.25     262.355           0     68.3015     10.0282
194          17     229.304     263.352           0      69.587     10.9797
194          18     229.277     264.351           0     68.8389     12.3298
194          19     229.135      265.34           0      65.128     13.7651
194          20     228.863     266.301           0     57.4319     15.1562
194          21     228.476     267.221           0     48.8627      15.148
194          22     228.008     268.104           0     43.4691     13.5899
194          23     227.499     268.963           0     38.5724      10.574
194          24     226.971     269.811           0     37.0415      7.5245
194          25     226.439     270.656           0     34.7082     4.57798
194          26     225.907     271.502           0     35.1744     2.15589
194          27     225.381     272.351           0     34.8987     0.89046
194          28     224.856     273.201           0     36.2827    0.305954
194          29     224.327     274.048           0     37.2854    0.295392
194          30     223.784     274.887           0     38.2852     0.29418
194          31     223.239     275.724           0     38.4383    0.300926
194          32      222.69     276.558           0      39.104     0.32556
194          33      222.14     277.392           0     40.7283    0.348287
194          34     221.583     278.221           0       40.16    0.486571
194          35     221.017     279.044           0     40.7341    0.413754
194          36     220.438     279.858           0     37.4115    0.555002
194          37     219.841     280.659           0     36.8528     0.55827
194          38     219.227     281.447           0     37.9767     0.86689
194          39     218.585     282.212           0     41.3681     2.28188
194          40     217.917     282.954           0     47.7488     6.34823
194          41     217.211     283.661           0     53.7643     15.2347
194          42     216.459     284.319           0     60.3064     26.2433
194          43     215.693      284.96           0     62.6458     34.6138
#1
195           0     220.842     309.616           0     46.1328     17.5545
195           1     220.977       310.6           0     43.8872     16.0519
195           2     221.098     311.586           0     38.8158     11.7692
195           3     221.182     312.576           0     33.6794     7.54209
195           4     221.215     313.569           0     29.8647     4.22146
195           5     221.183     314.562           0     28.5301     1.96843
195           6     221.073     315.549           0     29.2488     1.01521
195           7     220.873     316.522           0     31.1902     1.09479
195           8      220.58     317.471           0      34.835     4.53661
195           9     220.168     318.375           0     41.6578     12.7356
195          10     219.633     319.211           0     50.8346      23.756
195          11     218.989     319.968           0     62.6527     30.6454
195          12     218.264     320.647           0     70.9076      31.298
195          13      217.49     321.269           0     76.7553     31.5791
195          14     216.712     321.886           0     77.3909     36.2072
#1
196           0     91.8076      500.22           0     17.7181     13.5006
196           1     92.6328     500.835           0     31.6629     8.28222
196           2     93.4792      501.42           0     47.0581     2.33566
196           3     94.3642     501.945           0     59.7722      1.2213
196           4     95.2865     502.402           0     59.4468     1.10026
196           5     96.2281     502.817           0     52.9628     1.53143
196           6     97.1792      503.21           0     42.4039     1.86343
196           7     98.1518     503.546           0     32.4321     2.08268
196           8     99.1615     503.744           0     25.2161     3.29388
196           9      100.19     503.718           0     26.6893     24.4144
196          10     101.184      503.45           0      27.084     21.7492
#1
197           0     268.102     201.826           0     75.6054     21.5698
197           1     268.614     202.724           0     70.4265     20.0922
197           2     269.114     203.629           0     59.2867      16.019
197           3     269.612     204.535           0     46.1129     11.5099
197           4      270.11     205.441           0     38.7561     9.91302
197           5     270.608     206.347           0     36.8275     10.4356
197           6     271.119     207.245           0     41.2545      12.712
197           7     271.618     208.151           0      48.298     16.8536
197           8     272.036     209.096           0     56.3267     21.5578
197           9     272.292     210.098           0     60.9342     24.1439
197          10     272.308     211.131           0     64.3934     28.8769
197          11     272.061     212.135           0      63.092     29.8327
#1
198           0     261.924     318.667           0     52.4911     16.1214
198           1     261.696     319.655           0     49.2651     19.8845
198           2     261.462     320.641           0     38.6913     19.7724
198           3     261.219     321.626           0     27.8903     17.1345
198           4     260.939       322.6           0     23.2293     13.4797
198           5     260.601     323.556           0     24.9778      9.7134
198           6     260.212     324.492           0     32.1664     6.15306
198           7     259.776     325.407           0     39.4123     3.18606
198           8     259.313      326.31           0     43.7198     1.07257
198           9     258.829       327.2           0     45.5789    0.441664
198          10     258.325      328.08           0     43.7389    0.228153
198          11     257.795     328.945           0      41.953     0.31032
198          12     257.249     329.799           0     39.8508    0.364346
198          13     256.698      330.65           0     38.9602    0.312629
198          14     256.157     331.507           0       38.95    0.480812
198          15     255.632     332.375           0     38.2319    0.629098
198          16     255.133     333.257           0     38.5299    0.712578
198          17     254.658     334.153           0     37.6769    0.885212
198          18      254.21     335.062           0     37.3188    0.990739
198          19     253.775     335.978           0     37.7458     1.00939
198          20     253.336     336.892           0      41.189     1.16644
198          21     252.863     337.789           0     47.5572     1.52437
198          22     252.332     338.652           0      53.355     2.00666
198          23     251.724     339.464           0     57.5162     2.69044
198          24     251.033     340.205           0     59.0797     4.88714
198          25     250.266     340.869           0     55.0217     8.97297
198          26     249.449     341.468           0     49.7181     13.1907
198          27     248.594     342.013           0      47.703     16.6954
198          28     247.714     342.517           0      43.906     18.5893
198          29     246.814     342.984           0     43.7561     19.1182
198          30     245.902     343.427           0     42.1736     18.7611
198          31     245.007     343.904           0     42.8914     18.7811
198          32     244.115     344.386           0     39.0988     18.1357
198          33     243.211     344.845           0     35.6434      18.019
198          34     242.301     345.292           0      30.659     18.5595
198          35     241.389     345.734           0     24.6841     20.7485
#1
199           0      311.25     234.347           0     25.7145     21.8376
199           1     312.124     234.849           0     29.7656     21.3026
199           2     312.984     235.376           0     26.2756     20.8474
199           3     313.796     235.975           0     24.2147     20.8688
199           4     314.519     236.677           0     19.4505     21.4602
199           5      315.12     237.487           0     19.2312     22.4122
199           6     315.582     238.383           0     25.1032     23.5603
199           7     315.912     239.336           0      38.554     25.9873
199           8     316.118     240.323           0     55.4881     29.7714
199           9     316.199     241.328           0     69.8182     34.3574
199          10     316.139     242.334           0      74.071     34.0208
#1
200           0     213.759     504.238           0     106.901     77.5361
200           1     213.921     505.226           0     93.6497     64.9059
200           2     213.865     506.227           0     58.9741     48.6177
200           3     213.714     507.219           0      36.226     41.2983
200           4     213.487     508.196           0     32.0686     33.9778
200           5     213.168     509.147           0     39.7242     25.2936
200           6     212.777      510.07           0      51.912     16.2887
200           7      212.34     510.973           0     64.5849     9.63227
200           8     211.868     511.858           0     72.2609     5.83049
200           9     211.388     512.739           0     69.2262     4.07774
200          10     210.899     513.615           0     63.8837     2.80904
200          11     210.399     514.484           0     54.3893     2.25143
200          12     209.879     515.342           0     49.9127     1.48039
200          13     209.332     516.182           0     46.6993    0.967378
200          14     208.752     517.001           0     48.2546     1.09964
200          15     208.151     517.804           0     49.9414     2.06165
200          16     207.521     518.584           0      50.091     3.79912
200          17     206.875     519.351           0     51.9894     6.44505
200          18     206.203     520.097           0      53.736     11.2482
200          19     205.502     520.813           0     56.2482     18.5989
200          20     204.778     521.507           0      60.353      29.965
200          21     204.037     522.184           0     64.0586     42.2373
200          22     203.289     522.852           0      65.563      53.096
#1
201           0      286.05     330.932           0     138.422     45.7222
201           1     286.233     331.937           0     130.832      38.476
201           2     286.432      332.94           0     108.688     29.7157
201           3      286.58     333.951           0     88.0158     24.3624
201           4     286.646      334.97           0     77.8645     22.3887
201           5     286.594     335.991           0     73.0133     23.0628
201           6     286.425     336.998           0     67.8578     24.2488
201           7     286.131     337.977           0     63.3551     28.5322
201           8     285.719     338.912           0     58.4855     35.2207
201           9      285.21     339.798           0     54.0695     37.3355
201          10     284.631     340.639           0     49.9741     31.6079
201          11     284.006     341.448           0     46.1141     23.6117
201          12     283.357     342.237           0       43.46     16.8553
201          13     282.695     343.015           0     42.9895       12.53
201          14     282.061     343.817           0     42.9501     10.3397
201          15     281.468     344.649           0     42.3922     11.3965
201          16     280.921     345.512           0     41.3079     16.6626
201          17     280.412     346.398           0     38.4518      24.348
201          18     279.918     347.293           0     35.4682     30.6413
#1
202           0         101         306           0          51     29.5994
202           1     100.982     306.996           0      47.889     42.8074
202           2     100.965     307.992           0     43.8563     47.3204
202           3     100.947     308.988           0     39.8376     49.6461
202           4     100.929     309.983           0     35.9231      50.776
202           5     100.912     310.979           0     33.0588      52.194
202           6     100.894     311.975           0     32.1281     53.9428
202           7     100.877     312.971           0     32.2433     56.2164
202           8     100.859     313.967           0     34.2156      57.822
202           9     100.841     314.963           0     37.3579     59.2938
202          10     100.824     315.958           0     43.2794     59.3745
202          11     100.806     316.954           0     51.4009     58.3208
202          12     100.788      317.95           0     61.5482     53.3897
202          13     100.434     318.845           0     72.8629     44.3595
202          14      99.889     319.678           0      82.714     43.1699
202          15     99.3208     320.496           0      87.363     42.9392
202          16     98.7308     321.298           0     90.1579     42.1763
202          17     98.1349     322.096           0     91.9973     40.4519
202          18     97.5574     322.908           0     88.1982     36.8148
202          19     97.0184     323.745           0     83.2318     33.2221
202          20     96.5237     324.609           0     74.6084     28.4323
202          21     96.0732     325.497           0     69.7952      23.828
202          22     95.6596     326.403           0     65.1075      19.435
202          23     95.2688     327.319           0     64.1732     17.1157
202          24     94.8868     328.238           0     66.6939     16.5121
202          25     94.5044     329.158           0     67.5786     17.3604
202          26     94.1183     330.076           0     70.3125     19.2263
202          27     93.7261     330.992           0     70.8845     20.0912
202          28     93.3241     331.903           0     69.9567     19.5568
202          29     92.9044     332.806           0     69.2409     17.5303
202          30      92.464     333.699           0     63.7044     13.2513
202          31     92.0095     334.586           0     63.3506     11.0889
202          32     91.5491     335.469           0     61.0302     9.74242
202          33     91.0906     336.353           0     63.1782     9.12066
202          34     90.6382      337.24           0     63.4405     8.16212
202          35     90.2017     338.135           0     64.4747     7.34881
202          36     89.7886     339.042           0     66.1655     6.82974
202          37      89.406     339.961           0     67.0882      6.2281
202          38     89.0628     340.896           0     70.2248     5.71444
202          39     88.7635     341.846           0     69.9445     6.17714
202          40     88.5116     342.809           0      68.595     7.42136
202          41      88.303     343.783           0     66.4196     8.08102
202          42     88.1134     344.761           0     61.2217     8.13514
202          43     87.8992     345.733           0     54.7415     8.36621
202          44     87.6211     346.689           0     48.8293     8.67018
202          45     87.2554     347.615           0     47.5117     9.19413
202          46     86.8077     348.504           0     50.0385     11.1184
202          47      86.297     349.359           0     53.7531     14.7859
202          48     85.7515     350.193           0     57.1163     20.2988
202          49     85.2103     351.029           0      56.365      25.731
202          50     84.6977     351.883           0     48.9354     27.3904
202          51     84.2053     352.749           0     38.9355     28.4024
#1
203           0     118.157     271.641           0     164.083     65.8177
203           1     118.262     270.658           0     153.742     63.0221
203           2     118.376     269.675           0     137.583     57.2601
203           3     118.543       268.7           0      129.93     50.8846
203           4     118.804     267.746           0     132.294      37.927
203           5     119.169     266.827           0     137.486     25.2474
203           6     119.611     265.942           0     142.508     17.6399
203           7     120.102     265.083           0      147.98     14.3274
203           8     120.616     264.238           0      146.51     13.0113
203           9     121.143     263.401           0     144.971     13.9564
203          10     121.696     262.581           0     142.757     17.7641
203          11     122.302     261.799           0     147.938      23.224
203          12      122.98     261.079           0     165.093     26.2246
203          13     123.738     260.444           0     185.133     25.1044
203          14      124.57      259.91           0     201.005     25.6374
203          15     125.429     259.418           0     190.977     29.8663
203          16     126.237     258.849           0     168.383     38.4735
203          17      126.97     258.185           0     136.121     42.3541
203          18     127.654     257.471           0     111.096     42.3581
203          19     128.334     256.752           0     97.6742     41.4399
203          20     129.057     256.077           0     91.6341      39.181
203          21     129.866     255.509           0     87.3248     38.0619
203          22     130.768     255.102           0     84.4881     39.6007
203          23     131.727     254.859           0     82.0967     43.6521
203          24     132.703       254.7           0     81.6443     52.7322
203          25     133.682     254.561           0     88.9066     63.0941
203          26     134.661     254.418           0     92.9905     66.1655
#1
204           0     157.359     288.925           0     58.5919     22.6788
204           1     157.336     289.917           0     53.1783     24.2208
204           2     157.347     290.908           0     44.1226       18.78
204           3     157.492     291.889           0     37.1916     16.0833
204           4      157.78     292.838           0     32.7781      14.855
204           5     158.181     293.745           0     29.1299      13.729
204           6     158.651     294.618           0     25.7821     12.2709
204           7     159.152     295.474           0     23.1871     10.7463
204           8     159.678     296.314           0     20.4913     8.93765
204           9     160.213     297.149           0      18.371     7.12037
204          10     160.749     297.983           0     17.7451      5.4047
204          11     161.287     298.816           0     17.8418     3.92325
204          12     161.818     299.654           0     18.9514     3.00453
204          13     162.331     300.503           0     20.5045     2.33166
204          14     162.814     301.369           0      22.346      2.0868
204          15     163.231     302.268           0     24.1863     2.70762
204          16     163.574     303.199           0     26.7465     4.93582
204          17     163.855      304.15           0     34.9078     11.6035
204          18     164.086     305.114           0     53.8575     26.2764
204          19     164.277     306.087           0     75.1457     48.0949
204          20     164.461     307.062           0     85.1448     68.1737
#1
205           0     289.033     307.709           0     107.671     73.8131
205           1      290.03      307.93           0      103.16     66.5883
205           2     291.043     308.054           0     83.8343     43.9025
205           3     292.063     308.116           0     61.6609     22.4146
205           4     293.083     308.167           0     48.2632     10.0413
205           5       294.1     308.258           0     47.8775     9.44217
205           6     295.107     308.424           0      54.571     18.5559
205           7     296.102     308.655           0     64.0919     34.5431
205           8     297.094     308.899           0     71.9976     53.5243
205           9     298.098     309.088           0     75.4492     69.7868
205          10     299.115     309.179           0     77.3581      83.316
205          11     300.136     309.184           0     77.0959     102.427
#1
206           0     204.204     369.424           0     23.3155     21.2118
206           1     204.507     368.447           0     24.5607     19.4217
206           2     204.799     367.466           0     25.5972     18.4139
206           3     205.075      366.48           0     25.4087     18.1055
206           4     205.333      365.49           0     25.1699     17.8087
206           5     205.574     364.496           0     25.5736     16.9025
206           6     205.802     363.498           0      26.304     15.0869
206           7     206.043     362.504           0     27.9715     13.4376
206           8     206.345     361.526           0     29.2927     12.9099
206           9     206.742     360.583           0     32.2889     12.5346
206          10     207.248     359.693           0     36.5182     12.6423
206          11     207.848     358.864           0     38.9007     13.6813
206          12     208.505      358.08           0     40.8089     15.0114
206          13     209.189     357.319           0     42.5681     16.3093
206          14     209.879     356.563           0     44.0516     17.2362
206          15     210.566     355.804           0     45.6683     18.5628
206          16     211.249     355.043           0     50.2414     19.4572
206          17     211.938     354.286           0     57.1021     20.3887
206          18     212.657     353.558           0     63.3347     20.9064
206          19     213.456     352.919           0     69.5893     21.5954
206          20     214.379     352.478           0     69.5291     23.1294
206          21     215.388     352.308           0     63.5416     21.7101
#1
207           0     163.105     192.289           0     156.279     45.7026
207           1     162.916     193.279           0     135.944     42.7973
207           2     162.771     194.277           0     96.3895     41.7244
207           3      162.67      195.28           0     71.0357     40.2534
207           4     162.592     196.284           0     63.4165     38.8148
207           5     162.534     197.291           0     64.9874     38.6181
207           6     162.507     198.298           0     69.2672     40.1363
207           7     162.521     199.306           0     75.8985     43.1912
207           8     162.553     200.313           0     83.8144     45.1435
207           9     162.538     201.321           0     90.1365     44.6589
207          10     162.392     202.318           0     91.6303     40.3513
207          11     162.075     203.275           0     87.4431     29.0829
207          12     161.637     204.183           0      76.879     18.5375
207          13     161.138     205.058           0     72.3154     11.4251
207          14     160.586     205.902           0     75.5175     6.34176
207          15     159.964     206.695           0     85.4652     4.23502
207          16      159.25     207.406           0     87.0934     6.40873
207          17     158.454     208.024           0     84.9785     10.9173
207          18     157.632     208.607           0     75.5754     14.4065
207          19     156.826     209.212           0     69.0789     16.1838
207          20     156.064     209.872           0     61.3373     17.2285
207          21     155.358     210.592           0     52.3004     18.4231
207          22      154.71     211.364           0     46.5673     18.9327
207          23     154.126     212.185           0     44.0629     19.0117
207          24     153.607     213.049           0     43.6358     19.4271
207          25     153.134     213.939           0     52.9379      22.984
207          26     152.679     214.839           0     72.6835     28.8144
207          27     152.268     215.759           0     95.5902     38.1826
207          28     151.982     216.725           0     101.382     50.7207
#1
208           0     166.031     582.824           0     157.485     124.979
208           1     167.045     583.048           0      138.43     94.8367
208           2     168.078     583.146           0     86.3587     52.2315
208           3     169.115     583.214           0     57.1666     28.3939
208           4      170.15     583.293           0      60.986     22.6087
208           5     171.182     583.407           0     71.4358     25.1784
#1
209           0     267.174     377.959           0     15.8646     13.1433
209           1      267.92     377.197           0     25.5282     12.3786
209           2     268.674     376.442           0      40.306      12.616
209           3     269.459     375.721           0     59.2318     14.1399
209           4     270.304      375.07           0      75.898     17.1395
209           5     271.219     374.522           0     80.9364     22.7935
209           6     272.182     374.064           0     77.7399     28.0795
#1
210           0     116.998       471.4           0     32.5957      17.219
210           1     116.049     471.117           0     30.8693      14.579
210           2     115.098     470.839           0     28.3088     11.0979
210           3     114.157     470.528           0     29.2411     11.0933
210           4     113.263     470.101           0     38.3725     12.0054
210           5     112.485     469.488           0      51.793     11.3507
210           6     111.925     468.672           0     64.0584     10.5917
210           7     111.676     467.714           0     65.4749     11.4139
210           8     111.711     466.724           0     61.7249     11.9335
210           9      111.91     465.754           0     57.6345     11.3719
210          10     112.183     464.801           0     54.8857     10.4324
210          11     112.493      463.86           0     54.6409     9.52894
210          12     112.844     462.934           0     57.1599     8.91472
210          13     113.249     462.029           0     56.4712     8.22733
210          14     113.698     461.146           0     53.4567     7.43658
210          15     114.183     460.282           0     51.6525     6.66852
210          16     114.691     459.431           0     49.6586     5.71914
210          17     115.215     458.591           0     48.7539     4.81023
210          18     115.752     457.758           0     47.7022     3.87648
210          19     116.301     456.933           0     47.9635     2.89118
210          20     116.852      456.11           0     49.5807     2.39203
210          21     117.402     455.285           0     51.1735     1.71701
210          22     117.943     454.455           0      55.187      1.7838
210          23     118.475      453.62           0     56.0602      2.3832
210          24     118.995     452.776           0     59.7392     3.26287
210          25     119.507     451.928           0     59.4755     4.06451
210          26     120.006     451.072           0      63.667     4.37156
210          27     120.515     450.221           0      61.668     4.63745
210          28     121.044     449.384           0     63.2859     6.13924
210          29     121.606     448.568           0     63.7756     9.07079
210          30     122.204     447.778           0     75.2973      14.821
210          31     122.831      447.01           0     100.997     24.0567
210          32     123.473     446.256           0     134.205     35.9611
#1
211           0     293.688     326.276           0     63.3203     54.1435
211           1     294.103     327.188           0     61.2339      46.984
211           2     294.573     328.073           0      52.344     38.3141
211           3     295.109     328.919           0     41.9731     25.0894
211           4     295.676     329.746           0       33.25     14.1513
211           5     296.216      330.59           0      28.376     8.17317
211           6     296.675      331.48           0     26.8566     5.90615
211           7      297.06     332.405           0     29.0857     4.35752
211           8     297.368     333.359           0     31.7452     3.41626
211           9     297.622     334.328           0     34.7759      2.6811
211          10     297.863     335.301           0     36.5051     1.69303
211          11     298.133     336.265           0      35.415    0.983555
211          12     298.449     337.216           0     32.4896    0.854475
211          13     298.801     338.154           0     32.4799     1.12982
211          14     299.167     339.087           0     32.8123     1.32054
211          15      299.52     340.025           0     35.1031     1.18225
211          16     299.855     340.969           0     39.1657     1.20539
211          17     300.181     341.917           0     41.2467     1.11966
211          18     300.504     342.865           0     41.7963     1.21833
211          19     300.841     343.809           0     42.9732     1.67065
211          20     301.196     344.745           0     42.5625     2.81053
211          21     301.559      345.68           0      42.422     4.88905
211          22     301.926     346.612           0     44.2069     9.29854
211          23     302.299     347.542           0     43.0938     13.6648
211          24      302.68     348.468           0      43.188     19.0108
211          25     303.067     349.393           0     45.0807      25.265
211          26     303.453     350.317           0     46.8708     31.4768
211          27     303.831     351.245           0     53.2096     37.5198
211          28     304.209     352.173           0     58.3796     40.3548
211          29     304.603     353.095           0     61.1119     42.5547
211          30     305.035     353.998           0     62.6433     43.2181
211          31     305.531     354.869           0     57.9061     41.8028
211          32     306.053     355.724           0      60.803     40.5152
211          33     306.626     356.547           0     77.8637     41.1349
211          34     307.259     357.322           0     112.979      49.291
211          35     307.992     358.005           0     164.804     70.6413
211          36     308.893     358.435           0     184.712     65.8004
#1
212           0     284.716     226.154           0     56.5421     16.6445
212           1     284.294     227.079           0     55.4948     15.7426
212           2     283.911     228.021           0      50.767     12.1047
212           3     283.621     228.996           0     44.7807     7.09788
212           4     283.455     229.999           0     54.1762     8.25004
212           5     283.396     231.015           0     77.1918     19.9417
212           6     283.409     232.031           0     103.366     28.5532
212           7     283.389     233.048           0     119.888     36.9271
#1
213           0     128.501     509.457           0     69.2729     48.5589
213           1     127.698     509.998           0     64.9791     50.1266
213           2     126.892     510.535           0      54.413     46.8539
213           3     126.076     511.059           0     46.3451     39.0894
213           4     125.275     511.602           0     45.2152     30.2755
213           5     124.523     512.214           0     48.1003      25.672
213           6     123.855     512.915           0     52.9739     24.9239
213           7      123.29     513.702           0     56.6162     25.0728
213           8     122.791     514.532           0     60.0916     25.2463
213           9      122.37     515.404           0     63.6848     26.4218
213          10     122.009     516.303           0     69.7617     29.5283
213          11     121.689     517.218           0     77.5049     32.7793
213          12     121.385     518.137           0     91.8161     37.7447
213          13     121.085     519.058           0     108.503     42.9337
213          14     120.792     519.982           0     115.092     45.4537
#1
214           0      223.62     199.965           0     129.902      41.011
214           1     224.246     200.721           0     123.784     38.2018
214           2     224.863     201.483           0     108.962     30.3085
214           3     225.458     202.264           0     88.8927     22.1417
214           4     226.043     203.052           0     70.4106     15.5941
214           5     226.631     203.837           0     51.2678      13.186
214           6     227.232     204.613           0     37.0014     13.9006
214           7     227.829     205.391           0     29.4998     15.8007
214           8     228.404     206.187           0     29.8548     17.2404
214           9     228.952         207           0      37.714     17.5952
214          10      229.48     207.827           0     49.1187     16.5652
214          11     229.996     208.662           0     56.2913     14.2858
#1
215           0     226.152     355.266           0     19.6938     18.6762
215           1     226.983     354.693           0     20.2906     14.8291
215           2     227.806     354.111           0     23.8442     11.1651
215           3     228.613     353.506           0     29.6488     7.88657
215           4     229.398     352.873           0     37.9426     5.15362
215           5     230.164     352.218           0     48.0613     3.43801
215           6     230.915     351.545           0     56.9504     2.32296
215           7     231.652     350.857           0     61.9993      1.5079
215           8     232.375     350.154           0     63.0103     1.02479
215           9     233.063     349.416           0     60.0765    0.914476
215          10     233.694      348.63           0     51.3373     1.31251
215          11     234.239     347.781           0     42.6417     2.73405
215          12     234.671      346.87           0     34.7685      5.0209
215          13     234.987     345.913           0     31.9587     8.06268
215          14     235.215      344.93           0     31.4386     10.8024
215          15     235.395     343.938           0     32.2347     11.8457
215          16      235.57     342.945           0     32.4457     11.1067
215          17     235.774     341.958           0     33.3123     9.48029
215          18     236.022      340.98           0     33.9109      7.8435
215          19     236.319     340.016           0     34.6446     5.92019
215          20     236.644     339.062           0     36.7732     4.30345
215          21      236.98     338.111           0     38.7552     3.98795
215          22     237.311     337.158           0     37.6013     4.27456
215          23     237.634     336.203           0     37.7924     5.12652
215          24     237.955     335.247           0     38.7315      6.9406
215          25     238.285     334.294           0     37.3045     8.42673
215          26     238.623     333.344           0     36.8293     9.97437
215          27     238.974     332.399           0     38.4424     12.2645
215          28     239.337     331.458           0     37.1439     13.7111
215          29     239.707      330.52           0      36.776     14.4453
215          30     240.088     329.587           0     37.0618     14.8322
215          31     240.482     328.658           0     35.0105     15.1689
215          32     240.888     327.735           0     34.1287     16.8712
215          33     241.309     326.819           0     31.6976     21.0691
215          34     241.732     325.903           0     29.6326     26.4753
#1
216           0     50.1254     337.142           0      92.563     44.3308
216           1     50.5048     338.059           0     88.5935     22.6188
216           2     50.8431     338.991           0     76.0405     10.1114
216           3     51.0899     339.952           0     64.7514     4.01605
216           4      51.289     340.924           0     54.6158     2.69315
216           5     51.5051     341.892           0     43.9998     3.21951
216           6     51.7714     342.848           0     32.1974     3.85857
216           7     52.0884     343.788           0     20.7941     4.42998
216           8     52.4376     344.717           0     11.7046     4.96272
216           9     52.7991     345.641           0     5.65344     4.81041
#1
217           0     111.694     415.027           0     15.7865     14.1501
217           1     112.017     415.958           0     19.7985     11.2976
217           2     112.354     416.884           0     23.4548      9.3749
217           3     112.687     417.811           0     27.5983     7.73925
217           4     113.002     418.745           0     32.9738     5.89893
217           5     113.283     419.689           0     36.5812     4.26621
217           6     113.532     420.642           0     41.5953     3.26741
217           7     113.775     421.597           0     47.5043     2.93697
217           8     114.054     422.542           0     52.2579     2.88631
217           9     114.396     423.466           0     51.5437     2.75209
217          10     114.803     424.364           0     48.8955     3.05309
217          11     115.259     425.237           0     41.4323      3.1199
217          12     115.736     426.099           0     31.9678     3.15184
217          13     116.213     426.961           0     24.1584     3.21849
217          14     116.669     427.835           0     18.0466     3.55043
217          15     117.095     428.723           0     15.4063     4.06186
217          16     117.492     429.625           0      14.498     4.48838
217          17     117.862     430.538           0     15.7896     4.98069
217          18     118.216     431.457           0     18.3534     5.46376
217          19      118.56     432.381           0     22.1278         6.1
217          20     118.904     433.304           0     27.1432     6.91711
217          21     119.256     434.224           0     30.8272     7.93035
217          22     119.609     435.144           0      31.744     9.08768
217          23     119.957     436.066           0     30.6444     10.8188
217          24     120.303     436.988           0     26.1315     12.6854
217          25     120.652      437.91           0     23.1848     15.3802
217          26     121.036     438.817           0      27.034     18.5298
217          27     121.473       439.7           0     35.7765     22.0411
217          28     121.965     440.554           0      54.147     27.3632
217          29      122.51     441.374           0     79.2755     33.1213
217          30     123.127     442.142           0     110.453     41.3833
217          31     123.846     442.815           0     140.597     58.0508
217          32     124.616     443.429           0     148.333     59.7456
#1
218           0     208.724      565.22           0     98.0555     34.5632
218           1     208.902     566.156           0     97.8929     40.9705
218           2      209.05     567.096           0     88.8281     34.9083
218           3     209.041     568.048           0     77.4332     31.7933
218           4     208.876     568.986           0     67.7573     30.5284
218           5       208.6     569.898           0     57.9546     28.9418
218           6     208.262     570.788           0     49.4481     26.9993
218           7     207.892     571.666           0     41.1814     25.3988
218           8     207.514      572.54           0     31.4732      23.887
#1
219           0     218.666     325.663           0     60.6721     40.5571
219           1     218.613     326.641           0     58.4119     30.8847
219           2     218.561     327.619           0     55.9748     32.1049
219           3     218.558     328.599           0     52.9384     33.3257
219           4     218.624     329.576           0     49.6776     23.3955
219           5     218.737      330.55           0     46.5342     12.0022
219           6     218.861     331.521           0      43.737     6.11697
219           7     218.978     332.494           0     41.3757     5.84947
219           8     219.098     333.467           0     39.0374     9.49527
219           9     219.231     334.437           0     38.7161     15.0418
219          10     219.409     335.401           0     40.3108     20.8237
219          11      219.66     336.347           0     42.4588     25.1357
219          12      220.03     337.255           0     44.1274     28.6686
219          13     220.531     338.096           0     46.1792      35.498
219          14     221.125     338.876           0     55.9127     51.1619
219          15     221.773      339.61           0      71.802      73.573
219          16     222.429     340.338           0     78.7999     76.5982
#1
220           0     231.479     469.774           0     83.7858     102.454
220           1     231.566     470.778           0     85.3018     82.4923
220           2     231.929     471.717           0     72.5401      75.842
220           3     232.476     472.564           0     53.5429     49.3241
220           4     233.063     473.383           0     42.0794     29.9892
220           5     233.574     474.252           0     40.7973     13.1142
220           6     233.916       475.2           0     43.4134     6.79726
220           7     234.067     476.197           0     43.3267     5.75968
220           8     234.139     477.202           0      40.727     5.76779
220           9     234.238     478.205           0     38.1461     9.80657
220          10     234.435     479.194           0     38.3833     17.0914
220          11     234.737     480.155           0     40.8388     18.5894
220          12     235.103     481.094           0     49.2639     15.4935
220          13     235.513     482.015           0     48.4463     16.2663
220          14      235.94     482.928           0     45.1735     20.6089
220          15     236.397     483.826           0      40.973     23.4496
220          16     236.896     484.702           0     48.1557     25.6491
220          17     237.471      485.53           0     63.7129     27.8056
220          18     238.187     486.239           0     80.8251     40.1237
220          19     239.082       486.7           0     85.4462     31.6527
#1
221           0     81.0128     469.835           0     80.3225     54.6329
221           1     80.2104     470.427           0     76.3524     59.2223
221           2     79.3975     471.003           0      68.355     65.2172
221           3     78.5587     471.542           0     56.8762     66.9543
221           4     77.7318     472.099           0     47.3414     61.8327
221           5     76.9829     472.757           0     42.7903     47.6874
221           6     76.4159     473.576           0       43.52     37.3897
221           7      76.093      474.52           0     44.4866     33.8786
221           8     75.9951     475.512           0     45.4871     32.8455
221           9     76.0805     476.505           0      46.103     33.1859
221          10     76.3044     477.476           0     46.6938     34.2839
221          11     76.6587     478.408           0     48.8246     35.3707
221          12      77.173     479.262           0     53.2342     35.4696
221          13     77.8889     479.955           0     58.4608     35.1837
221          14     78.7857     480.389           0     65.0877     36.8379
221          15     79.7633     480.581           0     80.4981     44.5817
221          16     80.7584     480.635           0     102.878     58.1401
221          17      81.754     480.684           0     116.185     60.4628
#1
222           0     129.097     176.401           0     42.9491      12.681
222           1     129.852     177.122           0     41.2256     7.79371
222           2     130.539     177.908           0     31.5624     3.43989
222           3     131.103     178.785           0      25.645     2.86197
222           4     131.634     179.684           0     28.5701     2.71256
222           5     132.197     180.563           0     36.7307     3.39623
222           6     132.831     181.392           0     44.7924     6.89567
222           7     133.557     182.141           0     51.7719     16.7227
222           8     134.372     182.794           0     59.9935     37.7402
222           9     135.254     183.352           0     68.6672     61.7353
222          10      136.18     183.832           0     75.5696      73.843
222          11     137.126     184.274           0     75.9253     87.0831
#1
223           0     84.2053     352.749           0     38.9355     24.8653
223           1     84.9317      353.42           0      35.978     16.7873
223           2     85.6374     354.113           0     29.9434      8.4671
223           3     86.3179      354.83           0     26.7119      4.1703
223           4     87.0298     355.517           0     25.4579     3.89063
223           5     87.8263     356.103           0     25.2406     5.31373
223           6      88.715     356.536           0     24.5418     6.47376
223           7     89.6656     356.809           0     24.0318     5.22359
223           8      90.646     356.938           0     22.5224     1.81858
223           9     91.6342     356.978           0     21.3276     1.09476
223          10      92.623     356.993           0     24.1123     3.66763
223          11     93.6111     357.033           0     28.2605     9.92953
223          12     94.5985     357.089           0     29.4138     17.1267
#1
224           0     192.116     536.123           0     227.971     70.3763
224           1     191.443     536.905           0     216.663     61.1504
224           2      191.02     537.848           0     181.562     48.1895
224           3     190.701     538.831           0      149.39     41.1666
224           4     190.413     539.824           0     132.964     41.0325
224           5     190.114     540.813           0     133.513     43.5022
224           6     189.798     541.797           0     141.442     47.0376
224           7     189.447     542.769           0     146.776     48.9237
#1
225           0     302.017     126.046           0      82.561       28.41
225           1     301.262     126.687           0     72.0001      28.349
225           2     300.505     127.326           0      57.472     23.8628
225           3     299.747     127.964           0       43.48     17.1036
225           4     299.005      128.62           0     35.5364     11.9001
225           5     298.294     129.309           0     31.1175     8.27216
225           6      297.63     130.045           0     29.9603     5.81714
225           7     297.026      130.83           0     30.7646     3.98197
225           8     296.485      131.66           0     32.0182     2.68411
225           9     296.004     132.525           0     34.5086     2.02576
225          10     295.568     133.415           0     35.1054     1.92768
225          11     295.154     134.315           0     36.6425     2.74257
225          12     294.738     135.214           0     35.8443     3.98441
225          13     294.308     136.105           0     33.2343     6.62735
225          14      293.87     136.994           0     29.6259     11.4903
225          15      293.45     137.891           0      26.746     17.8925
225          16     293.098     138.817           0     27.4784     24.4876
225          17     292.832     139.771           0     31.5107     31.2681
225          18     292.626      140.74           0     40.2421     39.3639
225          19     292.416     141.708           0     52.2494     42.7467
225          20     292.153     142.662           0     63.8482      38.417
225          21     291.875     143.613           0     69.2067      35.122
#1
226           0     264.624     341.703           0     35.0027     36.9179
226           1     265.573     342.104           0     29.0603     31.5622
226           2     266.545     342.447           0     20.4796     18.9752
226           3     267.533     342.735           0     22.3639     9.83889
226           4     268.539     342.959           0     37.3906      11.311
226           5     269.556     343.125           0     57.0406     23.9592
226           6     270.584     343.177           0     73.5198     33.1922
226           7     271.609     343.075           0     82.2269     34.7845
#1
227           0     171.483     232.552           0     60.1874     29.8302
227           1     170.989     233.395           0     56.3918     34.4974
227           2     170.493     234.238           0     45.9705     39.4843
227           3     170.022     235.095           0     36.8397     41.4349
227           4     169.563     235.958           0     34.9922     39.8826
227           5     169.104     236.822           0     39.4154     37.0679
227           6     168.648     237.686           0     44.0253     32.7369
#1
228           0     194.278     227.472           0     36.8336      11.136
228           1     195.195     227.835           0     35.4766     12.9913
228           2     196.114     228.193           0     33.9519     16.1218
228           3     197.035     228.544           0     34.7049     19.7366
228           4     197.962      228.88           0     38.2967     22.7064
228           5     198.895       229.2           0     44.3277     26.1398
228           6      199.83     229.515           0     52.9173     29.3432
228           7     200.761     229.839           0     62.2415     30.1637
228           8     201.686     230.179           0     65.4125     29.6236
#1
229           0      103.78     273.327           0     41.1084     25.1092
229           1     104.726     273.462           0     57.8146     16.6632
229           2     105.673     273.591           0     76.9454     12.5483
229           3     106.617     273.736           0     96.7289     15.8048
229           4     107.549     273.948           0       113.5     27.9174
229           5     108.446     274.277           0      117.45     42.5308
229           6     109.288     274.728           0     115.622     42.5599
229           7     110.088     275.251           0     114.779      41.769
229           8     110.869     275.801           0     125.764     58.9479
229           9     111.629     276.381           0     141.961     91.4591
229          10     112.379     276.973           0     150.609     120.646
#1
230           0     162.392     202.318           0     91.6303     37.5845
230           1     163.369     202.171           0     89.8398     37.2147
230           2     164.348      202.03           0     82.4017     33.9366
230           3     165.327      201.89           0     73.8906      32.687
230           4     166.302      201.73           0     70.6545      37.101
230           5     167.271     201.532           0     73.2659     43.6325
230           6     168.234     201.311           0     79.6377     49.7559
230           7     169.199     201.096           0     84.1595     55.6635
#1
231           0     260.626     394.698           0     27.8045     22.8781
231           1      261.08     395.534           0     33.2962     26.0087
231           2     261.541     396.366           0     37.3792     28.0222
231           3     262.029     397.183           0     42.0075     29.9323
231           4      262.57     397.966           0     48.0884     32.5724
231           5     263.216     398.664           0     57.3601     41.5242
231           6      263.97     399.243           0     67.2854     69.7415
231           7     264.757     399.779           0     72.3759     73.3259
#1
232           0     74.3595     350.708           0     101.866     31.2983
232           1     74.9598      349.98           0     99.8711     30.4529
232           2     75.5694     349.259           0     87.9224     29.4861
232           3     76.1951     348.551           0     81.8766     29.7517
232           4     76.8401     347.862           0     80.7076     32.1876
232           5     77.5011     347.188           0     81.0309     34.6069
232           6     78.1666     346.518           0      77.367     35.9345
232           7     78.8269     345.843           0     68.1004     35.3226
232           8     79.4817     345.163           0     53.3408     32.5765
#1
233           0     146.696      436.77           0     88.6862     44.7039
233           1     145.726      437.07           0     81.5664      37.215
233           2      144.77     437.415           0     62.1049     30.6161
233           3      143.82     437.774           0     46.5721     26.6933
233           4     142.885     438.172           0     41.5065     21.0656
233           5     142.003     438.675           0     42.9902     10.8695
233           6     141.235     439.341           0     43.7081     6.49114
233           7     140.605     440.138           0     42.9566     5.30664
233           8     140.075     441.004           0     44.5525     4.52921
233           9     139.607     441.906           0     45.6467     3.62716
233          10     139.174     442.825           0     49.8026      3.0407
233          11     138.754      443.75           0      53.572     2.65534
233          12     138.344     444.679           0     57.2298     2.56229
233          13     137.948     445.615           0     63.1319     2.91666
233          14     137.581     446.562           0     65.2077     3.36831
233          15     137.243      447.52           0     69.3514     5.33274
233          16     136.923     448.484           0     72.7838     8.34529
233          17     136.615     449.452           0     73.0843     13.2256
233          18     136.318     450.424           0     78.6786     19.4406
233          19     136.035     451.399           0     91.2762     23.8065
233          20      135.79     452.385           0     101.913     22.1901
233          21     135.608     453.385           0     108.902      17.756
233          22     135.473     454.391           0     107.652      18.716
233          23      135.31     455.394           0     99.2726     26.5681
233          24     135.043     456.374           0     87.1067     34.3545
233          25     134.669     457.318           0     73.1372      31.822
233          26     134.214     458.226           0      66.956     27.3277
233          27     133.691     459.097           0     68.4352     28.3989
233          28     133.095      459.92           0     76.5016     31.8792
233          29     132.381     460.642           0     84.7958     39.2881
233          30     131.524     461.188           0     87.7807     37.4863
#1
234           0     86.9443     492.008           0     96.8159     88.3496
234           1     87.9138     491.814           0     89.2119     80.6436
234           2     88.8814     491.612           0     70.6015     68.5392
234           3     89.8297     491.333           0     47.5199      48.866
234           4     90.7591     490.995           0     26.5545     24.4807
234           5     91.6871     490.654           0     13.0847      8.0796
234           6     92.6296     490.356           0     7.64849     2.33019
234           7     93.5928     490.133           0     7.46001    0.600437
234           8     94.5637     489.946           0     10.2242    0.181861
234           9     95.5406     489.794           0     13.4154    0.266783
234          10     96.5195     489.655           0     16.9126    0.378749
234          11     97.4987     489.519           0     20.7362    0.554183
234          12     98.4769     489.375           0     24.6521    0.790982
234          13     99.4513     489.208           0     28.7314    0.993525
234          14     100.414     488.983           0      31.767     1.16829
234          15     101.347     488.656           0       31.74     1.33342
234          16     102.214     488.181           0     29.8947     1.43773
234          17     103.007     487.591           0     26.7594     1.93588
234          18     103.726     486.912           0     24.9916     1.98935
234          19     104.392     486.181           0     26.7821     5.17115
234          20     105.061     485.453           0     32.8279     12.1711
234          21     105.777     484.772           0     37.8786     19.2159
234          22     106.511     484.109           0      40.344      28.005
#1
235           0     181.038     298.602           0     52.3449     42.5643
235           1     181.784       297.9           0      51.054      34.212
235           2     182.536     297.205           0     45.1392     22.9378
235           3     183.284     296.505           0     37.6045      11.985
235           4     184.019     295.792           0     31.8637     4.49241
235           5     184.742     295.066           0     27.3431     1.17363
235           6     185.456     294.331           0     24.6947    0.351257
235           7     186.172     293.599           0     23.6831    0.249107
235           8     186.903     292.881           0     22.7168    0.252667
235           9     187.658     292.189           0     21.9478    0.232146
235          10     188.435     291.521           0     22.2136    0.535042
235          11     189.233     290.879           0     24.3734     1.21269
235          12     190.055     290.268           0     28.9842     2.62895
235          13     190.903     289.694           0      37.734      5.2951
235          14     191.784     289.171           0     47.7982     9.75476
235          15     192.702     288.717           0     53.3891     16.7757
235          16     193.652     288.335           0     52.0553     23.6256
#1
236           0     167.599     570.158           0     90.3078     80.4103
236           1     168.602     570.178           0     92.0984     58.8471
236           2     169.591     570.016           0     89.1989     48.1813
236           3     170.577     569.835           0     83.9418     38.6901
236           4     171.578     569.787           0     77.0444     35.8442
236           5     172.572      569.92           0     70.3229     44.1645
236           6     173.542     570.175           0     68.7601     57.1447
236           7     174.515     570.416           0     74.4821     72.4039
236           8      175.51     570.538           0     81.1616     80.7004
236           9     176.512     570.524           0     83.4493     94.7937
#1
237           0     246.814     342.984           0     43.7561     36.1594
237           1      247.09     343.919           0     39.1491      29.118
237           2     247.376     344.851           0     35.3211     23.8102
237           3     247.725      345.76           0     32.0956     20.6104
237           4     248.131     346.646           0     31.1228     21.1082
237           5     248.593     347.504           0     34.2953     22.9848
237           6     249.065     348.357           0     39.9724     24.1284
237           7     249.536     349.209           0     43.5058     24.7001
#1
238           0     191.171     535.767           0     236.238     56.0583
238           1     191.701     534.936           0     222.502     56.5346
238           2     192.242     534.112           0      182.69     55.6691
238           3     192.796     533.297           0     144.122     51.8645
238           4     193.357     532.487           0     117.527      45.713
238           5     193.921     531.679           0     106.041      37.588
238           6     194.476     530.865           0     98.8923     31.4288
238           7     195.017     530.042           0      97.965     29.0569
238           8     195.547     529.211           0     96.8239     28.8667
238           9     196.125     528.412           0     97.4196     27.8596
238          10     196.774     527.672           0     94.2887     27.0756
238          11     197.488     526.992           0     87.5073     28.9492
238          12     198.228     526.341           0     76.7454     33.1329
238          13     198.983     525.708           0     67.3381     37.5187
238          14     199.735     525.071           0     61.6436     42.6161
238          15     200.463     524.407           0     59.9864     50.9475
238          16      201.16     523.711           0     61.3663     58.9771
238          17     201.824     522.983           0     63.4751     61.0082
238          18     202.481     522.248           0     64.5996     54.0669
#1
239           0     170.975     113.357           0     41.4361     35.8652
239           1     171.626     112.486           0     43.9008     32.8304
239           2      172.27     111.612           0     45.7719     31.5452
239           3     172.907     110.732           0     45.9112     33.2874
239           4     173.543     109.851           0     41.6636      36.233
#1
240           0     76.6928     315.692           0     14.1642     11.2813
240           1     76.9764     314.741           0     23.9156     9.14132
240           2     77.2684     313.793           0     35.4987     7.59351
240           3     77.5893     312.854           0     47.5154     5.94815
240           4     77.9572     311.933           0      57.802     4.30515
240           5     78.3734     311.032           0     60.4575     2.83209
240           6     78.8324     310.153           0     61.7156     2.68126
240           7     79.3292     309.294           0     58.7431     2.08167
240           8     79.8376     308.442           0     55.5745     2.25861
240           9     80.3604     307.599           0      51.587     4.07545
240          10     80.8925     306.761           0     49.9665     7.40884
240          11     81.4364     305.932           0     46.9345     12.0593
240          12      81.993      305.11           0      45.983     15.8926
240          13     82.5587     304.295           0       42.75     17.2409
240          14     83.1184     303.476           0     41.1521      16.222
240          15     83.6464     302.636           0     40.6022     13.8659
240          16     84.1262     301.768           0     43.3586     11.9045
240          17      84.553     300.872           0     47.0126     9.64858
240          18     84.9537     299.965           0     52.6234     7.67077
240          19     85.3653     299.062           0     51.7913     6.34518
240          20     85.8181     298.179           0     51.8139     6.32091
240          21     86.3248     297.326           0     52.8096      6.1812
240          22      86.876     296.501           0     58.0026     4.74083
240          23     87.4744      295.71           0     60.2271     2.86531
240          24      88.126     294.962           0     60.2259     1.61545
240          25     88.8268     294.259           0     49.0449     1.15673
240          26     89.5638     293.595           0     36.4623     1.00268
240          27     90.3178      292.95           0     28.1559    0.798614
240          28     91.0661     292.299           0     25.9661    0.730212
240          29     91.7862     291.616           0     34.2172    0.975792
240          30     92.4649     290.893           0     46.1251     1.18715
240          31     93.0953     290.127           0     55.6955     1.56523
240          32     93.6789     289.324           0     51.6071     1.74277
240          33       94.25     288.513           0     42.0035     1.68847
240          34     94.8356     287.712           0     29.7301     1.76588
240          35      95.444     286.929           0     20.5023     2.02737
240          36      96.065     286.155           0     18.0495     3.19805
240          37     96.6778     285.375           0     23.7959     6.36086
240          38      97.262     284.573           0     34.9137      9.3945
240          39     97.8018      283.74           0     45.2469     10.3391
240          40     98.3094     282.888           0     47.8418     9.37156
240          41     98.8135     282.033           0     43.0979     8.42106
240          42     99.3486     281.198           0     37.6714     7.85852
240          43     99.9296     280.394           0     38.7453     8.64025
240          44     100.556     279.625           0     44.9516     9.55308
240          45     101.221     278.888           0     55.3444     10.4734
240          46     101.907     278.172           0     59.6649     11.5569
240          47     102.605     277.466           0     51.2984     14.6948
240          48     103.295     276.753           0     40.7704     21.4284
240          49     103.964     276.021           0     34.0642      32.496
240          50     104.596     275.256           0     44.3859     48.7124
240          51     105.157     274.438           0     62.9028     67.2622
240          52     105.673     273.591           0     76.9454     76.7624
#1
241           0     220.033     495.469           0     103.065     27.2453
241           1      219.87      496.43           0     97.9501     29.3356
241           2     219.757     497.399           0     85.5925      27.698
241           3     219.745     498.374           0     72.8707     30.1288
241           4     219.809     499.346           0     66.3005     38.7877
241           5     219.954     500.311           0     70.9282     59.5912
241           6     220.189     501.257           0     82.9717     88.8091
241           7     220.458     502.194           0     92.4737     97.4778
#1
242           0     220.602     477.984           0      117.51     66.9818
242           1     220.786     478.956           0     105.984      56.725
242           2     220.957      479.93           0     87.3509     48.5136
242           3     221.143     480.901           0     72.6526     39.9598
242           4     221.383     481.861           0     64.1888     30.2977
242           5     221.712     482.793           0     62.1191     23.4626
242           6     222.124     483.692           0     62.5099      23.703
242           7     222.581     484.569           0     69.5509      28.542
242           8     223.048     485.441           0     81.2034     31.5639
242           9     223.455     486.342           0     89.4459     28.1884
242          10     223.772     487.279           0     89.4871     26.3989
242          11     224.037     488.232           0     79.1882     28.4335
242          12     224.296     489.186           0     64.1909     31.7652
242          13      224.55     490.142           0     54.7907      34.439
242          14     224.763     491.108           0     50.8928     35.9647
242          15     224.898     492.087           0     50.1961     37.5278
242          16     224.943     493.075           0     48.3285     39.8218
242          17     224.931     494.064           0     45.4042     43.5707
242          18     224.892     495.052           0     42.6623     48.3188
242          19     224.879     496.041           0     44.3648     49.0083
242          20     224.958     497.027           0     47.1225     42.4822
242          21     225.182      497.99           0     57.1575     39.9694
242          22     225.551     498.907           0     75.6207     51.7856
242          23     225.952     499.811           0     94.8789     65.7641
#1
243           0     267.482     313.083           0      38.528     8.45479
243           1     268.473     313.075           0     36.4537     11.1805
243           2     269.464     313.067           0     30.0253     12.3551
243           3     270.454     313.055           0     23.5596     12.2563
243           4     271.444     313.004           0     20.9917     11.4546
243           5     272.428     312.889           0     22.4729     10.4563
243           6     273.404     312.718           0     27.3687     10.2965
243           7     274.362     312.464           0     33.9248      11.294
243           8     275.287     312.111           0     41.1841     13.9827
243           9     276.165     311.652           0     46.0468     17.4663
243          10     276.977     311.084           0     49.6407     24.8568
243          11     277.718     310.427           0      56.797     35.7298
243          12     278.395     309.703           0     64.9466     46.7503
243          13     279.057     308.966           0     68.7924     50.8175
#1
244           0     286.131     337.977           0     63.3551     31.7206
244           1     286.796     338.734           0     61.6568     29.1413
244           2     287.407     339.535           0     57.5397     25.5388
244           3     288.006     340.345           0     52.8885     21.8615
244           4     288.624     341.142           0     48.0975     16.8208
244           5      289.26     341.923           0     41.2813     11.4635
244           6     289.875     342.721           0     32.6641     6.43092
244           7     290.479     343.528           0     29.6793     2.96365
244           8     291.036     344.368           0     32.8479      1.9982
244           9     291.534     345.244           0     30.5868     2.69888
244          10     292.018     346.127           0     28.3532     3.32408
244          11     292.532     346.994           0     22.8816     3.80041
244          12      293.09     347.833           0     19.9718     4.68859
244          13      293.67     348.657           0     20.6577      6.5137
244          14     294.238      349.49           0     25.7798     8.66287
244          15     294.761     350.351           0     33.3361     10.3792
244          16      295.23     351.243           0     39.6536     11.0701
244          17     295.661     352.154           0     42.8307     11.0805
244          18     296.104     353.059           0     42.0134     10.9839
244          19     296.593      353.94           0     37.4935     11.1594
244          20     297.133     354.791           0     35.7488     12.7232
244          21     297.713     355.615           0     35.7986     15.4259
244          22     298.279     356.448           0     38.0676     18.9738
244          23     298.848      357.28           0     40.0925     20.7858
244          24     299.433     358.101           0     38.6598     21.7673
244          25     300.031     358.912           0     35.0382     21.5892
244          26     300.636     359.718           0     27.5452     23.2294
#1
245           0     284.331     233.381           0      119.38     44.6868
245           1     283.865     234.286           0     112.739     40.5602
245           2     283.548     235.255           0     87.7547     28.8335
245           3       283.3     236.243           0     69.4803     18.8478
245           4      283.03     237.225           0     66.4275     15.3198
245           5     282.661     238.174           0      74.039     16.2982
245           6     282.142      239.05           0     86.3857     18.3242
245           7     281.436     239.785           0     85.8282     15.4351
245           8     280.646     240.428           0     75.3153     11.5266
245           9     279.875     241.093           0     61.0367      15.164
245          10     279.184     241.842           0     45.3654      19.856
245          11     278.599     242.676           0      39.242     17.1154
245          12     278.086     243.556           0     45.1067     17.6804
245          13     277.606     244.454           0     60.9205     26.8343
245          14     277.173     245.376           0     78.9042     39.1742
245          15     276.843      246.34           0     84.4117     46.3746
#1
246           0     243.071     320.943           0     43.2038     59.4867
246           1     242.925     321.963           0     36.6968     53.1573
246           2      242.68     322.963           0     27.0185     45.2844
246           3     242.383     323.949           0     23.9352     38.8394
246           4     242.066     324.929           0     26.5992     30.7311
246           5     241.732     325.903           0     29.6326     21.1736
#1
247           0     60.3841     297.847           0      121.78     85.8258
247           1     59.3994     298.119           0     110.274     78.4118
247           2     58.3853     298.243           0     90.3797     75.7907
247           3     57.3637      298.27           0     75.3185     70.2133
247           4     56.3453     298.353           0     68.5164     62.4214
247           5      55.373     298.667           0     66.9204     43.8041
247           6     54.5581     299.283           0     65.5622     38.1692
247           7     53.9587      300.11           0     64.2245     38.7532
247           8     53.5355      301.04           0     59.4465     36.9562
247           9     53.1944     302.004           0      59.015     32.6147
247          10     52.8686     302.972           0      56.142      28.336
247          11      52.531     303.937           0     52.6061     27.0867
247          12     52.1629      304.89           0     48.7682     31.1695
247          13     51.7756     305.836           0     43.2422     36.3997
#1
248           0      135.31     455.394           0     99.2726     63.8329
248           1     136.203     455.876           0     89.9069     53.5223
248           2     137.048      456.44           0     69.7719     41.5366
248           3       137.9     456.991           0     53.3247     26.2814
248           4     138.782     457.493           0     42.9331     11.1048
248           5      139.69     457.948           0     40.1481     3.50519
248           6     140.608     458.381           0     37.9597    0.809469
248           7     141.521     458.824           0     37.4586    0.785628
248           8      142.43     459.277           0     37.6074     5.14612
248           9     143.306      459.79           0     41.2063     15.4705
248          10     144.139      460.37           0     49.1646      27.579
248          11     144.928     461.008           0     61.1993     34.0194
248          12     145.668     461.704           0     78.8052     34.4561
248          13      146.34     462.464           0     102.809     31.3168
248          14     146.869     463.329           0     125.928     45.5033
#1
249           0     308.765     366.381           0     158.019      55.241
249           1     308.213     367.206           0     137.867     60.0019
249           2     307.663     368.032           0     97.9546     66.4087
249           3     307.069     368.826           0     61.0374     59.4707
249           4     306.455     369.605           0     39.4941     39.9208
249           5     305.856     370.397           0     30.6097     23.8051
249           6     305.313     371.227           0     29.5573     14.3782
249           7     304.814     372.085           0     33.1788     7.98214
249           8     304.357     372.965           0     39.5991     3.67183
249           9     303.917     373.855           0     48.5267     1.41103
249          10     303.484     374.747           0     53.7798    0.580659
249          11     303.042     375.636           0     60.7533    0.628675
249          12     302.585     376.516           0     61.8344    0.532089
249          13     302.115      377.39           0     65.0201      0.7818
249          14     301.635     378.259           0     61.6963    0.598764
249          15     301.154     379.126           0      57.546    0.522715
249          16      300.67     379.993           0     48.7281    0.304654
249          17     300.194     380.863           0       39.87    0.317551
249          18     299.717     381.733           0      33.222    0.166897
249          19      299.24     382.603           0     31.2275    0.261206
249          20     298.764     383.474           0     33.7874    0.386109
249          21     298.297     384.349           0     38.8292    0.687107
249          22     297.839     385.229           0     45.0353     1.14469
249          23     297.401      386.12           0       48.15     1.48005
249          24     296.974     387.015           0     50.7713     2.81008
249          25     296.582     387.927           0     47.2302     4.67759
249          26     296.195      388.84           0     45.4075     8.70627
249          27     295.785     389.744           0     41.9943     13.5701
249          28     295.355     390.638           0     38.2937     20.3288
249          29     294.914     391.527           0     35.3858     30.3368
#1
250           0     88.0923     495.803           0     96.0886     22.8028
250           1     89.1163     495.954           0     103.661     38.8853
250           2     89.9649     496.544           0     86.6444     27.5791
250           3     90.5902     497.369           0     55.3847     22.5364
250           4      91.077     498.283           0     28.4835     22.7657
250           5     91.4804     499.237           0      15.642     24.2206
250           6     91.8076      500.22           0     17.7181     26.5885
#1
251           0     184.149     549.145           0     163.044     25.2477
251           1     185.136     548.769           0     137.248     21.4016
251           2     185.918     548.055           0     105.409      14.066
251           3     186.562     547.213           0     98.0133     17.3408
251           4     187.137     546.323           0      107.83     25.0099
251           5     187.699     545.425           0     122.244     35.4778
251           6     188.274     544.535           0     135.971     45.7711
251           7     188.862     543.653           0     145.127     54.0317
251           8     189.447     542.769           0     146.776     56.1325
#1
252           0     218.231     494.503           0       80.12     32.2852
252           1     219.024     493.808           0      95.117     31.8323
252           2     219.502      492.87           0     87.4629     28.4417
252           3     219.821     491.864           0     80.8236     28.1811
252           4     220.153     490.864           0     75.6504     28.8478
252           5     220.596     489.907           0     70.6514     30.5374
252           6     221.187     489.034           0     72.4305     34.5206
252           7     221.929     488.285           0     77.1221     42.0673
252           8     222.803     487.696           0     83.4371     52.1869
252           9     223.772     487.279           0     89.4871      40.184
#1
253           0     287.677     251.562           0     108.492      58.171
253           1     287.025      252.36           0     102.129     49.9034
253           2     286.458     253.221           0     81.4987     39.5402
253           3     285.968     254.128           0     69.9703     23.8157
253           4     285.548     255.069           0     63.4165     17.3473
253           5     285.155     256.022           0     61.4582     13.2459
253           6     284.771     256.979           0     58.1232     10.7312
253           7      284.37     257.929           0     53.2488     10.4301
253           8     283.932     258.862           0     49.1778      12.325
253           9      283.44     259.768           0     44.8499     15.3152
253          10     282.881     260.634           0     43.7824     19.4079
253          11     282.262     261.458           0     44.8933     24.2368
253          12     281.605     262.252           0     48.2408     29.5829
253          13     280.927     263.028           0     51.6783     30.2357
#1
254           0      294.35     242.063           0     27.5874     17.0141
254           1     294.134     243.038           0     26.8937     16.7717
254           2     293.909     244.011           0     27.6594     15.1037
254           3     293.612     244.965           0     29.1265      14.756
254           4     293.216     245.882           0     35.2264     15.3349
254           5     292.704      246.74           0     39.2126     14.0091
254           6     292.095     247.531           0     41.0108     19.3538
254           7      291.42     248.267           0     42.0538     31.4615
254           8      290.72     248.979           0     47.0068     44.1973
254           9     290.002     249.674           0     60.7564     52.7136
254          10     289.255     250.337           0     80.8197     53.1211
254          11     288.469     250.954           0     103.394     46.0282
254          12     287.677     251.562           0     108.492     41.3212
#1
255           0      76.766     292.427           0     55.6324     23.5835
255           1     77.2262     293.354           0     57.2354     26.9246
255           2     77.4382     294.368           0      50.445     22.1152
255           3     77.4892     295.402           0     40.5903     22.8495
255           4     77.5032     296.437           0     33.3124      25.527
255           5     77.5538     297.471           0     29.5549     28.2374
255           6     77.6614     298.501           0     28.9925      30.012
255           7     77.8286     299.522           0     31.4783     30.1725
255           8     78.0723     300.529           0     35.3011     27.9167
255           9     78.4195     301.504           0     36.1644      23.204
255          10     78.9037     302.419           0     35.2177     18.8574
255          11     79.5299     303.244           0     32.3249     20.0334
255          12     80.2715     303.966           0     33.9721     29.0914
255          13     81.0996     304.587           0     40.9052     46.2512
255          14      81.993      305.11           0      45.983     46.3083
#1
256           0     250.364     226.441           0     53.9296     50.4691
256           1     251.345     226.192           0     54.6051     45.2301
256           2      252.31     225.884           0     49.5182     32.7299
256           3      253.27     225.563           0     41.8959     22.6096
256           4     254.248     225.299           0     34.8412     18.2838
256           5     255.247     225.138           0     29.3496     13.2278
256           6     256.258     225.081           0     25.2423     6.64349
256           7     257.269     225.129           0     23.6473      3.6226
256           8     258.271     225.276           0     24.1387     3.76641
256           9     259.255     225.515           0     27.1573     5.24908
256          10     260.214     225.839           0     33.3033     7.69745
256          11     261.137     226.255           0     43.6634     13.2447
256          12     261.999     226.786           0     58.2653     29.8925
256          13     262.735     227.479           0     71.4745     38.1463
256          14     263.264     228.342           0     76.6515     19.2848
256          15     263.616     229.291           0     72.5509     12.5578
256          16     263.948     230.248           0     64.1637     17.6846
256          17     264.378     231.164           0     54.6806     21.7242
256          18      264.89     232.038           0     50.2378     21.8873
256          19     265.426     232.896           0     51.9529     25.7054
256          20      265.92      233.78           0     56.6919     33.4628
256          21     266.319      234.71           0     60.8504     42.0365
#1
257           0     148.037     605.842           0     9.64195     7.17159
257           1     148.684     605.093           0     26.9655     2.84602
257           2      149.34     604.351           0     56.0599     1.70988
257           3     149.954     603.575           0      85.834     2.15337
257           4     150.462     602.725           0     94.6909     2.00841
257           5     150.834     601.808           0     97.1808     2.13605
257           6     151.128     600.862           0     93.3062     1.95633
257           7      151.39     599.907           0     87.2799     1.97805
257           8     151.641     598.949           0     84.3657     1.63907
257           9     151.911     597.997           0     83.9227     1.33597
257          10     152.207     597.052           0     81.1453     1.15117
257          11     152.533     596.117           0      78.965     1.13213
257          12     152.898     595.197           0     82.0311     1.23524
257          13       153.3     594.291           0     82.7772     1.15304
257          14     153.718     593.394           0     86.8928     1.31562
257          15     154.147     592.501           0     91.0335     1.78177
257          16     154.565     591.604           0     89.2551     1.72166
257          17     154.982     590.706           0     89.9975     2.76849
257          18     155.406     589.811           0      80.929      3.7321
257          19     155.844     588.923           0     77.6003     5.70213
257          20     156.308     588.048           0     75.6253     8.47187
257          21     156.796     587.187           0      79.776      11.715
257          22     157.298     586.333           0     84.6397     16.5963
257          23     157.817      585.49           0     89.0901     21.2926
257          24     158.356     584.659           0     87.5056     27.4553
257          25     158.904     583.835           0     87.3553     33.8314
257          26     159.466      583.02           0     82.0857     41.2809
257          27     160.039     582.212           0     78.6375     49.3772
257          28     160.619      581.41           0     69.2946     58.2641
#1
258           0       123.8     445.291           0     161.661     69.5619
258           1     124.687     445.783           0     147.419     61.6325
258           2     125.465     446.435           0     124.139     41.1891
258           3     126.196     447.139           0     103.775      25.659
258           4     126.936     447.832           0     84.8101     14.5911
258           5     127.714     448.484           0     68.1147     8.66049
258           6     128.531     449.087           0     57.5975     6.73864
258           7     129.374     449.652           0     50.1428     8.81027
258           8     130.245     450.171           0     46.2013     15.3851
258           9     131.117     450.691           0     43.1281     24.9357
258          10     131.989      451.21           0     42.7791     37.8137
258          11     132.877     451.701           0     48.3576     47.5462
258          12     133.799     452.126           0      67.382     49.8239
258          13     134.776     452.396           0     93.1328     55.2804
258          14      135.79     452.385           0     101.913     70.1092
#1
259           0     215.021     82.1051           0     102.218     37.8994
259           1     214.938     83.1334           0     94.6096     41.6658
259           2     214.545     84.0884           0     68.6266     37.0343
259           3     214.018     84.9771           0     49.3717     28.8354
259           4     213.422      85.821           0     37.7798     20.4428
259           5     212.799     86.6447           0     35.3022     10.9285
259           6     212.182     87.4732           0     42.2762     3.63276
259           7     211.589     88.3198           0     54.2177     1.07243
259           8     211.032     89.1896           0     70.3811    0.841425
259           9      210.52      90.087           0     75.1178    0.631905
259          10     210.059     91.0116           0      75.359     1.13955
259          11     209.626     91.9497           0     65.7327     3.05616
259          12     209.209     92.8946           0     67.8569      10.068
259          13     208.807     93.8464           0     91.0424     25.2328
259          14     208.483     94.8272           0     126.438      46.042
259          15      208.38      95.854           0     141.642     62.8238
#1
260           0     112.485     469.488           0      51.793     16.2764
260           1     112.154      470.33           0      49.901     14.4367
260           2     111.868     471.187           0     42.5953     12.7367
260           3       111.7     472.076           0     31.4899     11.9167
260           4     111.597     472.974           0     20.5022     10.4669
260           5     111.503     473.874           0     11.2688     8.51254
#1
261           0     106.865     570.507           0     94.7767     60.2227
261           1     107.048     571.471           0     91.3072     43.6857
261           2     107.206     572.438           0     71.5344     23.2558
261           3     107.277     573.416           0     44.6253     8.95646
261           4     107.287     574.396           0     27.6512     2.89211
261           5     107.265     575.377           0     23.0939     1.88177
261           6     107.224     576.356           0     21.2871     2.67754
261           7     107.169     577.335           0     17.8816     3.32286
261           8       107.1     578.313           0     14.2661     3.85669
261           9     107.025     579.291           0      9.8112     4.48696
261          10     106.949     580.268           0     6.15754     5.41742
#1
262           0     289.869     287.668           0     78.1648     41.0325
262           1     290.726     288.204           0     75.2428     31.8478
262           2     291.638     288.637           0     63.4631      34.301
262           3     292.608     288.919           0     51.5898     43.8447
262           4     293.614     289.016           0     43.6664      34.118
262           5     294.624      288.98           0     45.9102      19.149
262           6     295.632     288.908           0     60.1188     14.7836
262           7     296.642      288.92           0     76.5237     16.1133
262           8     297.621     289.169           0     80.2442      15.907
262           9     298.502     289.663           0     68.8317     11.1055
262          10     299.329     290.244           0     54.0188     14.6746
262          11     300.167     290.809           0     43.8014     22.3642
262          12     301.048     291.304           0     44.9745     35.3872
262          13     301.971     291.714           0     63.6172     63.0475
262          14     302.942     291.993           0     93.3114     103.299
262          15      303.95     292.042           0     117.115     94.1678
262          16      304.94     291.842           0     124.671     122.752
#1
263           0     223.984     224.299           0     163.172      21.228
263           1     224.367     225.191           0     131.775     33.1824
263           2     224.795     226.063           0     97.2241     41.2028
263           3     225.293     226.896           0     78.7079     44.1047
263           4     225.862     227.683           0      68.757     40.0459
263           5     226.501     228.414           0     66.4483     32.6103
263           6     227.198      229.09           0     70.0997     24.1531
263           7     227.941     229.715           0     69.9839     14.6254
263           8     228.696     230.326           0      68.391     7.67443
263           9     229.447     230.941           0     67.3477     3.80177
263          10     230.183     231.574           0     66.4321     2.96002
263          11     230.915     232.212           0     72.0847     4.00213
263          12     231.664     232.829           0     84.1308     12.7734
263          13     232.472     233.368           0     106.759     27.5518
263          14     233.308     233.861           0     137.011     40.3136
#1
264           0     167.008     227.256           0     49.0194     23.4544
264           1     166.914     228.178           0     45.9515     21.3343
264           2     166.809     229.099           0     47.7532     24.3082
264           3     166.698     230.019           0     56.8568     32.3334
264           4     166.602      230.94           0     69.7686     43.2715
264           5     166.519     231.863           0     74.3424     53.4439
#1
265           0      257.29     297.474           0     50.9667      41.359
265           1     258.052     298.252           0     54.9017     28.5207
265           2     258.729     299.105           0     51.2339      20.641
265           3     259.425     299.942           0     50.1194     17.9485
265           4     260.213     300.693           0     51.7335     29.5618
#1
266           0     132.181     267.027           0     220.208     79.8659
266           1     133.069     267.483           0     187.387     56.1511
266           2      133.94     267.971           0     130.456     37.5107
266           3     134.789     268.496           0     78.6863     30.2518
266           4     135.625     269.042           0     50.7599     27.4356
266           5     136.438     269.621           0     34.4845     21.6487
266           6     137.229     270.231           0     27.0198     13.8438
266           7     137.998     270.867           0     24.8663     11.4791
266           8     138.759     271.513           0     23.5005     12.3164
266           9     139.501     272.182           0     25.6833     14.5741
266          10     140.214      272.88           0     28.4444     17.4944
266          11     140.896     273.609           0     30.8149     20.3535
266          12     141.549     274.364           0     30.6868     23.7351
266          13     142.168     275.147           0     31.5656     24.7646
266          14     142.733     275.971           0     30.9864     25.6217
266          15     143.203     276.852           0      29.379      26.559
266          16     143.507     277.803           0     27.5058     28.6829
266          17     143.631     278.793           0      25.968     32.1979
266          18     143.635     279.792           0     27.0044     35.9406
266          19     143.623      280.79           0     33.0077     34.2876
266          20     143.669     281.787           0     42.7218     28.4116
266          21     143.729     282.784           0     49.0243     29.3068
#1
267           0     87.8263     356.103           0     25.2406     18.9694
267           1     87.6684     357.069           0     25.6226     15.0424
267           2     87.5068     358.035           0     24.3976     10.5744
267           3     87.3272     358.998           0     21.0073     6.78648
267           4     87.1601     359.962           0     16.1879     4.34658
267           5     87.0407     360.934           0     12.2244     3.82033
267           6     86.9891     361.912           0     11.0678     3.90533
267           7     86.9933     362.892           0      11.878     5.09649
267           8     87.0367      363.87           0      14.568     7.83852
267           9     87.0981     364.847           0     20.8321     12.1197
267          10     87.1569     365.825           0     27.4864     17.3637
267          11     87.2059     366.803           0     32.7671     22.5785
267          12     87.2423     367.781           0      35.131     27.2413
267          13     87.2734      368.76           0     34.6932     31.3597
#1
268           0     311.403     295.589           0     2.08469     1.75071
268           1     312.401     295.726           0     10.4475   0.0555305
268           2     313.399     295.868           0     26.6955     1.96945
268           3     314.392     296.038           0     50.9816     9.51067
268           4      315.38     296.242           0     78.3886      22.828
268           5     316.345     296.531           0     104.243     38.1293
268           6     317.284     296.896           0     124.009     53.8157
268           7     318.219     297.273           0     132.311     73.3939
#1
269           0     152.757     539.131           0     71.1648     34.9282
269           1     153.712      539.44           0     66.6347     50.0549
269           2     154.622     539.867           0     60.6842     45.0592
269           3     155.485     540.381           0     54.0592     41.4325
269           4     156.323     540.934           0     48.6901     37.5987
269           5     157.155     541.498           0     46.8466      34.281
269           6     157.977     542.075           0     58.4495     38.5246
269           7     158.787     542.668           0     85.4316     46.4078
269           8     159.592      543.27           0     110.009     50.0188
269           9     160.411     543.852           0     118.455     47.4127
#1
270           0     272.061     212.135           0      63.092     35.8561
270           1     271.942     213.148           0     58.5632     37.8658
270           2     271.566     214.095           0     50.3527     39.4467
270           3     271.016     214.954           0     44.1584     31.0277
270           4     270.405      215.77           0     43.7078     22.6403
270           5     269.821     216.606           0     47.2885     15.2362
270           6     269.329       217.5           0     50.1822     7.37534
270           7     268.908     218.429           0     52.0474     3.45168
270           8     268.535     219.378           0     49.6834     1.58587
270           9     268.169     220.329           0     49.6577    0.797725
270          10     267.775      221.27           0     50.1954    0.679469
270          11     267.338     222.191           0     53.8088    0.754538
270          12      266.85     223.087           0     60.5934     0.94333
270          13     266.309     223.952           0     64.4463     1.05474
270          14     265.732     224.792           0      69.202     1.63778
270          15     265.114     225.603           0     73.5659     5.25704
270          16     264.426     226.356           0      75.419     14.5131
270          17     263.635     226.999           0     76.8053     26.6324
270          18     262.735     227.479           0     71.4745     31.1225
#1
271           0     123.673     535.354           0     28.7878      23.177
271           1     124.722      535.36           0     26.0565     16.2474
271           2     125.769     535.289           0     22.2478     9.67739
271           3     126.812     535.172           0     17.4546     4.78603
271           4     127.857     535.074           0     7.60189     1.13082
271           5     128.905     535.017           0     5.93901    0.546128
271           6     129.954     534.986           0     3.10783     2.94259
#1
272           0     248.036     462.926           0     180.106      108.18
272           1     247.739     461.962           0     160.426      82.852
272           2     247.743      460.95           0     112.203      67.064
272           3     247.869     459.946           0     71.4834     44.3187
272           4     248.055     458.951           0     53.2585       25.17
272           5     248.277     457.963           0     60.1851     15.9205
272           6     248.507     456.978           0     83.5947     13.7343
272           7      248.74     455.993           0     109.505     13.1887
272           8     249.011     455.017           0     126.638     11.5027
272           9     249.347     454.062           0     126.096      8.3081
272          10     249.765     453.141           0     122.155       7.162
272          11     250.236     452.245           0     115.485      9.0338
272          12     250.722     451.357           0     111.199     13.3178
272          13     251.179     450.454           0      109.59      18.262
272          14     251.561     449.516           0     105.526     21.9693
272          15     251.839     448.543           0     105.728     26.2866
272          16     252.007     447.545           0     111.097     31.8988
272          17     252.106     446.537           0     120.058     43.8183
272          18     252.253     445.536           0     125.676     45.1523
#1
273           0     300.636     359.718           0     27.5452     20.4809
273           1     301.358     360.351           0     24.5205     22.8514
273           2     302.083      360.98           0     27.2269     27.0078
273           3     302.855     361.551           0     35.3736     31.9034
273           4     303.693      362.02           0     49.4901     37.2963
273           5     304.595     362.347           0     66.1771      46.296
273           6     305.529     362.569           0      87.868     62.4259
273           7     306.465     362.786           0     113.402     86.8188
273           8     307.375     363.091           0     137.707     104.209
273           9     308.276     363.423           0     152.655     106.997
#1
274           0      89.198     256.014           0     165.533     90.0299
274           1     89.8602     256.761           0     142.474     85.3436
274           2     90.5578     257.475           0     108.553     58.7057
274           3      91.299     258.144           0     77.8232      39.871
274           4     92.0718     258.777           0     55.3249     26.4507
274           5     92.8764     259.368           0     39.1607     17.5582
274           6     93.7216     259.899           0     29.1169     12.8273
274           7     94.6099     260.355           0     23.9681     10.6002
274           8      95.546     260.703           0     25.1024     9.55963
274           9     96.5128     260.952           0     33.3277     10.7147
274          10     97.4941     261.136           0     47.0422     15.5185
274          11     98.4719     261.339           0     62.4091     21.2355
274          12     99.4154     261.665           0     71.8873     23.5172
274          13      100.26     262.196           0        72.4     22.5596
274          14     100.978      262.89           0     71.8193     28.1039
274          15     101.614      263.66           0     88.1905     42.6526
274          16     102.235     264.442           0     100.295     54.8899
#1
275           0     124.998     197.531           0      63.988     37.6346
275           1     125.929     197.929           0     59.6184     36.0272
275           2      126.83     198.392           0     52.2534     32.7207
275           3     127.709     198.895           0     46.2876      24.922
275           4       128.6     199.375           0     41.9233     19.7259
275           5     129.527     199.783           0     39.9145     16.0062
275           6     130.491     200.094           0     39.3197     13.0826
275           7     131.484     200.291           0     37.8818     11.2052
275           8     132.493     200.371           0     35.2095     9.57199
275           9     133.506     200.341           0     29.8023     8.99614
275          10     134.512     200.226           0     22.0177     8.56489
275          11     135.511      200.06           0     14.9057     8.24458
275          12     136.507     199.877           0      9.9132     8.58144
#1
276           0     251.143     300.714           0          56     33.5951
276           1     250.924     299.715           0     58.3591     37.2247
276           2      250.95     298.692           0     49.1572     34.5461
276           3     251.168     297.693           0     35.9391     26.4979
276           4     251.479     296.719           0     27.3206     23.5171
276           5     251.821     295.754           0     26.4257     23.5337
276           6      252.17     294.793           0     29.4876     24.8961
276           7     252.545     293.841           0     32.2601      26.195
276           8     252.953     292.903           0     34.9423      26.254
276           9     253.397     291.981           0     35.6583     25.4816
276          10      253.88      291.08           0      42.303      24.364
276          11     254.394     290.195           0     55.2246     24.9622
276          12     254.928     289.322           0     80.3171     28.5304
276          13     255.498     288.473           0     107.335      33.372
276          14     256.133     287.671           0     129.228     40.2051
276          15      256.87     286.962           0     138.431     56.6088
276          16     257.708     286.375           0     133.595     62.2565
#1
277           0     189.514     455.526           0     41.8214     15.7059
277           1     190.362     456.071           0     39.3654     10.3287
277           2     191.243     456.562           0     29.1085      6.3688
277           3     192.152     456.999           0     18.7865     3.40487
277           4     193.079     457.395           0     10.4006     1.41899
277           5     194.017     457.767           0     5.19531    0.487843
277           6     194.956     458.134           0     3.08144    0.186962
277           7     195.891     458.512           0           3    0.274384
277           8     196.833     458.874           0     3.72746      1.1532
277           9     197.783     459.213           0     5.16148      2.9384
277          10     198.745     459.515           0     7.13555     4.90338
277          11      199.72     459.771           0     9.04649     6.73003
277          12     200.709     459.971           0     11.3595     7.93579
277          13     201.702     460.148           0     13.5067     8.18309
277          14     202.698     460.303           0     16.3969     8.27292
277          15     203.698     460.434           0     20.6213     8.45664
277          16       204.7     460.547           0      25.884     9.24745
277          17     205.704     460.644           0     31.1644     10.6061
277          18      206.71     460.721           0     34.4544     11.8123
#1
278           0     214.752     397.959           0     81.1998     48.6452
278           1     215.584     398.507           0     73.6147     37.8234
278           2     216.414     399.058           0     58.6582     21.5398
278           3     217.247     399.604           0     41.5111     8.67672
278           4     218.084     400.144           0     29.3707     2.47158
278           5     218.925     400.677           0     21.3643    0.655057
278           6     219.764     401.215           0     16.5271    0.484641
278           7     220.598      401.76           0     14.3551    0.319922
278           8     221.446     402.281           0     13.5234    0.340077
278           9     222.311     402.776           0     13.9476    0.311142
278          10     223.196     403.234           0     15.3329    0.281071
278          11     224.102     403.647           0     18.0732    0.295677
278          12     225.029     404.012           0     21.0342    0.326304
278          13     225.971     404.336           0     22.5968     0.28816
278          14     226.918     404.644           0     24.7217      2.1471
278          15     227.865     404.953           0      29.199     6.59418
278          16       228.8     405.298           0       33.76     13.4091
278          17     229.725     405.666           0     42.0097     24.5477
278          18     230.652     406.033           0     58.5632     39.0636
278          19     231.594     406.354           0      83.007     49.3988
278          20     232.564     406.582           0     110.948     48.7413
278          21     233.538      406.79           0     125.763     55.7671
#1
279           0     98.9403     269.178           0     61.5238     57.0662
279           1     99.9578     269.545           0     53.8775     48.4562
279           2     100.843     270.168           0     38.1943     21.1105
279           3     101.653     270.886           0     28.8213     5.22881
279           4      102.43      271.64           0     25.7711     2.91888
279           5     103.157     272.442           0     30.3789      8.9565
279           6      103.78     273.327           0     41.1084     22.9308
#1
280           0     79.8681     438.925           0     68.5372     58.8194
280           1     80.8318     439.197           0     70.1044     48.3616
280           2        81.8     439.453           0     60.4031     33.4029
280           3     82.7845     439.636           0     38.3288     18.9591
280           4     83.7813     439.732           0      18.155     7.10157
280           5     84.7823     439.764           0     10.0887     1.80419
280           6     85.7836      439.75           0     15.8571     1.71182
280           7     86.7842     439.708           0     35.1893     8.03418
280           8     87.7841     439.652           0     61.4437     22.5421
280           9     88.7847     439.611           0     83.3891     41.1406
280          10     89.7861     439.617           0     89.0374     53.2267
#1
281           0     301.726     231.697           0     92.2382     16.5801
281           1     302.238     232.614           0     92.1522     14.3913
281           2     302.701     233.557           0     77.8566     10.6902
281           3     303.106     234.525           0     54.5602     7.46075
281           4     303.479     235.507           0     30.0263     6.78465
281           5     303.846     236.491           0     18.5211     7.05264
281           6     304.215     237.473           0      25.442      8.1235
281           7     304.578     238.459           0     48.3067     9.77497
281           8     304.909     239.455           0     78.3962     13.5347
281           9     305.157     240.475           0     100.574     24.9975
281          10     305.266     241.519           0     106.632     29.2408
#1
282           0     288.682      216.58           0     58.3218      23.203
282           1     288.024     217.389           0     56.9315      21.809
282           2     287.518     218.301           0     46.9434     19.9188
282           3     287.118     219.264           0     41.3147     16.8858
282           4     286.775     220.249           0     39.0746     16.0328
282           5     286.461     221.244           0     39.7516     17.6009
282           6     286.159     222.242           0     43.7795     19.1852
282           7     285.846     223.238           0     48.6797     19.8003
282           8     285.507     224.224           0     52.1763     19.2259
282           9     285.131     225.197           0      55.237     18.6197
282          10     284.716     226.154           0     56.5421     17.0343
#1
283           0     260.194     301.709           0     58.6122     35.9355
283           1     261.215     301.629           0     53.6314     24.7025
283           2     262.208     301.381           0     44.6803     19.3813
283           3     263.148     300.977           0     40.3515     18.1857
283           4      264.02     300.441           0     44.2452     19.7049
283           5     264.842     299.832           0     53.6884     24.6033
283           6     265.667     299.226           0     68.7827     33.5999
283           7     266.565     298.735           0      82.571     32.9443
283           8     267.556      298.48           0     84.8579     49.7754
#1
284           0     176.897     101.304           0     74.2707     42.4831
284           1     176.764      102.29           0     81.4133     46.9347
284           2     176.683     103.282           0     83.4107     49.2167
284           3     176.579     104.271           0      78.885     48.0214
284           4     176.398     105.249           0     68.6546      45.737
284           5     176.139     106.209           0     55.9475     42.0509
284           6     175.836     107.156           0     44.6347     40.8509
284           7     175.241     107.937           0      38.056       41.02
284           8     174.578     108.679           0     36.7028     39.8483
284           9     173.915      109.42           0     39.8005     38.0306
284          10     173.253     110.162           0     43.4827     36.8247
284          11      172.59     110.904           0     45.7357     35.1097
284          12     171.927     111.646           0     45.7284     33.8131
284          13     171.265     112.388           0     42.7483     34.8435
284          14     170.602      113.13           0     39.9024     37.5959
284          15      169.94     113.872           0     35.4325     41.8587
284          16     169.277     114.614           0     27.5851     48.6837
284          17     168.614     115.356           0     21.8423     55.2734
284          18     167.952     116.097           0      19.168     57.0135
284          19     167.289     116.839           0     24.6995     53.7318
284          20     166.626     117.581           0     36.3829     48.6571
284          21     165.964     118.323           0      52.085     44.1049
284          22     165.301     119.065           0     66.2681     40.0291
284          23     164.638     119.807           0     74.2357     36.7004
284          24     163.976     120.549           0     79.5767     33.1214
284          25     163.313     121.291           0     89.7754     28.1741
284          26     162.651     122.032           0     107.815     23.9356
284          27     161.988     122.774           0     133.193     19.5988
284          28     161.325     123.516           0     154.902     15.9107
284          29     160.663     124.258           0     168.674     12.6525
284          30         160         125           0         182      15.178
#1
285           0     139.394     612.321           0     81.8647     25.5245
285           1     140.171     612.949           0     73.0579     33.1386
285           2     140.943     613.584           0     55.9611     35.4616
285           3     141.691     614.246           0     45.1685     34.2892
285           4     142.389     614.961           0     40.4785     31.7348
285           5     143.008     615.745           0     40.9728     29.5828
285           6      143.52     616.602           0     41.8395      27.689
285           7     143.918     617.519           0     45.4977     26.0301
285           8     144.231     618.467           0     44.5373     24.3426
285           9     144.486     619.433           0     40.1411     22.4924
285          10     144.713     620.406           0      33.636     20.0108
285          11     144.937      621.38           0     26.2304     17.1164
285          12     145.164     622.352           0     18.8868     15.3141
#1
286           0       276.7     356.834           0     93.4698     38.2486
286           1     277.514     356.219           0     89.0145     38.8926
286           2     278.359      355.65           0     73.2789      35.923
286           3     279.225     355.113           0     55.2349     27.8102
286           4     280.067     354.538           0     42.6837     24.1634
286           5     280.807     353.837           0     39.4416     24.2383
286           6      281.34     352.969           0     34.4915     24.9755
286           7     281.593     351.982           0     29.8845     25.8619
286           8     281.586     350.962           0     25.4722      26.815
286           9     281.367     349.967           0     24.7534     26.9464
286          10     281.001     349.016           0     28.9359     28.2802
286          11      280.51     348.122           0     32.5117     36.4272
286          12     279.918     347.293           0     35.4682     38.0606
#1
287           0     202.784      384.27           0     27.0506     22.7369
287           1     203.286     385.141           0      33.969     19.7592
287           2     203.769     386.023           0     42.5043     19.0702
287           3     204.246     386.909           0     49.4293     20.4381
287           4     204.767     387.769           0     51.9477     25.6633
287           5     205.396     388.553           0     49.9972     28.6267
287           6     206.148     389.222           0     47.5319      20.261
287           7     207.005     389.747           0     48.7309     21.2077
287           8     207.943      390.11           0     50.7474     18.3348
#1
288           0     207.771      393.11           0     59.5832      29.867
288           1     208.736     393.525           0     54.4328     25.1461
288           2     209.673     394.002           0     42.5852     14.3678
288           3     210.593     394.511           0     32.1162     6.23833
288           4     211.512     395.021           0     30.5261     3.63364
288           5     212.446     395.502           0     38.6392     9.84982
288           6     213.419       395.9           0     54.7721      26.889
288           7     214.446      396.12           0     71.1524     28.3758
288           8     215.496     396.103           0     75.8214     45.6075
#1
289           0     168.862     206.109           0     50.5156     51.9826
289           1     169.818     205.931           0     47.6552     48.7657
289           2     170.782     205.798           0     37.9145     45.5512
289           3     171.754      205.84           0     25.4237     26.5978
289           4     172.715     205.999           0     16.2831     10.7043
289           5     173.666     206.205           0     11.9338     4.21723
289           6     174.612     206.434           0          11     2.34676
289           7     175.561     206.651           0     11.3649     1.66427
289           8      176.51     206.865           0     12.3749     1.48881
289           9     177.459     207.083           0     13.8724     1.70511
289          10     178.406     207.305           0     15.8126     2.44772
289          11     179.354     207.525           0     18.0813     3.27917
289          12     180.307     207.728           0     21.2913     4.05991
289          13     181.263     207.909           0     24.5147     5.00814
289          14     182.227     208.042           0     27.1522     8.03034
289          15     183.197     208.125           0     28.0468     13.8056
289          16     184.169     208.171           0     28.6281     20.7137
289          17     185.142     208.207           0     28.1557     26.2886
#1
290           0     167.779     472.795           0     5.17827     4.53023
290           1     168.445     473.493           0     7.82214     2.47903
290           2     169.125     474.177           0     11.5018    0.679888
290           3     169.838     474.827           0      14.186    0.607637
290           4     170.595     475.425           0     16.1035    0.856798
290           5     171.397     475.961           0     17.4709     1.07465
290           6     172.237     476.436           0     16.7254      0.8846
290           7     173.101     476.866           0     14.5497    0.702647
290           8     173.984     477.253           0     11.7902    0.681848
290           9     174.876     477.621           0     9.83842     2.27064
290          10     175.773     477.975           0     13.0112     6.53922
290          11     176.673     478.325           0      27.937     14.8482
290          12     177.572     478.673           0     54.7213     25.7608
290          13     178.476     479.011           0     83.0377     33.8483
290          14     179.386     479.331           0      95.596     34.2173
#1
291           0     81.3351     251.237           0     73.9993     36.8564
291           1      81.898     252.072           0     76.7191     26.9102
291           2     82.3146      252.99           0     75.6931     22.6658
291           3      82.687     253.926           0     90.6436     27.4918
291           4     83.0701     254.858           0     124.819     41.7442
291           5     83.4757      255.78           0     164.176     66.6428
291           6     83.9237     256.683           0     201.202     96.8507
291           7     84.4473     257.543           0     213.124     120.709
#1
292           0      86.054     377.581           0     65.6492     23.5706
292           1     86.3671     378.513           0      63.935     21.8596
292           2     86.7001     379.437           0     57.3082     18.6423
292           3     87.1409     380.315           0     48.1938     18.1559
292           4     87.6988     381.124           0     40.3306     19.6228
292           5     88.3465     381.864           0     41.4701     23.5358
292           6       89.05      382.55           0     54.3133     27.0942
292           7     89.7836     383.204           0     73.6601     30.6001
292           8     90.5292     383.844           0     88.7336     36.0044
292           9     91.2692     384.491           0     97.0112     41.0762
292          10     92.0082     385.139           0     100.956      42.935
292          11     92.7579     385.774           0     103.905     42.8682
#1
293           0      155.91     506.371           0     17.2375     14.7789
293           1      156.23     507.311           0     23.7074     15.0798
293           2     156.548     508.251           0     35.3604     16.6497
293           3     156.866     509.191           0     48.7254     20.0458
293           4     157.187      510.13           0      56.756       23.92
293           5      157.52     511.065           0     56.7988     26.7269
293           6     157.887     511.987           0     54.1406      28.804
293           7     158.303     512.888           0     50.3239     30.0178
293           8     158.779     513.759           0     48.3277     31.5764
293           9     159.321      514.59           0     48.6486     33.0103
293          10     159.916     515.385           0     51.0701     35.7555
293          11     160.541     516.155           0     55.0646     39.6032
293          12     161.171     516.922           0     56.6329     40.9707
#1
294           0     152.738     456.736           0     82.1813     35.3673
294           1     152.599     457.682           0     72.4022     31.1166
294           2     152.472      458.63           0     59.0706     28.7046
294           3     152.359      459.58           0     48.6276     29.2248
294           4     152.211     460.525           0     51.3836     32.0122
294           5     152.021     461.462           0     75.8576     40.0364
294           6     151.842     462.402           0     118.623     56.8935
294           7     151.761     463.355           0     159.574     71.9219
294           8     151.726      464.31           0     174.727     80.5968
#1
295           0     297.008     254.707           0     88.1062     48.4608
295           1     296.972     255.732           0     77.0771     50.6357
295           2     297.184     256.737           0     52.9192     34.6873
295           3     297.497     257.715           0      35.356     24.7245
295           4      297.83     258.686           0     30.0173     15.7471
295           5     298.193     259.647           0     29.5455     9.78747
295           6     298.646     260.568           0     28.3054     6.53395
295           7     299.189      261.44           0     27.0539     5.20611
295           8     299.825     262.246           0      25.437     5.03777
295           9     300.556     262.967           0     24.6207     4.98986
295          10     301.324     263.649           0     32.4329     6.96333
295          11     302.104     264.317           0     50.3247     12.4428
295          12     302.914     264.948           0      70.904     24.2428
295          13     303.806     265.456           0     81.1414      38.793
#1
296           0     82.7814     420.333           0     72.3008     42.9132
296           1     83.7592     420.138           0     68.4803     45.9265
296           2     84.7345     419.932           0     60.0994     39.8692
296           3     85.6967     419.672           0     50.4054     37.5945
296           4     86.6403      419.35           0     46.2615     43.2311
296           5     87.5574     418.959           0      50.523     52.6046
296           6     88.4405     418.497           0      60.736     60.0329
296           7     89.2911     417.977           0     73.3309     68.3802
296           8     90.1293     417.437           0     85.5855     76.6984
296           9     91.0087     416.968           0     93.2995     94.1375
296          10     91.9599      416.67           0     100.435     120.411
296          11     92.9462     416.528           0     115.182     132.586
296          12     93.9345     416.397           0     125.908     119.776
#1
297           0     95.3223     366.035           0     38.7488     19.7783
297           1     96.3716     365.911           0     35.1985     16.2257
297           2     97.4177     365.763           0     27.8386      11.663
297           3     98.4628     365.607           0     20.3673     7.10234
297           4     99.5067     365.444           0     13.4033     3.19592
297           5      100.55     365.279           0     7.92379    0.892716
297           6     101.595     365.123           0     4.21352   0.0470707
297           7     102.642     364.976           0     1.71638     0.12784
297           8     103.689     364.836           0    0.310823    0.288089
#1
298           0      317.02     320.408           0     92.6153     30.2562
298           1      316.76     321.376           0     83.5007     29.2419
298           2     316.603     322.366           0      62.923     20.6029
298           3     316.461     323.359           0      47.654     14.0045
298           4     316.274     324.344           0     42.3592     11.9101
298           5     316.016     325.313           0     41.6773     12.7274
298           6     315.698     326.263           0     38.6748     15.1077
298           7      315.35     327.203           0     33.0595     24.0582
298           8      315.12     328.176           0     27.4284     37.6145
298           9     314.927      329.16           0     25.4386     48.1885
298          10     314.734     330.144           0     29.4738     53.0244
298          11     314.541     331.128           0      42.052     50.0739
298          12     314.349     332.112           0     62.1089     40.5664
298          13     314.156     333.096           0     86.7422     28.6683
298          14     313.963      334.08           0     104.031     20.9705
298          15     313.771     335.064           0     112.615     18.8738
298          16     313.578     336.048           0     116.498     20.7341
298          17     313.385     337.032           0     119.824      23.832
298          18     313.193     338.016           0     123.739     26.4235
298          19         313         339           0         128     26.8357
#1
299           0     145.222     641.815           0     38.5355     5.32782
299           1     145.788     642.613           0     28.8129     2.33529
299           2     146.324     643.432           0     16.0008    0.399345
299           3     146.775       644.3           0     6.88081   0.0533203
299           4     147.169     645.196           0     2.30319   0.0140088
299           5     147.546     646.099           0    0.408749           0
299           6     147.917     647.005           0           0           0
#1
300           0     196.838     190.723           0     82.9825     14.6714
300           1     197.001     191.701           0     76.2768     20.7884
300           2     197.186     192.676           0     56.8335     24.0676
300           3     197.437     193.635           0     34.8489      25.517
300           4     197.754     194.575           0     19.6621     24.5995
300           5     198.126     195.494           0     16.1737     21.4921
300           6     198.527     196.401           0     22.5522      16.377
300           7     198.926     197.309           0     33.6211     13.3315
300           8     199.328     198.216           0     40.7807     14.4901
#1
301           0     228.613     353.506           0     29.6488     19.7454
301           1     229.102     354.423           0     27.1943     18.7378
301           2       229.4     355.418           0     24.1954     11.1714
301           3     229.496     356.453           0     22.7681     10.7137
301           4     229.428     357.489           0     22.4984     13.6089
301           5     229.246     358.512           0       23.14     17.1594
301           6     228.999     359.521           0     24.5181      18.728
301           7     228.725     360.524           0     24.7381     18.5934
301           8     228.456     361.527           0     25.0467     18.1669
301           9     228.208     362.536           0     25.3605     18.7604
301          10     227.987     363.551           0     25.4099     20.0819
301          11     227.784      364.57           0     24.1202     22.5577
#1
302           0     158.454     208.024           0     84.9785     20.6552
302           1     158.731     208.945           0     73.3116     22.6869
302           2         159     209.869           0     53.7468     22.7853
302           3     159.244       210.8           0     39.3596     21.9099
302           4     159.436     211.743           0     32.7535     21.4575
302           5     159.537       212.7           0     31.2135     21.5827
302           6     159.509     213.662           0     32.0051     23.3569
302           7     159.334     214.608           0     34.1574     26.3076
302           8     159.027      215.52           0     39.5179     30.0293
302           9      158.63     216.397           0     47.7189     34.7107
302          10     158.193     217.254           0     61.2707     41.8823
302          11     157.759     218.113           0     74.5144     53.0056
302          12     157.355     218.987           0     81.8404     59.2242
302          13     156.955     219.862           0     78.9361     54.6906
#1
303           0     136.107     241.061           0     69.7419     44.2455
303           1     136.731     241.883           0     61.2807     39.1482
303           2     137.202     242.801           0     48.5748      17.816
303           3     137.606     243.751           0     38.8717     13.7395
303           4     138.038     244.689           0     40.2793     23.8297
303           5      138.56     245.579           0     59.8403     43.1682
303           6     139.138     246.434           0     89.4264      65.522
303           7     139.726     247.283           0     106.031     78.6239
#1
304           0     128.939     555.695           0     55.5359     34.2755
304           1     129.884     555.571           0     51.5314     34.3466
304           2     130.829     555.453           0      46.855     32.2886
304           3     131.778     555.371           0     43.3768     27.5857
304           4      132.73     555.342           0     41.6773     23.8926
304           5     133.682     555.392           0     42.8469     27.8129
304           6     134.624     555.533           0     49.4116     42.6251
304           7      135.55     555.753           0      60.704     54.5712
304           8     136.473     555.992           0      67.953     62.6668
#1
305           0     182.736     499.812           0     134.324      55.722
305           1     182.276     500.692           0     93.6628     37.9207
305           2     181.826     501.577           0     56.7548     19.8666
305           3     181.461       502.5           0     28.5735     8.08279
305           4     181.183     503.453           0     13.4728     4.61276
305           5     180.951     504.419           0     9.74645     4.63046
305           6     180.688     505.376           0     12.6753     5.19897
305           7     180.341     506.307           0     18.6311     5.57414
305           8     179.882     507.187           0     22.9735     5.76791
305           9     179.347     508.024           0     23.2521     6.77435
305          10     178.799     508.851           0      20.185     7.84395
305          11     178.288     509.703           0     16.7736     8.18142
305          12     177.826     510.582           0     14.9978     7.37938
305          13      177.39     511.474           0     14.4622      6.2499
305          14      176.95     512.364           0     17.8063     5.35815
305          15     176.491     513.244           0     23.1137     5.94707
305          16     175.997     514.106           0      32.739      8.4355
305          17     175.489     514.959           0     41.1424     11.3957
305          18      174.98     515.812           0     51.2664     14.3428
305          19     174.503     516.683           0     58.2857     19.4871
305          20     174.112     517.595           0     72.8959      27.498
305          21     173.849     518.552           0     90.3754     30.9738
305          22     173.645     519.524           0     101.761     27.3406
#1
306           0     96.8182     554.939           0     55.4894      69.507
306           1     97.7609     554.934           0      53.194      53.479
306           2      98.703     554.965           0     54.1462     30.6829
306           3     99.6393     555.074           0     59.1511     29.9716
306           4     100.574     555.199           0     64.8765     32.5101
#1
307           0      131.78     267.948           0     194.321     27.3671
307           1     131.012      268.52           0     152.357     24.2926
307           2     130.271     269.128           0     99.8395     19.0651
307           3     129.575     269.787           0     68.0085       16.87
307           4     128.933     270.498           0     62.1655     17.7727
307           5     128.328     271.241           0     71.3564     21.6765
307           6     127.705     271.969           0     85.9884     29.5537
307           7     127.048     272.667           0     94.5821     39.7855
#1
308           0      199.27     224.188           0     47.8551     32.5457
308           1     199.217     225.263           0     40.0376     30.5565
308           2     199.277     226.336           0     29.9161     33.6189
308           3     199.447     227.399           0     30.7863     37.3527
308           4     199.665     228.452           0     43.0165     38.4766
308           5      199.83     229.515           0     52.9173     35.9434
#1
309           0     320.443     202.802           0     56.1757      26.887
309           1     321.448     202.765           0     54.3961     25.9688
309           2     322.445     202.626           0     44.9589     17.7678
309           3     323.423     202.391           0     32.8372     7.38629
309           4     324.392     202.119           0      23.284     2.55352
309           5     325.364     201.861           0     17.6799    0.886071
309           6     326.348      201.65           0     15.4238    0.602077
309           7     327.342     201.495           0     15.5153    0.919567
309           8     328.344     201.395           0     18.3228     2.79797
309           9     329.349     201.347           0     25.1391     8.17744
309          10     330.355     201.344           0     36.9783     17.4791
309          11     331.361      201.37           0     52.6672     29.7851
309          12     332.366     201.397           0     68.1613      41.231
309          13     333.373     201.387           0     76.8196     42.7341
#1
310           0     160.619      581.41           0     69.2946     42.4991
310           1      161.35     580.718           0     65.5739     58.6073
310           2      162.12     580.072           0     67.4023     65.9029
310           3     162.933      579.48           0       75.73     70.5159
310           4     163.764     578.913           0     102.937     68.1914
310           5     164.601     578.356           0     127.929     60.8662
310           6     165.465     577.841           0     140.272     50.4882
#1
311           0     206.267     461.621           0     33.8002     12.8518
311           1     207.205     462.027           0     35.9451     10.3604
311           2     208.142     462.439           0     34.4759     7.34014
311           3     209.082      462.84           0     29.5695     4.91972
311           4     210.035     463.213           0     22.1329     2.81866
311           5     210.997     463.559           0     15.4576     1.48042
311           6     211.964     463.893           0     10.1855    0.667965
311           7     212.927     464.237           0     6.94765    0.167339
311           8      213.89     464.582           0     5.52868    0.103531
311           9     214.846     464.945           0     5.85437    0.133962
311          10     215.791     465.334           0     6.12233    0.134331
311          11     216.724     465.754           0     7.13004    0.135338
311          12     217.643     466.203           0     9.01126    0.221417
311          13     218.548      466.68           0     10.9847     1.12107
311          14      219.44      467.18           0     15.6373     3.94257
311          15      220.32     467.701           0     22.4693     10.4493
311          16     221.189     468.239           0     32.1803     21.0286
311          17     222.029     468.823           0     45.1324     36.1591
311          18     222.825     469.465           0     60.7485     53.5193
311          19     223.559     470.177           0     78.0547     66.0861
311          20     224.197     470.976           0     93.5761     67.8028
311          21     224.729     471.849           0     103.726     70.3151
311          22     225.201     472.756           0     107.259     92.3421
#1
312           0     220.302     214.086           0     25.1963     18.2742
312           1     220.927     214.843           0     39.0375     22.0757
312           2     221.533     215.614           0     49.3309     18.3107
312           3     222.006     216.474           0     55.5875     22.3352
312           4     222.197     217.436           0     49.0748     29.3968
312           5     222.174     218.417           0     39.2355     19.8963
312           6     222.059     219.392           0     39.8717     17.2669
312           7     221.935     220.365           0     60.5923     27.7459
312           8     221.791     221.336           0     106.809     51.2634
312           9     221.538     222.283           0     161.696     67.5816
312          10     221.182     223.197           0      182.82     72.6172
#1
313           0     120.752     541.667           0     32.0189     36.9173
313           1     121.356     542.465           0     29.0905     19.2764
313           2     121.822     543.351           0     20.0868       14.16
313           3     122.188     544.283           0     10.7904     8.79771
313           4     122.494     545.237           0     5.18239     3.72201
313           5     122.773     546.198           0      1.9834     1.07505
313           6     123.047     547.162           0    0.798659    0.753439
#1
314           0     70.2305     337.443           0     85.3429     61.2916
314           1     70.3914     338.471           0      79.935     53.6221
314           2     70.7108     339.462           0     66.8043     45.9316
314           3     71.1877     340.388           0     53.1071     31.4838
314           4     71.7665     341.254           0     44.4976     29.6837
314           5     72.3884      342.09           0     43.9364     30.0211
314           6     73.0148     342.922           0      47.764     29.1395
314           7     73.6324     343.761           0     49.2419     27.8246
314           8     74.2645     344.589           0     51.1155     28.2695
314           9     74.9198     345.398           0     54.7515      32.332
314          10     75.5838     346.201           0     64.1933     40.4844
314          11     76.2295     347.018           0     75.6903     49.5227
314          12     76.8401     347.862           0     80.7076     55.1613
#1
315           0       286.4     431.383           0     89.6236     49.3289
315           1     286.169     430.417           0     89.1506     53.9303
315           2     285.942      429.45           0     83.0396     56.3846
315           3     285.729      428.48           0     79.7728     55.1951
315           4     285.572     427.499           0     83.4329     51.9406
315           5     285.546     426.506           0     89.2372     49.3455
315           6      285.72     425.529           0      91.007     48.1388
315           7     286.101     424.612           0     87.4901     48.1153
315           8     286.636     423.775           0     76.8441     47.3673
315           9     287.277     423.016           0     71.3415      45.503
315          10     288.004      422.34           0     70.9859      42.625
315          11     288.799     421.745           0     81.5857     38.6987
315          12     289.633     421.206           0     95.7772     33.7614
315          13      290.48     420.686           0     101.511     30.2216
#1
316           0     239.877     399.077           0      73.199     61.5641
316           1     240.863     399.197           0     68.9411     46.0034
316           2     241.844     399.352           0     57.8059     48.3406
316           3     242.777     399.691           0     43.3749     38.2629
316           4      243.64     400.182           0     31.1308     24.7959
316           5     244.451     400.757           0      22.744     18.5036
316           6     245.235     401.366           0      17.133     14.2342
316           7     246.017     401.979           0     13.9694     10.5145
316           8      246.83     402.551           0     10.8667     8.01047
316           9     247.674     403.074           0     8.62777     6.18055
316          10     248.548     403.547           0           8     4.89391
316          11     249.445     403.974           0      8.4331     4.80544
316          12     250.359     404.363           0     10.4393     5.00259
316          13     251.284     404.726           0     14.0662     5.81234
316          14     252.219     405.062           0     19.4347     7.01578
316          15     253.167     405.358           0      25.836     8.80295
316          16      254.13     405.601           0     32.9497     11.1007
316          17     255.106     405.786           0     36.8922     13.3696
316          18      256.09     405.924           0      37.917     16.2837
316          19     257.076     406.041           0     37.9241     21.1826
316          20     258.065     406.141           0     38.7963     29.1323
316          21     259.056     406.215           0     53.4163     40.9638
316          22     260.049     406.241           0     106.781      53.567
316          23     261.041     406.195           0      156.97     63.7219
316          24     262.033     406.145           0     159.508     74.7742
#1
317           0     186.757     425.885           0     25.7147     26.5758
317           1     187.392     425.075           0     22.9153     24.6281
317           2     188.037     424.272           0     18.7023     21.7213
317           3     188.686     423.473           0       15.77     19.2843
317           4     189.353     422.689           0     14.0011     16.9859
317           5      190.05     421.931           0     14.0756     15.1741
317           6      190.76     421.185           0     16.0533     14.2574
#1
318           0     213.688     176.983           0     27.9895      26.553
318           1     213.188     177.858           0     27.8386     18.8172
318           2     212.692     178.735           0     25.6058     12.2277
318           3     212.198     179.613           0     22.2517     6.90837
318           4     211.698     180.488           0     17.7891     3.18042
318           5     211.188     181.357           0     19.2424     1.86305
318           6     210.666     182.219           0     26.4194     1.29241
318           7     210.113     183.061           0     37.5557     2.35533
318           8     209.508     183.867           0     48.4099     6.90158
318           9     208.845     184.625           0     61.2986     16.0299
318          10     208.127     185.332           0     73.8056     23.9804
318          11     207.369     185.996           0     78.9771     29.6694
#1
319           0     217.991     81.6978           0     103.191     26.0996
319           1     218.346     82.6303           0     76.7457     23.1402
319           2     218.816     83.5093           0     45.7153     16.2251
319           3     219.498     84.2379           0     30.2083     3.79782
319           4     220.296      84.837           0     24.8371     1.97886
319           5     221.147     85.3578           0     23.0004     1.74239
319           6     222.025     85.8324           0     21.7772     1.51518
319           7     222.918     86.2786           0      19.538     1.40636
319           8     223.811     86.7239           0     17.2927     1.29019
319           9     224.704     87.1707           0     16.7788     1.35041
319          10     225.594     87.6227           0      16.523     1.26067
319          11     226.482     88.0778           0     16.9194      1.3559
319          12     227.373     88.5276           0     16.8238      1.3164
319          13     228.271     88.9632           0     16.9532     1.43466
319          14     229.178     89.3789           0     17.0676     1.40461
319          15     230.093     89.7794           0     17.6867     1.60847
319          16      231.01     90.1718           0     16.8299     1.65693
319          17     231.926     90.5694           0     16.9577     1.64736
319          18     232.834     90.9834           0     16.1522     1.75184
319          19     233.729     91.4256           0     14.7303     1.69174
319          20     234.605     91.9036           0     13.4332     1.67707
319          21     235.459     92.4206           0     12.1208     1.52187
319          22     236.288     92.9755           0     10.7292     1.22419
319          23     237.094     93.5639           0     9.30057     1.19087
319          24     237.884     94.1741           0     8.09566      1.1357
319          25     238.666     94.7949           0     7.33425      1.1192
319          26     239.441     95.4237           0     7.18677     1.22034
319          27     240.208     96.0619           0           8     1.19181
319          28     240.965     96.7123           0           8     1.14665
319          29     241.712      97.375           0           8     1.19705
319          30     242.449     98.0476           0     7.97378      0.7905
319          31     243.178     98.7288           0     7.82162    0.551089
319          32     243.925     99.3911           0     7.37813    0.298802
319          33     244.704     100.016           0     10.1922     1.05124
319          34     245.534     100.569           0     20.5447     6.47312
319          35     246.436     100.995           0     38.3519     21.7844
319          36     247.401     101.248           0      56.746     25.0042
319          37     248.376     101.461           0     65.2964     38.1183
