image	C:/Users/diogo/OneDrive - Universidade de Lisboa/Ambiente de Trabalho/WORK/202402 - Paper SOTA/figs/fig2/skelorig.tif
intensity-scaling	0
gaussian-std	0
ridge-threshold	0.01
maximum-foreground	65535
minimum-foreground	0
init-z	true
snake-point-spacing	1
minimum-snake-length	4
maximum-iterations	10000
change-threshold	0.1
check-period	100
alpha	0.01
beta	0.1
gamma	2
external-factor	1
stretch-factor	0.2
number-of-background-radial-sectors	8
background-z-xy-ratio	2.88
radial-near	4
radial-far	8
delta	4
overlap-threshold	1
grouping-distance-threshold	4
grouping-delta	8
minimum-angle-for-soac-linking	2.1
damp-z	false

s           p           x           y           z      fg_int      bg_int
#1
0           0      116.33     396.287           0     39014.7           0
0           1     117.328      396.35           0     36672.5     1515.12
0           2     118.317     396.204           0     23716.6     12949.6
0           3     119.308     396.068           0     26184.1     1706.51
0           4     120.306     396.011           0       26699           0
0           5     121.306     395.992           0     24542.3           0
0           6     122.305     395.955           0     22567.7           0
0           7     123.299     395.841           0     15931.1           0
0           8     124.268     395.595           0     8458.55           0
0           9      125.19     395.208           0     14057.7           0
0          10     126.018     394.647           0     13506.9     5733.18
0          11     126.666     393.886           0     20869.6      426.99
0          12     127.333     393.141           0     21862.3     3978.71
0          13     128.197     392.638           0           0     852.052
0          14     129.167     392.397           0           0     744.223
0          15     130.143     392.179           0     1665.04           0
0          16     131.086     391.845           0     11071.2           0
0          17     131.996     391.431           0     5796.66           0
0          18     132.936     391.089           0     12912.1           0
0          19     133.883     390.769           0     10982.2           0
0          20     134.826     390.435           0     9824.45     3.03234
0          21     135.781     390.141           0     21682.6           0
0          22     136.714     389.781           0     22779.1     114.089
0          23     137.572     389.268           0     10385.6      813.73
0          24     138.313     388.597           0     8157.71     951.048
0          25     139.032     387.902           0     10195.1     431.761
0          26     139.884     387.377           0     5543.76     942.459
0          27     140.822     387.033           0     11143.8     834.333
0          28     141.772     386.719           0     8246.21           0
0          29     142.698     386.341           0     7261.63           0
0          30     143.604      385.92           0     11514.8           0
0          31     144.522     385.523           0     6528.99           0
0          32     145.475      385.22           0     12239.1           0
0          33     146.462     385.058           0       15014           0
0          34     147.459      384.98           0     14710.9           0
0          35      148.45      384.85           0     14801.2           0
0          36     149.409     384.566           0     9438.64           0
0          37     150.319     384.152           0     15538.3           0
0          38     151.173     383.631           0     12432.6           0
0          39     151.959     383.014           0     18536.6           0
0          40     152.687     382.329           0     11702.6           0
0          41     153.401     381.628           0     11293.5           0
0          42     154.121     380.934           0     18832.6           0
0          43     154.821      380.22           0     12523.6           0
0          44      155.37     379.384           0     13980.8           0
0          45     155.715     378.446           0        8094     3036.46
0          46     156.084     377.517           0     13437.4      2093.1
0          47     156.558     376.636           0      7215.8     1062.18
0          48     157.128     375.814           0     11637.3     1593.43
0          49     157.703     374.996           0      8061.5     1012.97
0          50     158.245     374.156           0     8376.93     800.762
0          51     158.784     373.314           0     6056.41     126.144
0          52     159.343     372.485           0     4401.66     88.9967
0          53     159.879     371.641           0     6699.66           0
0          54     160.411     370.794           0     4340.79           0
0          55     160.949     369.951           0     3898.53           0
0          56     161.475     369.101           0     2318.46           0
0          57     162.027     368.267           0     9672.54           0
0          58     162.648     367.483           0     4487.97           0
0          59     163.368     366.789           0     4610.56           0
0          60     164.159     366.178           0     9654.24     1574.06
0          61     164.944     365.558           0     6569.04     4180.83
#1
1           0     155.452     380.056           0     19212.9     38.0994
1           1     156.453     380.023           0     19152.7      842.78
1           2     157.454     380.034           0     12189.2     2418.97
1           3     158.456     380.036           0       10006     2234.64
1           4     159.456     379.989           0     12082.4     1214.41
1           5     160.445     379.825           0     10677.4     943.387
1           6     161.396     379.513           0      6464.5     1123.87
1           7     162.309       379.1           0     10239.8     847.116
1           8     163.203      378.65           0     5334.58     503.365
1           9     164.102     378.207           0     4793.45     6.92288
1          10     164.998      377.76           0     5028.76           0
1          11     165.887     377.299           0      7176.6           0
1          12     166.783      376.85           0     8621.49           0
1          13     167.699     376.447           0     5836.73           0
1          14      168.64     376.104           0     11374.3           0
1          15      169.59     375.786           0     9559.32           0
1          16     170.537     375.458           0     6237.08     1430.17
1          17     171.491     375.153           0       10065     1516.46
1          18     172.461     374.904           0     9204.26     2468.47
1          19     173.434     374.667           0     5104.52     1159.92
1          20     174.389     374.366           0     10357.8           0
1          21     175.263     373.876           0     11879.1           0
1          22     176.093     373.315           0     13406.9           0
1          23     176.942     372.784           0     16484.3     1254.68
1          24     177.816     372.296           0     11689.4     3211.95
1          25      178.69     371.805           0     11950.4     2718.73
1          26     179.551     371.295           0      6890.7     140.081
1          27     180.386     370.741           0     7434.12           0
1          28     181.234     370.208           0     11532.1     553.227
1          29     182.072      369.66           0     9932.18      3596.7
1          30     182.874     369.059           0     12047.5           0
1          31      183.63     368.403           0     7362.85           0
1          32     184.392     367.752           0     7487.67     705.813
1          33      185.18     367.134           0     9818.59      1340.1
1          34     185.919     366.458           0     3948.79     1399.91
1          35     186.538     365.671           0     6363.18     1772.41
1          36     187.136     364.867           0     14141.9     268.694
1          37     187.893     364.212           0     15195.9           0
1          38     188.782      363.75           0     14821.2           0
1          39     189.702     363.353           0     5060.97           0
1          40     190.617     362.946           0     6423.13           0
1          41     191.523      362.52           0        4292           0
1          42     192.414     362.062           0     10494.4           0
1          43     193.269      361.54           0     6360.89           0
1          44     194.086     360.961           0     9902.03           0
1          45     194.904     360.383           0     3422.54           0
1          46     195.743     359.836           0     5004.06           0
1          47     196.579     359.284           0     4863.87           0
1          48     197.405     358.717           0     5472.13           0
1          49     198.249     358.179           0      8236.5           0
1          50     199.092     357.637           0      5035.1           0
1          51     199.877     357.016           0     9787.48           0
1          52     200.511      356.24           0     7927.59           0
1          53     200.904     355.319           0     12587.8           0
1          54     201.089     354.335           0     10149.5     2099.23
1          55     201.227     353.342           0     9673.88     1637.49
1          56     201.407     352.357           0     12063.9           0
1          57     201.466     351.357           0     7837.47     290.499
1          58     201.329     350.365           0     6679.61           0
1          59     201.147      349.38           0     11861.8           0
1          60     201.042     348.384           0     15173.5           0
1          61     201.084     347.384           0     14064.2           0
1          62     201.312     346.408           0     8160.65           0
1          63     201.732     345.499           0     3743.52           0
1          64     202.326     344.693           0      4326.4           0
1          65     203.008     343.959           0       12098           0
1          66     203.717     343.251           0      5563.6           0
1          67     204.424     342.543           0     5041.67           0
1          68     205.131     341.832           0     9055.59           0
1          69      205.86     341.146           0     12642.1           0
1          70     206.672      340.56           0     7051.51           0
1          71     207.598     340.176           0       11794           0
1          72     208.583     339.999           0       14938           0
1          73     209.585      339.99           0     16928.1           0
1          74     210.569     340.175           0     17327.6           0
1          75     211.474     340.604           0     10711.2           0
1          76     212.275     341.206           0     11970.5           0
1          77     213.033     341.861           0           0           0
#1
2           0     10.0088     325.186           0     27.1706           0
2           1     10.9324     325.583           0     8977.95           0
2           2     11.8795      325.92           0     16629.7           0
2           3     12.8294     326.249           0     15198.5           0
2           4     13.7677      326.61           0     12943.4           0
2           5     14.7367     326.877           0     20356.6           0
2           6     15.7275     327.047           0     20569.4           0
2           7     16.7101     327.259           0     15665.1           0
2           8      17.672     327.551           0     7985.81           0
2           9     18.6424     327.813           0     11813.6           0
2          10     19.6375     327.956           0     13774.2           0
2          11     20.6417     328.001           0     15209.6           0
2          12     21.6469     328.008           0     19921.7           0
2          13     22.6521     328.005           0     22265.1           0
2          14     23.6573     328.001           0     22402.2           0
2          15     24.6626     327.999           0     21493.3           0
2          16     25.6678     327.998           0     19774.1           0
2          17      26.673     327.995           0     20030.4           0
2          18     27.6782     327.989           0     20765.4           0
2          19     28.6835     327.982           0     16106.1           0
2          20     29.6886      327.99           0     14391.1           0
2          21     30.6915     328.059           0     15906.1           0
2          22     31.6784     328.251           0       11114           0
2          23     32.6398     328.544           0     8895.96           0
2          24     33.6108     328.804           0     19130.1           0
2          25     34.6038      328.96           0     27482.7           0
2          26     35.6074     329.018           0     23761.6           0
2          27     36.6108     329.079           0     20171.7           0
2          28     37.6043     329.232           0     14681.6           0
2          29      38.577     329.486           0     6686.53           0
2          30       39.55     329.738           0     9062.62           0
2          31     40.5343     329.942           0     14856.7           0
2          32     41.5128     330.173           0     15290.1           0
2          33     42.4692     330.482           0      9311.3           0
2          34      43.428     330.784           0     14030.6           0
2          35     44.4172     330.963           0     16745.1           0
2          36     45.4156      331.08           0     13814.8           0
2          37     46.4098     331.228           0     9589.58           0
2          38     47.3894     331.454           0     6243.31           0
2          39     48.3625     331.706           0     9632.63           0
2          40      49.347     331.909           0     17635.2     2295.17
2          41     50.3283     332.127           0       24663      3319.2
#1
3           0     50.9324     325.036           0     526.785           0
3           1     50.9678     326.034           0     15052.8           0
3           2     50.9948     327.031           0     12927.8           0
3           3     51.0062      328.03           0     16518.2           0
3           4     50.9965     329.028           0     20030.9           0
3           5      50.942     330.024           0     17370.9           0
3           6     50.8211     331.015           0     22129.5     2458.06
3           7     50.6995     332.006           0     28806.6           0
3           8     51.1766     332.883           0     24431.4           0
3           9     51.7597     333.693           0     18241.5           0
3          10     52.3679     334.484           0     15654.4           0
3          11     52.8483     335.359           0     24113.9           0
3          12     53.1756     336.302           0       17350           0
3          13     53.4555      337.26           0     9731.96           0
3          14     53.7856     338.202           0       14029           0
3          15     54.0927     339.152           0     15641.8           0
3          16      54.389     340.105           0     7845.09           0
3          17     54.6991     341.054           0     8328.64           0
3          18     54.9116      342.03           0     13844.7           0
3          19     55.0084     343.023           0     10344.4           0
3          20     55.0924     344.018           0     10564.8           0
3          21     55.2792     344.998           0     10178.8     751.173
3          22     55.5751     345.952           0     8782.58     3265.92
3          23     55.8093     346.922           0     24449.8     6861.56
3          24     55.9549     347.909           0     36646.8     3865.47
3          25     56.0464     348.903           0     50183.2     2017.54
3          26     56.0283     349.901           0     41797.3     5387.29
3          27     56.0072     350.899           0     37360.7     100.207
3          28     55.9997     351.897           0     30313.4           0
3          29     55.9967     352.896           0     35763.7           0
3          30     55.9905     353.894           0     27137.2           0
3          31     55.9809     354.892           0     24224.8           0
3          32     55.9786      355.89           0     22283.7     4.38562
3          33     56.0311     356.887           0     23805.9     2755.08
3          34     56.2414     357.863           0     22003.5     2392.71
3          35     56.6013     358.794           0     16815.2      1787.5
3          36     56.8783     359.753           0     25961.1     1418.44
3          37     57.0548     360.735           0       28221     876.474
3          38      57.271      361.71           0     17910.4     602.934
3          39     57.6062      362.65           0     8437.83           0
3          40     58.0477     363.545           0     13272.2           0
3          41     58.5763     364.392           0     8084.37           0
3          42     59.1574     365.203           0     13839.1           0
3          43     59.6413     366.076           0     14032.1           0
3          44      59.901      367.04           0     21217.6           0
3          45     59.9908     368.034           0     29425.1           0
3          46     60.0047     369.032           0       33733           0
3          47     59.9897      370.03           0     30503.3           0
3          48     59.9802     371.029           0     30398.9           0
3          49     60.0331     372.025           0       32740           0
3          50     60.2762     372.994           0     27403.6           0
3          51     60.6693     373.911           0     22173.9           0
3          52     60.9383     374.872           0     32393.4           0
3          53     61.0164     375.867           0     29535.6           0
3          54     61.0192     376.866           0       27449           0
3          55     61.0079     377.864           0     29101.6           0
3          56     60.9986     378.862           0       30076           0
#1
4           0     133.045     404.559           0     45927.3     361.044
4           1     133.533     405.438           0     19437.3           0
4           2     134.142     406.238           0     21491.7     387.642
4           3     134.659       407.1           0     16885.4     332.335
4           4     135.013     408.041           0     25818.1     992.289
4           5      135.37      408.98           0       15686           0
4           6     135.908     409.828           0     19585.3     4182.23
4           7     136.566     410.589           0     12076.9     2315.87
4           8      137.28     411.296           0     13708.2      2290.3
4           9     138.031     411.963           0     25493.1     3155.11
4          10     138.845     412.554           0     14504.3     2583.34
4          11     139.693     413.094           0     29233.2        2100
4          12     140.516     413.669           0     20235.1     2388.75
4          13     141.245     414.361           0       23773     1615.39
4          14     141.928     415.096           0     33328.5     2189.05
4          15     142.719     415.712           0     26161.1     2164.17
4          16     143.593     416.211           0     23545.2     4351.45
4          17     144.453     416.726           0     14577.8     2644.58
4          18     145.216     417.379           0     17290.1      2285.2
4          19     145.942     418.071           0     20426.9     4345.75
4          20     146.791     418.595           0     16553.2     1801.54
4          21      147.75     418.888           0     25920.5     2470.66
4          22     148.739     419.068           0     28476.1     2219.45
4          23     149.719     419.287           0     20725.3     630.718
4          24     150.675     419.598           0       13747     668.491
4          25     151.623     419.932           0       20738           0
4          26     152.578     420.248           0     12083.4           0
4          27     153.539     420.545           0     8400.35           0
4          28     154.509     420.809           0     14283.4           0
4          29     155.487     421.041           0     16005.6           0
4          30     156.455      421.31           0     10880.6           0
4          31     157.381     421.693           0     7742.57           0
4          32     158.256     422.188           0     12578.2           0
4          33     159.103      422.73           0     11701.1           0
4          34     159.932     423.298           0     12414.4           0
4          35     160.721     423.919           0     11153.1           0
4          36     161.467     424.594           0     10514.2           0
4          37     162.234     425.241           0     19065.1           0
4          38     163.097     425.745           0     16615.3           0
4          39     164.034     426.106           0       18225           0
4          40     164.971     426.469           0     10774.4           0
4          41     165.869     426.918           0     11288.3           0
4          42     166.765     427.373           0     6230.94           0
4          43      167.71     427.707           0     9736.02           0
4          44     168.697     427.887           0     11346.5           0
4          45     169.698     427.968           0     13438.5           0
4          46     170.703     428.013           0     15373.8      649.95
4          47     171.707     428.068           0       14484     1574.18
4          48     172.706     428.172           0       10217     1848.85
4          49     173.694     428.355           0      6471.5     1924.01
4          50     174.665     428.614           0     6369.23     1108.07
4          51     175.627     428.908           0      9200.7     1698.52
4          52     176.581     429.225           0     7447.03     1961.56
4          53     177.516     429.592           0     6275.04       912.8
4          54     178.419     430.033           0     12747.2     652.626
4          55     179.277     430.556           0     5846.81     1271.67
4          56     180.076     431.164           0      9868.6     2097.42
4          57     180.824     431.836           0     8891.89      4176.8
4          58     181.544     432.537           0     6219.86     3103.66
4          59     182.255     433.249           0     7668.22      2306.6
4          60     182.964     433.962           0     11135.3     4423.22
4          61     183.672     434.676           0     7042.91     4445.72
4          62     184.378     435.391           0     7147.99      3442.2
4          63     185.087     436.104           0     13240.1     1036.68
4          64      185.82     436.792           0     22745.3     2008.98
4          65     186.632     437.384           0     14848.3     4813.08
4          66     187.551     437.785           0     25848.8     1103.89
4          67     188.527     438.021           0     34243.6           0
4          68     189.508     438.239           0     23187.9           0
4          69     190.467     438.541           0     13620.4           0
4          70     191.413     438.883           0     20632.3           0
4          71     192.366     439.203           0       12025           0
4          72     193.317     439.528           0     6758.18           0
4          73     194.237     439.933           0     15246.4           0
4          74     195.113     440.427           0     6977.13     356.676
4          75     195.956     440.975           0     7734.94     974.111
4          76     196.779     441.553           0     819.487     691.314
#1
5           0     97.1108     133.732           0     48176.8           0
5           1     96.9981     132.739           0     47798.9           0
5           2     96.8859     131.745           0     32508.3           0
5           3     96.6319     130.778           0     27388.4           0
5           4     96.1959     129.879           0     35282.9           0
5           5      95.731     128.994           0     26921.9           0
5           6     95.2555     128.114           0     18669.7           0
5           7     94.6172     127.345           0       24206           0
5           8     93.8365     126.721           0     17269.2        4124
5           9      92.954     126.251           0     23160.9     6707.13
5          10     92.1042     125.725           0     24880.3     5484.35
5          11     91.3712     125.045           0     22009.4     4852.99
5          12     90.8043     124.221           0     27494.8     4299.58
5          13      90.364     123.324           0     9025.02     3997.45
5          14     89.9376      122.42           0     11298.6      4492.2
5          15      89.534     121.505           0     7211.42     5105.38
5          16     89.1887     120.567           0     13396.4     3502.07
5          17     88.8854     119.614           0     15383.8     1010.18
5          18     88.5715     118.665           0     9614.19           0
5          19     88.2538     117.717           0     11819.5           0
5          20     88.0585     116.737           0       16110           0
5          21     87.9911      115.74           0     15701.7           0
5          22     87.9829      114.74           0     16887.9           0
5          23     87.9881      113.74           0     18913.4           0
5          24     87.9885     112.741           0     15401.8           0
5          25     87.9837     111.741           0       12868           0
5          26     87.9857     110.741           0       16589           0
5          27     88.0253     109.742           0     21929.3           0
5          28     88.1628     108.752           0       15149           0
5          29     88.3972      107.78           0     8151.24           0
5          30     88.6805     106.822           0     9247.77           0
5          31      88.894     105.845           0     14128.2           0
5          32     89.1042     104.868           0     16250.8           0
5          33     89.4423     103.927           0     7374.77           0
5          34     89.9766     103.082           0     15828.9           0
5          35     90.6438     102.338           0     14961.6           0
5          36      91.349     101.629           0     15168.7     660.657
5          37     92.0574     100.924           0     19162.1     2933.88
5          38     92.7776      100.23           0     10238.2     3602.45
5          39     93.5443     99.5887           0     7586.43     3750.86
5          40     94.3852     99.0481           0       13870     2922.07
5          41     95.2839     98.6103           0     7092.35     1495.25
5          42     96.2279     98.2814           0     10533.8     591.137
5          43     97.2085     98.0867           0     17838.2     10.3198
5          44     98.2051     98.0086           0     21122.4           0
5          45     99.2047     97.9906           0     24221.7           0
5          46     100.204     97.9931           0     22717.4           0
5          47     101.204     97.9976           0     21716.6           0
5          48     102.204          98           0     21798.3           0
5          49     103.203     98.0005           0     17791.6           0
5          50     104.203     97.9991           0     18284.8           0
5          51     105.203     97.9951           0       17843     268.304
5          52     106.202     97.9891           0     18536.1     1213.98
5          53     107.202     97.9882           0     26423.2     1389.09
5          54     108.201     98.0214           0     31415.6      2225.5
5          55     109.192      98.156           0     21980.5     2395.34
5          56     110.164     98.3902           0     10402.8     1874.32
5          57     111.121     98.6778           0     6922.86     1838.81
5          58       112.1     98.8796           0     9417.95           0
5          59     113.085     99.0534           0     12123.3           0
5          60     114.049     99.3186           0       11246     199.625
5          61     114.978      99.687           0     12861.4     264.268
5          62     115.948     99.9284           0       13951     957.949
5          63     116.937     100.074           0     14459.8     5242.85
5          64     117.919     100.262           0     12511.2     1792.26
5          65     118.888     100.506           0     10541.2     898.419
5          66     119.883     100.611           0     20643.7           0
#1
6           0     122.522     37.3473           0     2663.63     1578.08
6           1     122.213     38.2924           0     12932.7     1345.26
6           2     121.906     39.2382           0     15023.6     1500.88
6           3      121.57     40.1739           0     7354.63     2073.87
6           4     121.169     41.0837           0     8122.45     954.197
6           5     120.761     41.9906           0     5969.31     85.0652
6           6     120.387      42.912           0      4841.4           0
6           7     120.067     43.8531           0     10545.7           0
6           8     119.761     44.7992           0     7787.22           0
6           9     119.449     45.7432           0     5321.06           0
6          10     119.163     46.6954           0     10745.7           0
6          11     118.857     47.6415           0     13478.9           0
6          12     118.485     48.5639           0     8734.62           0
6          13     118.047     49.4563           0     18451.1           0
6          14     117.521     50.2999           0       10704           0
6          15     116.916     51.0889           0     17661.6           0
6          16     116.313     51.8797           0     15009.3           0
6          17     115.791     52.7256           0       13024           0
6          18     115.357     53.6205           0     4328.49           0
6          19     114.944     54.5248           0     5805.85           0
6          20     114.546     55.4358           0     6049.63           0
6          21     114.189     56.3639           0     17289.7           0
6          22     113.872     57.3062           0     18063.7           0
6          23     113.565     58.2519           0     9004.14           0
6          24      113.26     59.1983           0     8665.27           0
6          25     113.088     60.1776           0     8348.47           0
6          26     113.004     61.1683           0     9793.81           0
6          27      112.89     62.1561           0     12293.9           0
6          28     112.651     63.1211           0      9253.1           0
6          29     112.331     64.0625           0     9668.06           0
6          30     112.116     65.0332           0     13961.6           0
6          31     112.009     66.0217           0     21348.5           0
6          32     111.982     67.0156           0     13900.9           0
6          33     111.982     68.0099           0     15237.8           0
6          34     111.983     69.0042           0     9361.23           0
6          35     111.982     69.9985           0     14146.4           0
6          36     111.985     70.9927           0     13924.2           0
6          37     112.021     71.9864           0       17986           0
6          38     112.141     72.9734           0     12970.3           0
6          39     112.357     73.9439           0     6621.77           0
6          40     112.643     74.8963           0     7261.08           0
6          41     112.844     75.8699           0     9280.19           0
6          42     112.948     76.8588           0     14408.6           0
6          43     112.992     77.8521           0     21086.6           0
6          44     112.998     78.8463           0     15776.4           0
6          45     112.999     79.8406           0     20980.2           0
6          46     113.028     80.8345           0     19184.8           0
6          47     113.122     81.8243           0     11691.3           0
6          48      113.32     82.7986           0      7897.8           0
6          49     113.657      83.734           0     5290.07           0
6          50     114.068     84.6395           0     7657.53           0
6          51     114.476     85.5462           0      4841.1           0
6          52     114.828      86.476           0     8919.04           0
6          53     115.142     87.4196           0     8712.01           0
6          54     115.474     88.3567           0     5912.29           0
6          55     115.867     89.2701           0     12708.5           0
6          56     116.305     90.1628           0     9706.87           0
6          57     116.752     91.0506           0     12306.9           0
6          58     117.203      91.937           0     14633.6           0
6          59     117.623     92.8379           0     10484.8           0
6          60     117.974     93.7682           0     18986.8           0
6          61     118.286     94.7123           0     10277.3           0
6          62     118.626     95.6466           0     6218.47     237.999
6          63     119.005     96.5659           0     13525.6     3198.89
6          64     119.366     97.4922           0     6666.91     2357.72
6          65     119.643     98.4471           0     7734.29     2424.52
6          66     119.856     99.4185           0       14818     1284.39
6          67     120.198     100.352           0     18845.7           0
6          68     120.854     101.099           0     22915.1           0
6          69     121.693     101.633           0       18002           0
6          70     122.565     102.111           0     26071.8           0
6          71     123.424      102.61           0     11359.3           0
6          72     124.214     103.214           0     14509.8           0
6          73     124.922     103.913           0     19106.5           0
6          74     125.517     104.709           0     7478.46           0
6          75     125.939      105.61           0     8954.82           0
6          76     126.231      106.56           0     5717.35           0
6          77     126.479     107.523           0     3076.56           0
6          78     126.729     108.485           0     6165.15           0
6          79     127.014     109.438           0     14490.7           0
6          80     127.382     110.361           0     9641.77           0
6          81     127.824     111.252           0     15002.5           0
6          82     128.335     112.105           0     13426.2           0
6          83     128.867     112.945           0     165.462     87.3903
#1
7           0     242.382     557.329           0     1559.62     1149.03
7           1     242.833     558.224           0     9994.71     2484.25
7           2     243.295     559.114           0     7207.47     1380.21
7           3     243.759     560.003           0     13761.7     3072.92
7           4     244.227     560.889           0     11623.2     1480.85
7           5     244.675     561.786           0     7008.34     852.426
7           6     245.109     562.689           0     9677.57     205.016
7           7     245.519     563.604           0     5670.64           0
7           8     245.973     564.498           0       13673           0
7           9     246.505     565.348           0     8957.43           0
7          10     247.115     566.142           0     16018.6           0
7          11     247.716     566.945           0     15174.7           0
7          12     248.262     567.785           0     10998.2           0
7          13     248.806     568.628           0     9556.16           0
7          14     249.438     569.406           0     9506.24           0
7          15     250.103     570.156           0       16643           0
7          16     250.713     570.951           0     16398.9           0
7          17     251.253     571.796           0     13171.3           0
7          18     251.772     572.653           0     8820.89           0
7          19     252.365     573.461           0     7851.29           0
7          20     253.042       574.2           0     15147.3           0
7          21     253.858     574.783           0     15007.4           0
7          22      254.74      575.26           0     13224.1           0
7          23     255.602     575.771           0     8875.32           0
7          24     256.377     576.407           0     8215.56           0
7          25     257.099     577.102           0     12942.8           0
7          26     257.847      577.77           0     16018.2           0
7          27     258.699     578.297           0     5013.56           0
7          28     259.613     578.709           0     9522.85           0
7          29     260.539     579.093           0     17210.1     207.877
7          30     261.461     579.488           0     7472.79     569.907
7          31     262.373     579.904           0     13625.8     2017.87
7          32     263.275     580.341           0     11287.4     37.5098
7          33     264.192     580.745           0     19111.2           0
7          34     265.139     581.074           0     23119.3           0
7          35     266.088     581.398           0     12341.8           0
7          36     267.001     581.811           0     14005.7           0
7          37     267.914     582.225           0     10362.6           0
7          38     268.853     582.576           0     5403.25           0
7          39     269.822     582.834           0     7808.36           0
7          40     270.784     583.115           0     13653.8           0
7          41     271.704     583.513           0     12729.3     56.0948
7          42      272.64     583.872           0     27539.4     317.516
7          43     273.586     584.202           0     23138.3     4.38913
7          44     274.519     584.569           0     13201.9           0
7          45     275.429      584.99           0       23138           0
7          46     276.333     585.422           0       10423           0
7          47     277.238     585.853           0     18740.4           0
7          48     278.124     586.323           0     14854.2           0
7          49     279.005     586.801           0     13302.9           0
7          50     279.907     587.238           0     10190.5           0
7          51     280.841     587.603           0     4459.85           0
7          52     281.802     587.889           0     5741.81           0
7          53      282.76     588.184           0      9040.2           0
7          54     283.702     588.527           0     10960.7     409.686
7          55     284.661     588.817           0     26973.1           0
7          56     285.637     589.047           0     37080.6           0
7          57     286.616     589.262           0       34572     302.182
7          58     287.617     589.217           0       28689     4278.75
7          59     288.611     589.083           0     22088.5     1206.96
7          60     289.611     589.012           0     18544.8 0.000740441
7          61     290.611     588.954           0     14953.6           0
7          62     291.602     588.802           0     11258.5     851.578
7          63     292.543     588.456           0      7761.8     1643.56
7          64     293.344     587.853           0     16530.5      2608.4
7          65     293.861     586.995           0     132.181    0.722577
7          66     294.384      586.14           0     23636.2      19.061
7          67     295.182     585.533           0     11715.2     1185.56
7          68      296.09      585.11           0     13197.3      4218.8
7          69     296.987     584.663           0     8854.58     2299.99
7          70     297.823     584.109           0     11130.2     1205.74
7          71     298.578     583.449           0     6069.52     125.372
7          72     299.278     582.732           0     5556.66           0
7          73     299.928     581.969           0     1780.82           0
7          74      300.51     581.152           0     2192.95           0
7          75     301.039     580.301           0     7489.04           0
7          76     301.494     579.408           0     6422.92           0
7          77     301.829     578.463           0     13526.5           0
7          78     302.001     577.476           0     15291.9           0
7          79     302.034     576.474           0     13823.4           0
7          80      301.96     575.474           0     12617.2           0
7          81     301.745     574.495           0     8351.94           0
7          82     301.342     573.577           0     4606.47           0
7          83     300.752     572.767           0     6001.58           0
7          84     300.066     572.035           0     13538.5           0
7          85     299.351     571.333           0     10302.7           0
7          86     298.636     570.631           0     10745.7           0
7          87     297.923     569.926           0     18079.1           0
7          88     297.221     569.211           0     14742.9           0
7          89     296.508     568.506           0     10256.6           0
7          90     295.793     567.803           0     12342.2           0
7          91     295.082     567.097           0     11106.3           0
7          92     294.374     566.386           0     6563.58           0
7          93     293.668     565.675           0     5466.35           0
7          94     292.962     564.963           0           0           0
#1
8           0     294.239      586.05           0     26898.6           0
8           1     294.111     585.054           0     23343.4     648.056
8           2     294.019     584.055           0       16641     1805.43
8           3     293.992     583.052           0     20907.4     1262.91
8           4      293.99     582.049           0     12534.1     297.285
8           5     293.991     581.046           0     10931.9     615.444
8           6      293.98     580.042           0     19561.2     1122.05
8           7     293.958     579.039           0     767.446     141.229
#1
9           0     207.418      483.47           0     15584.2     1208.27
9           1     208.199     482.837           0     25845.4     3487.09
9           2     209.012     482.246           0     16681.8     2657.24
9           3     209.873     481.726           0     13774.9     3269.53
9           4      210.72     481.184           0     10664.8     2978.48
9           5     211.485     480.532           0     8334.77     3202.58
9           6     212.141      479.77           0     11675.1     3841.36
9           7     212.618     478.885           0     11183.5     4071.73
9           8      212.94     477.932           0     17509.1     5204.15
9           9     213.381     477.029           0     15243.6           0
9          10     214.153     476.384           0     20407.4           0
9          11     215.022     475.879           0     31457.2           0
9          12     215.753      475.19           0      7473.3     6016.55
9          13     216.381     474.404           0     21499.6     50.1388
9          14     217.062     473.664           0       20333           0
9          15     217.871     473.068           0     16870.6           0
9          16     218.697     472.494           0     10734.2           0
9          17      219.55     471.962           0       21585           0
9          18       220.4     471.425           0     12393.6      429.95
9          19     221.222     470.846           0     20203.8     3148.82
9          20     222.098     470.353           0     28743.3      3559.6
9          21     223.005     469.918           0       45015     4134.88
9          22     223.754     469.247           0     36784.3     12685.5
9          23     224.231     468.362           0     35058.6     8213.61
9          24     224.688     467.467           0     20212.8     820.835
9          25     225.315     466.681           0     20268.2           0
9          26     226.018     465.963           0     28886.4           0
9          27     226.735     465.258           0     16200.4           0
9          28     227.449      464.55           0     10559.7           0
9          29      228.16     463.839           0     9951.35           0
9          30     228.868     463.126           0     13901.7           0
9          31     229.573     462.409           0     10154.1           0
9          32     230.283     461.696           0     12342.7           0
9          33      231.03     461.023           0     22214.2           0
9          34      231.87     460.472           0     15685.2           0
9          35     232.782     460.049           0     31294.3           0
9          36     233.587     459.446           0     24285.6           0
9          37     233.987     458.524           0     25463.1     6710.61
9          38      234.13     457.529           0     19605.7           0
9          39     234.267     456.533           0     13040.4           0
9          40     234.493     455.553           0     6319.35           0
9          41     234.733     454.577           0     9783.07           0
9          42     234.886     453.583           0     14765.1           0
9          43     234.977     452.582           0     17046.3           0
9          44     235.138     451.589           0     16291.8           0
9          45     235.514     450.657           0       13707           0
9          46      236.12     449.855           0     29299.2     3834.02
9          47     236.836     449.149           0     24093.3     2733.66
9          48     237.638     448.542           0     14564.2     133.192
9          49     238.545     448.109           0     22818.2           0
9          50     239.482     447.744           0     17144.6           0
9          51      240.39     447.313           0     8622.23     2205.08
9          52     241.278     446.841           0     12087.8     12210.3
#1
10           0     233.872     459.653           0     30851.5     3485.13
10           1     234.848     459.855           0     26483.1     845.152
10           2     235.836     459.984           0       25387           0
10           3     236.832      460.02           0     22347.1           0
10           4     237.829     460.016           0     19251.5           0
10           5     238.825     460.002           0     16615.7           0
10           6     239.822     459.994           0     17229.4           0
10           7     240.819     459.998           0     22172.9           0
10           8     241.816     459.998           0       30119           0
10           9     242.812     460.001           0     29544.9           0
10          10     243.809     460.006           0     26541.6     6720.88
10          11     244.806     460.015           0     26387.2     1299.52
10          12     245.802     460.016           0     23027.4           0
10          13     246.798     459.967           0     23532.8           0
10          14     247.775      459.77           0     21865.4           0
10          15     248.714     459.435           0     11597.4           0
10          16      249.67     459.155           0     16066.6           0
10          17     250.657     459.015           0     18975.8           0
10          18     251.653     458.979           0     18437.5           0
10          19      252.65     458.982           0       16252           0
10          20     253.646     458.994           0     18269.8     4138.58
10          21     254.643      459.01           0     19890.7     2882.13
10          22      255.64     459.025           0     21707.4     1561.63
10          23     256.636     459.018           0     24994.8     809.693
10          24     257.627     458.907           0     22972.5     418.099
10          25     258.562     458.562           0     17094.7     1028.12
10          26     259.381     457.993           0     11661.2     3338.11
10          27      260.18     457.398           0     8874.06     2665.35
10          28     261.114     457.049           0     12047.9     2278.62
10          29     262.104     456.937           0     9377.62     2189.56
10          30     263.101     456.932           0     11124.1     2359.38
10          31     264.097     456.964           0     14402.2     2072.77
10          32      265.09     457.044           0     20264.1     1866.73
10          33     266.069     457.233           0     14757.9     1058.81
10          34     267.035     457.478           0           0           0
#1
11           0      60.999     388.998           0           0           0
11           1     60.9995     389.996           0     16365.1           0
11           2     60.9993     390.995           0     14892.6           0
11           3     60.9971     391.993           0     16941.5           0
11           4     60.9909     392.992           0     23449.2     51.6488
11           5     60.9811      393.99           0     23014.7     1311.51
11           6     60.9854     394.989           0       15817     1794.86
11           7     61.0474     395.985           0       12175      1714.6
11           8      61.302     396.951           0     11688.3     1003.58
11           9     61.8324     397.796           0     15512.4     1095.19
11          10     62.5056     398.534           0     11405.2     1073.34
11          11      63.216     399.236           0     14514.5     1337.68
11          12     63.9259     399.938           0     12349.7     3576.05
11          13     64.6271     400.649           0     8903.94     1711.31
11          14     65.3274     401.361           0     9585.02      3571.3
11          15     66.0608     402.038           0     16311.7     2837.12
11          16     66.8936     402.589           0     13817.1     3686.08
11          17     67.8437     402.896           0     21658.5     4725.81
11          18     68.8398     402.963           0       23102      5171.8
11          19     69.8383     402.953           0     21465.2     2845.94
11          20     70.8238     403.111           0     20619.5           0
11          21      71.654     403.666           0     12489.8           0
11          22     72.3784     404.353           0     11492.8           0
11          23     73.1187     405.023           0     15875.9           0
11          24     73.9649     405.553           0     10149.5           0
11          25     74.8924     405.923           0     23754.9           0
11          26     75.8177     406.298           0     17669.6           0
11          27       76.69     406.784           0       11520      1484.8
11          28     77.5083     407.356           0     8918.95     5600.88
11          29     78.3532     407.888           0     16110.2     6585.74
11          30     79.2386      408.35           0     12208.9     5708.57
11          31     80.1883     408.658           0     20655.3     9625.36
11          32     81.1868     408.659           0     20347.7     8685.63
11          33     82.1833     408.705           0     14440.8           0
11          34     82.8842     409.416           0     43686.4           0
11          35     83.5181     410.187           0     25491.7           0
11          36     84.3428      410.75           0     40300.9     1628.36
11          37     85.2759     411.105           0     47298.3     5872.18
11          38     86.2283     411.405           0     27966.1     224.165
11          39     87.1608     411.762           0     35374.4           0
11          40     88.1369     411.973           0     40084.5           0
11          41     89.1158     412.168           0     36419.4           0
11          42     89.9777     412.672           0     41957.3     3452.18
11          43     90.6903     413.371           0     17142.6     1201.23
11          44     91.4839     413.977           0     30131.5       889.2
11          45     92.3159     414.529           0     14117.3     226.741
11          46     93.1014     415.146           0     22397.7           0
11          47     93.8396     415.818           0     18289.1           0
11          48     94.6105     416.453           0     12995.3           0
11          49     95.4553     416.985           0       25206           0
11          50     96.3408     417.446           0     11334.9           0
11          51     97.2319     417.897           0     15664.9           0
11          52     98.0961     418.397           0     8476.12           0
11          53     98.9093     418.976           0     12789.6           0
11          54     99.6523     419.643           0     8908.74           0
11          55     100.361     420.347           0     9916.08           0
11          56     101.062     421.058           0     20048.6     4.87084
11          57     101.764     421.768           0     15760.4     494.813
11          58     102.469     422.475           0     11551.3     444.263
11          59     103.189     423.166           0     14409.2     26.6337
11          60      103.95     423.813           0     7649.21           0
11          61     104.765     424.391           0     2944.87           0
11          62     105.602     424.935           0     1130.79           0
11          63     106.425     425.501           0     1142.75           0
11          64     107.245     426.071           0     2113.28           0
11          65     108.084     426.612           0      3746.5           0
11          66     108.906     427.178           0     7535.76           0
11          67     109.708     427.773           0     7930.26           0
11          68     110.506     428.373           0     6661.91           0
11          69     111.335     428.929           0     11927.7           0
11          70     112.171     429.476           0     5074.84           0
11          71     113.008     430.021           0           0           0
#1
12           0     265.643     574.443           0     2726.11     1990.86
12           1     265.123     573.586           0     12798.2           0
12           2     264.566     572.753           0     8694.48           0
12           3     263.934     571.975           0     16438.1           0
12           4     263.227     571.266           0     13824.2           0
12           5     262.469      570.61           0     10655.6           0
12           6     261.713     569.953           0     18286.2           0
12           7     261.152     569.123           0     2058.92           0
12           8     260.787      568.19           0           0           0
12           9     260.319     567.304           0     11436.4           0
12          10     259.657     566.552           0     10054.4           0
12          11     258.921     565.872           0     16992.7           0
12          12     258.193     565.183           0       12858           0
12          13     257.479     564.481           0     9602.39           0
12          14      256.77     563.772           0     12660.9           0
12          15     256.063     563.063           0       14440           0
12          16     255.355     562.354           0     12256.4           0
12          17     254.646     561.646           0     12879.7           0
12          18     253.938     560.937           0     18752.9           0
12          19     253.228      560.23           0     13009.5           0
12          20     252.516     559.526           0     8620.74           0
12          21     251.805      558.82           0     10030.3     203.819
12          22     251.113     558.095           0     19676.5     211.078
12          23     250.487     557.313           0       12517     654.989
12          24     249.961      556.46           0     22551.5     2033.18
12          25     249.502     555.569           0     10641.3     991.281
12          26     249.044     554.678           0     17566.5     1585.28
12          27      248.54     553.813           0     7798.86      464.67
12          28     247.987     552.977           0     14409.2           0
12          29     247.431     552.143           0     7335.77           0
12          30     246.902     551.292           0     12505.7           0
12          31     246.331     550.469           0     9157.23           0
12          32     245.609     549.774           0     11532.1           0
12          33     244.748     549.263           0     18448.3      104.49
12          34      243.88     548.762           0     18326.9     457.282
12          35     243.213     548.015           0     22367.3           0
12          36     242.886     547.068           0     26282.2           0
12          37     242.587     546.111           0     12112.1           0
12          38     242.111      545.23           0     14688.9           0
12          39     241.476     544.455           0     11057.6           0
12          40     240.834     543.686           0     14200.7           0
12          41     240.285     542.848           0     15352.2           0
12          42     239.745     542.004           0     21873.1           0
12          43     239.158     541.192           0     20894.9           0
12          44     238.588     540.368           0     11753.7           0
12          45     238.168     539.458           0     18757.7           0
12          46     237.846      538.51           0     19099.2           0
12          47     237.517     537.563           0     9636.41           0
12          48      237.11     536.648           0     16993.1           0
12          49     236.595     535.788           0     12659.7           0
12          50     236.006     534.978           0     19022.9           0
12          51     235.463     534.136           0     10052.9           0
12          52     235.046     533.225           0     19254.4           0
12          53      234.62     532.318           0     11121.5           0
12          54     234.061     531.487           0     11747.4           0
12          55     233.503     530.655           0     19335.6           0
12          56     233.124     529.727           0     18069.2           0
12          57     232.992     528.734           0     24543.5           0
12          58     232.979     527.732           0     23256.9           0
12          59     233.015     526.731           0     25473.9     78.6178
12          60     233.076     525.731           0       25177     5924.67
12          61     233.102     524.729           0     30598.6     3285.29
12          62     232.797     523.775           0     21590.7     322.068
12          63     232.264     522.927           0       22679           0
12          64     231.752     522.065           0     19579.6           0
12          65     231.308     521.167           0     12334.6           0
12          66     230.878     520.262           0     17181.1           0
12          67     230.455     519.354           0     9436.55           0
12          68     230.001     518.461           0     20561.4           0
12          69     229.461     517.617           0     10335.6           0
12          70      228.82     516.847           0     13696.9           0
12          71     228.141     516.111           0     25617.6           0
12          72     227.517     515.327           0     16220.3           0
12          73     226.995     514.471           0     34003.3           0
12          74     226.533     513.582           0     18121.8           0
12          75      226.07     512.694           0     31161.7           0
12          76     225.552     511.836           0     13886.7           0
12          77     224.965     511.024           0     18475.5           0
12          78     224.292     510.283           0     9960.63           0
12          79     223.581     509.576           0      8782.9     616.201
12          80     222.866     508.874           0     14639.9     1937.18
12          81     222.171     508.152           0     26572.6     2588.61
12          82     221.547     507.369           0     16711.3     1191.86
12          83     221.011     506.522           0     33575.7     24.3645
12          84     220.471     505.678           0     15044.3           0
12          85     219.876     504.872           0     16341.1           0
12          86     219.413     503.984           0     8662.96           0
12          87     219.411     502.982           0     10009.5     3334.71
12          88      219.89     502.103           0     14236.4     2853.07
12          89     220.533     501.334           0      5704.9        2042
12          90     221.185     500.573           0     3899.66      3250.4
#1
13           0     237.051     524.753           0     26553.7      3786.3
13           1     237.762     525.454           0     11323.6     4072.71
13           2     238.623     525.959           0     16065.1     2248.82
13           3     239.564     526.294           0     8492.15     509.278
13           4     240.511      526.61           0     5390.03           0
13           5     241.428     527.003           0     10071.7           0
13           6     242.298     527.494           0     4775.44           0
13           7     243.114     528.069           0     7995.34           0
13           8     243.932     528.642           0     4020.08           0
13           9     244.767      529.19           0     5281.93           0
13          10     245.607     529.728           0     3020.35           0
13          11     246.447     530.269           0     2720.49           0
13          12     247.306     530.777           0     4511.13           0
13          13     248.182     531.257           0     5442.97           0
13          14     249.071     531.711           0     12020.3           0
13          15     249.959     532.168           0     13216.4           0
13          16     250.803     532.701           0     13661.2           0
13          17     251.601     533.301           0     7480.95           0
13          18     252.422     533.868           0     12660.2           0
13          19     253.247     534.431           0     9743.38           0
13          20     254.044     535.032           0     22127.7           0
13          21     254.851      535.62           0     12088.1           0
13          22     255.694     536.155           0     15376.9           0
13          23     256.534     536.695           0     9459.04           0
13          24     257.312      537.32           0       10426           0
13          25     258.028     538.017           0     15290.8           0
13          26     258.736      538.72           0     9105.51           0
13          27     259.491     539.374           0      7431.7           0
13          28     260.307      539.95           0     12728.4           0
13          29     261.141     540.498           0      4675.9           0
13          30     261.982     541.036           0           0           0
#1
14           0     170.519     433.605           0     4004.12     3091.36
14           1     171.247     434.284           0     8135.25     2310.25
14           2     171.984     434.953           0     16818.5     1336.22
14           3     172.774     435.558           0     11644.2     370.826
14           4     173.625     436.076           0     21914.5     109.444
14           5     174.524     436.502           0     13722.6     424.055
14           6     175.456     436.853           0     25676.2     986.051
14           7     176.405     437.152           0     22968.1     864.561
14           8     177.356     437.446           0     12265.1     1012.37
14           9     178.289     437.796           0     20269.9      1303.6
14          10     179.174     438.251           0     19996.3     799.709
14          11     179.889     438.943           0     23140.2     933.225
14          12     180.386     439.806           0     11717.9     2538.53
14          13     180.906     440.654           0     8415.15     3445.88
14          14     181.605     441.363           0     8374.26     3213.97
14          15     182.373     441.996           0     23781.2     2034.65
14          16      183.03     442.745           0     7005.21     1964.41
14          17     183.564     443.585           0     33453.9     189.914
14          18     184.214     444.339           0     25611.7     767.735
14          19     184.951     445.008           0     29168.4     280.367
14          20     185.674     445.692           0       15008     1786.79
14          21     186.387     446.387           0     12647.2     3500.02
14          22     187.128     447.051           0     16995.2     3257.76
14          23      187.94     447.627           0     11089.5     4523.26
14          24     188.783     448.157           0       18343     2034.48
14          25     189.608     448.715           0     12557.7      2243.9
14          26     190.359     449.368           0     12832.5     2602.57
14          27     191.067     450.068           0     23129.7     1627.02
14          28     191.781     450.761           0     16889.7     1613.32
14          29     192.553      451.39           0     12738.4     1273.49
14          30     193.397     451.917           0     24129.9           0
14          31     194.242     452.444           0     14659.7           0
14          32     195.028     453.055           0     29436.7           0
14          33     195.747     453.743           0     23545.9           0
14          34     196.448      454.45           0     17865.6           0
14          35     197.178     455.127           0     22675.5           0
14          36     197.982     455.713           0     27227.8           0
14          37     198.839      456.22           0     27169.3           0
14          38     199.743     456.638           0     18200.1           0
14          39     200.694     456.931           0     27502.9           0
14          40     201.684     457.035           0       22303           0
14          41     202.679     457.049           0     21971.4           0
14          42     203.674     457.004           0       27861           0
14          43     204.652     456.817           0     27231.2           0
14          44     205.582     456.462           0     21882.5           0
14          45     206.526     456.148           0     38900.4           0
14          46     207.509     455.988           0       39276           0
14          47     208.492     455.832           0     32017.7           0
14          48     209.433     455.506           0       20655           0
14          49     210.277     454.978           0     40042.1           0
14          50     210.993     454.287           0     39011.6           0
14          51     211.624     453.517           0     14596.8           0
14          52     212.308     452.793           0     13915.9           0
14          53     213.099     452.189           0     17315.2           0
14          54     213.941     451.658           0      9881.9     744.981
14          55     214.784     451.129           0     12888.6     1892.79
14          56     215.598     450.556           0     4080.73     2845.09
#1
15           0     161.351     124.407           0     17242.2           0
15           1      161.47     125.403           0     21355.3     329.539
15           2     161.817     126.343           0     23414.1     3633.11
15           3     162.108     127.303           0     27281.2     3206.41
15           4     162.409     128.259           0     14652.2     328.713
15           5     162.749     129.202           0     18201.5           0
15           6     163.065     130.154           0     22557.5           0
15           7     163.444     131.081           0     12004.1           0
15           8     163.989     131.923           0       11555           0
15           9     164.639     132.686           0      7245.7     196.749
15          10     165.276     133.459           0     7279.03     2398.87
15          11     165.829     134.296           0     14430.8     2349.92
15          12     166.337      135.16           0     11463.3      2230.6
15          13     166.804     136.047           0     7688.28     1129.49
15          14     167.223     136.958           0     8112.68     538.293
15          15     167.583     137.893           0     3469.33     107.644
15          16     167.872     138.853           0     2354.68           0
15          17     168.188     139.805           0     6984.73           0
15          18     168.588     140.724           0     11249.9           0
15          19     169.023     141.627           0     27162.7           0
15          20     169.429     142.543           0     11636.3           0
15          21     169.744     143.495           0     14499.8           0
15          22      169.95     144.476           0     23284.7           0
15          23     170.179     145.451           0       21334           0
15          24     170.573      146.37           0     13207.4           0
15          25     171.131     147.203           0     21554.3           0
15          26     171.697      148.03           0     25602.1           0
15          27     172.238     148.874           0     29485.5     252.343
15          28     172.789     149.711           0     23445.9     4992.39
15          29     173.386     150.517           0       15656     399.691
15          30     173.927      151.36           0     19104.5      472.22
15          31     174.396     152.246           0     10054.3     675.942
15          32     174.847     153.142           0     20289.4     2527.83
15          33     175.343     154.013           0     14793.4     1234.11
15          34     175.885     154.856           0     14262.6     52.7545
15          35     176.456      155.68           0     6205.88           0
15          36     177.003     156.521           0     9872.88           0
15          37     177.551      157.36           0     5088.82           0
15          38     178.114      158.19           0     8154.06     168.045
15          39     178.658     159.032           0     6496.44     2693.12
15          40     179.163     159.897           0     12421.5     2187.06
15          41     179.615     160.792           0     13041.3     472.972
15          42     179.988     161.722           0     20744.4           0
15          43     180.278     162.681           0     10517.9           0
15          44      180.52     163.654           0     3726.67           0
15          45     180.707     164.638           0     2145.81           0
15          46     180.806     165.636           0     3357.61           0
15          47     180.858     166.637           0     9860.11           0
15          48     180.927     167.636           0     14256.1           0
15          49     181.152     168.602           0     17583.5           0
15          50      181.72     169.392           0     16002.8     871.064
15          51     182.613     169.828           0     33120.2           0
15          52     183.578     170.098           0     40345.5           0
15          53     184.442     170.561           0     28921.1     727.094
15          54     185.045     171.349           0     37574.9     1865.65
15          55       185.5     172.241           0     21034.7           0
15          56     186.054     173.076           0     29212.2           0
15          57     186.638      173.89           0     13204.4           0
15          58     187.175     174.737           0     12133.9           0
15          59     187.738     175.563           0     10666.7           0
15          60     188.439     176.269           0     13246.4           0
15          61       189.3     176.768           0     27042.5     2428.89
15          62      190.26     177.043           0     30888.1     902.528
15          63      191.25     177.199           0     18038.4     1607.29
15          64     192.226     177.421           0     11628.7     2420.44
15          65     193.182     177.721           0     11293.4      1471.8
15          66     194.141     178.015           0     16040.4     2625.49
15          67     195.093     178.328           0     11689.3     245.254
15          68      196.04     178.658           0     10505.9     181.428
15          69     196.988     178.984           0     16483.5           0
15          70     197.913     179.366           0     11650.7           0
15          71     198.784     179.859           0     10808.3           0
15          72      199.62     180.413           0     10990.9           0
15          73     200.459     180.961           0     27885.6           0
15          74     201.281     181.536           0     12604.2           0
15          75     202.041     182.185           0     16661.1           0
15          76     202.733      182.91           0     10552.6           0
15          77     203.475     183.577           0     11813.3           0
15          78     204.329     184.095           0     10616.2           0
15          79     205.219     184.557           0     6557.49           0
15          80     206.071     185.084           0     16728.9           0
15          81      206.91     185.632           0     14632.5           0
15          82     207.776     186.136           0     19965.2           0
15          83     208.674     186.582           0      8892.7           0
15          84      209.61     186.934           0     10357.1           0
15          85     210.576     187.201           0     7828.33           0
15          86     211.542      187.47           0     6115.49           0
15          87     212.495     187.779           0     12674.4           0
15          88     213.403     188.193           0     17760.9           0
15          89     214.216     188.773           0     10229.1     410.037
15          90     215.022     189.365           0     31938.2     758.266
15          91     215.921     189.792           0     25542.9           0
15          92     216.884     190.069           0     28968.1           0
15          93      217.84     190.363           0     18198.6           0
15          94     218.727     190.818           0     21720.7     4240.86
15          95     219.561     191.375           0     16030.2     1767.77
15          96     220.401     191.921           0     30800.6           0
15          97     221.244     192.464           0     18983.1           0
15          98     222.037     193.074           0     34231.9           0
15          99     222.771     193.757           0     23150.4           0
15         100     223.467     194.478           0     17774.9           0
15         101     224.111     195.245           0     24017.1           0
15         102      224.72     196.042           0     19112.2           0
15         103     225.462      196.69           0     25081.9           0
15         104     226.392     197.012           0     25648.7     1538.56
15         105     227.375     197.207           0     21664.6     8909.19
15         106     228.303     197.564           0     14218.6     7480.38
15         107      229.16     198.082           0     24804.4     5759.64
15         108      230.03     198.576           0     14535.6     8652.25
15         109      230.95     198.972           0     29881.8     3119.77
15         110     231.874     199.361           0     17985.1           0
15         111     232.748     199.847           0     13869.7           0
15         112     233.607     200.364           0     9324.68           0
15         113     234.519      200.77           0     16074.1           0
15         114     235.468     201.093           0       22047           0
15         115     236.403     201.454           0     14363.5           0
15         116     237.312     201.877           0     30790.9           0
15         117     238.216      202.31           0       26980           0
15         118     239.146     202.682           0     34421.2           0
15         119     240.096     203.001           0     60122.3           0
15         120      241.02     203.385           0     38124.1     662.312
15         121     241.864      203.92           0     38948.2     1647.43
15         122     242.692     204.483           0     22763.8     3143.68
15         123     243.611     204.863           0     37609.9     2320.27
15         124     244.595     205.036           0     37974.1     6115.23
15         125     245.574     205.242           0     29488.6     390.879
15         126     246.476     205.661           0     25747.5           0
15         127       247.4      206.04           0     54414.9     1128.66
15         128     248.385     206.089           0     41714.3      3490.1
15         129     249.385     206.029           0     34572.1     32.1067
15         130     250.388     206.001           0     27756.4           0
15         131      251.39     205.995           0     20220.1           0
15         132     252.393     205.997           0     17717.9           0
15         133     253.395     205.999           0     21995.8           0
15         134     254.398         206           0     24234.5           0
15         135     255.401         206           0     28893.1           0
15         136     256.403         206           0     38356.4     1214.23
15         137     257.406         206           0     44940.6     3776.82
15         138     258.409     206.001           0     50699.5     3983.59
15         139     259.411         206           0     49030.2     7522.19
15         140     260.414     205.996           0     45019.8     8102.28
15         141     261.416     205.998           0     42827.2           0
15         142     262.418     206.041           0       36921           0
15         143     263.407     206.196           0     27957.6           0
15         144     264.362     206.495           0     16959.5           0
15         145     265.312     206.817           0     27338.8           0
15         146     266.297     206.983           0     23509.8           0
15         147     267.298     207.025           0     15782.2     4153.14
15         148       268.3     207.034           0     12314.2     2092.91
15         149     269.302     207.075           0     9592.34     644.868
15         150     270.297     207.197           0     7030.45           0
15         151     271.271      207.43           0     5780.98           0
15         152      272.23     207.722           0     11039.7           0
15         153     273.186     208.025           0     16548.8           0
15         154      274.13     208.362           0     10491.1           0
15         155     275.048     208.763           0     11185.6           0
15         156     275.948     209.206           0     11828.6           0
15         157     276.838     209.666           0     8605.25           0
15         158     277.712     210.157           0     10997.7           0
15         159      278.54     210.722           0     6438.36           0
15         160     279.257      211.42           0     7072.82           0
15         161     279.846      212.23           0     13221.2           0
15         162     280.388     213.073           0     8271.09           0
15         163     280.958     213.898           0     15045.9           0
15         164     281.539     214.715           0     7474.49           0
15         165     282.059     215.571           0     10857.9           0
15         166     282.512     216.466           0     5598.86           0
15         167     282.934     217.375           0     11456.4           0
15         168     283.348     218.288           0     6903.86           0
15         169     283.778     219.194           0     11720.4           0
15         170     284.288     220.057           0     15379.7           0
15         171     284.868     220.875           0       13481           0
15         172     285.414     221.715           0     2880.65           0
15         173     285.848     222.618           0           0           0
15         174     286.183     223.563           0           0           0
15         175     286.448      224.53           0           0           0
15         176     286.681     225.505           0     4520.73           0
15         177     286.861     226.491           0     11963.1           0
15         178     286.954      227.49           0     12645.4           0
15         179     286.991     228.491           0     12578.4           0
15         180     287.045     229.493           0     13827.8           0
15         181     287.228     230.478           0     10460.6     446.421
15         182     287.526     231.435           0     6896.33     2318.66
15         183     287.843     232.387           0       12536     1174.21
15         184     288.105     233.354           0       11112     1332.59
15         185     288.334     234.331           0     5715.46     3383.66
#1
16           0     163.672     556.018           0     26027.1           0
16           1      164.17     556.885           0     41651.1           0
16           2     164.641     557.767           0     22025.8           0
16           3     165.121     558.644           0     29443.7           0
16           4     165.636     559.501           0     14026.5           0
16           5     166.219     560.313           0     15111.4           0
16           6     166.767     561.149           0     14875.9           0
16           7     167.282     562.006           0     14705.8           0
16           8     167.873     562.812           0     18354.3           0
16           9     168.547     563.551           0     13762.2           0
16          10     169.254     564.257           0       17555           0
16          11     169.967     564.958           0     23749.5           0
16          12     170.664     565.675           0     13486.7           0
16          13     171.298     566.448           0     11823.1           0
16          14     171.834     567.292           0     17403.7           0
16          15     172.367     568.138           0     14607.9           0
16          16     172.939     568.957           0     19938.4           0
16          17     173.498     569.786           0     10166.5           0
16          18     174.025     570.636           0     26321.6     4.57613
16          19     174.599     571.454           0       12117     82.9971
16          20     175.286      572.18           0     12588.4      250.57
16          21     176.028      572.85           0     18666.1     403.363
16          22     176.655      573.63           0     15194.7     2531.54
16          23     177.164      574.49           0     15308.7     782.982
16          24     177.641     575.368           0     5947.97     626.182
16          25      178.22     576.183           0     6776.14     407.674
16          26     178.886     576.929           0     9348.63           0
16          27     179.606     577.622           0     8217.35           0
16          28     180.391     578.242           0     9821.84           0
16          29      181.26     578.736           0     14970.4           0
16          30     182.152     579.187           0     18122.6           0
16          31     183.001     579.715           0     4142.68           0
16          32     183.745     580.383           0           0           0
16          33     184.457     581.085           0     695.671           0
16          34     185.289     581.639           0       11574           0
16          35       186.2     582.051           0     17420.5           0
16          36     187.135     582.404           0     10043.9           0
16          37     188.043     582.822           0     13793.9           0
16          38     188.949     583.245           0     9783.57           0
16          39     189.874     583.623           0     6520.96           0
16          40     190.823     583.939           0     12420.1           0
16          41     191.776     584.242           0     9511.34           0
16          42     192.721     584.568           0     7070.02           0
16          43     193.673     584.872           0     13114.7           0
16          44     194.622     585.185           0     13592.4           0
16          45     195.557     585.539           0     7454.57           0
16          46     196.493     585.891           0     9614.49           0
16          47     197.445     586.197           0     6407.02           0
16          48     198.405     586.476           0     4872.81           0
16          49     199.372     586.729           0     11426.9           0
16          50     200.352     586.925           0     19628.4           0
16          51      201.33     587.133           0     20385.6           0
16          52     202.284     587.434           0     12107.5           0
16          53     203.224     587.773           0     17438.5           0
16          54     204.204     587.969           0     17965.5           0
16          55     205.202     588.026           0     16378.6           0
16          56     206.202     588.031           0     13255.5           0
16          57     207.202     588.024           0     15366.1           0
16          58     208.201     588.009           0       20632           0
16          59       209.2     587.963           0     19357.3           0
16          60     210.192     587.837           0     13124.6           0
16          61     211.171     587.637           0      7668.2           0
16          62     212.138     587.381           0     7603.93     605.138
16          63     213.112     587.159           0     13347.1     2152.06
16          64     214.061     586.843           0     17550.9     1383.09
16          65     214.866      586.25           0     22842.8     3404.25
16          66     215.601     585.573           0     9554.27     3551.92
#1
17           0     212.958     463.152           0           0           0
17           1     213.867     463.574           0     9695.17           0
17           2     214.806     463.927           0     19165.2           0
17           3     215.753     464.255           0     17614.6           0
17           4     216.689     464.614           0     10107.3           0
17           5     217.613     465.001           0     17948.4           0
17           6     218.517     465.433           0     9629.76           0
17           7     219.462     465.767           0     17304.4     236.722
17           8     220.417     466.072           0     26229.5      2160.6
17           9     221.338     466.468           0     15715.7     3019.61
17          10     222.201     466.978           0     21006.1     4500.23
17          11     223.017      467.56           0     446.194     4004.48
17          12     223.612     468.366           0     27893.6     1727.89
17          13     224.086     469.249           0     41803.6     8078.75
17          14      224.68     470.056           0     37419.7           0
17          15     225.471     470.672           0     12799.1           0
17          16      226.25     471.303           0     11959.7           0
17          17      227.01     471.956           0     18706.2           0
17          18     227.813     472.556           0       10150           0
17          19     228.658     473.095           0     17880.6           0
17          20     229.488     473.658           0     11160.8           0
17          21     230.221     474.341           0     13212.1           0
17          22     230.902     475.077           0     12452.2           0
17          23     231.704     475.678           0     11739.8           0
17          24     232.593     476.141           0     13991.5           0
17          25     233.507     476.552           0       10002           0
17          26     234.405     476.998           0     20301.5           0
17          27     235.268     477.507           0     8385.37           0
17          28     236.093     478.076           0     14167.9           0
17          29     236.914     478.651           0      9136.5           0
17          30     237.757     479.193           0     10260.4           0
17          31      238.59     479.751           0     8648.68           0
17          32     239.364     480.387           0     9045.83           0
17          33     240.124     481.041           0     15175.3           0
17          34      240.94     481.624           0     13790.6           0
17          35     241.782     482.167           0     20950.7           0
17          36     242.613     482.728           0     14259.8           0
17          37     243.378     483.375           0     12170.4           0
17          38     244.131     484.037           0     12511.8           0
17          39     244.933     484.638           0     7359.55           0
17          40     245.774     485.183           0     9814.83           0
17          41     246.604     485.745           0      7542.5           0
17          42     247.372     486.389           0     8506.42           0
17          43     248.094     487.084           0     18064.3           0
17          44     248.802     487.794           0     17062.1           0
17          45     249.508     488.505           0     13429.5           0
17          46     250.216     489.215           0     19162.8           0
17          47     250.924     489.924           0     33161.6           0
17          48     251.633     490.632           0     22792.6           0
17          49     252.344     491.339           0     24256.8           0
17          50     253.057     492.044           0       40455           0
17          51     253.754     492.764           0     24891.8     1401.16
17          52     254.375      493.55           0     19426.9     4619.51
17          53     254.871     494.421           0     35802.3           0
17          54     255.465     495.228           0     22826.6     400.914
17          55     256.295     495.789           0     26044.7     4267.96
17          56     257.243     496.112           0     33662.8     2010.59
17          57     258.175     496.482           0     16219.1           0
17          58     259.007     497.041           0     25074.8           0
17          59     259.744     497.719           0     13990.7           0
17          60     260.448     498.433           0     12290.6           0
17          61     261.149     499.149           0       20290           0
17          62     261.854     499.862           0     28058.3     5.83521
17          63     262.571     500.562           0     16065.8     158.999
17          64     263.328     501.219           0     16802.4     94.6712
17          65      264.14     501.806           0     22366.6     124.201
17          66     264.899      502.46           0     21707.6     70.2559
17          67     265.536     503.234           0     10735.1     243.067
17          68     266.123     504.046           0     27172.8           0
17          69     266.791     504.794           0     22122.6           0
17          70     267.494     505.509           0     16783.1           0
17          71     268.203     506.217           0     22930.5     176.932
17          72     268.931     506.906           0     31414.6     1065.97
17          73     269.723      507.52           0     19608.6     1767.71
17          74      270.57     508.056           0     37640.8     1465.16
17          75     271.421     508.586           0     20060.3     2873.35
17          76     272.222     509.187           0     28390.6     2580.47
17          77     273.072     509.719           0     31416.3     1650.91
17          78     274.012     510.065           0     34387.7     930.502
17          79     274.979      510.33           0     20221.4           0
17          80     275.908     510.705           0     17663.7           0
17          81     276.797     511.168           0       23334           0
17          82     277.628     511.728           0     23483.4           0
17          83     278.415     512.349           0     22131.1           0
17          84     279.271      512.87           0     31488.4           0
17          85     280.268     512.844           0       26697     5013.09
17          86     281.168     512.404           0     14139.6     273.803
17          87     282.156     512.239           0     13492.2     3388.02
17          88     283.148     512.375           0     6159.24     3834.35
17          89     284.118     512.628           0     5810.28     1762.02
17          90     285.103     512.816           0      9087.7           0
17          91     286.098     512.933           0     12528.2           0
17          92     287.091      513.07           0     17317.3     473.491
17          93     288.058     513.335           0     11439.7           0
17          94     288.993     513.695           0     13819.2           0
17          95     289.959     513.962           0     17430.8           0
17          96     290.944     514.146           0     12931.1           0
17          97     291.921     514.369           0     7424.48           0
17          98     292.876     514.676           0     9610.11           0
17          99     293.852     514.902           0     10954.1           0
17         100     294.848     515.017           0     8360.61           0
17         101     295.845     515.114           0     6795.68           0
17         102      296.83     515.303           0     7343.04           0
17         103     297.779     515.624           0     13488.2           0
17         104     298.745      515.89           0     24178.4           0
17         105     299.741     515.997           0     23187.2           0
17         106     300.744     516.009           0     16645.3           0
17         107     301.746     515.994           0     14003.4           0
17         108     302.748     515.991           0     12927.9           0
17         109     303.748     516.054           0     9954.66           0
17         110     304.724     516.283           0     10330.1     218.082
17         111     305.613     516.745           0     12820.1      859.11
17         112     306.479      517.25           0       11479     2574.35
17         113     307.431     517.561           0     10372.3     1585.35
17         114     308.412     517.369           0     18569.5     1002.23
17         115      308.84      516.47           0     27308.7     3873.64
17         116     308.719     515.475           0     16808.2     1284.93
17         117     308.335     514.549           0     5385.28           0
#1
18           0     279.395     513.166           0     33425.4     535.702
18           1     279.954     513.992           0     36155.9     664.322
18           2     280.322     514.919           0       21882     3488.15
18           3     280.722     515.832           0     15317.2     3651.24
18           4     281.152     516.732           0     15806.9     665.449
18           5     281.583     517.631           0      9015.8           0
18           6     282.036     518.519           0       16308           0
18           7     282.543     519.378           0     10057.9           0
18           8     283.166     520.157           0     19201.8           0
18           9     283.855     520.878           0     23852.9           0
18          10      284.57     521.573           0     13706.4           0
18          11     285.328      522.22           0     13675.3           0
18          12      286.16     522.771           0     9675.07           0
18          13     287.037     523.246           0     11043.8           0
18          14     287.924     523.702           0     11832.7           0
18          15     288.808     524.163           0     17111.2           0
18          16     289.713     524.581           0     11747.3           0
18          17      290.67     524.861           0     17454.7           0
18          18      291.66      524.98           0     19001.9           0
18          19     292.655     525.051           0     19663.9           0
18          20     293.638     525.219           0     17328.1           0
18          21      294.59     525.514           0     9834.09           0
18          22     295.547     525.795           0     15241.1     1171.13
18          23     296.531     525.955           0     19720.1           0
18          24     297.527     526.005           0     20302.1           0
18          25     298.525      526.01           0     19676.2           0
18          26     299.522     526.025           0     18056.7           0
18          27     300.517     526.087           0     14443.5           0
18          28     301.507     526.208           0     11009.7           0
18          29     302.491      526.37           0     7706.64           0
18          30     303.488     526.371           0     8143.54           0
18          31     304.474     526.223           0     11975.7     344.186
18          32      305.47     526.183           0       14117     628.501
18          33     306.457     526.326           0     6895.93     1574.42
18          34     307.432     526.534           0     13034.5     2289.33
#1
19           0     278.437     421.705           0     19476.8           0
19           1     279.228     421.103           0       20100           0
19           2     280.122     420.669           0     15232.4           0
19           3     281.019     420.239           0     18964.5           0
19           4     281.903     419.784           0     21030.9     203.244
19           5     282.786     419.327           0     12773.1     967.536
19           6     283.678     418.887           0     16026.2      2261.6
19           7     284.591     418.494           0     12414.3     6449.03
19           8     285.523     418.149           0     29725.6     4183.27
19           9     286.449     417.787           0     36940.7     4509.83
19          10       287.4     417.498           0     42258.9     1661.94
19          11     288.339      417.17           0     36107.8     2819.31
19          12     289.198     416.669           0     19574.1     5592.78
19          13     290.076     416.203           0     18191.5     1578.39
19          14     290.965     415.758           0     16905.1     54.3263
19          15     291.854     415.314           0     15805.4           0
19          16     292.742     414.868           0     22436.3           0
19          17     293.649      414.46           0     16434.1           0
19          18     294.593     414.149           0     31981.8           0
19          19      295.56     413.918           0     37549.1           0
19          20     296.534     413.718           0     30322.7     216.718
19          21     297.528     413.737           0     22984.1      4200.5
19          22     298.509     413.899           0     17678.6     1560.53
19          23     299.498     413.996           0     14843.4     593.107
19          24     300.492     414.035           0       12241     398.593
19          25     301.486     414.039           0       12773           0
19          26      302.48     414.006           0     17169.3     1.54423
19          27     303.464     413.866           0     20469.9           0
19          28     304.411     413.563           0     13710.4           0
19          29     305.358     413.262           0     22573.1           0
19          30     306.346     413.154           0     32924.6           0
19          31     307.319     413.362           0     33608.1     10578.5
#1
20           0     311.002     390.156           0     28861.1     4748.05
20           1     310.985     391.159           0     25268.5     5159.83
20           2     310.966     392.162           0     21734.7     5882.18
20           3     310.962     393.165           0       20031     5638.62
20           4     311.051     394.165           0     28064.3     4484.32
20           5      311.39     395.109           0     17780.4           0
20           6     311.949     395.942           0     35827.4           0
20           7     312.517      396.77           0     22824.9           0
20           8     312.882     397.704           0     43503.3           0
20           9     313.013     398.699           0     46881.6           0
20          10     313.026     399.702           0     42993.6           0
20          11     313.018     400.705           0     34607.1           0
20          12     312.976     401.708           0     33962.2           0
20          13     312.794     402.695           0     29436.3           0
20          14      312.46     403.641           0     17211.9           0
20          15     312.136     404.591           0     26933.4           0
20          16     311.834     405.547           0     26053.1           0
20          17     311.482     406.487           0     14051.4           0
20          18     311.063     407.399           0     23264.2           0
20          19     310.643      408.31           0     14107.5     3.58209
20          20     310.292      409.25           0     20644.5     1673.58
20          21     310.006     410.212           0     36621.2     873.683
20          22     309.607     411.132           0     23579.1           0
20          23     309.007     411.936           0     36949.1           0
20          24     308.341     412.686           0     24966.2           0
20          25     307.872     413.574           0     42143.1           0
20          26     307.908     414.576           0     35800.8     1340.21
20          27      307.98     415.577           0     28820.1           0
20          28     308.011      416.58           0     20796.6     1277.05
20          29     308.021     417.583           0     20288.8     700.632
20          30     308.018     418.587           0     26719.9           0
20          31     307.965     419.589           0     25421.4           0
20          32     307.786     420.576           0     18966.7           0
20          33     307.453     421.522           0     11074.1     1.89225
20          34     307.023     422.429           0       18153     812.511
20          35     306.597     423.337           0     9642.31     1961.95
20          36     306.265     424.284           0     16256.1      1528.1
20          37     306.054     425.265           0     21374.5     3009.53
20          38     305.816      426.24           0     25927.9     870.603
20          39     305.422     427.162           0     29121.3      1785.2
20          40     305.101     428.113           0     28472.4     900.358
20          41     304.957     429.106           0     27379.9           0
20          42     304.793     430.096           0     21114.5           0
20          43      304.46     431.042           0     7081.16           0
20          44     303.944     431.902           0      4117.4           0
20          45     303.304     432.676           0     4525.25           0
20          46     302.674     433.457           0     5350.16           0
20          47     302.197     434.339           0     7831.13           0
20          48     301.892     435.295           0     8022.81     4423.43
20          49     301.779     436.292           0     26041.6           0
20          50      301.88      437.29           0     28201.6           0
20          51     301.832     438.292           0     25163.4           0
20          52     301.572     439.261           0     11814.2           0
20          53     301.171     440.181           0     15718.4           0
20          54     300.671     441.051           0     13070.2           0
20          55     300.123     441.891           0     7426.63           0
20          56     299.568     442.727           0     4358.67           0
20          57     299.032     443.575           0     12075.9           0
20          58     298.464     444.402           0      8138.7           0
20          59     297.817     445.169           0     13359.4           0
20          60      297.12     445.891           0     16405.9           0
20          61      296.41       446.6           0     10808.4           0
20          62     295.701      447.31           0     11405.6           0
20          63     294.992      448.02           0     13199.6           0
20          64     294.264     448.711           0     7536.45           0
20          65     293.488     449.347           0     6281.91           0
20          66     292.643     449.887           0     11115.6           0
20          67     291.818     450.459           0     6073.44           0
20          68     291.023     451.071           0     10343.8     813.677
20          69     290.248     451.708           0     11475.6     2956.95
20          70     289.447     452.312           0     10782.5     4039.89
20          71      288.66     452.935           0     25693.2     408.641
#1
21           0     294.984     590.896           0     27427.1     8280.38
21           1      295.96     591.124           0     17553.4     4288.34
21           2     296.943     591.315           0      7673.9     704.632
21           3     297.925     591.515           0     2961.96           0
21           4     298.893     591.773           0     7776.93           0
21           5     299.836     592.111           0     13868.5           0
21           6     300.725     592.573           0     11672.6           0
21           7     301.675      592.89           0       17744           0
21           8     302.668     593.023           0     15711.4           0
21           9     303.668     593.093           0     11799.8           0
21          10     304.663      593.21           0     10054.3           0
21          11     305.643     593.419           0     2719.36           0
21          12      306.61     593.678           0     8816.96           0
21          13     307.598     593.848           0     19103.9           0
21          14     308.597     593.776           0     18094.8           0
21          15     309.554     593.481           0     10121.1           0
21          16      310.51     593.181           0     11725.7           0
21          17     311.501     593.033           0     9371.59           0
21          18     312.502     592.998           0     8254.98           0
21          19     313.504     593.004           0     10063.8           0
21          20     314.506     592.982           0     15117.9           0
21          21     315.498     592.848           0     17758.6           0
21          22     316.455     592.551           0     11393.5           0
21          23     317.408     592.242           0     16727.6           0
21          24     318.389      592.04           0     21700.4           0
21          25     319.375     591.862           0     20288.4           0
21          26     320.335     591.573           0     12295.2           0
21          27     321.251     591.169           0     16405.2           0
21          28      322.15     590.725           0     15459.6           0
21          29     323.067     590.321           0     9820.82           0
21          30     324.024     590.025           0     14722.7           0
21          31     324.963     589.676           0     11332.3           0
21          32     325.806     589.136           0     15282.3           0
21          33     326.551     588.466           0     12617.9           0
21          34     327.258     587.756           0     17054.6           0
21          35     327.961     587.042           0     22019.3           0
21          36     328.666     586.331           0     12655.5           0
21          37     329.372      585.62           0     11036.3           0
21          38     330.082     584.912           0       13705           0
21          39     330.807     584.222           0     10619.1           0
21          40     331.569     583.571           0     11137.7           0
21          41     332.357     582.951           0     27215.8           0
21          42     333.126      582.31           0     21780.8           0
21          43     333.776     581.547           0     14705.5           0
21          44      334.41     580.771           0     8899.06           0
21          45      335.03     579.985           0     21626.3           0
21          46     335.637     579.187           0     18503.4           0
21          47     336.188     578.351           0     19626.3           0
21          48     336.716       577.5           0      8757.4           0
21          49     337.331     576.709           0     9500.42           0
21          50     337.987     575.951           0     15323.4           0
21          51     338.589     575.151           0     12744.1           0
21          52     339.122     574.302           0     21334.8           0
21          53     339.579     573.411           0     11713.5           0
21          54     339.967     572.487           0     16344.3           0
21          55     340.272     571.533           0      7359.8           0
21          56     340.548      570.57           0     5361.95           0
21          57      340.81     569.603           0     11833.5           0
21          58     341.028     568.625           0     14308.3           0
21          59     341.245     567.647           0     9104.37           0
21          60     341.513     566.682           0     5491.38           0
21          61     341.791     565.719           0     13110.7           0
21          62     341.965     564.733           0     14462.1           0
21          63     342.024     563.732           0     10746.5           0
21          64     342.032     562.731           0     6508.69           0
21          65     342.023     561.729           0     9656.06           0
21          66     342.012     560.727           0     15863.9           0
21          67     342.004     559.725           0     20976.6           0
21          68     342.001     558.723           0     25849.8           0
21          69         342     557.722           0     20649.5           0
21          70         342      556.72           0     23192.1           0
21          71         342     555.718           0     23957.1           0
21          72         342     554.716           0     20748.2           0
21          73         342     553.714           0     16364.8           0
21          74         342     552.712           0     15291.6           0
21          75         342     551.711           0     17064.5           0
21          76         342     550.709           0     20668.3           0
21          77         342     549.707           0     24374.1           0
21          78         342     548.705           0     24634.9           0
21          79         342     547.703           0     22952.3           0
21          80     342.001     546.701           0     19314.3           0
21          81     342.001     545.699           0     10191.2           0
21          82     342.002     544.698           0     7466.83           0
21          83     342.001     543.696           0     11350.9           0
21          84     341.998     542.694           0     14787.1           0
21          85     341.991     541.692           0     12746.7           0
21          86     341.979      540.69           0     12183.8           0
21          87     341.971     539.689           0     12590.4           0
21          88     341.995     538.687           0     14838.2           0
21          89     342.114     537.692           0     17508.4           0
21          90     342.396     536.731           0     11828.2           0
21          91     342.731     535.787           0       14167           0
21          92     342.923     534.804           0     15691.6           0
21          93     342.993     533.804           0     21876.5           0
21          94     343.019     532.803           0     21517.1           0
21          95     343.068     531.802           0     16372.1           0
21          96     343.191     530.808           0     11405.7           0
21          97     343.415     529.831           0     5817.85           0
21          98     343.699     528.871           0     4878.91           0
21          99     343.918     527.893           0      3592.3           0
21         100     344.094     526.907           0     2694.59           0
21         101      344.32     525.931           0     5668.02           0
21         102     344.623     524.976           0     10125.8           0
21         103     344.878     524.007           0     22903.3           0
21         104     345.078     523.025           0     21665.6           0
21         105     345.329     522.055           0     12425.5           0
21         106     345.712      521.13           0     14979.7           0
21         107     346.154     520.231           0     18189.1           0
21         108     346.585     519.326           0     11231.8           0
21         109     346.972     518.402           0     18412.7           0
21         110     347.342     517.472           0     14152.1           0
21         111     347.654     516.519           0     12619.5           0
21         112     347.921     515.554           0     12799.3           0
21         113     348.158      514.58           0     13132.4           0
21         114     348.449     513.622           0     7715.85           0
21         115     348.774     512.674           0     10078.1           0
21         116     349.079      511.72           0     11850.2     714.208
21         117     349.406     510.773           0     9585.27     2656.03
21         118      349.75     509.832           0     18438.4     6188.83
21         119     349.945     508.849           0       22275     5318.49
21         120     349.935     507.848           0       21077     4684.18
21         121     349.792     506.856           0     20884.9      7066.5
21         122     349.663     505.863           0     25400.7           0
21         123     349.933     504.898           0     21789.3           0
21         124      350.28     503.959           0     16824.3           0
21         125     350.703     503.051           0     16921.3           0
21         126     351.153     502.155           0     22746.9           0
21         127     351.609     501.263           0     21420.1           0
21         128     352.073     500.375           0     39323.3           0
21         129     352.518     499.478           0     17800.2           0
21         130     352.966     498.582           0     27258.4           0
21         131      353.42     497.688           0     14059.7           0
21         132     353.866     496.792           0       21247           0
21         133     354.296     495.887           0       13405           0
21         134     354.704     494.972           0     14030.5           0
21         135     355.164     494.082           0       26495           0
21         136     355.662     493.212           0     22625.3           0
21         137     356.084     492.304           0     27099.3           0
21         138      356.37     491.344           0     7899.38           0
21         139     356.605      490.37           0     4402.13           0
21         140     356.789     489.385           0       10083           0
21         141     356.944     488.395           0     17392.5           0
21         142      357.16     487.417           0     20012.8           0
21         143      357.48     486.468           0     11499.1           0
21         144      357.78     485.512           0     15892.3           0
21         145     357.982     484.531           0     20538.2           0
21         146     358.181     483.549           0     17900.6           0
21         147     358.477     482.592           0       13146           0
21         148      358.79      481.64           0     26903.2           0
21         149     358.974     480.655           0     33914.1           0
21         150     359.009     479.654           0     25614.6           0
21         151     359.005     478.652           0     20182.4           0
21         152     359.027     477.651           0     18205.9           0
21         153      359.15     476.657           0     16806.4           0
21         154     359.428     475.694           0     11085.6           0
21         155     359.761      474.75           0     11461.9           0
21         156     359.941     473.764           0     8367.85           0
21         157     359.995     472.764           0     9973.02           0
21         158     360.008     471.762           0     21042.9           0
21         159     360.004      470.76           0     31560.2           0
21         160     359.976     469.759           0     25529.1           0
21         161     359.917     468.759           0     13288.3           0
21         162     359.804     467.763           0     8915.48           0
21         163     359.577     466.787           0     7187.46           0
21         164     359.254     465.839           0     17320.5           0
21         165     358.946     464.886           0     22874.7           0
21         166     358.671     463.922           0     10984.7           0
21         167     358.385     462.962           0      8026.9           0
21         168     358.112     461.998           0     22592.4           0
21         169     357.717     461.078           0     19079.4           0
21         170     357.133     460.264           0     24097.9           0
21         171     356.475     459.508           0     22113.7     163.363
21         172     356.177     458.553           0     23537.1     26.2986
21         173     356.227     457.552           0           0           0
21         174     356.268     456.551           0     11222.8           0
21         175     355.971     455.595           0     15182.3     2290.33
21         176     355.458     454.734           0     6307.17     1677.97
21         177     355.049      453.82           0     14101.6      1374.5
21         178     354.683     452.887           0     11128.3     555.272
21         179     354.323     451.952           0     14013.9           0
21         180     354.063     450.985           0     24780.4           0
21         181     353.877         450           0     21768.6           0
21         182     353.672      449.02           0     8610.39           0
21         183     353.407     448.054           0      1957.8           0
21         184     353.063     447.113           0     1056.91           0
21         185     352.686     446.185           0      1382.5           0
21         186     352.336     445.246           0     4689.88           0
21         187     351.951     444.321           0     16008.6           0
21         188     351.541     443.407           0      7354.7           0
21         189     351.173     442.475           0     7599.92           0
21         190     350.861     441.523           0     7283.72           0
21         191     350.536     440.575           0     5169.56           0
21         192     350.138     439.656           0     13925.1           0
21         193     349.615     438.801           0       12578           0
21         194     348.998     438.012           0     22140.8           0
21         195     348.424     437.191           0     10618.3           0
21         196     348.084     436.249           0     20018.5     131.048
21         197     347.947     435.257           0     20964.1     7072.92
21         198     347.823     434.262           0     15338.1     3563.31
21         199     347.602     433.285           0     6785.76     2581.33
21         200     347.259     432.344           0     6911.26     2135.61
21         201     346.871      431.42           0     14165.5     614.894
21         202     346.722      430.43           0     14873.7           0
#1
22           0     319.014      519.02           0           0           0
22           1     318.192     519.584           0     8336.81           0
22           2     317.364     520.138           0     13359.1           0
22           3     316.532     520.685           0     8150.92           0
22           4     315.743     521.293           0     10828.3           0
22           5     314.981     521.935           0     16852.4           0
22           6     314.215     522.571           0     7540.94           0
22           7     313.389      523.13           0     11078.9     2111.72
22           8     312.557     523.678           0      6592.5     5788.03
22           9     311.727     524.228           0     9318.52      7416.8
22          10     310.803     524.601           0     12240.3     1082.23
22          11     309.812     524.513           0     14954.8     4050.29
22          12     309.167     523.755           0     20971.8     6632.92
22          13     308.971     522.779           0     26067.1     2942.88
22          14     308.956     521.783           0     23844.6      2271.1
22          15      308.96     520.786           0     22239.5     1371.42
22          16     308.913     519.791           0     19165.7           0
22          17     308.796     518.802           0     18307.7           0
22          18     308.711      517.81           0     25407.8           0
22          19     308.889     516.829           0     31858.7     5557.16
22          20     308.995     515.839           0     26510.8      3171.1
22          21     309.018     514.843           0     17700.9           0
22          22     308.994     513.847           0     12571.8           0
22          23     308.896     512.856           0     12851.1           0
22          24     308.661     511.888           0     9508.98           0
22          25     308.343     510.944           0     6648.72           0
22          26     308.121     509.972           0     10216.1           0
22          27     307.997     508.984           0     9955.73           0
22          28     307.874     507.995           0     10266.5           0
22          29     307.662     507.022           0     6084.64           0
22          30     307.363     506.072           0     8273.59           0
22          31     307.116     505.107           0       14721           0
22          32     306.939     504.126           0     12312.4           0
22          33     306.729     503.152           0     10825.8           0
22          34     306.421     502.205           0     10820.4           0
22          35     306.138      501.25           0       19811           0
22          36     305.828     500.303           0     23203.7           0
22          37     305.434     499.388           0     14350.2           0
22          38     304.995     498.494           0     25117.1           0
22          39     304.559     497.598           0     10537.2           0
22          40     304.135     496.697           0     13769.9           0
22          41     303.706     495.798           0     11506.3           0
22          42     303.266     494.903           0     14839.4           0
22          43     302.764     494.043           0     20705.7           0
22          44     302.196     493.225           0     15167.5           0
22          45     301.605     492.422           0     9176.78           0
22          46     301.069     491.583           0     14082.8           0
22          47     300.527     490.747           0     7657.64           0
22          48     299.918     489.959           0     12643.1           0
22          49      299.24     489.229           0     12725.9           0
22          50     298.535     488.525           0     10109.3           0
22          51     297.823     487.828           0     14093.5           0
22          52     297.112      487.13           0     14420.1           0
22          53     296.418     486.415           0     9382.97           0
22          54     295.794     485.638           0     10294.1           0
22          55     295.307      484.77           0      9590.7           0
22          56     294.868     483.875           0       12691           0
22          57     294.267     483.081           0     22806.2           0
22          58     293.463     482.493           0     12390.4           0
22          59     292.592     482.009           0     22303.2           0
22          60     291.733     481.505           0     11434.1           0
22          61     290.925     480.923           0     24160.2           0
22          62      290.12     480.335           0     14424.9           0
22          63      289.26     479.831           0       15430           0
22          64     288.364     479.397           0     7729.01           0
22          65     287.475     478.947           0     12570.8           0
22          66     286.628     478.423           0     7831.65           0
22          67     285.859      477.79           0     14706.5     1754.69
22          68     285.114     477.128           0       20529      3338.6
22          69     284.244     476.643           0     11001.9     5371.76
22          70     283.248     476.659           0     14158.9      131.22
22          71     282.284     476.406           0     11888.4     2202.99
22          72     281.386     475.976           0     21174.2     89.2206
22          73     280.504     475.512           0     11364.7           0
22          74     279.626     475.041           0     20776.4           0
22          75     278.778     474.518           0     9415.39           0
22          76     277.984     473.916           0     16967.7           0
22          77     277.229     473.267           0     8164.47           0
22          78     276.429     472.673           0     5984.89           0
22          79     275.543     472.217           0     10884.9           0
22          80     274.624     471.834           0     11717.6           0
22          81     273.724     471.407           0     5180.45           0
22          82     272.905     470.839           0     7469.43           0
22          83     272.158      470.18           0     6498.66           0
22          84     271.431     469.498           0     6307.67           0
22          85     270.682     468.842           0     9682.95     111.096
22          86     269.893     468.234           0     14550.6     2662.57
22          87     269.307     467.429           0     21904.5           0
22          88     269.007     466.479           0     27481.6           0
22          89     268.905     465.488           0     21127.7     276.292
22          90     268.838     464.494           0     7595.27     732.834
#1
23           0     286.236     580.851           0     24565.9           0
23           1     285.936     579.898           0     34185.9           0
23           2     285.621      578.95           0       15817           0
23           3     285.274     578.013           0     12820.6           0
23           4      285.05     577.039           0     19645.8           0
23           5     284.987     576.042           0     15451.4           0
23           6     284.986     575.043           0     16239.8           0
23           7     284.985     574.044           0       19379           0
23           8     284.988     573.045           0     20088.5           0
23           9     284.987     572.046           0     21176.5           0
23          10     285.005     571.047           0       20943           0
23          11     285.091     570.052           0     17633.7           0
23          12     285.299     569.075           0     12058.7           0
23          13     285.615     568.127           0     11302.7           0
23          14     285.855     567.157           0     18958.9           0
23          15     286.022     566.172           0     23212.2           0
23          16     286.255     565.201           0     17516.6           0
23          17     286.622     564.271           0     12632.2           0
23          18      287.05     563.369           0     22014.6     333.541
23          19     287.485     562.469           0     10818.3     655.972
23          20     287.935     561.577           0     20141.4           0
23          21     288.454     560.723           0     13431.9           0
23          22     289.058     559.927           0     28354.7           0
23          23     289.654     559.126           0     19488.9           0
23          24     290.186      558.28           0     20867.9           0
23          25     290.713     557.431           0     15344.4           0
23          26     291.346     556.659           0     15366.7           0
23          27     292.041     555.941           0       16352           0
23          28     292.751     555.238           0     11376.3           0
23          29     293.461     554.535           0     7803.04           0
23          30      294.17     553.831           0     8914.93           0
23          31     294.879     553.127           0     13853.5           0
23          32     295.591     552.426           0      9708.8           0
23          33       296.3     551.722           0       11486           0
23          34     296.975     550.986           0     18898.8           0
23          35     297.538      550.16           0     7029.61           0
23          36     297.941     549.246           0       12604           0
23          37     298.313     548.319           0     8250.36           0
23          38     298.778     547.435           0     5099.21           0
23          39      299.38     546.637           0     5514.91           0
23          40     300.035     545.883           0     11835.8           0
23          41     300.673     545.114           0       11774           0
23          42     301.325     544.357           0     22029.1     3357.44
23          43     301.705     543.433           0     12408.9           0
23          44     301.914     542.456           0     11538.8     158.198
23          45     302.326     541.547           0       11610     2255.17
23          46     302.874     540.711           0     19013.7     569.492
23          47     303.367     539.842           0     8237.13     4.45822
23          48     303.756     538.922           0     8898.57           0
23          49     304.055     537.968           0     10159.9           0
23          50      304.35     537.014           0     6557.95           0
23          51     304.728     536.089           0     7409.27           0
23          52     305.139     535.178           0     9569.43           0
23          53     305.526     534.257           0     5784.61           0
23          54     305.855     533.314           0     12150.3           0
23          55     306.185     532.371           0     13707.3           0
23          56     306.527     531.432           0     9012.68           0
23          57     306.802     530.472           0     12631.9           0
23          58     306.976     529.488           0       14932           0
23          59      307.15     528.504           0     17675.5     831.792
23          60     307.378     527.532           0     13693.4     3809.14
23          61     307.432     526.534           0     13034.5     3314.09
#1
24           0     293.088     531.939           0           0           0
24           1     293.728     532.698           0     7704.43           0
24           2      294.33     533.488           0     7702.36           0
24           3     294.846     534.336           0     13708.7           0
24           4     295.313     535.212           0     10154.7           0
24           5     295.761     536.098           0      7742.6           0
24           6     296.252     536.961           0     11679.9           0
24           7     296.805     537.786           0     8886.95           0
24           8     297.389     538.589           0     5640.72           0
24           9     297.934     539.419           0     9132.17           0
24          10     298.495     540.238           0     4884.08     222.302
24          11     299.146     540.988           0     10280.9     582.844
24          12     299.892     541.644           0     10343.1      2309.5
24          13     300.599     542.341           0     11581.7     1704.12
24          14     301.203     543.129           0     3437.18     17.1047
24          15     301.915     543.821           0     24169.4     3228.51
24          16     302.765     544.335           0     15236.2           0
24          17     303.631      544.82           0     8005.11           0
24          18     304.415      545.43           0     5878.69           0
24          19     305.134     546.114           0      7077.9           0
24          20     305.829     546.823           0     8263.11           0
24          21      306.53     547.526           0     6598.46           0
24          22     307.265     548.194           0     9173.66           0
24          23     308.056     548.794           0     10522.8           0
24          24     308.883     549.343           0     5768.09           0
24          25     309.708     549.897           0     5524.62           0
24          26     310.487     550.513           0     3687.22           0
24          27     311.256     551.141           0     4565.89           0
24          28     312.069      551.71           0     8756.65           0
24          29     312.921      552.22           0     8552.56           0
24          30       313.8     552.682           0     6379.88           0
24          31     314.672     553.156           0     8587.82           0
24          32     315.523     553.668           0     5508.13           0
24          33     316.351     554.216           0     6943.38           0
24          34       317.2     554.732           0     12737.7           0
24          35     318.035     555.269           0       15378           0
24          36      318.83     555.864           0     18742.7           0
24          37     319.555     556.542           0     9270.99           0
24          38     320.253     557.248           0     8135.72           0
24          39     320.949     557.957           0     7419.27           0
24          40      321.65     558.659           0     8762.97           0
24          41     322.354      559.36           0     7513.35           0
24          42     323.058      560.06           0           0           0
#1
25           0     94.8085     276.116           0     26834.7     10651.6
25           1     95.6906     276.579           0       23832     1869.83
25           2     96.6693     276.762           0     31322.7           0
25           3     97.6217      276.47           0     22517.6     1843.19
25           4      98.501     276.002           0     43045.3     3176.91
25           5       99.28     275.381           0     18285.4     7219.97
25           6     99.8764     274.584           0     38707.7      6634.3
25           7     100.426     273.753           0     27099.9     1372.91
25           8     101.046     272.973           0     47052.7           0
25           9     101.736     272.255           0     24597.1           0
25          10     102.442     271.552           0     18375.1           0
25          11     103.149      270.85           0     24103.1           0
25          12     103.854     270.146           0     15237.2           0
25          13     104.558     269.442           0     9940.03           0
25          14     105.263     268.738           0     11852.2           0
25          15     105.967     268.033           0     17609.2           0
25          16     106.671     267.329           0       11985           0
25          17     107.376     266.624           0     11568.6           0
25          18      108.08      265.92           0     17891.5           0
25          19     108.785     265.216           0     14760.3           0
25          20     109.489     264.511           0     9814.83           0
25          21     110.193     263.806           0     11518.1           0
25          22     110.895       263.1           0     15919.4           0
25          23     111.595     262.392           0     10114.3           0
25          24     112.302     261.689           0     11186.6           0
25          25      113.04      261.02           0     18704.1           0
25          26     113.844     260.432           0     10985.9           0
25          27     114.684     259.898           0     21637.5           0
25          28      115.52     259.356           0     11770.7           0
25          29     116.318     258.759           0     12713.2           0
25          30     117.137     258.191           0     13868.7           0
25          31     117.976     257.655           0     8169.08           0
25          32     118.798     257.093           0     10983.7           0
25          33     119.555     256.445           0     6934.92           0
25          34     120.272     255.753           0     8375.56           0
25          35     120.976     255.049           0     17486.4           0
25          36     121.665     254.329           0     10977.5           0
25          37     122.304     253.565           0     10614.8           0
25          38     122.855     252.735           0     16134.5           0
25          39     123.436     251.926           0     7720.77           0
25          40     124.168     251.251           0     9468.15           0
25          41     125.026     250.745           0     11912.4           0
25          42     125.902     250.271           0     15168.3           0
25          43      126.77     249.782           0     14281.1           0
25          44     127.613      249.25           0     9718.22           0
25          45     128.382     248.617           0     8397.96           0
25          46       129.1     247.927           0     9749.23           0
25          47     129.793     247.212           0     6400.53           0
25          48      130.47     246.481           0     5645.08           0
25          49      131.13     245.735           0     9108.81           0
25          50     131.818     245.015           0     14383.6           0
25          51     132.697     244.546           0     5428.23     81.1771
25          52     133.632     244.201           0     9867.44     1886.55
25          53     134.455      243.64           0      7912.1     1843.21
25          54      135.15     242.926           0     13132.3     2354.23
25          55     135.829     242.197           0       12112     3209.33
25          56     136.521     241.481           0      8233.7     1442.42
25          57     137.223     240.774           0     10023.1     200.115
25          58     137.928      240.07           0     10525.3     31.9406
25          59     138.633     239.366           0     7330.34     1046.42
25          60     139.338     238.662           0     8532.08     945.797
25          61     140.042     237.958           0     18462.5     1581.93
25          62     140.746     237.254           0     1294.51     957.544
#1
26           0     131.657     244.733           0     11734.9           0
26           1     131.904     243.759           0     15064.8           0
26           2     132.008      242.76           0     11163.7     1.92836
26           3     132.041     241.756           0     8650.34     2030.03
26           4     132.041     240.752           0     11178.2     1834.87
26           5     132.007     239.748           0     15125.2     1822.78
26           6     131.883     238.751           0       12584           0
26           7      131.62     237.782           0     8042.25           0
26           8     131.239     236.852           0     11130.8           0
26           9     130.791     235.953           0     15000.9           0
26          10     130.322     235.065           0     12712.6           0
26          11     129.852     234.177           0     19144.9           0
26          12     129.398     233.281           0     11618.8           0
26          13     128.948     232.383           0     21918.8           0
26          14     128.528      231.47           0     12216.1           0
26          15     128.169     230.532           0     20237.1           0
26          16     127.804     229.597           0     18403.5           0
26          17     127.287     228.735           0     7939.47           0
26          18     126.512     228.097           0     18404.9           0
26          19     125.644     227.591           0     12945.7           0
26          20     124.817     227.021           0     29667.9     1768.87
26          21     124.241     226.199           0     33570.1           0
26          22     124.048     225.213           0     39890.7           0
26          23     124.049     224.209           0     45320.7           0
26          24     123.905     223.216           0     39894.1     1951.99
26          25     123.353     222.377           0     16130.6           0
26          26     122.673     221.637           0     12970.1           0
26          27     121.992     220.899           0     13871.3           0
26          28     121.395     220.091           0     10196.4           0
26          29     120.871     219.234           0     17680.8           0
26          30     120.389     218.353           0     12891.2           0
26          31     119.901     217.475           0     18051.1           0
26          32     119.381     216.615           0     7817.92           0
26          33     118.772     215.817           0     11977.9           0
26          34     118.108     215.063           0     15559.6           0
26          35     117.481     214.278           0     7621.55           0
26          36     116.923     213.443           0     12088.2           0
26          37     116.384     212.595           0     5272.56           0
26          38     115.817     211.766           0     6781.91           0
26          39     115.278     210.919           0     12852.3           0
26          40     114.778     210.048           0     13494.8           0
26          41     114.329     209.149           0     8611.69           0
26          42     113.883     208.249           0     14392.5           0
26          43      113.43     207.352           0     9967.01           0
26          44     112.969      206.46           0     19856.5           0
26          45     112.523      205.56           0     9551.87           0
26          46     112.135     204.633           0     11419.6           0
26          47     111.837     203.674           0     8475.87           0
26          48     111.627     202.692           0     8800.96           0
26          49     111.592     201.688           0     10796.9           0
26          50     111.902     200.732           0     22013.4           0
26          51     112.377     199.847           0       10676           0
26          52     112.862     198.967           0           0           0
#1
27           0     80.0071     335.975           0           0           0
27           1     79.1636     335.465           0     8332.57           0
27           2     78.3198     334.956           0     21909.5           0
27           3     77.4578     334.478           0     15402.1           0
27           4     76.5874     334.016           0     31295.6           0
27           5     75.7115     333.564           0     12570.4           0
27           6     74.8256     333.132           0     11543.7           0
27           7     73.9288     332.724           0     8259.01           0
27           8     73.0413     332.295           0     15343.4           0
27           9     72.1696     331.835           0     23663.8           0
27          10     71.2586     331.459           0     11287.4           0
27          11     70.2775     331.366           0     14280.9           0
27          12     69.3262     331.623           0     13583.9           0
27          13     68.3485     331.744           0     17145.2     6468.69
27          14     67.5148     331.219           0     12434.5     169.206
27          15     66.9084     330.442           0     24150.9           0
27          16     66.3065     329.661           0     10784.1           0
27          17     65.5333      329.05           0     21460.4           0
27          18     64.6751     328.566           0     10991.7           0
27          19     63.7936     328.125           0     14951.5           0
27          20     62.9357      327.64           0     9961.77           0
27          21     62.1305     327.072           0     11236.7           0
27          22     61.3928     326.418           0     6654.69           0
27          23      60.684     325.734           0     6248.01           0
27          24     59.9794     325.045           0           0           0
#1
28           0     68.4378     332.353           0     18915.4      6.5751
28           1      67.924     333.213           0     15865.6           0
28           2     67.5533     334.144           0     5895.87           0
28           3     67.2468     335.098           0     13467.2           0
28           4     67.0668     336.084           0     15488.3     29.5549
28           5     66.9963     337.084           0     22082.5           0
28           6     66.9852     338.086           0     16545.5           0
28           7     66.9886     339.088           0     6243.49           0
28           8     66.9928      340.09           0      5545.5           0
28           9     66.9982     341.092           0     10867.8           0
28          10     67.0012     342.094           0     13549.7     1.37823
28          11     66.9988     343.096           0       12255           0
28          12     66.9862     344.098           0     13921.6           0
28          13     66.9582       345.1           0     15770.8           0
28          14     66.9272     346.101           0     14548.6           0
28          15     66.9595     347.103           0     15295.7     257.537
28          16     67.2096     348.073           0     18888.7     1660.53
28          17     67.9251     348.773           0     25675.2     16.7652
28          18     68.9019     348.996           0     35814.5     3144.92
28          19     69.9016     348.928           0     27714.3           0
28          20     70.8777     348.702           0     16891.1           0
28          21     71.8302      348.39           0     7170.45           0
28          22      72.805     348.158           0     6296.94           0
28          23      73.799     348.031           0      5757.6           0
28          24     74.7951     347.922           0     7101.57           0
28          25     75.7787     347.731           0     7570.39           0
28          26     76.7352     347.432           0     8170.09     134.554
28          27     77.7035     347.174           0     17638.1     572.449
28          28     78.6959     347.035           0       23814      908.62
28          29     79.6979     347.044           0     26103.8     738.456
28          30     80.6814     347.236           0     18866.3     434.163
28          31     81.6356     347.542           0      9188.1     51.9918
28          32     82.6019     347.807           0     11024.8           0
28          33     83.5957     347.936           0     10724.4           0
28          34     84.5951     348.009           0     12473.1           0
28          35     85.5843     348.169           0     14519.9           0
28          36     86.5236     348.518           0     11191.3           0
28          37     87.4131     348.979           0     20989.5           0
28          38     88.2577     349.519           0     7357.33           0
28          39     89.0568     350.123           0     7090.59           0
28          40     89.8054      350.79           0     5867.75           0
28          41      90.516     351.496           0     5237.94           0
28          42     91.2161     352.213           0     7957.48           0
28          43     91.9196     352.927           0     8170.47           0
28          44     92.6274     353.636           0     5152.25           0
28          45     93.3369     354.344           0     4211.85           0
28          46     94.0466     355.051           0           0           0
#1
29           0     180.578     568.731           0     3844.81      3360.7
29           1     181.405     569.299           0      5581.3     772.812
29           2     182.264     569.819           0     15059.6     291.356
29           3     183.138     570.313           0     12618.4     137.487
29           4     184.026      570.78           0     19987.3     4.58011
29           5     184.925     571.227           0     17883.6           0
29           6     185.844      571.63           0     13635.6     173.653
29           7     186.787     571.975           0     23557.6           0
29           8     187.745     572.275           0     14354.1           0
29           9     188.696     572.597           0     10569.4           0
29          10     189.659     572.877           0     18321.8           0
29          11     190.641     573.085           0       15971           0
29          12     191.626     573.278           0     9358.79           0
29          13     192.605     573.503           0     4056.47           0
29          14     193.586     573.712           0     4604.05           0
29          15     194.578     573.867           0     5851.05           0
29          16     195.572     574.005           0        8408           0
29          17     196.556     574.201           0       10469           0
29          18     197.519     574.484           0     8534.74           0
29          19     198.484     574.756           0     16197.5           0
29          20     199.474     574.913           0     22484.9           0
29          21     200.476     574.909           0     20450.1           0
29          22     201.469     574.766           0     13241.1           0
29          23     202.442     574.521           0     7172.08           0
29          24     203.403     574.231           0     10264.3           0
29          25     204.339     573.877           0     11798.6           0
29          26     205.168     573.334           0      8436.3     3631.28
29          27     205.716     572.512           0     21901.4           0
29          28       205.9     571.536           0     22511.9     3949.23
29          29     205.793     570.543           0     15678.7           0
29          30     205.462     569.602           0     10840.9           0
29          31     204.943     568.745           0       11211           0
29          32      204.35     567.936           0     15838.7           0
29          33     203.813      567.09           0     17548.5           0
29          34     203.405     566.176           0     9225.18           0
29          35     203.132     565.212           0     8402.98           0
29          36     202.933     564.228           0     9177.57           0
29          37     202.708      563.25           0     9906.66           0
29          38     202.428     562.286           0     10301.2           0
29          39     202.168     561.317           0     16405.2           0
29          40     201.959     560.336           0     16591.3           0
29          41     201.742     559.356           0     13545.6           0
29          42     201.478     558.388           0      8457.5           0
29          43     201.215     557.419           0     12537.2           0
29          44     200.988     556.441           0     15976.9           0
29          45     200.767     555.462           0     11631.2           0
29          46     200.522     554.489           0      6657.1           0
29          47     200.289     553.513           0       10286           0
29          48     200.109     552.526           0     16704.9           0
29          49     199.961     551.533           0     20045.1           0
29          50     199.779     550.546           0     15498.8           0
29          51      199.54     549.572           0     8106.16           0
29          52     199.293     548.599           0     7757.64           0
29          53      199.08     547.618           0     8644.83           0
29          54     198.855      546.64           0       12228           0
29          55     198.564      545.68           0     13355.1           0
29          56     198.256     544.725           0     25485.4           0
29          57     198.057     543.745           0     27549.4           0
29          58     197.985     542.745           0       17928           0
29          59     197.962     541.741           0     9309.21           0
29          60     197.926     540.738           0      6868.6           0
29          61     197.818     539.741           0     11298.5           0
29          62     197.596     538.764           0     10552.5           0
29          63      197.31     537.802           0     13086.2           0
29          64     197.064      536.83           0     17380.4           0
29          65     196.852     535.849           0     15311.7           0
29          66     196.608     534.875           0      8665.8           0
29          67     196.318     533.914           0     11938.4           0
29          68     196.015     532.957           0     24214.5           0
29          69     195.689     532.008           0     15444.7           0
29          70     195.358     531.061           0     10783.7           0
29          71     195.103     530.091           0     16280.2           0
29          72     194.945     529.101           0       11619           0
29          73     194.818     528.105           0     5547.86           0
29          74     194.636     527.119           0      6678.3           0
29          75     194.367     526.152           0     9660.47           0
29          76     194.076     525.192           0     16503.5           0
29          77     193.782     524.232           0     14389.1           0
29          78     193.491     523.271           0     6245.67           0
29          79     193.248     522.298           0     12323.9           0
29          80     193.083     521.308           0     16325.3           0
29          81     192.941     520.314           0     21130.6           0
29          82     192.731     519.334           0       15393           0
29          83     192.451      518.37           0      8906.4           0
29          84       192.2     517.398           0     11950.2           0
29          85     192.058     516.406           0     13062.8           0
29          86     192.007     515.404           0     10080.3           0
29          87         192       514.4           0     12178.6           0
29          88     192.001     513.396           0     19523.1           0
29          89     191.984     512.393           0     19973.6           0
29          90      191.91     511.392           0     16426.1           0
29          91     191.738     510.403           0     12182.1           0
29          92     191.467     509.437           0     8730.42           0
29          93     191.196     508.471           0     14786.7           0
29          94     191.009     507.485           0     17266.4           0
29          95     190.872     506.491           0       11952           0
29          96     190.714       505.5           0     6898.44           0
29          97     190.505     504.518           0     3497.52           0
29          98     190.293     503.537           0     4824.69           0
29          99     190.156     502.543           0     5897.29           0
29         100       190.1      501.54           0     5929.39           0
29         101     190.031     500.539           0     11264.7           0
29         102     189.862      499.55           0     14537.2           0
29         103     189.537     498.601           0     8419.67           0
29         104     189.105     497.695           0     13120.4           0
29         105     188.604     496.825           0     7560.59           0
29         106     188.083     495.967           0           0           0
#1
30           0     201.972     516.026           0           0           0
30           1     202.681     515.318           0     8914.62           0
30           2     203.391     514.612           0     10245.1           0
30           3     204.101     513.906           0     16782.5           0
30           4     204.811       513.2           0       13839           0
30           5     205.505     512.478           0     7763.09           0
30           6     206.149     511.711           0     7459.03           0
30           7     206.706     510.879           0      9813.5           0
30           8     207.257     510.043           0     12832.9           0
30           9     207.853     509.238           0     10545.2           0
30          10     208.514     508.486           0     7385.23           0
30          11     209.168     507.728           0     9403.24           0
30          12      209.74     506.906           0     12104.6           0
30          13     210.244     506.041           0     11662.6           0
30          14     210.714     505.157           0     10727.8           0
30          15     211.206     504.284           0     11035.7           0
30          16     211.746     503.442           0     5952.73           0
30          17     212.376     502.663           0     7530.19           0
30          18     213.028     501.903           0     21142.1           0
30          19      213.61     501.088           0     13757.1     1757.76
30          20     214.146     500.243           0     23341.3     6057.62
30          21     214.704     499.411           0     14425.2      2397.3
30          22     215.357     498.652           0     13548.4     1131.19
30          23     216.029     497.909           0       17765     927.961
30          24     216.632      497.11           0     18015.8     274.518
30          25     217.182     496.273           0     23512.6           0
30          26     217.708     495.421           0     13354.6           0
30          27     218.257     494.584           0     12296.3           0
30          28     218.692     493.682           0     13137.1           0
30          29     219.023     492.737           0     23822.4     232.342
30          30     219.379     491.801           0     14813.4     2549.27
30          31      219.82     490.902           0     14071.3           0
30          32     220.289     490.017           0     11091.8           0
30          33     220.756     489.131           0     7078.58           0
30          34     221.207     488.237           0     5365.93           0
30          35      221.62     487.325           0     2600.51           0
30          36     222.026      486.41           0     4874.84           0
30          37     222.444       485.5           0     3642.25           0
30          38     222.887     484.602           0     10063.1     8.65396
30          39     223.385     483.733           0     7881.61     233.759
30          40     223.955      482.91           0     15390.4     2190.83
#1
31           0     214.385     475.688           0     23273.7     4343.06
31           1     215.311     476.043           0     35599.8     146.868
31           2     216.213     476.457           0     19965.1     4396.13
31           3     217.035     477.012           0     25439.5     4517.38
31           4     217.848     477.581           0     9514.91     273.056
31           5      218.69     478.105           0     16630.4           0
31           6     219.517     478.654           0     8310.35           0
31           7     220.274     479.295           0     8822.12           0
31           8     221.018     479.952           0     14464.4           0
31           9     221.802     480.559           0     8852.75           0
31          10     222.626     481.111           0     15396.1           0
31          11     223.463     481.644           0     8406.81     5.61836
31          12     224.304     482.171           0       15515     1945.35
31          13     225.184     482.627           0     5903.04     539.693
31          14     226.027     483.152           0     8863.63     94.6329
31          15     226.787     483.789           0     8609.29           0
31          16     227.496     484.482           0     5144.41           0
31          17     228.198     485.184           0     5093.88           0
31          18     228.925     485.859           0     7938.52           0
31          19     229.704     486.473           0     4802.99           0
31          20     230.529     487.025           0     9842.97           0
31          21     231.352     487.578           0     4432.03           0
31          22     232.134     488.189           0     5749.88           0
31          23     232.892     488.829           0     6534.56           0
31          24     233.675     489.438           0     3264.07           0
31          25     234.495     489.997           0     5946.73           0
31          26     235.323     490.543           0     3620.04           0
31          27      236.14     491.105           0     7573.86           0
31          28     236.978     491.636           0     7226.67           0
31          29      237.85     492.109           0     8536.96           0
31          30     238.697     492.626           0      8211.7           0
31          31     239.493     493.218           0     5673.86           0
31          32     240.292     493.807           0      9163.4           0
31          33     241.106     494.374           0     6356.31     201.989
31          34      241.92     494.941           0     13858.3     1592.55
31          35     242.731     495.513           0     8550.72     2880.18
31          36     243.579     496.028           0     17381.8     261.874
31          37     244.459     496.486           0     9111.88           0
31          38     245.341     496.939           0     16917.2           0
31          39     246.199     497.437           0     8172.29           0
31          40     247.044     497.957           0           0           0
#1
32           0     129.011      326.96           0           0           0
32           1     129.834     327.524           0     4225.66           0
32           2     130.651     328.095           0     10945.1           0
32           3     131.474      328.66           0      5752.5           0
32           4     132.292      329.23           0     6662.15           0
32           5     133.133     329.766           0     8875.52           0
32           6     133.954     330.332           0     5852.96           0
32           7     134.789     330.877           0     5921.36           0
32           8     135.619     331.431           0     4875.51           0
32           9     136.462     331.964           0     11452.1           0
32          10     137.299     332.506           0     5383.83           0
32          11     138.121     333.072           0     6356.91           0
32          12     138.951     333.624           0     8286.54           0
32          13     139.786     334.169           0     12668.8           0
32          14     140.621     334.715           0     8350.57           0
32          15     141.446     335.276           0     7298.92           0
32          16       142.3     335.791           0     9749.03           0
32          17     143.166     336.286           0     10731.7           0
32          18     144.034     336.777           0     12214.3           0
32          19     144.893     337.284           0     9368.07           0
32          20     145.722     337.839           0     8124.65           0
32          21     146.482     338.484           0     6424.54           0
32          22     147.199     339.178           0     9030.67           0
32          23     147.901     339.886           0     7061.79           0
32          24     148.604     340.594           0      3548.8           0
32          25      149.31     341.298           0     3616.46           0
32          26      150.02     341.998           0     7463.05           0
32          27     150.728     342.701           0      2432.7           0
32          28     151.421     343.419           0     2527.43           0
32          29     152.068     344.178           0     5913.45           0
32          30     152.634     344.999           0     6304.91           0
32          31     153.148     345.853           0     10767.7           0
32          32     153.633     346.725           0     7906.07           0
32          33     154.129      347.59           0     10632.3           0
32          34     154.667      348.43           0     8663.31     336.407
32          35     155.258     349.234           0       14749     3349.77
32          36     155.728     350.113           0       19198           0
32          37     155.997     351.074           0     22831.9           0
32          38     156.149     352.059           0     17651.7           0
32          39     156.365     353.033           0     10509.1           0
32          40     156.682     353.979           0     7727.53           0
32          41     156.968     354.934           0       11419           0
32          42     157.257     355.889           0     7845.23           0
32          43      157.61     356.822           0     5323.61           0
32          44     158.056     357.714           0     14269.3           0
32          45      158.61     358.543           0     9048.32           0
32          46     159.263     359.297           0     10813.6           0
32          47      159.99      359.98           0     19118.5           0
32          48     160.814     360.542           0     13465.2           0
32          49     161.744     360.901           0     24500.7           0
32          50     162.723     361.094           0     22249.1     485.838
32          51       163.7     361.294           0       14022     1747.47
32          52     164.654     361.584           0     11875.2     1766.38
32          53     165.619     361.838           0     21097.2     1499.53
32          54     166.606     361.981           0     25213.5           0
32          55     167.599     362.075           0     22060.3           0
32          56     168.582     362.242           0     15534.2     70.5896
32          57     169.542     362.512           0     9144.18     137.669
32          58     170.504     362.777           0       14299           0
32          59     171.486     362.951           0     16724.8           0
32          60     172.464     363.146           0       13081           0
32          61     173.364     363.576           0     9708.59           0
32          62     174.023     364.325           0     15574.6     2363.51
32          63     174.466     365.218           0     8472.68     1233.53
32          64     174.876     366.128           0     14580.4           0
32          65     175.217     367.065           0     10345.3           0
32          66     175.389     368.047           0     4583.64           0
32          67     175.275     369.038           0     6758.93     2823.31
32          68     175.169      370.03           0     7295.75     3043.53
32          69     175.196     371.027           0     9921.93     3591.91
32          70     175.416         372           0     10310.3     3745.46
32          71      175.71     372.953           0     13373.5      817.08
32          72     175.382     373.895           0     10414.8           0
32          73     175.111     374.855           0     13864.9           0
32          74     174.932     375.836           0     16642.3     1622.77
32          75     174.712     376.809           0     11410.8     1581.14
32          76     174.406     377.758           0     7443.39     3593.44
32          77      174.11      378.71           0     11099.1     794.211
32          78     173.812     379.662           0     11741.2     511.756
32          79     173.497     380.608           0     5446.53           0
32          80     173.222     381.567           0     7214.65           0
32          81     173.057     382.551           0     9524.28           0
32          82     172.992     383.546           0      8908.3           0
32          83     172.977     384.543           0     10545.7           0
32          84     172.976     385.541           0     12557.8           0
32          85      172.98     386.538           0     12549.9           0
32          86     173.005     387.535           0     11866.5           0
32          87     173.087     388.529           0     11577.2           0
32          88     173.268      389.51           0     7152.94           0
32          89     173.541     390.469           0     4464.22           0
32          90     173.835     391.422           0     9576.05           0
32          91     174.127     392.376           0     9359.69           0
32          92     174.434     393.325           0     5709.38           0
32          93     174.761     394.267           0     8177.61           0
32          94     175.068     395.216           0     9844.28           0
32          95     175.394     396.159           0     5925.07           0
32          96     175.794     397.073           0     11458.1           0
32          97     176.231     397.969           0     10016.3           0
32          98     176.675     398.862           0     6520.22           0
32          99     177.157     399.735           0     9951.15           0
32         100     177.696     400.574           0      6718.3           0
32         101     178.281     401.382           0     7362.24           0
32         102     178.828     402.216           0     12424.3           0
32         103     179.328      403.08           0     8152.88           0
32         104     179.786     403.966           0     8443.08           0
32         105     180.223     404.862           0     6744.96           0
32         106      180.66     405.759           0     5936.78           0
32         107     181.129     406.639           0     9183.61           0
32         108     181.637     407.497           0     3644.28           0
32         109     182.182     408.332           0     3508.75           0
32         110     182.715     409.175           0     6957.25           0
32         111     183.267     410.006           0     9319.09           0
32         112     183.848     410.817           0     7682.27           0
32         113     184.436     411.623           0      4792.1           0
32         114     184.988     412.453           0     8887.87           0
32         115     185.532     413.289           0      3349.3           0
32         116      186.09     414.116           0     2718.09           0
32         117     186.643     414.946           0      3913.1           0
32         118     187.192     415.779           0     4866.72           0
32         119     187.745     416.609           0     4782.92           0
32         120     188.307     417.433           0      4756.9           0
32         121     188.828     418.283           0     6957.19           0
32         122      189.31     419.156           0     5225.43           0
32         123     189.774     420.039           0     6590.97           0
32         124     190.268     420.906           0      6959.4           0
32         125     190.796     421.752           0     4672.14           0
32         126     191.331     422.593           0     3515.89           0
32         127     191.827     423.459           0     7287.42           0
32         128     192.353     424.306           0     6668.68           0
32         129     192.973     425.088           0     9421.96           0
32         130     193.696     425.775           0     5219.12           0
32         131     194.422     426.459           0     4795.51           0
32         132     195.098     427.191           0     8504.07           0
32         133     195.689     427.995           0     10493.7           0
32         134     196.234      428.83           0     11227.8           0
32         135     196.781     429.665           0      9353.8           0
32         136     197.358     430.478           0     6729.03           0
32         137     197.895     431.318           0     6310.44           0
32         138     198.373     432.194           0      3047.1           0
32         139     198.826     433.082           0     6488.73           0
32         140     199.312     433.953           0     4770.25           0
32         141     199.852     434.792           0     7496.05           0
32         142     200.413     435.617           0      5472.5     835.163
32         143     200.943     436.461           0     11324.7     1324.71
32         144     201.487     437.297           0      7178.1     828.643
32         145     202.108     438.078           0     16268.5           0
32         146     202.795     438.801           0     17359.9           0
32         147     203.504     439.503           0     12094.7           0
32         148      204.21     440.207           0     14647.3           0
32         149     204.889     440.938           0     11804.3           0
32         150     205.501     441.725           0     7088.29           0
32         151     206.067     442.546           0     12266.6           0
32         152     206.709     443.309           0     6674.73           0
32         153     207.536     443.868           0       15451           0
32         154      208.46     444.241           0     10733.4           0
32         155     209.409     444.548           0     8082.96           0
32         156      210.37     444.814           0     18103.8           0
32         157     211.357     444.964           0     19827.5           0
32         158     212.351      445.04           0     18122.2     5.89362
32         159      213.34      445.17           0     15940.3     133.059
32         160     214.304     445.425           0     10420.2     1352.47
32         161     215.253     445.733           0     15899.3     2236.75
32         162     216.233     445.919           0     22458.5     756.844
32         163     217.229     445.951           0     25521.7           0
32         164     218.226      445.99           0     32345.9           0
32         165     219.223     446.007           0     38051.4           0
32         166      220.22     446.036           0     44276.2           0
32         167     221.199     446.226           0     47339.6      6391.6
32         168     222.085     446.685           0     50212.5     8846.87
#1
33           0     36.3627     380.963           0           0           0
33           1     36.6992     381.903           0       13163           0
33           2     36.9356     382.874           0       15034           0
33           3     37.0725     383.863           0     11358.7           0
33           4     37.2646     384.843           0     11863.3           0
33           5     37.5839     385.789           0     7503.98           0
33           6      37.906     386.735           0       12560           0
33           7     38.2246     387.681           0     10707.5           0
33           8     38.5638      388.62           0     7885.32           0
33           9       38.85     389.577           0     11922.1           0
33          10     39.0506     390.556           0     11198.3           0
33          11     39.2575     391.533           0     7864.73           0
33          12     39.5657     392.483           0     7131.05           0
33          13     39.9562     393.402           0     16307.2           0
33          14     40.3682     394.312           0     8481.28           0
33          15     40.7364      395.24           0     10608.7           0
33          16     41.0476     396.189           0     15650.8           0
33          17     41.3666     397.135           0     9589.14           0
33          18     41.7277     398.067           0     10054.1           0
33          19     42.0431     399.014           0       13388           0
33          20     42.3366     399.969           0     7342.51           0
33          21     42.6523     400.916           0      4826.1           0
33          22     42.9329     401.875           0     6529.39           0
33          23     43.2264      402.83           0     7098.86           0
33          24     43.5645     403.769           0     6640.08           0
33          25     43.8829     404.716           0     13732.2           0
33          26     44.2058     405.661           0     12728.7           0
33          27     44.5546     406.597           0     8537.79           0
33          28     44.8702     407.544           0     11808.7           0
33          29     45.1572     408.501           0     10905.9           0
33          30     45.4851     409.444           0     6882.27           0
33          31     45.8872     410.358           0     10923.6           0
33          32     46.3248     411.256           0     8305.01           0
33          33     46.7665     412.152           0     13537.8           0
33          34     47.2261     413.039           0     16243.9           0
33          35     47.6884     413.924           0     13926.1           0
33          36     48.1588     414.805           0     20076.6           0
33          37      48.624     415.689           0     11761.3           0
33          38     49.0821     416.576           0     16653.9           0
33          39      49.499     417.484           0     8132.51           0
33          40     49.8553     418.417           0     12775.4           0
33          41     50.1541      419.37           0       10412           0
33          42     50.4604      420.32           0     5321.78           0
33          43     50.8483     421.241           0     8183.39           0
33          44     51.3389      422.11           0     7788.03           0
33          45     51.9196     422.923           0     13369.1           0
33          46     52.5015     423.735           0     8275.44    0.366874
33          47     53.0091     424.595           0     17757.2     22.3205
33          48     53.4443     425.494           0      9209.2     116.686
33          49     53.8733     426.396           0     17361.4     37.2435
33          50     54.4269     427.227           0     13652.5     4265.93
33          51     55.2408     427.805           0     22764.1           0
33          52     56.1806     428.143           0     7486.17           0
33          53     57.0464      428.64           0     41042.7     5936.68
33          54     57.6295     429.451           0     20585.2           0
33          55     58.2829     430.206           0     24615.5           0
33          56     59.0718     430.819           0     18800.8           0
33          57     59.9558     431.283           0     12828.2           0
33          58     60.8876     431.643           0     9008.66           0
33          59     61.8493     431.912           0     15003.2           0
33          60     62.8037     432.206           0     17290.2           0
33          61     63.7317     432.576           0     14130.6           0
33          62     64.6774     432.897           0     24263.5           0
33          63     65.6306     433.195           0     21074.8           0
33          64     66.5656     433.546           0     13116.5     20.6535
33          65     67.4747     433.959           0     26783.2     291.642
33          66     68.3676     434.407           0     16668.6           0
33          67     69.2609     434.853           0       31082           0
33          68     70.1437      435.32           0     23281.3           0
33          69      71.027     435.786           0       29415           0
33          70     71.9135     436.246           0     23888.6           0
33          71     72.8063     436.694           0     20680.2           0
33          72     73.6979     437.144           0     25582.2           0
33          73     74.6111     437.548           0     14347.3           0
33          74     75.5582     437.865           0     21969.1           0
33          75     76.5168     438.145           0     18177.8           0
33          76     77.4047     438.602           0       11155           0
33          77     78.0827     439.336           0     12662.4     4715.54
33          78     78.6306     440.171           0     6119.74     5816.48
33          79     79.3376     440.876           0     11967.8     4643.61
33          80     80.1477      441.46           0     5783.71     2688.22
33          81     80.9831     442.007           0     13679.3     2005.84
33          82     81.8325     442.533           0     3817.16     621.881
33          83     82.7034     443.022           0     8827.53           0
33          84     83.5617     443.532           0     7463.65           0
33          85     84.3528     444.142           0     15197.4           0
33          86      85.026     444.879           0     2027.75           0
33          87     85.7438     445.574           0     9725.51           0
33          88     86.5803     446.119           0     14683.7           0
33          89      87.485     446.542           0     8702.43           0
33          90      88.384     446.978           0     16964.5           0
33          91     89.2473      447.48           0     8416.23           0
33          92     90.0657     448.052           0     16646.4           0
33          93     90.8858     448.622           0     11413.9           0
33          94     91.7427     449.135           0     16994.3           0
33          95     92.6339     449.586           0     7664.52           0
33          96     93.5343     450.018           0     12916.5           0
33          97     94.4481     450.421           0     6609.56           0
33          98     95.3827     450.773           0     10150.5           0
33          99     96.3301     451.089           0     13515.9           0
33         100     97.2719     451.421           0     7955.27           0
33         101     98.1828     451.831           0     13991.2     244.728
33         102     99.0773     452.275           0     10733.9     585.295
33         103     99.9722     452.719           0     11244.8     3820.41
33         104     100.847       453.2           0       14989     4796.44
33         105     101.687     453.741           0     13262.7     1588.81
33         106     102.498     454.323           0     7811.47     4907.34
#1
34           0       168.8     455.946           0           0           0
34           1     168.873     456.947           0     6474.15           0
34           2      168.93     457.949           0     12073.2           0
34           3      168.96     458.953           0     14253.7           0
34           4     168.974     459.957           0     18896.5           0
34           5     168.997      460.96           0     14965.7           0
34           6      169.07     461.962           0     14225.6           0
34           7     169.272     462.945           0     14130.4           0
34           8     169.622     463.886           0     11562.8     6177.89
34           9     169.882     464.856           0     20192.5     6389.47
34          10     169.978     465.855           0     21727.6     6803.37
34          11     169.935     466.858           0     23717.8     7932.04
34          12     169.787     467.851           0     21304.1      3866.3
34          13     169.692      468.85           0     23738.6     656.604
34          14     170.087     469.773           0     27478.8     16.8893
34          15     170.655     470.601           0     16288.8           0
34          16     171.269     471.395           0     16879.9           0
34          17     171.809     472.241           0       27440           0
34          18     172.345      473.09           0     22623.7      3941.6
34          19     172.901     473.926           0     22772.2     881.317
34          20     173.455     474.763           0     10692.6           0
34          21     174.048     475.573           0     19026.2           0
34          22     174.835     476.197           0     16707.8           0
34          23      175.72      476.67           0     15564.3           0
34          24     176.625     477.106           0     24009.1           0
34          25     177.532     477.534           0     12280.3           0
34          26     178.434     477.976           0     22832.8           0
34          27     179.338     478.413           0     12897.9           0
34          28     180.274     478.776           0       21026     204.598
34          29     181.258     478.973           0     24839.2     2782.74
34          30     182.259     479.048           0     19390.3           0
34          31     183.257     479.154           0       17070           0
34          32      184.23     479.402           0     11787.7           0
34          33     185.174     479.745           0     17103.2           0
34          34     186.145     479.999           0     23773.2           0
34          35     187.146      480.08           0     21551.9           0
34          36     188.127     479.869           0     17112.9     2330.77
34          37     189.008     479.389           0     13870.8      4029.1
34          38     189.966     479.087           0     17282.3     2959.25
34          39     190.966         479           0     18362.3     2662.29
34          40      191.97     478.996           0     16729.8     2807.37
34          41     192.973     478.953           0     13992.4     2892.67
34          42     193.953     478.738           0     15421.4           0
34          43     194.857     478.301           0     17933.3           0
34          44     195.745     477.833           0     32430.9           0
34          45     196.748     477.787           0     30068.5     4674.92
34          46     197.745     477.903           0     26122.8     215.627
34          47     198.749     477.906           0     21977.1     191.971
34          48     199.741     477.755           0     15126.7     224.383
34          49     200.708     477.483           0     7450.17     711.326
34          50      201.67     477.199           0     13500.3     2780.77
34          51     202.621     476.877           0     21575.8     4168.32
34          52     203.549     476.494           0     14230.4      1560.6
34          53       204.5      476.17           0       24033           0
34          54     205.492     476.015           0     26664.2           0
34          55     206.495     475.986           0       21560           0
34          56     207.499     475.989           0     17306.3     2170.88
34          57     208.503     475.995           0     16864.4     3755.07
34          58     209.507     475.995           0     8767.69     2526.03
#1
35           0     187.653     480.766           0     16930.2     532.693
35           1     188.162     481.617           0     17651.5     4639.64
35           2     188.665     482.472           0     9607.18     4367.61
35           3     189.326     483.211           0       11861     2581.51
35           4     190.131      483.79           0     16722.1      2463.1
35           5     190.976     484.308           0     13807.1     3502.89
35           6     191.807     484.849           0     15537.7           0
35           7     192.615     485.424           0     10785.2           0
35           8      193.46     485.943           0     23011.6           0
35           9     194.294     486.479           0     13179.8           0
35          10      195.09     487.069           0     21192.4           0
35          11     195.895     487.649           0     13681.1           0
35          12     196.731     488.182           0     16877.6           0
35          13     197.576     488.701           0     8923.15           0
35          14     198.398     489.255           0     8569.85           0
35          15      199.24     489.779           0     12157.9           0
35          16     200.069     490.322           0     12073.9           0
35          17     200.858     490.923           0       12830           0
35          18     201.599     491.581           0     7498.36           0
35          19     202.359     492.218           0     7998.27           0
35          20     203.185     492.767           0       10636           0
35          21     204.048     493.255           0     10982.4           0
35          22     204.927     493.715           0     8743.73           0
35          23     205.794     494.195           0     10882.6           0
35          24      206.63     494.728           0     9668.64           0
35          25     207.447     495.289           0     9168.68           0
35          26     208.282     495.825           0     13392.5     6.56803
35          27      209.11      496.37           0     10108.4     94.3614
35          28     209.901     496.968           0     14853.7           0
35          29     210.638     497.631           0     6754.22           0
35          30     211.353     498.318           0     4918.13           0
35          31     212.064     499.009           0           0           0
#1
36           0     123.952     452.417           0           0           0
36           1     124.917     452.669           0      6781.7           0
36           2     125.893     452.874           0     13044.4           0
36           3     126.878     453.028           0     17304.9           0
36           4     127.863     453.178           0     11105.4           0
36           5     128.841     453.374           0     5604.52           0
36           6     129.806     453.625           0     6006.04           0
36           7      130.79     453.786           0     8910.24           0
36           8     131.784     453.706           0     8508.86           0
36           9     132.744     453.439           0     6924.83           0
36          10     133.711     453.196           0     11879.4           0
36          11     134.699      453.06           0     15258.4           0
36          12     135.695     453.007           0     19570.9           0
36          13     136.692     452.994           0     22909.9           0
36          14     137.689     452.995           0     22927.7           0
36          15     138.686     452.998           0     18412.1           0
36          16     139.683     452.999           0     15657.7           0
36          17      140.68     452.999           0       14027           0
36          18     141.677     452.999           0     13832.9    0.114258
36          19     142.674     452.999           0     13298.3    0.130641
36          20     143.671     452.999           0     15165.7   0.0812028
36          21     144.668         453           0     18955.8  0.00426362
36          22     145.666     453.001           0     21086.8           0
36          23     146.663         453           0     21211.5   0.0240201
36          24      147.66     452.994           0     21443.3     1223.09
36          25     148.657     452.978           0     23671.2     2499.01
36          26     149.654     452.958           0     27343.4     881.801
36          27      150.65     452.985           0     31507.2           0
36          28     151.608      453.26           0     31399.9     17.4437
36          29     152.337      453.94           0     17771.2           0
36          30     152.887     454.771           0     13324.6           0
36          31     153.426      455.61           0     7636.15           0
36          32     153.935     456.467           0     14180.3           0
36          33     154.476     457.305           0     8967.02           0
36          34     155.098     458.085           0     15786.9           0
36          35      155.78     458.812           0     14816.3           0
36          36     156.493     459.509           0       11060      120.23
36          37     157.266     460.139           0     14807.7      615.55
36          38     158.137     460.623           0     14688.3     1579.05
36          39     159.034     461.058           0     27018.7           0
36          40     159.769     461.732           0     28975.3           0
36          41     160.232     462.615           0     22356.3           0
36          42     160.583     463.548           0     11086.7           0
36          43     160.939      464.48           0     20280.6           0
36          44     161.305     465.407           0     20012.3     60.9142
36          45     161.464     466.391           0     21771.5     1132.28
36          46      161.37     467.384           0       15308     4666.17
36          47       161.5     468.372           0     12645.7     3110.49
36          48     161.774     469.331           0     20034.2     4295.26
36          49     161.955     470.311           0     22455.7     1963.89
36          50     162.055     471.303           0     22370.6     8.90381
36          51     162.194     472.291           0     15968.8    0.500757
36          52     162.423     473.261           0     8033.42           0
36          53     162.695     474.221           0     15802.4     881.483
36          54     162.927      475.19           0     33689.2     2581.43
36          55     163.118     476.169           0     45008.2     3731.44
36          56     162.866     477.132           0     40192.6     470.763
36          57      162.26     477.924           0     23465.2     969.562
36          58     161.695     478.745           0     13980.1     1011.03
36          59     161.203     479.613           0     5045.54           0
36          60     160.692     480.468           0     4602.78           0
36          61     160.205     481.338           0     11283.3     30.0811
36          62     159.716     482.208           0     11957.2     3995.39
36          63     159.206     483.064           0     20126.6     5088.34
36          64     158.589     483.848           0     13752.7     2374.15
36          65     157.905     484.573           0     1181.26     4149.69
36          66     157.178     485.256           0     17929.9     36.9903
36          67     156.403     485.883           0     21481.9           0
36          68     155.632     486.515           0     10317.7           0
36          69     154.875     487.164           0     11761.6           0
36          70      154.15     487.848           0     6670.39           0
36          71     153.442      488.55           0     5940.29           0
36          72     152.739     489.257           0     8711.32           0
36          73     152.035     489.963           0     16679.9           0
36          74     151.329     490.667           0       12885           0
36          75      150.62     491.369           0     12604.4           0
36          76     149.916     492.075           0     18594.2           0
36          77     149.242      492.81           0     10356.2           0
36          78     148.647      493.61           0     5595.63     326.856
36          79     148.129     494.462           0     10085.7     2456.12
36          80     147.586     495.298           0     11518.3     3857.98
36          81     146.927     496.046           0     36656.2     3345.94
36          82     146.128     496.642           0     24577.7     40.4011
36          83      145.17      496.92           0     29201.4     1854.15
#1
37           0     225.865      200.19           0       27104     8824.38
37           1     225.972     201.182           0     26932.6     1551.33
37           2     226.107     202.171           0     27198.7     671.061
37           3     226.383     203.129           0     16524.1     388.577
37           4     226.757     204.054           0     22231.8           0
37           5     226.963     205.031           0     19566.6           0
37           6     227.013     206.027           0     19148.2           0
37           7     227.008     207.025           0     12136.8           0
37           8      227.02     208.022           0     10381.7           0
37           9     227.122     209.015           0     13048.2           0
37          10     227.375      209.98           0     5528.75           0
37          11     227.734     210.911           0     4684.27           0
37          12     228.121      211.83           0     5263.45           0
37          13     228.486     212.759           0     3306.05           0
37          14     228.811     213.702           0      7435.3           0
37          15     229.172     214.632           0     9022.26           0
37          16     229.652     215.507           0      8180.1           0
37          17     230.274     216.287           0     11419.7           0
37          18     230.987     216.985           0     20604.8           0
37          19     231.773     217.599           0     11734.3           0
37          20     232.629     218.113           0     15935.5           0
37          21     233.525      218.55           0     9068.26           0
37          22     234.428     218.974           0     18646.4           0
37          23     235.326     219.409           0     10324.3      403.12
37          24     236.221     219.851           0       18522     1273.04
37          25     237.103     220.317           0     13822.8           0
37          26     237.989     220.777           0     12402.8           0
37          27     238.891     221.201           0     11671.1           0
37          28     239.818     221.572           0     8926.21           0
37          29      240.77      221.87           0     18627.5           0
37          30     241.717     222.184           0       21492           0
37          31     242.643     222.556           0     13317.9           0
37          32     243.579     222.901           0     21477.4           0
37          33     244.532     223.196           0       16188           0
37          34     245.485     223.491           0     8693.47           0
37          35     246.434     223.799           0     16420.6           0
37          36     247.385     224.101           0     22422.4     3315.16
37          37     248.323     224.441           0     13474.8     2945.23
37          38     249.269     224.757           0     21753.1     3968.15
37          39     250.263     224.843           0     24489.8      3379.2
37          40     251.233     224.608           0     21201.6     2203.05
#1
38           0     182.458     372.298           0     1370.09     1049.76
38           1     183.315     372.823           0     8518.74     168.181
38           2     184.148     373.386           0     6389.59           0
38           3     184.939     374.006           0     10253.8           0
38           4     185.682     374.683           0     7511.92           0
38           5     186.402     375.384           0     6607.58           0
38           6     187.113     376.094           0     8134.46           0
38           7     187.815     376.813           0      6877.3           0
38           8     188.525     377.525           0     4380.15           0
38           9     189.236     378.236           0     5016.34           0
38          10     189.946     378.947           0     7177.54           0
38          11     190.655     379.659           0     7400.55           0
38          12     191.363     380.373           0     8711.83     303.198
38          13     192.073     381.084           0     17248.4     3218.47
38          14     192.802     381.776           0     10233.4     1962.14
38          15     193.582      382.41           0      6428.7     743.717
38          16      194.42     382.965           0     10455.1     14.4314
38          17     195.262     383.513           0      4896.8           0
38          18     196.062     384.122           0     8096.16           0
38          19     196.805     384.799           0     8103.12           0
38          20      197.52     385.506           0     7143.82           0
38          21     198.227      386.22           0     10442.7           0
38          22     198.934     386.934           0     10408.1           0
38          23     199.643     387.647           0     4801.16           0
38          24     200.352     388.359           0     4878.31           0
38          25     201.068     389.065           0     10959.1           0
38          26       201.8     389.753           0       13320           0
38          27     202.555     390.416           0     9372.48           0
38          28     203.286     391.106           0     15045.2           0
38          29     203.844     391.942           0     16343.6     4539.54
38          30     204.299     392.838           0     14018.8     1009.66
38          31     204.821     393.697           0     11974.4     216.956
38          32     205.465     394.469           0     8164.73     30.1065
38          33      206.14     395.214           0     8870.81           0
38          34     206.769     395.998           0     7729.12           0
38          35     207.321     396.837           0     3821.39           0
38          36     207.846     397.694           0     5981.05           0
38          37     208.384     398.544           0     4203.82           0
38          38     208.913     399.398           0     6700.13           0
38          39     209.458     400.243           0     4469.11           0
38          40     210.035     401.066           0     9853.83           0
38          41     210.602     401.895           0     7933.97           0
38          42      211.15     402.738           0       12615           0
38          43     211.703     403.577           0     8440.92           0
38          44     212.297     404.388           0     8203.59           0
38          45     212.868     405.215           0     8802.72           0
38          46      213.41     406.062           0     3999.51           0
38          47     213.956     406.906           0     9095.04           0
38          48     214.504     407.748           0     5537.29           0
38          49     215.019     408.611           0     13399.4           0
38          50     215.501     409.493           0      7340.7           0
38          51     215.964     410.386           0     12322.1           0
38          52     216.403     411.289           0     5228.06           0
38          53     216.825     412.202           0     5471.21           0
38          54     217.257     413.109           0     5715.73           0
38          55     217.715     414.004           0     5848.75           0
38          56     218.225      414.87           0      7522.4           0
38          57     218.808     415.689           0     6009.56           0
38          58     219.462     416.452           0     5600.69           0
38          59     220.125     417.207           0     9369.64           0
38          60     220.732     418.009           0     8323.95     736.469
38          61     221.281      418.85           0     5832.71     761.371
38          62     221.851     419.678           0     9266.76     579.011
38          63     222.487     420.456           0      8558.7     170.029
38          64     223.121     421.236           0     13493.7           0
38          65     223.643     422.095           0       14741           0
38          66     224.098     422.991           0       24957           0
38          67     224.665     423.821           0     15783.7           0
38          68     225.375     424.532           0     7658.94     1685.85
38          69     226.136     425.189           0     10874.4     3338.42
38          70     226.877     425.868           0     14536.6     1926.11
38          71      227.58     426.587           0     8532.04     852.561
38          72     228.212     427.368           0     8891.77      645.82
38          73     228.733     428.228           0     12576.8     389.079
38          74     229.215      429.11           0     17575.5     199.854
38          75     229.723     429.977           0     16715.7     60.4342
38          76     230.379     430.738           0     20400.6           0
38          77     231.152     431.381           0       12486           0
38          78     231.964     431.973           0     23185.4     271.024
38          79     232.772     432.571           0     23443.9     10933.7
38          80     233.537     433.222           0     37578.2     10528.5
38          81     234.293     433.885           0     3966.46     295.235
38          82     235.063     434.531           0      1333.6           0
38          83      235.83      435.18           0     31727.1           0
38          84     236.401     436.007           0     18312.3     4641.92
38          85     236.824     436.919           0       22755     5193.41
38          86     237.239     437.834           0     17408.3           0
38          87      237.63      438.76           0     12323.4           0
38          88     237.945     439.715           0     16126.3           0
38          89     238.264     440.668           0     11495.4           0
38          90     238.734     441.557           0       11757     837.894
38          91     239.365     442.338           0     14120.2     2673.22
38          92     240.041     443.083           0     28200.3       312.7
38          93      240.61     443.911           0     13208.6     652.578
38          94     240.946     444.858           0     20840.6     2124.85
38          95     241.117     445.849           0     17588.8     2500.26
38          96     241.278     446.841           0     12087.8     5127.91
#1
39           0     42.0882     342.983           0           0           0
39           1     42.7298     343.746           0     7537.03           0
39           2     43.3364     344.537           0     6813.38           0
39           3     43.8929     345.363           0     12051.2           0
39           4     44.5332     346.127           0     6131.74           0
39           5     45.3722     346.665           0     10295.8           0
39           6     46.3236     346.961           0       14592     1161.87
39           7     47.2974     347.173           0     14337.4     4412.31
39           8      48.259     347.435           0     9060.24     2124.26
39           9     49.2091     347.735           0     12745.4     631.174
39          10     50.1903     347.909           0       14893           0
39          11     51.1849     347.972           0     15831.2           0
39          12     52.1778     348.058           0       21168           0
39          13     53.1433     348.304           0     21028.2     4312.46
39          14     54.0675     348.677           0     27711.9      1739.7
39          15     55.0314      348.93           0     46445.5     509.521
39          16      56.022     349.039           0       51128       10688
39          17     57.0184     349.022           0     51594.3           0
39          18     58.0148     349.039           0     48333.3           0
39          19      59.005     349.151           0     32265.2           0
39          20     59.9768     349.371           0     14264.3           0
39          21     60.9233     349.683           0     10418.2           0
39          22     61.8867     349.938           0     9663.73     1551.79
39          23     62.8445     350.213           0     13294.8       150.7
39          24     63.7732     350.575           0     15277.6      158.47
39          25      64.724     350.873           0     29229.2     2311.69
39          26     65.6859     351.133           0     26025.6     3779.81
39          27     66.5888     351.555           0     16609.2     1017.82
39          28     67.3244     352.227           0     10860.5     5066.07
39          29     67.8512     353.073           0     16309.3           0
39          30     68.2858      353.97           0       11426           0
39          31     68.6375     354.903           0     6816.32           0
39          32     68.8758      355.87           0     11392.8           0
39          33     69.0629     356.849           0     13502.9           0
39          34     69.3099     357.815           0     9610.88           0
39          35     69.6469     358.752           0     9834.18           0
39          36     69.9049     359.715           0     11546.9           0
39          37     70.0086     360.706           0     6270.93           0
39          38      70.026     361.702           0     6574.88           0
39          39     70.0132     362.699           0     15695.6           0
39          40     69.9941     363.695           0     18913.6           0
39          41     69.9937     364.692           0     19308.6           0
39          42     70.0539     365.687           0       17498           0
39          43     70.2336     366.667           0     13636.2           0
39          44     70.5381     367.616           0     9051.51           0
39          45     70.8571      368.56           0     15098.9           0
39          46     71.1549     369.511           0     13952.4           0
39          47     71.4649     370.458           0     7291.56           0
39          48     71.8105     371.393           0     10681.7           0
39          49     72.2394     372.292           0     11704.2           0
39          50     72.8341     373.092           0     12260.3           0
39          51     73.5862     373.745           0     7601.19           0
39          52      74.345     374.391           0     7612.41           0
39          53     75.0764     375.068           0     12373.9           0
39          54     75.7897     375.764           0     10104.7           0
39          55      76.484     376.479           0     7064.94           0
39          56     77.1273      377.24           0     8762.51           0
39          57     77.6677     378.077           0     11925.9           0
39          58     78.1455     378.952           0     21121.8           0
39          59     78.5625     379.857           0     18549.2           0
39          60     78.9385      380.78           0     43691.1           0
39          61     79.5204     381.589           0     31781.1     2171.76
39          62     80.3399     382.156           0     27612.1           0
39          63      81.235     382.594           0     9661.73           0
39          64     82.0661     383.144           0     9745.82           0
39          65     82.8166     383.799           0     7445.63           0
39          66     83.5244     384.501           0     6131.97           0
39          67      84.223     385.211           0     9097.56           0
39          68     84.9254     385.918           0     13301.7           0
39          69     85.6322     386.621           0     11191.8           0
39          70     86.3373     387.325           0     12011.6           0
39          71     87.0181     388.053           0     14690.5           0
39          72      87.624     388.844           0     7773.79           0
39          73     88.1247     389.706           0     9780.04           0
39          74     88.5542     390.605           0     4851.49           0
39          75     88.9981     391.497           0     10618.9           0
39          76     89.5238     392.344           0     5274.37           0
39          77     90.1467     393.122           0     6095.45           0
39          78     90.8296     393.847           0     5549.89           0
39          79     91.5359      394.55           0     6402.16           0
39          80     92.2456      395.25           0     11097.3           0
39          81     92.9521     395.953           0     27489.6           0
39          82     93.6556     396.659           0     18109.7           0
39          83     94.3573     397.366           0     15721.2           0
39          84     95.0662     398.067           0     13313.3           0
39          85     95.8097      398.73           0     5100.67           0
39          86     96.6166     399.315           0     3371.39           0
39          87     97.4721     399.826           0     10170.4           0
39          88      98.331     400.331           0       10655           0
39          89     99.1606     400.884           0     22138.4     683.634
39          90     99.8591     401.594           0       23442     350.339
39          91     100.424     402.415           0     13143.1           0
39          92     100.878     403.302           0     22428.9           0
39          93     101.326     404.192           0     15803.7     1081.61
39          94     101.877     405.022           0       33304           0
39          95     102.737     405.525           0      7942.5           0
39          96     103.705     405.765           0           0           0
39          97      104.63     406.134           0     15378.1           0
39          98     105.315     406.858           0     14563.6     3303.32
39          99     105.865     407.689           0      9515.2     490.597
39         100     106.489     408.466           0     7719.65     64.5037
39         101     107.171     409.193           0     11515.6           0
39         102     107.879     409.894           0     11515.1           0
39         103     108.594     410.588           0      6287.9           0
39         104     109.342     411.246           0        6341           0
39         105     110.149     411.832           0     7838.23     536.549
39         106     110.987     412.371           0     4382.38     1091.14
39         107     111.822     412.914           0     6566.92     1449.32
39         108      112.64     413.483           0     1597.79     1318.88
#1
40           0     217.917     166.693           0     17324.4     386.076
40           1     218.854     166.335           0     17498.7      763.03
40           2     219.832     166.116           0     24783.9     7947.81
40           3     220.824     166.264           0     19124.1     3285.83
40           4     221.751     166.645           0     10020.9     2710.72
40           5     222.648     167.093           0     12670.4     5280.58
40           6     223.564     167.501           0      9742.5     118.148
40           7     224.519     167.807           0       21279     574.643
40           8     225.503     168.001           0     27412.8     4901.65
40           9     226.486     168.197           0     20782.6     1680.75
40          10     227.438     168.511           0     12170.5           0
40          11     228.349     168.929           0     20642.8           0
40          12     229.244     169.382           0     10541.8           0
40          13     230.143     169.826           0     14304.5           0
40          14     231.044     170.266           0     11338.2           0
40          15     231.945     170.706           0     11400.5           0
40          16     232.826     171.184           0     14463.9           0
40          17     233.657     171.746           0     15670.6           0
40          18      234.41     172.407           0     15373.4           0
40          19     235.121     173.114           0     25191.9           0
40          20      235.82     173.833           0     23592.7     206.616
40          21      236.52     174.551           0     16934.9     3062.02
40          22     237.265     175.223           0     21966.1      3567.8
40          23     238.146       175.7           0     29026.2     6243.61
40          24      239.14     175.588           0     22881.6     2337.03
40          25      239.95     174.998           0     20742.4           0
40          26     240.497     174.158           0     4298.95     926.646
40          27     240.763     173.192           0     4639.08     3053.55
40          28     240.903     172.199           0     13946.4     1097.61
40          29     241.026     171.204           0     19156.7           0
40          30     241.246     170.226           0     15995.3           0
40          31     241.572     169.277           0     9793.76           0
40          32     241.853     168.315           0     13761.4           0
40          33     242.057     167.333           0     14426.4           0
40          34     242.278     166.355           0     10032.6           0
40          35     242.579     165.399           0     8646.25           0
40          36     242.862     164.437           0     13398.8           0
40          37     243.071     163.456           0     11817.6           0
40          38     243.269     162.473           0     7908.21           0
40          39     243.514     161.501           0     4865.23           0
40          40     243.751     160.527           0     8808.58           0
40          41     243.905     159.536           0     13576.9           0
40          42     243.977     158.536           0     18088.8           0
40          43     244.001     157.534           0     21514.2           0
40          44     244.005     156.531           0     21854.5           0
40          45     244.005     155.529           0     20297.3           0
40          46     244.008     154.526           0     19318.9           0
40          47     244.011     153.523           0     18395.7           0
40          48     244.002     152.521           0       16790           0
40          49     243.944      151.52           0     15791.4           0
40          50     243.783      150.53           0     12209.5           0
40          51     243.518     149.563           0      6607.3           0
40          52      243.25     148.597           0      8639.5           0
40          53     243.092     147.607           0     10606.4           0
40          54     243.029     146.606           0     14997.5           0
40          55     243.013     145.604           0     16246.4           0
40          56     242.981     144.602           0     16300.6           0
40          57      242.85     143.608           0     17476.9           0
40          58     242.567     142.646           0     10601.9           0
40          59     242.248     141.695           0       14100           0
40          60     242.064      140.71           0     16068.1           0
40          61     241.988      139.71           0     15093.6           0
40          62     241.879     138.713           0     16225.7           0
40          63     241.618     137.745           0     10215.9           0
40          64     241.228     136.822           0     14104.9           0
40          65     240.769      135.93           0     19131.8           0
40          66     240.317     135.035           0     21085.3           0
40          67     240.018     134.078           0     29436.8           0
40          68     239.861     133.088           0       19401           0
40          69     239.677     132.102           0     12612.4           0
40          70     239.412     131.135           0     5340.98           0
40          71     239.186     130.158           0     8551.94           0
40          72         239     129.173           0     10897.5           0
40          73      238.75     128.202           0     9693.85           0
40          74     238.374     127.273           0        9316           0
40          75     237.935     126.371           0     17458.2           0
40          76     237.515     125.461           0     9710.86           0
40          77     237.193     124.512           0     14940.9           0
40          78     236.983     123.531           0     17188.4           0
40          79     236.758     122.554           0     12504.8           0
40          80     236.381     121.625           0     7434.36           0
40          81     235.841     120.781           0     11342.5           0
40          82     235.282     119.948           0     10994.4           0
40          83     234.786     119.076           0     12533.7           0
40          84     234.414     118.146           0     4812.29           0
40          85     234.208     117.164           0     1000.06           0
40          86     234.061     116.172           0           0           0
40          87     233.788     115.208           0     8208.05           0
40          88     233.282     114.342           0     10751.1           0
40          89     232.676     113.544           0       10480           0
40          90     232.122     112.708           0     17124.9           0
40          91     231.634     111.832           0     9467.69           0
40          92      231.19     110.933           0     13374.2           0
40          93     230.752     110.031           0       11094           0
40          94     230.308     109.132           0     12564.8           0
40          95     229.855     108.238           0     16607.6           0
40          96     229.412     107.338           0     11232.5           0
40          97     228.966      106.44           0       21459           0
40          98     228.525      105.54           0       10260           0
40          99     228.083      104.64           0     16637.2           0
40         100     227.632     103.744           0     10381.6           0
40         101     227.182     102.848           0       14004           0
40         102     226.731     101.953           0     12021.9           0
40         103     226.287     101.054           0     10013.2           0
40         104     225.831     100.161           0     13927.5           0
40         105     225.412     99.2498           0     7867.49           0
40         106     224.955     98.3573           0     15848.6           0
40         107     224.412     97.5142           0     7866.97           0
40         108      223.78     96.7361           0     8086.43           0
40         109     223.111     95.9888           0           0           0
#1
41           0     203.845     391.944           0     16361.3     1279.54
41           1     204.668      391.37           0       12328     1192.68
41           2     205.546     390.884           0     13440.3     168.814
41           3     206.464     390.478           0     7116.99           0
41           4     207.376     390.061           0       13837           0
41           5     208.269     389.603           0     8237.94           0
41           6     209.147     389.117           0     11552.4           0
41           7     210.014     388.612           0     4677.38           0
41           8     210.863     388.076           0     9353.65           0
41           9     211.697     387.518           0     5811.71           0
41          10     212.543     386.978           0     11779.9           0
41          11     213.375     386.417           0     5535.12           0
41          12     214.158      385.79           0     7727.26     84.9565
41          13     214.916     385.132           0     13543.8     643.667
41          14     215.715     384.525           0      9318.8     2997.91
41          15     216.573     384.004           0     17109.6     2376.55
41          16      217.38     383.409           0     10225.9     1437.11
41          17     218.014     382.631           0     19271.2     709.325
41          18     218.538     381.775           0     8136.28           0
41          19     219.125     380.961           0     11944.8           0
41          20     219.767     380.189           0     5710.24           0
41          21     220.381     379.395           0     4408.03           0
41          22      220.91     378.543           0      9532.6           0
41          23     221.382     377.657           0     6138.74     533.044
41          24     221.867     376.779           0     12924.2     842.282
41          25     222.476     375.981           0     8977.74     3078.92
41          26     223.113     375.206           0     1757.29     6542.93
41          27     223.658     374.363           0     7595.98     5000.81
41          28     224.003     373.421           0     9143.33     4210.21
41          29     224.259     372.451           0     8116.27      2374.5
41          30     224.549      371.49           0     7060.23           0
41          31     224.807      370.52           0     10317.7           0
41          32     224.929     369.524           0      7856.3           0
41          33      224.99     368.522           0     7773.49           0
41          34     225.124     367.528           0     8753.92     35.2698
41          35     225.464     366.584           0     15093.2           0
41          36     225.993     365.731           0     30746.1     18.4764
41          37     226.626     364.953           0     26957.2     4330.54
41          38     227.261     364.175           0     17974.5     5178.75
41          39     227.913     363.413           0     5589.43     1356.66
41          40     228.697     362.786           0     5211.94     1005.52
41          41     229.525      362.22           0      3412.7           0
41          42     230.319     361.606           0     3762.39           0
41          43     231.065     360.935           0      6444.6           0
41          44     231.782     360.233           0     5292.38           0
41          45      232.49     359.521           0     4018.71           0
41          46     233.196     358.808           0     5640.68           0
41          47     233.904     358.097           0     11951.5           0
41          48     234.613     357.387           0     8754.59           0
41          49     235.322     356.677           0     8029.14           0
41          50     236.032     355.967           0           0           0
#1
42           0     217.687      348.44           0      6064.5     4788.55
42           1     218.306     349.223           0     11980.1     3516.75
42           2     218.955     349.981           0     15833.4     822.719
42           3     219.529     350.796           0     6998.13           0
42           4     219.929     351.711           0     11436.3           0
42           5     220.175     352.678           0      6617.8           0
42           6     220.366     353.657           0     3842.27           0
42           7     220.572     354.633           0     3544.66           0
42           8     220.762     355.613           0     6959.54           0
42           9     220.892     356.602           0     9193.22     1184.62
42          10      221.02     357.592           0     11456.1     1289.51
42          11     221.269     358.558           0     8674.12     9.90989
42          12      221.73     359.443           0     2934.87           0
42          13     222.314     360.252           0     5327.47           0
42          14     222.856      361.09           0     16059.6           0
42          15     223.339     361.964           0     12224.2           0
42          16     223.888     362.797           0     11009.6           0
42          17     224.535     363.556           0     10314.5           0
42          18     225.218     364.283           0     15539.5           0
42          19     225.933      364.98           0     28585.2     10.1796
42          20     226.756     365.544           0     28071.8     845.461
42          21     227.612     366.057           0     22777.9     5658.49
42          22     228.485      366.54           0     7680.86     1276.65
42          23      229.37         367           0     8442.49     126.793
42          24     230.268     367.436           0     3077.55           0
42          25     231.174     367.854           0     5555.87           0
42          26     232.085     368.261           0      5347.6           0
42          27     233.016      368.62           0      7143.6           0
42          28     233.985     368.856           0     14409.4           0
42          29     234.977     368.968           0     19052.9     2100.73
42          30     235.974     368.999           0     20216.6     1608.49
42          31     236.972     369.016           0     15806.2     463.265
42          32     237.967     369.085           0     13594.2           0
42          33     238.944     369.291           0     11846.1           0
42          34     239.887     369.618           0      8984.5           0
42          35     240.852     369.871           0     16993.1           0
42          36     241.845     369.962           0     17472.7           0
42          37     242.841     369.889           0     13305.2           0
42          38     243.821     369.704           0     7207.39           0
42          39     244.785     369.446           0     5075.07           0
42          40     245.756     369.216           0     11856.1           0
42          41     246.738     369.039           0     17615.8     1530.61
42          42      247.72      368.86           0     18401.6     2601.61
42          43     248.695      368.65           0      4436.9     1654.47
#1
43           0     237.051     524.753           0     26553.7     2541.61
43           1     237.343     523.797           0     15991.4     2722.11
43           2     237.967     523.015           0     18221.2     1766.56
43           3     238.672     522.305           0     8356.55     194.166
43           4     239.387     521.604           0     7361.04           0
43           5      240.07     520.873           0     12042.4           0
43           6     240.682     520.082           0     8236.18           0
43           7     241.231     519.246           0     7778.22           0
43           8     241.785     518.413           0     5715.85           0
43           9     242.411     517.632           0     6170.94           0
43          10     243.063     516.873           0     12185.3           0
43          11     243.664     516.073           0     11897.9           0
43          12     244.209     515.234           0     12280.2           0
43          13     244.757     514.397           0     10958.4           0
43          14      245.38     513.614           0      9579.8           0
43          15     246.012     512.838           0     9132.43           0
43          16     246.576     512.012           0     7950.37           0
43          17     247.143     511.188           0       16757           0
43          18     247.814     510.446           0     19437.9           0
43          19     248.618      509.85           0     33735.1           0
43          20     249.615     509.776           0     26096.6     4326.99
43          21     250.588     510.008           0     22788.1           0
43          22     251.557     510.261           0     11553.7           0
43          23     252.514      510.55           0     6556.11           0
43          24     253.468     510.855           0     10598.3           0
43          25     254.424     511.148           0     9596.06           0
43          26     255.376     511.457           0     5463.99           0
43          27      256.32     511.787           0     6888.03           0
43          28     257.273     512.093           0     7646.72           0
43          29     258.229     512.389           0     4455.48           0
43          30     259.184     512.687           0     6204.23           0
43          31     260.147     512.956           0     10440.7           0
43          32     261.101      513.26           0     11065.6           0
43          33      262.04     513.605           0     9916.34           0
43          34     262.992     513.912           0     25745.8           0
43          35     263.927     514.267           0     20035.8           0
43          36     264.835     514.688           0     12598.5           0
43          37     265.736     515.123           0     16428.5           0
43          38     266.637     515.557           0     7068.67           0
43          39     267.535     515.999           0     13065.7           0
43          40     268.429     516.449           0     7407.38           0
43          41     269.316     516.912           0     13792.7     821.392
43          42     270.178     517.419           0     7403.19           0
43          43      271.03     517.944           0           0           0
#1
44           0     83.8265      249.99           0     35.7987           0
44           1     83.1832     249.225           0     13373.8           0
44           2       82.61     248.405           0     9079.06           0
44           3      82.217     247.486           0     14510.1           0
44           4     81.9826     246.513           0     19365.2           0
44           5     81.7865     245.533           0     14402.6           0
44           6      81.511     244.572           0     9788.09           0
44           7     81.1944     243.623           0     16446.4           0
44           8     80.9061     242.665           0     17786.9           0
44           9     80.5856     241.718           0     13435.9           0
44          10      80.235     240.782           0     19579.7           0
44          11     80.0345     239.802           0       21723           0
44          12     79.9888     238.803           0     21146.1           0
44          13     79.9995     237.803           0     11212.6           0
44          14     80.0142     236.803           0      9635.6           0
44          15     79.9964     235.803           0     8722.13           0
44          16     79.8887     234.809           0     11384.2           0
44          17      79.629     233.843           0     8953.32           0
44          18     79.2849     232.904           0     13111.6           0
44          19     79.0756     231.927           0     13490.2           0
44          20     79.0092     230.929           0     14983.9           0
44          21     78.9865     229.929           0     14102.3     2700.54
44          22     78.9084     228.932           0     14477.7     2833.55
44          23     78.6814     227.958           0     10784.3     2435.45
44          24     78.3361      227.02           0     9760.26     1938.88
44          25     78.0371     226.065           0     14166.4     2245.42
44          26     77.7436     225.109           0     10772.2     3003.88
44          27     77.3909     224.174           0     12567.5     2813.82
44          28     77.0448     223.236           0     25845.3     1817.85
44          29     76.6584     222.313           0     24464.2     5.59579
44          30     76.3012     221.379           0     30502.4           0
44          31     75.8408     220.491           0     15142.7     6489.78
44          32     75.3389     219.626           0     12497.5     5928.29
44          33     74.9099     218.723           0     16775.9     1021.56
44          34     74.5708     217.782           0     7740.05           0
44          35     74.2723     216.828           0     10050.1           0
44          36     74.0901     215.845           0     15082.5           0
44          37     74.0122     214.848           0     19105.7           0
44          38     73.9867     213.848           0     22863.7           0
44          39      73.988     212.848           0     26828.1           0
44          40     74.0351     211.849           0     24638.8           0
44          41     74.1678     210.858           0     13392.3           0
44          42     74.4519     209.899           0     8224.13           0
44          43     74.9826     209.052           0     16440.8           0
44          44     75.6571     208.314           0     11641.5           0
44          45     76.3728     207.615           0     10920.6           0
44          46     77.0909     206.919           0     15193.5           0
44          47     77.7918     206.206           0     13377.2           0
44          48     78.4374     205.442           0     10047.2           0
44          49     78.9766       204.6           0     18084.5           0
44          50     79.4051     203.697           0     7961.24           0
44          51      79.736     202.753           0     10440.9           0
44          52     79.9797     201.783           0     16296.7           0
44          53     80.2281     200.814           0     14971.9           0
44          54      80.534     199.862           0     17534.1           0
44          55       80.82     198.904           0     17383.1           0
44          56     81.0638     197.934           0     29289.4           0
44          57     81.3779     196.985           0     13337.7           0
44          58     81.7443     196.055           0     14970.4           0
44          59     81.9434     195.075           0     9321.87           0
44          60     81.9986     194.076           0     12682.7           0
44          61     82.0044     193.076           0     22520.6           0
44          62     81.9903     192.076           0     27867.5           0
44          63     81.9801     191.076           0     29303.2           0
44          64     82.0279     190.077           0     31795.6           0
44          65     82.2627     189.106           0     26275.5           0
44          66     82.6716     188.193           0     20897.5           0
44          67     83.0303      187.26           0     23754.1           0
44          68     83.2937     186.295           0     11051.3           0
44          69     83.5535     185.329           0      5776.3           0
44          70     83.8175     184.365           0     11827.3           0
44          71     84.1211     183.412           0     17428.9           0
44          72     84.4876     182.481           0     13405.4           0
44          73     84.8346     181.544           0     26700.7           0
44          74     85.1496     180.594           0     25387.7           0
44          75     85.5092     179.661           0     13309.5           0
44          76     85.9932     178.786           0     27168.4           0
44          77     86.5074     177.929           0     24603.5           0
44          78     86.8556     176.991           0     21028.4           0
44          79      86.974     175.999           0     17347.8           0
44          80     87.1135     175.008           0     20218.9           0
44          81     87.5829     174.126           0     26924.5           0
44          82     88.3854      173.53           0     15796.9     430.706
44          83     89.2795     173.082           0     28811.8      5245.3
44          84     90.1465     172.584           0     16076.5     3012.67
44          85     90.9586         172           0       14376     1667.19
44          86     91.6912      171.32           0     3174.12     655.688
44          87     92.3585     170.575           0     1525.63     87.3417
44          88     92.9599     169.776           0     965.035           0
44          89     93.4961     168.932           0     3936.27           0
44          90     94.0543     168.102           0       17011     42.6289
44          91     94.6655      167.31           0     15502.8     101.762
44          92     95.4033     166.636           0     13951.3           0
44          93     96.2444     166.095           0     16462.5           0
44          94     97.0929     165.566           0     8362.04           0
44          95     97.9104      164.99           0     6321.11           0
44          96      98.664     164.332           0     6336.86           0
44          97     99.3799     163.634           0     7178.96           0
44          98     100.084     162.924           0     13824.5           0
44          99     100.788     162.214           0     10701.1           0
44         100     101.494     161.505           0     8764.43           0
44         101     102.198     160.796           0     13323.1           0
44         102     102.901     160.084           0     24225.2           0
44         103     103.614     159.383           0     16283.5           0
44         104     104.372     158.731           0     17696.7           0
44         105     105.211     158.187           0     26347.3     328.705
44         106     106.083     157.698           0     22716.9     3211.43
44         107     106.988      157.27           0     23285.4           0
44         108     107.954     157.014           0     32521.4           0
44         109     108.954     156.992           0     28873.8           0
44         110     109.922      157.24           0     30344.7           0
44         111     110.763     157.781           0     28675.1           0
44         112     111.499     158.458           0     17742.8           0
44         113     112.173     159.196           0       17037           0
44         114     112.704     160.044           0     13104.6           0
44         115     112.962      161.01           0     13499.8           0
44         116      113.03     162.008           0       18546           0
44         117     113.026     163.008           0     16433.4           0
44         118     113.006     164.007           0     17129.1           0
44         119     112.988     165.007           0     11568.6           0
44         120     112.974     166.007           0     13595.7           0
44         121     112.975     167.007           0     20437.7           0
44         122     113.041     168.005           0     29712.1           0
44         123     113.284     168.975           0     21126.4     4266.04
44         124     113.629     169.914           0     20685.2     6478.87
44         125     113.748     170.906           0     28738.5     6992.92
44         126     113.597     171.895           0     35785.3           0
44         127     113.802     172.874           0     30846.3           0
44         128     113.959     173.861           0     32029.7           0
44         129     114.011      174.86           0       28318           0
44         130     114.016      175.86           0     20049.3           0
44         131     114.013      176.86           0     18502.1           0
44         132     114.014      177.86           0     20603.9           0
44         133     114.012      178.86           0     28732.1           0
44         134     113.978     179.859           0     35654.6           0
44         135     113.851     180.851           0       26847           0
44         136     113.647      181.83           0     30409.6           0
44         137     113.713     182.828           0     5643.31     2753.77
44         138      114.05     183.769           0     21177.3           0
44         139     114.501     184.662           0     15891.7           0
44         140     114.881     185.587           0     26375.8           0
44         141     115.191     186.538           0     22630.2           0
44         142     115.523     187.481           0     14235.5           0
44         143     115.852     188.425           0     22689.2           0
44         144     116.085     189.398           0     18777.8           0
44         145     116.302     190.374           0     9638.02           0
44         146     116.629     191.319           0     4728.91           0
44         147      117.12     192.191           0     7258.21           0
44         148     117.678      193.02           0           0           0
#1
45           0     82.0474      413.74           0     15715.2     11102.1
45           1      82.512     414.626           0     13453.4     13011.8
45           2     82.8491     415.568           0     21366.3     2019.79
45           3     82.9731     416.561           0     21179.2     1510.55
45           4     82.9891     417.561           0     22412.6     2045.86
45           5      83.019     418.561           0     27632.4           0
45           6     83.1779     419.549           0     25014.8           0
45           7     83.5045     420.494           0       15061           0
45           8     83.9443     421.393           0     27316.1           0
45           9     84.4687     422.245           0     13018.8           0
45          10       85.08     423.037           0     20669.7           0
45          11     85.7692     423.762           0     12815.4           0
45          12     86.4753     424.471           0     9621.73           0
45          13     87.1303     425.227           0     13224.6           0
45          14     87.6438     426.086           0     16028.8           0
45          15     88.0488     427.001           0     23234.4           0
45          16     88.5973     427.838           0     25999.3           0
45          17      89.267     428.581           0       12120           0
45          18     89.8832     429.369           0     18665.1           0
45          19     90.3591     430.249           0     11704.4           0
45          20     90.7122     431.185           0     26292.3           0
45          21     90.9827     432.148           0     45718.3           0
45          22       91.31     433.094           0       32809      3238.1
45          23     91.7551      433.99           0     34817.1           0
45          24     92.2428     434.863           0     31617.5           0
45          25     92.7873     435.703           0     24351.1           0
45          26     93.4474     436.455           0     19236.8           0
45          27     94.1526     437.164           0     26377.7           0
45          28      94.864     437.868           0     20549.1           0
45          29     95.5733     438.573           0     13394.2           0
45          30     96.2811      439.28           0     15571.7           0
45          31     96.9884     439.988           0     25963.7           0
45          32     97.6957     440.696           0     13842.2           0
45          33     98.4031     441.403           0     10446.2           0
45          34     99.1109      442.11           0     10304.5           0
45          35       99.82     442.816           0     13268.5           0
45          36     100.531      443.52           0     10434.7           0
45          37      101.24     444.226           0     14244.8     65.6077
45          38     101.926     444.954           0     19951.1     3605.57
45          39     102.541     445.743           0     12685.7     49.1818
45          40     103.062     446.597           0     23200.6     18.8797
45          41     103.516     447.489           0     13127.1     820.118
45          42     103.957     448.387           0     25220.8     1094.87
45          43     104.403     449.282           0     13237.2     3134.67
45          44     104.849     450.178           0     21883.8     2077.78
45          45     105.322      451.06           0     14871.5      1836.6
45          46      105.81     451.933           0     17365.6     2538.67
45          47     106.309       452.8           0     8497.29     56.6223
45          48     106.834     453.652           0     7578.56           0
45          49     107.457     454.435           0     6855.06           0
45          50     108.145     455.161           0     10768.5           0
45          51     108.854     455.867           0     10456.3           0
45          52     109.566      456.57           0     8962.72           0
45          53     110.275     457.275           0     11666.9           0
45          54     110.983     457.982           0     15911.9           0
45          55     111.689     458.691           0     9896.04           0
45          56     112.394     459.401           0     9845.49           0
45          57     113.099     460.111           0     18100.8           0
45          58     113.817     460.808           0     19467.1           0
45          59     114.586     461.447           0     13501.9           0
45          60     115.427      461.99           0     23657.2           0
45          61     116.279     462.514           0     10080.8           0
45          62     117.081     463.113           0     17702.2           0
45          63     117.799     463.809           0     12525.8           0
45          64     118.428     464.587           0     9309.89           0
45          65     118.969     465.428           0     18730.7           0
45          66      119.51      466.27           0     8351.74           0
45          67     120.118     467.064           0     10719.1           0
45          68     120.793     467.803           0     6642.46           0
45          69     121.497     468.514           0      4751.7           0
45          70     122.209     469.217           0     6395.82           0
45          71     122.919     469.921           0     10652.1           0
45          72     123.628     470.628           0     12840.7           0
45          73     124.336     471.335           0     14556.6           0
45          74     125.043     472.042           0     17159.9     506.445
45          75      125.75      472.75           0     10448.5     3231.58
45          76     126.458     473.457           0     8782.79     1519.85
45          77     127.165     474.165           0     13446.6           0
45          78     127.873     474.872           0       10421           0
45          79      128.58      475.58           0        7910           0
45          80     129.288     476.287           0     10133.2           0
45          81     129.995     476.995           0     20733.4           0
45          82     130.702     477.702           0     11436.2           0
45          83      131.41      478.41           0     10576.8           0
45          84     132.117     479.117           0     18180.7     43.9069
45          85     132.825     479.825           0     25226.2     77.5346
45          86     133.533     480.531           0     17437.1     858.298
45          87     134.243     481.236           0       20585     3742.41
45          88     134.952     481.942           0     17267.2     3605.56
45          89     135.645     482.663           0     8865.84      2085.2
45          90      136.28     483.436           0     8736.88     532.337
45          91     136.825     484.276           0     17610.8           0
45          92     137.366     485.117           0     14096.1     3071.72
45          93     137.939     485.937           0     16742.4     155.011
45          94     138.509      486.76           0     11838.5           0
45          95     139.041     487.606           0     26171.2           0
45          96     139.601     488.436           0     13625.6           0
45          97     140.287     489.164           0     17303.1           0
45          98     141.046     489.815           0     18900.5           0
45          99     141.675     490.593           0     19578.8           0
45         100     142.143     491.477           0       19502           0
45         101     142.524     492.402           0     10026.3           0
45         102     142.931     493.316           0     17340.8           0
45         103     143.368     494.216           0     8858.85     112.653
45         104     143.831     495.103           0     11226.1     1868.78
45         105      144.37     495.946           0     8480.35        4718
45         106      144.97     496.746           0     21788.9     854.664
45         107      145.24     497.709           0       22694           0
45         108     145.141     498.704           0       22595           0
45         109     145.051       499.7           0     30226.7           0
45         110     145.014       500.7           0     36878.2           0
45         111     145.038       501.7           0     35516.8           0
45         112     145.091     502.699           0     26325.7           0
45         113      145.05     503.699           0     24141.1           0
45         114     144.674     504.626           0       10004     2165.27
45         115     144.311     505.558           0     12091.8     2929.86
45         116     144.135     506.543           0     16033.3     4386.47
45         117     144.042     507.539           0     25002.7     5858.52
45         118     143.828     508.517           0     24701.6     4490.93
45         119     143.293     509.362           0     12111.4           0
45         120     142.397     509.805           0     17064.8     5612.27
45         121     141.399     509.738           0     11991.4           0
45         122     140.475     509.352           0     7893.14     69.4805
45         123      139.65     508.787           0     9234.21           0
45         124     138.874     508.156           0     12925.5           0
45         125       138.2     507.417           0     13630.9           0
45         126     137.634     506.592           0     8237.06           0
45         127     137.158     505.712           0     13846.2           0
45         128     136.641     504.855           0     12285.1           0
45         129     136.028     504.064           0     17295.4           0
45         130     135.341     503.337           0     12530.7           0
45         131     134.634     502.629           0     11790.4           0
45         132     133.949       501.9           0       14819           0
45         133     133.332     501.112           0     8871.64           0
45         134     132.785     500.275           0     9018.11           0
45         135     132.256     499.426           0        7655           0
45         136     131.717     498.583           0     8054.17           0
45         137     131.261     497.692           0     11176.2           0
45         138     130.897      496.76           0     14449.8           0
45         139     130.574     495.813           0     8029.82           0
45         140     130.269      494.86           0     12921.7           0
45         141     130.144     493.868           0     18092.1           0
45         142     130.337     492.886           0       15328           0
45         143     130.726     491.964           0      8423.5           0
45         144     131.061     491.021           0     5695.33           0
45         145     131.396     490.079           0     3441.44           0
45         146     131.898     489.213           0     10638.1           0
45         147     132.536     488.442           0     7043.98           0
45         148     133.227     487.719           0     7419.42           0
45         149     133.929     487.007           0     6.17542           0
#1
46           0      280.56     405.431           0     11966.1     1466.86
46           1     281.238     406.159           0       721.2        3887
46           2     281.892     406.909           0     15442.2      975.44
46           3      282.46     407.727           0     9238.64     649.884
46           4      282.83      408.65           0       16183     1548.63
46           5      283.04     409.623           0     17330.7     119.217
46           6     283.259     410.594           0     12677.3           0
46           7     283.671       411.5           0     12647.5           0
46           8     284.283     412.285           0       16591           0
46           9     284.945     413.028           0     17738.1           0
46          10      285.53     413.833           0     9906.24           0
46          11     286.046     414.684           0     25214.5           0
46          12     286.521     415.559           0       16243           0
46          13         287     416.431           0     37535.6     3725.39
46          14      287.41     417.337           0     41928.5     17329.3
46          15     287.764     418.267           0     38010.9     3648.61
46          16     288.343     419.077           0     22772.5     2652.28
46          17     288.961     419.857           0     16333.5     1122.59
46          18     289.724     420.497           0     8816.86     8020.15
46          19     290.563     421.032           0     18937.3     759.287
46          20     291.404     421.564           0     11204.5           0
46          21     292.205     422.154           0     17269.8           0
46          22     293.028     422.713           0     17300.1           0
46          23     293.887     423.217           0     19270.4     7.45547
46          24     294.776     423.664           0     8536.78     318.293
46          25     295.669     424.103           0     11879.3     3358.12
46          26     296.564     424.539           0      6227.9     2491.72
46          27     297.456      424.98           0     11946.5     111.399
46          28     298.356     425.405           0     7144.25           0
46          29     299.286      425.76           0     11335.3           0
46          30     300.253     425.995           0     13263.9           0
46          31     301.231     426.178           0     9640.57           0
46          32     302.195     426.424           0     6929.79           0
46          33     303.134     426.753           0     18632.6           0
46          34     304.077     427.071           0     29282.1     1638.17
46          35     305.061     427.221           0     31336.3     597.552
46          36     305.962       426.8           0       30088           0
46          37     306.956     426.852           0     25815.7      6027.4
46          38     307.945     426.962           0     25969.2     2997.63
46          39     308.939     427.025           0     24486.4           0
46          40     309.934     427.037           0      1596.5           0
46          41     310.927     426.973           0     19084.2           0
46          42     311.891     426.727           0     14575.2     1631.02
46          43     312.829     426.394           0     8542.38     1178.55
46          44     313.793     426.146           0     14813.6     1603.12
46          45     314.786     426.078           0     17062.4     2251.28
46          46     315.754     426.309           0     14381.8     302.544
46          47     316.471     426.998           0     10473.2     714.491
#1
47           0     272.002     454.622           0     4337.12     2739.04
47           1     271.277     453.924           0     12238.4           0
47           2     270.566     453.214           0     8757.06     3070.49
47           3     269.969     452.404           0     22273.1     212.528
47           4     269.502     451.514           0     12890.2           0
47           5     269.137     450.577           0     20312.3           0
47           6     268.825     449.621           0     15971.6           0
47           7     268.437     448.694           0     9212.72           0
47           8     267.901     447.843           0     13361.9           0
47           9     267.346     447.004           0     14299.8           0
47          10     266.803     446.158           0     18736.7           0
47          11     266.237     445.327           0     18862.9           0
47          12     265.631     444.525           0     16987.3           0
47          13     265.089     443.678           0     29562.2           0
47          14      264.61     442.793           0     16209.6           0
47          15     264.219     441.867           0     22493.5     4378.43
47          16      264.04     440.878           0     24701.1           0
47          17     264.172     439.881           0     25644.5           0
47          18     264.699     439.025           0     19588.3           0
47          19     265.446     438.352           0     8084.56           0
47          20     266.215     437.704           0     10256.4           0
47          21     266.921     436.988           0     15440.8           0
47          22     267.559      436.21           0     10230.1           0
47          23     268.238     435.469           0     23363.5     1946.36
47          24      268.93     434.739           0     28684.2     2661.41
47          25     269.609     433.998           0     30701.5      526.14
47          26     270.173     433.165           0     27713.5     6794.96
47          27     270.646     432.278           0     19745.8           0
47          28      271.02     431.345           0     26266.3           0
47          29     271.304      430.38           0     12354.2           0
47          30     271.584     429.414           0     7309.13     293.528
47          31     271.824     428.438           0     12248.1     2661.38
47          32     271.931     427.438           0     21266.7     3639.64
47          33     271.757     426.448           0     20741.2     4467.65
47          34     271.066     425.721           0     7587.41     6571.77
47          35     270.061     425.754           0     17022.4     7352.27
47          36     269.083     425.987           0     17975.8     5191.25
47          37     268.121     426.281           0     10764.5     2804.59
47          38     267.195     426.672           0     12153.9     4000.77
47          39     266.297     427.124           0     18632.1      2726.8
47          40     265.406      427.59           0      3577.8     3878.45
47          41     264.527     428.079           0           0     4177.14
47          42     263.664     428.596           0     3284.22     4283.37
47          43     262.816     429.136           0     12071.3     845.121
47          44     261.929     429.609           0     11936.1           0
47          45     260.985     429.956           0     23923.3     379.521
47          46     260.033     430.279           0     18409.2     3218.84
47          47     259.091     430.629           0     11780.8     3464.84
47          48     258.115     430.872           0       17340     668.004
47          49     257.139     431.113           0     19374.8           0
47          50     256.253     431.588           0     16862.8           0
47          51     255.531     432.288           0     10375.5     1067.74
47          52     254.912      433.08           0     22513.9     4631.09
47          53     254.342     433.909           0     20370.5     1074.95
47          54     253.806      434.76           0     25312.3           0
47          55      253.27      435.61           0     13841.9      324.67
47          56     252.678     436.423           0     13575.8     3277.33
47          57     252.139     437.272           0     26320.9     589.754
47          58      251.66     438.156           0     17020.1           0
47          59      251.27     439.083           0     18012.6           0
47          60     251.034      440.06           0     21770.5           0
47          61     250.826     441.044           0     19858.5     240.676
47          62     250.434      441.97           0     22633.9     258.232
47          63     249.877     442.807           0     18286.5           0
47          64     249.281     443.617           0     10937.5           0
47          65     248.608     444.364           0       11047     280.445
47          66     247.871     445.048           0       19744           0
47          67     247.114      445.71           0     11644.4           0
47          68     246.499     446.506           0     14635.9     2995.31
47          69     246.107     447.431           0     20606.3     2757.42
47          70     245.797     448.388           0     19513.4     2465.53
47          71     245.335     449.281           0     10754.5     2671.74
47          72     244.694     450.056           0     23739.4     1511.62
47          73     244.176     450.918           0     26109.1     2670.46
47          74     243.984     451.905           0     24560.6           0
47          75     243.954      452.91           0     21224.9           0
47          76     243.958     453.915           0     18694.2           0
47          77     243.935      454.92           0       20305           0
47          78     243.882     455.925           0     1458.58           0
#1
48           0     252.574     416.505           0     7312.02     1762.96
48           1     253.537     416.798           0     22503.4     32.5506
48           2     254.485     417.136           0     27239.8           0
48           3     255.329     417.685           0     13313.9     2700.52
48           4     255.857     418.543           0     20454.4      2880.1
48           5     256.088     419.523           0     16105.6     2500.39
48           6     256.245     420.518           0     13542.2     3371.87
48           7     256.488     421.495           0     8732.72     1998.28
48           8     256.804     422.451           0     13293.7           0
48           9     257.123     423.406           0     14473.8           0
48          10     257.475     424.349           0      6165.2           0
48          11     257.911     425.257           0      9853.3           0
48          12     258.475     426.091           0     7335.32           0
48          13     259.126     426.859           0     12959.3           0
48          14      259.63     427.731           0     4350.31           0
48          15     260.034     428.653           0           0     3327.73
48          16     260.595     429.489           0     12343.7           0
48          17     261.414     430.074           0     20922.5           0
48          18     262.349     430.449           0     6887.08           0
48          19     263.276     430.842           0           0     263.231
48          20     264.182      431.28           0      1010.9     2948.21
48          21     265.074     431.749           0     14570.6     3101.08
48          22     265.956     432.233           0       11875     2262.71
48          23     266.838     432.719           0     13364.8     1036.97
48          24     267.682     433.269           0     16200.4     5352.88
48          25     268.529     433.814           0       13585     8513.86
48          26     269.437     434.247           0     29496.2     6653.08
48          27     270.392     434.566           0     23505.2     3149.74
48          28     271.346     434.891           0     20247.4           0
48          29     272.319     435.147           0     18568.5           0
48          30     273.279     435.452           0     11325.3           0
48          31     274.204      435.85           0     18326.3           0
48          32     275.114      436.28           0     15260.4           0
48          33     276.046     436.663           0     12332.2           0
48          34     277.025     436.894           0     18069.5           0
48          35     278.027     436.998           0     23850.1           0
48          36     279.034     437.018           0     25512.8           0
48          37     280.038     436.947           0     24293.1           0
48          38     281.014     436.699           0     22516.5           0
48          39     281.925     436.272           0     22508.2     5587.45
48          40     282.841     435.854           0     36663.5     12244.1
48          41     283.847      435.84           0     44045.4     10103.6
48          42     284.763     435.421           0     24776.5     2839.41
48          43     285.696     435.043           0     30582.5           0
48          44     286.658     434.747           0     19410.8           0
48          45     287.607     434.409           0     12679.5     7.57059
48          46      288.53     434.006           0     25110.8     639.806
48          47     289.447      433.59           0     12499.6     778.778
48          48     290.369     433.186           0     17054.6           0
48          49     291.245      432.69           0     16705.4     140.353
48          50     291.937     431.959           0     25900.4     654.603
48          51     292.419     431.074           0     11251.6      3588.7
48          52     292.931     430.208           0     12556.9     685.938
48          53     293.568     429.427           0     9190.86     105.616
48          54     294.262     428.699           0     9692.94           0
48          55     294.972     427.984           0           0           0
#1
49           0     256.063     307.462           0           0           0
49           1     255.081     307.288           0     5640.75           0
49           2     254.093     307.157           0     8690.73           0
49           3     253.101     307.056           0     13123.9           0
49           4     252.113     306.923           0     13260.7           0
49           5     251.141     306.701           0     9178.75           0
49           6     250.183     306.425           0     6111.17           0
49           7     249.212     306.198           0     9321.42           0
49           8     248.232     306.014           0     14623.8           0
49           9     247.264     305.775           0     12942.3           0
49          10     246.324     305.442           0     10793.4           0
49          11      245.38     305.123           0     19774.8           0
49          12     244.431     304.815           0     18478.2           0
49          13     243.489     304.488           0       10483           0
49          14     242.535     304.198           0     15347.3           0
49          15     241.551     304.042           0     17545.3           0
49          16     240.556     303.968           0       17506           0
49          17     239.567     303.849           0     16136.3           0
49          18     238.599     303.608           0     7163.06           0
49          19     237.658     303.279           0           0           0
49          20     236.727      302.92           0           0           0
49          21     235.825     302.496           0     1268.44           0
49          22     234.973     301.978           0     13711.5           0
49          23     234.143     301.425           0      6921.6           0
49          24     233.303      300.89           0     11657.6           0
49          25     232.476     300.332           0     7564.33           0
49          26      231.71     299.693           0     9645.66           0
49          27      230.99     299.004           0     22145.9           0
49          28     230.284       298.3           0     13540.9           0
49          29     229.583     297.591           0     10921.5           0
49          30     228.908     296.857           0     13565.4           0
49          31       228.3     296.067           0     10579.1           0
49          32     227.754     295.233           0     9553.74           0
49          33     227.223     294.389           0     8503.16     57.9839
49          34     226.688     293.548           0     8701.62           0
49          35     226.271     292.642           0     14386.7           0
49          36     225.981     291.688           0     19019.3     338.608
49          37     225.661     290.744           0     13195.5     442.304
49          38     225.129     289.901           0     15135.7     1390.25
49          39     224.407     289.212           0     6907.37     2672.79
49          40     223.719     288.491           0     5847.81     729.686
49          41     223.131     287.686           0     10617.8     26.3425
49          42     222.576     286.857           0     6970.66           0
49          43     222.015     286.033           0     11591.5           0
49          44       221.5     285.179           0     6876.22           0
49          45     221.124     284.256           0     12511.4           0
49          46     220.797     283.314           0     12661.8           0
49          47     220.428     282.388           0     9005.81           0
49          48      220.01     281.483           0       19272           0
49          49     219.584     280.581           0       10051           0
49          50     219.203      279.66           0     13017.7           0
49          51     218.866     278.722           0     12827.6           0
49          52      218.48     277.802           0     6911.56           0
49          53     217.945     276.961           0     15264.7           0
49          54     217.366     276.149           0     12869.2           0
49          55     216.855     275.293           0     15219.5           0
49          56     216.453     274.381           0     10031.7     633.215
49          57     216.162     273.427           0     17950.5     2165.26
49          58     215.926     272.458           0     18995.7     1433.98
49          59     215.564     271.529           0     17104.6     1503.71
49          60     215.004     270.704           0     18058.2     1098.62
49          61     214.343     269.958           0     14070.2           0
49          62     213.753     269.154           0     14329.8           0
49          63     213.185     268.334           0     10828.4           0
49          64     212.548     267.568           0     7824.19           0
49          65     211.917     266.795           0     8661.61           0
49          66     211.413     265.935           0     6453.34           0
49          67     211.084     264.994           0     12995.4     500.345
49          68     210.849     264.025           0     11864.5           0
49          69     210.591     263.062           0     4370.22     19.1214
49          70     210.243     262.128           0      7130.6           0
49          71     209.821     261.224           0     7666.76           0
49          72     209.366     260.337           0     5885.36           0
49          73     208.911      259.45           0     7352.61           0
49          74     208.477     258.553           0      5258.6           0
49          75     208.048     257.652           0     14571.7           0
49          76     207.605     256.759           0     7492.42           0
49          77     207.154      255.87           0     12226.1     7.50022
49          78     206.696     254.984           0      8205.3           0
49          79      206.26     254.088           0        4393     7.52404
49          80     205.838     253.185           0      4790.4           0
49          81     205.413     252.282           0     4485.27           0
49          82     204.965     251.392           0     11171.7           0
49          83       204.5      250.51           0     6398.75           0
49          84     204.043     249.624           0     10576.1           0
49          85     203.633     248.715           0     5202.52           0
49          86     203.297     247.776           0     8449.16           0
49          87     203.014      246.82           0       13860           0
49          88      202.68     245.881           0     11966.9           0
49          89     202.257     244.978           0     7194.87           0
49          90     201.819     244.082           0     10380.9           0
49          91     201.407     243.175           0     5509.08           0
49          92     201.075     242.234           0     7400.39           0
49          93     200.762     241.288           0     6786.99           0
49          94     200.402     240.358           0     4609.19           0
49          95     199.998     239.446           0     9730.28           0
49          96     199.601     238.532           0     5962.79           0
49          97     199.265     237.593           0     10331.9           0
49          98     198.961     236.643           0     17118.2           0
49          99     198.592     235.717           0     12706.5           0
49         100      198.13     234.834           0     20688.7           0
49         101      197.66     233.954           0     9884.59           0
49         102     197.226     233.057           0       10276           0
49         103      196.81     232.151           0     10188.8           0
49         104      196.43     231.229           0     6205.29           0
49         105     196.094      230.29           0     14582.7           0
49         106     195.786     229.342           0     10707.2           0
49         107     195.489      228.39           0     5791.81           0
49         108     195.219      227.43           0     11235.5           0
49         109     194.929     226.476           0     19477.9           0
49         110     194.554     225.553           0     11458.5           0
49         111     194.103     224.663           0     17169.7           0
49         112     193.578     223.815           0     10752.3           0
49         113     192.992     223.009           0       19452           0
49         114     192.428     222.187           0     10935.6           0
49         115     192.017     221.278           0     15462.4           0
49         116     191.705     220.331           0      9351.7           0
49         117     191.379     219.389           0     6694.06           0
49         118     191.057     218.446           0     8989.75           0
49         119     190.782     217.487           0     4528.68           0
49         120     190.536     216.521           0     2684.95           0
49         121     190.294     215.554           0     5643.08           0
49         122     190.013     214.597           0     14691.5           0
49         123     189.621      213.68           0     12069.1           0
49         124     189.137     212.809           0     18736.6           0
49         125     188.604     211.966           0     9506.21           0
49         126     188.056     211.133           0     8112.73           0
49         127     187.491     210.312           0        5211           0
49         128     186.993     209.448           0     8893.25           0
49         129     186.589     208.537           0     2409.32           0
49         130     186.244     207.601           0     1161.05           0
49         131     185.927     206.656           0     3144.95           0
49         132     185.617     205.708           0     1670.38           0
49         133     185.321     204.756           0     3643.05           0
49         134      185.03     203.803           0     6490.09           0
49         135     184.685     202.867           0     6089.12           0
49         136      184.25      201.97           0     15756.6           0
49         137     183.742     201.112           0     14098.9           0
49         138      183.19     200.282           0     13311.4           0
49         139     182.624     199.461           0       10423           0
49         140     182.183     198.567           0     16029.6           0
49         141     181.853     197.626           0     15241.8           0
49         142     181.536     196.681           0     9430.88           0
49         143     181.178      195.75           0     13200.9           0
49         144     180.863     194.804           0     10528.1           0
49         145     180.581     193.848           0     5794.04           0
49         146     180.297     192.892           0     12751.9           0
49         147     180.112     191.912           0     21059.5     214.901
49         148     180.044     190.918           0     26391.9     1134.71
49         149      180.02     189.921           0     23433.5     1034.68
49         150     179.882     188.934           0       26215     1725.35
49         151     179.376     188.075           0     35984.9     931.426
49         152     178.624     187.419           0     14021.6     693.875
49         153     177.883     186.752           0     10811.6     1495.53
49         154     177.232     185.997           0     5240.27           0
49         155     176.683     185.165           0     3412.38           0
49         156     176.157     184.318           0     4471.31           0
49         157     175.616      183.48           0     3573.41           0
49         158     175.084     182.637           0     6484.66           0
49         159     174.545     181.798           0      3169.4           0
49         160     173.999     180.964           0           0           0
#1
50           0     226.037     290.133           0     16384.2     937.375
50           1     226.541     289.274           0     8681.76      2789.1
50           2      227.06     288.424           0     16035.4        2478
50           3     227.585     287.578           0     6815.83     559.278
50           4     228.137     286.749           0     7402.93     1032.97
50           5     228.659     285.901           0      8445.2     1936.01
50           6     229.197     285.063           0       13713     1811.04
50           7     229.788     284.262           0     15401.6     391.811
50           8     230.458     283.524           0     12977.7           0
50           9     231.185     282.844           0     19095.2           0
50          10     231.985     282.251           0     9702.64           0
50          11     232.862     281.779           0     9392.18           0
50          12     233.778     281.388           0     11751.2           0
50          13     234.736     281.119           0       20129           0
50          14     235.718     280.952           0     21375.4           0
50          15     236.694     280.752           0     16708.5           0
50          16     237.646     280.459           0     9780.41           0
50          17     238.606     280.195           0     14774.8           0
50          18     239.585     280.012           0     18895.7           0
50          19     240.559     279.805           0     17137.6           0
50          20     241.511     279.513           0       12768           0
50          21     242.465     279.227           0     23710.5     2504.82
50          22     243.434     278.997           0       36824      4164.3
50          23     244.398     278.749           0     36083.3     657.318
50          24      245.39     278.665           0     36064.7           0
#1
51           0      211.98     242.052           0           0           0
51           1     212.694     242.752           0     5022.91           0
51           2     213.418     243.442           0     5308.65           0
51           3     214.175     244.095           0      9038.8           0
51           4     214.993      244.67           0     8507.67           0
51           5     215.837     245.206           0     10660.8           0
51           6     216.653     245.784           0     9843.69           0
51           7     217.414     246.433           0     8537.29           0
51           8     218.169     247.088           0       12177           0
51           9     218.996      247.65           0     13417.9           0
51          10     219.882     248.113           0       15663           0
51          11     220.726      248.65           0       14621           0
51          12     221.456     249.333           0     10006.5           0
51          13     222.126     250.075           0     16070.2           0
51          14     222.813     250.802           0     14893.5           0
51          15     223.515     251.514           0     8799.22           0
51          16     224.217     252.226           0     9090.18           0
51          17     224.901     252.955           0     11825.6     279.464
51          18     225.556     253.711           0     9423.01     2448.61
51          19     226.226     254.453           0     15917.4     3617.08
51          20     226.935     255.158           0     16463.5     4102.87
51          21     227.719     255.779           0     17077.3     3931.99
51          22     228.547     256.339           0     12991.8     4487.98
51          23     229.439      256.79           0     21015.5     1415.42
51          24     230.276     257.337           0     20982.6           0
51          25     230.882     258.133           0     22890.4           0
51          26     231.334     259.024           0     20637.8           0
51          27       231.9     259.849           0     23460.7      2480.4
51          28     232.578     260.584           0     16171.3     1984.39
51          29     233.288     261.287           0     19535.2     92.8839
51          30     233.977     262.012           0       36894           0
51          31      234.58     262.809           0     20061.2           0
51          32     235.111     263.657           0     33843.6           0
51          33     235.639     264.506           0     17359.1           0
51          34      236.24     265.305           0     19016.5           0
51          35     236.813     266.124           0     21710.7           0
51          36      237.35     266.968           0     12819.8           0
51          37     237.893     267.807           0     14395.1           0
51          38     238.475      268.62           0     11776.3           0
51          39     239.016     269.461           0     22965.1           0
51          40     239.543     270.311           0     10382.5           0
51          41     240.122     271.126           0     19882.5           0
51          42     240.706     271.938           0     13602.4           0
51          43     241.234     272.787           0     11235.3           0
51          44     241.777     273.626           0     11584.8           0
51          45     242.419     274.393           0     11533.2     46.2944
51          46     243.118     275.108           0     19129.6     2737.61
51          47     243.804     275.835           0     16706.1      3177.1
51          48     244.385     276.649           0     14278.6      3813.2
51          49     244.799     277.559           0     32324.6     5665.86
51          50     245.315     278.416           0     34633.3           0
51          51     246.124     279.002           0       36083           0
51          52     247.045     279.393           0     20381.9           0
51          53     247.888      279.93           0     31739.6     264.196
51          54     248.629     280.601           0     18261.4     3515.38
51          55     249.334     281.311           0     18933.9     625.367
51          56     250.005     282.052           0     32812.7           0
51          57     250.582     282.868           0     18959.4           0
51          58     251.107     283.719           0     37578.7           0
51          59     251.655     284.555           0     20836.9           0
51          60     252.312     285.309           0     20752.9           0
51          61     253.018     286.018           0     26265.5           0
51          62     253.721     286.728           0     18729.5           0
51          63      254.37      287.49           0     16293.5           0
51          64     254.912     288.329           0     28388.2           0
51          65     255.446     289.175           0     14337.7           0
51          66     256.073     289.954           0     27715.9           0
51          67     256.818     290.621           0     19086.8           0
51          68     257.477     291.373           0     28430.6           0
51          69     257.923     292.267           0     37593.3           0
51          70     258.153     293.241           0     32001.6           0
51          71     258.432     294.201           0     17008.8           0
51          72     258.838     295.115           0     21516.4           0
51          73     259.265     296.019           0     15379.6           0
51          74     259.638     296.946           0       11441           0
51          75     259.915     297.907           0     19451.7           0
51          76     260.252     298.848           0     18658.7           0
51          77     260.773     299.702           0     22800.3           0
51          78     261.386     300.492           0     18346.2           0
51          79     261.934     301.328           0     27511.1     222.043
51          80     262.393     302.217           0     12564.9     1133.76
51          81     262.773     303.141           0       16498     3628.83
51          82     263.088      304.09           0     18693.8     849.116
51          83     263.433     305.029           0     8531.56     988.523
51          84     263.937     305.892           0     17373.6     994.393
51          85      264.51     306.711           0     12995.7     107.301
51          86     265.032     307.564           0       25983           0
51          87     265.489     308.454           0     15583.4           0
51          88     265.927     309.353           0     33613.4           0
51          89     266.378     310.245           0     18933.6           0
51          90     266.823      311.14           0     25121.4           0
51          91     267.266     312.037           0       21781           0
51          92     267.663     312.955           0     17184.5           0
51          93      267.94     313.915           0     30138.6           0
51          94      268.19     314.883           0     21090.9           0
51          95     268.632      315.78           0     18866.4     554.247
51          96     269.253     316.564           0     10376.6           0
51          97     269.838     317.375           0     21276.7     2991.33
51          98     270.359     318.228           0     15131.8      4517.3
51          99     270.848       319.1           0     22698.5     3907.94
51         100     271.339     319.971           0     14707.9     241.773
51         101      271.72     320.896           0     16135.9     390.174
#1
52           0      118.87      401.13           0     33721.4           0
52           1     118.947     402.131           0     36147.5     51.7662
52           2     118.998     403.134           0     35452.8           0
52           3     119.188     404.119           0     29834.8           0
52           4     119.734      404.96           0     38472.6           0
52           5     120.492     405.619           0     19557.4           0
52           6     121.252     406.275           0     23108.9           0
52           7     121.968     406.979           0     34742.5           0
52           8     122.688     407.679           0     24245.6           0
52           9     123.459     408.322           0     24384.6           0
52          10     124.311     408.853           0     48967.4           0
52          11      125.16     409.391           0     34365.6           0
52          12     125.977     409.974           0     47511.3     3327.13
52          13     126.771      410.59           0     21848.2     3230.18
52          14     127.557     411.213           0     25763.8           0
52          15     128.222     411.962           0     856.736           0
52          16     128.765     412.805           0           0     895.843
52          17      129.45     413.533           0     13063.8           0
52          18     130.301     414.063           0     23233.1           0
52          19     131.201     414.505           0     11564.1     2840.25
52          20     132.027     415.073           0     19795.4     2682.26
52          21     132.768     415.751           0     13723.2     2269.58
52          22     133.476     416.463           0     12695.2     2931.58
52          23     134.182     417.178           0     20958.4     2398.58
52          24      134.89      417.89           0     19176.9     5183.82
52          25     135.599     418.602           0       11243     2628.34
52          26     136.306     419.315           0     12186.3     2862.24
52          27     137.014     420.027           0     23486.2     5002.92
52          28     137.741      420.72           0     15328.3      5471.3
52          29     138.522     421.348           0     14252.1     5308.21
52          30     139.373     421.881           0     32162.1     4725.11
52          31     140.251     422.368           0     21745.9      4624.8
52          32     141.143     422.831           0     28648.3     5277.99
52          33     142.035     423.292           0     24517.5     3535.66
52          34     142.928     423.752           0     19025.9      3858.5
52          35     143.807     424.238           0     16006.8     3814.56
52          36     144.659     424.767           0     14806.4     4431.75
52          37     145.488     425.336           0     13591.4     1643.47
52          38     146.318     425.901           0     25958.2     995.104
52          39     147.115      426.51           0     15093.6      465.52
52          40     147.883     427.156           0     36019.3     691.088
52          41     148.713     427.714           0     38319.7     1492.08
52          42     149.613      428.16           0     46494.8           0
52          43     150.491     428.641           0     26757.9           0
52          44      151.31     429.223           0     29871.5           0
52          45     152.139     429.788           0     23017.8           0
52          46     152.993     430.316           0     20725.2           0
52          47     153.812     430.894           0     24534.2           0
52          48     154.563     431.559           0     22135.5           0
52          49     155.272     432.271           0     30935.7           0
52          50     155.937     433.022           0     53854.4           0
52          51     156.571     433.802           0     23344.6           0
52          52     157.303      434.47           0     28145.1     288.717
52          53     158.211     434.866           0     23474.1        2986
52          54     159.199     435.035           0     20452.2           0
52          55     160.195     435.158           0     15107.4           0
52          56     161.166     435.397           0     12399.5           0
52          57     162.092     435.783           0     17917.5           0
52          58     162.967     436.272           0     17368.9           0
52          59     163.781     436.857           0     17148.6           0
52          60     164.533     437.523           0     11879.2           0
52          61     165.246     438.229           0     14645.5     164.556
52          62     165.927     438.967           0     20002.6     924.905
52          63     166.547     439.756           0     8501.38     1015.04
52          64     167.103     440.591           0     11182.6     732.785
52          65     167.656      441.43           0      5985.9           0
52          66     168.271     442.222           0     9249.71           0
52          67      168.95     442.961           0     23552.1           0
52          68     169.671     443.661           0     14084.8           0
52          69     170.441     444.303           0     13474.5           0
52          70      171.26     444.884           0     23851.3           0
52          71     172.085     445.457           0     14331.8           0
52          72     172.873     446.079           0     24005.6           0
52          73     173.696      446.65           0     15008.1           0
52          74     174.596     447.089           0     19715.6           0
52          75     175.513     447.499           0     13788.1           0
52          76     176.407     447.956           0       31636           0
52          77     177.262     448.481           0     17340.9     196.215
52          78     178.053     449.098           0     23920.9     1800.19
52          79     178.818     449.748           0     10978.2     8197.16
52          80     179.653     450.301           0     5879.88     9386.12
52          81     180.571     450.701           0     11253.9     9699.74
52          82     181.502     451.078           0     22402.2     2232.02
52          83     182.383     451.557           0     14491.8     2729.46
52          84     183.208     452.127           0     22747.3     1905.28
52          85     184.051     452.673           0     19724.1      1425.4
52          86     184.899     453.211           0     26904.8     2952.54
52          87     185.715     453.796           0       15892     2047.48
52          88     186.464     454.463           0     12089.8     2789.71
52          89     187.143     455.202           0     16956.7     2660.65
52          90     187.739      456.01           0     20755.1     4157.97
52          91     188.289     456.849           0       15922     809.278
52          92     188.794     457.717           0      1243.3           0
52          93     189.301     458.584           0           0     60.4922
52          94     189.835     459.435           0           0           0
52          95     190.412     460.257           0      2981.7           0
52          96     191.054     461.029           0     25920.8           0
52          97     191.747     461.755           0     13199.8           0
52          98     192.458     462.465           0     11622.6           0
52          99     193.171     463.172           0       19025           0
52         100     193.884     463.879           0       14668           0
52         101     194.601     464.583           0     11082.4           0
52         102     195.313     465.291           0     13406.9           0
52         103     195.988     466.034           0     23619.5           0
52         104     196.538     466.874           0     14216.2           0
52         105     196.924       467.8           0     31876.1           0
52         106     197.271     468.742           0     18997.5           0
52         107     197.833     469.572           0     12727.2           0
52         108     198.634     470.174           0     18087.6     2846.88
52         109     199.494     470.692           0     10793.4      5592.9
52         110     200.284     471.313           0       12152      4889.4
52         111     201.014     472.002           0     20125.4      4181.1
52         112     201.724     472.713           0     7873.04     3280.83
52         113     202.433     473.424           0     5178.83     4521.36
#1
53           0      45.926     429.497           0           0           0
53           1     46.7204     430.101           0     959.644           0
53           2     47.5336     430.678           0     2602.91           0
53           3     48.4201     431.136           0     4072.21           0
53           4      49.405     431.293           0     6186.81           0
53           5     50.3789     431.078           0     13296.5           0
53           6     51.2886     430.668           0     9003.39           0
53           7      52.173     430.207           0     10735.3           0
53           8     53.0199      429.68           0     9077.89           0
53           9     53.8131     429.075           0     17803.1           0
53          10      54.616     428.483           0     16203.4     4916.49
53          11     55.5661     428.179           0     13266.4           0
53          12     56.5237       427.9           0     21039.6     848.256
53          13     57.2623      427.23           0     25507.9     5510.02
53          14     57.8171     426.401           0     11998.9     61.1193
53          15     58.5079     425.682           0     9127.08     52.3087
53          16     59.3303     425.117           0     14380.1           0
53          17     60.1747     424.586           0     10196.8           0
53          18     60.9826     424.001           0     24298.5           0
53          19     61.7848     423.408           0     13318.6           0
53          20     62.6332     422.883           0       18517           0
53          21     63.5204     422.427           0     7929.08           0
53          22     64.4173     421.991           0     11084.3           0
53          23     65.3241     421.575           0     4592.42           0
53          24     66.2336     421.165           0     9923.71           0
53          25      67.131      420.73           0       11323           0
53          26     68.0408     420.321           0     15464.8           0
53          27     69.0011     420.051           0     22570.8           0
53          28     69.9837     419.879           0     19300.6           0
53          29     70.9516     419.637           0     10527.1           0
53          30     71.8733     419.256           0     12870.7           0
53          31     72.7735     418.826           0     11944.1           0
53          32     73.6984     418.453           0     6863.85           0
53          33     74.6499     418.153           0     11208.1           0
53          34     75.5923     417.826           0     13160.4           0
53          35     76.4825     417.376           0     6891.92           0
53          36     77.2929     416.794           0     6393.26           0
53          37      78.068     416.166           0           0           0
#1
54           0     194.006     379.834           0     8.52934           0
54           1     194.559     379.006           0     4936.74           0
54           2     195.152     378.207           0     9010.21           0
54           3     195.817     377.466           0     6942.45           0
54           4     196.593     376.843           0     8760.62           0
54           5      197.43     376.303           0     3030.49           0
54           6     198.271      375.77           0     3505.93           0
54           7     199.127     375.262           0     5429.16           0
54           8     199.998      374.78           0     6986.65           0
54           9     200.898     374.355           0     8541.74           0
54          10     201.853     374.074           0     12394.1           0
54          11     202.842     373.958           0     9763.03           0
54          12     203.837     373.926           0     10054.6           0
54          13     204.832     373.935           0     11854.1           0
54          14     205.825     374.017           0     16233.4           0
54          15     206.784     374.281           0     12977.4           0
54          16     207.656     374.762           0     6673.51           0
54          17     208.422     375.398           0     5433.19           0
54          18     209.131     376.096           0     8686.48           0
54          19     209.827     376.809           0     7843.08           0
54          20     210.525     377.518           0     6415.11           0
54          21     211.228     378.223           0      8963.6           0
54          22     211.934     378.925           0     7982.02           0
54          23     212.636     379.631           0      4629.1           0
54          24      213.32     380.354           0     4226.57           0
54          25      213.97     381.108           0     3861.24           0
54          26     214.581     381.894           0     198.503     104.871
54          27     215.185     382.685           0           0     723.332
54          28     215.868     383.409           0     7102.24     4369.72
54          29     216.648     384.028           0     16343.3     3982.12
54          30     217.411     384.668           0     7338.84           0
54          31      218.04      385.44           0     12402.4           0
54          32     218.628     386.243           0     7025.08           0
54          33     219.301     386.976           0     14558.8           0
54          34      219.87     387.793           0     9501.15           0
54          35     220.137     388.752           0     2347.94           0
54          36     220.298     389.734           0     3825.63           0
54          37     220.678     390.654           0     9482.26           0
54          38     221.309     391.425           0     8125.76           0
54          39     222.004     392.137           0     12627.7           0
54          40     222.636     392.907           0      6661.1           0
54          41     223.196      393.73           0      8402.4           0
54          42     223.734     394.567           0     4070.63           0
54          43     224.302     395.385           0     4309.73           0
54          44     224.855     396.213           0     9196.96           0
54          45     225.403     397.044           0     4659.62           0
54          46     225.951     397.875           0     7788.42           0
54          47     226.471     398.724           0      6153.8           0
54          48     226.871     399.635           0     11429.9           0
54          49      227.19     400.578           0     10540.4           0
54          50     227.495     401.526           0     5873.33           0
54          51     227.799     402.474           0     9091.32           0
54          52     228.107      403.42           0     12510.8           0
54          53     228.449     404.356           0     9094.67           0
54          54     228.774     405.296           0     16991.5           0
54          55     228.937     406.278           0     20991.8           0
54          56     228.863     407.271           0     17178.8           0
54          57      228.62     408.236           0     10557.4           0
54          58     228.312     409.183           0     9490.87           0
54          59     228.111     410.158           0     10538.8           0
54          60     227.947      411.14           0     15825.3           0
54          61     227.664     412.094           0     12526.1           0
54          62     227.275     413.011           0     9918.86           0
54          63     226.963     413.956           0     12463.6           0
54          64     226.753     414.929           0     4244.53           0
54          65      226.58      415.91           0     2202.12           0
54          66     226.391     416.887           0     161.875     174.547
#1
55           0     178.275     148.992           0     1941.88     1477.77
55           1     179.224     149.348           0     4403.56     1058.01
55           2     180.187     149.665           0     7374.16           0
55           3     181.193     149.781           0     11244.9           0
55           4     182.191     149.603           0     8003.17           0
55           5     183.154     149.287           0     11390.7           0
55           6     184.143     149.069           0     13150.5           0
55           7     185.153     148.986           0     11389.4           0
55           8     186.167     148.973           0     8659.66           0
55           9      187.18     148.981           0     15067.8           0
55          10     188.193     148.992           0     21455.1           0
55          11     189.207     148.999           0     24694.1           0
55          12      190.22     149.001           0       20384           0
55          13     191.233     149.001           0     22740.5           0
55          14     192.247     149.001           0     28248.2           0
55          15      193.26         149           0     30936.4           0
55          16     194.274     149.001           0     32375.5           0
55          17     195.287     149.001           0     30970.9           0
55          18       196.3     148.999           0     28831.2    0.890337
55          19     197.314     148.999           0     25568.2     927.856
55          20     198.327     148.999           0     21944.3     2912.23
55          21     199.341         149           0     20575.1     2457.55
55          22     200.354     149.001           0     13528.1     1988.22
#1
56           0     162.704     203.867           0     10781.1     2440.17
56           1     163.316     203.079           0     14074.8      1.6741
56           2     163.733     202.173           0     14707.7           0
56           3     163.939     201.196           0     22000.1           0
56           4     163.945     200.199           0     25246.4           0
56           5     163.746     199.221           0     15770.8           0
56           6     163.437     198.272           0     7672.42     564.049
56           7     163.131     197.322           0     11025.8     810.091
56           8     162.814     196.376           0       11530     538.525
56           9     162.443      195.45           0     6606.51           0
56          10     162.029     194.542           0     10585.3           0
56          11     161.641     193.622           0     5426.53           0
56          12     161.321     192.677           0     9993.41     88.2759
56          13     161.059     191.715           0     21711.5     1034.72
56          14     160.786     190.755           0     20949.3           0
56          15     160.556     189.784           0     28470.8           0
#1
57           0     156.628     193.493           0     2873.34     1586.02
57           1     157.186     192.657           0     5655.09     3839.87
57           2     157.723     191.807           0     9718.78     2776.96
57           3     158.348      191.02           0     9867.77     3676.18
57           4     159.158     190.425           0     17226.1      4408.1
57           5     160.024     189.915           0     32020.7      47.277
57           6     160.732     189.202           0     22935.8           0
57           7     161.115     188.272           0     18915.7           0
57           8     161.389     187.305           0     9630.44           0
57           9     161.797     186.386           0     8132.99           0
57          10     162.398     185.581           0     7234.71     2056.24
57          11     163.095     184.857           0     10602.6     2802.39
57          12      163.84     184.181           0     12547.8           0
57          13     164.647     183.582           0     8906.84           0
57          14      165.51     183.068           0       17732           0
57          15     166.311     182.461           0     10690.9           0
57          16     166.937     181.674           0     17134.4           0
57          17     167.451      180.81           0     10674.7           0
57          18     168.043     179.998           0     21442.6           0
57          19      168.72     179.255           0     11750.4           0
57          20     169.433     178.547           0     10134.1     68.1201
57          21     170.185     177.879           0     16038.4     309.846
57          22     171.003     177.295           0     14087.4     997.439
57          23     171.855     176.762           0     14661.8      1287.5
57          24     172.689       176.2           0     12633.1     2134.28
57          25     173.448     175.542           0     10332.3     3274.18
57          26     174.163     174.836           0     14659.3     1261.33
57          27     174.885     174.136           0     18266.1           0
57          28     175.663     173.499           0     11824.2           0
57          29     176.515     172.967           0     20742.6           0
57          30     177.409     172.506           0       10282           0
57          31     178.303     172.047           0     19116.4           0
57          32     179.166     171.533           0     8559.01           0
57          33     179.979     170.941           0     22440.1           0
57          34     180.804     170.366           0     13802.7           0
57          35     181.763     170.068           0     28682.3     2097.56
57          36     182.767     170.016           0     41065.2           0
57          37     183.771     170.061           0     42116.9           0
57          38     184.768      169.94           0     42783.8     2749.52
57          39     185.619     169.405           0     17325.8     146.185
57          40      186.42     168.799           0       13860           0
57          41     187.301     168.314           0     8626.73           0
57          42     188.245      167.97           0     15767.5           0
57          43     189.192     167.633           0     10724.7           0
57          44     190.105     167.212           0     22465.5           0
57          45     190.975     166.708           0       20386           0
57          46     191.826     166.174           0     16518.8           0
57          47     192.713     165.701           0     4608.65           0
57          48     193.667     165.383           0           0           0
57          49     194.656     165.203           0           0           0
57          50     195.657     165.111           0           0           0
57          51      196.66     165.051           0      8512.3           0
57          52     197.664     165.013           0     12513.2           0
57          53      198.67     165.003           0     8524.64           0
57          54     199.675     164.989           0     3031.09           0
57          55      200.68      164.98           0     2065.35           0
57          56     201.685     164.978           0     4141.95           0
57          57      202.69     164.975           0      9044.8           0
57          58     203.693     165.043           0     22797.5     1124.57
#1
58           0     95.0289     272.396           0     45886.9           0
58           1     94.5381     271.524           0     23151.7           0
58           2     94.1856     270.588           0     36883.4           0
58           3     93.9672     269.613           0     44630.2           0
58           4     93.7833      268.63           0     29728.2           0
58           5     93.5174     267.666           0     14119.9           0
58           6     93.2149     266.712           0     24403.3           0
58           7     93.0279      265.73           0       30160           0
58           8      92.993     264.731           0     27948.8           0
58           9     93.0075     263.731           0     25715.7           0
58          10     93.0165     262.731           0     29849.3           0
58          11     92.9473     261.733           0     43448.8           0
58          12     92.6386     260.782           0       28750           0
58          13     92.2341     259.868           0     25669.4           0
58          14     92.0311     258.888           0     28846.9           0
58          15     92.0756      257.89           0     23515.7           0
58          16     92.3148     256.919           0     17874.1           0
58          17     92.6802     255.988           0     20932.1           0
58          18      92.924     255.018           0     33251.6           0
58          19     93.0074     254.021           0     35965.5           0
58          20     93.0137     253.021           0     32714.7           0
58          21     93.0063     252.021           0       29571           0
58          22     93.0016     251.021           0     24957.5           0
58          23          93     250.021           0     29129.2           0
58          24     92.9999     249.021           0     28305.9           0
58          25          93     248.021           0     29735.8           0
58          26     93.0001     247.021           0     37079.1           0
58          27     93.0001     246.021           0     39790.9           0
58          28     93.0001     245.021           0     34459.9           0
58          29     93.0001     244.021           0     31015.6           0
58          30     93.0001     243.021           0     43027.5           0
58          31     93.0003     242.021           0       38883           0
58          32     93.0008     241.021           0     32863.2           0
58          33     93.0015     240.021           0     33462.4           0
58          34      93.001     239.021           0     26877.6           0
58          35     92.9945     238.022           0     32164.1           0
58          36     92.9727     237.022           0     26428.7           0
58          37     92.9417     236.022           0     17453.8           0
58          38     92.9298     235.022           0     12919.4           0
58          39      93.054      234.03           0     14572.3      52.501
58          40     93.4752     233.123           0      9751.9     2530.61
58          41     93.7871     232.173           0     18493.9     3165.21
58          42     93.9629     231.189           0     29795.3     3939.47
58          43     94.0826     230.196           0     26206.4     4734.09
58          44     94.2679     229.213           0     18985.3           0
58          45     94.5122     228.244           0      8292.8           0
58          46     94.5921     227.247           0     8356.28           0
58          47     94.4152     226.263           0     6673.66           0
58          48     94.2498     225.276           0     11401.5           0
58          49     94.3121     224.278           0       10499           0
58          50     94.5841     223.316           0     8565.39           0
58          51     94.8001      222.34           0     13530.2           0
58          52     94.7391     221.342           0     14471.1           0
58          53     94.3175     220.435           0     8956.11           0
58          54     93.6802     219.665           0     8276.55           0
58          55     92.9702     218.961           0     10036.1           0
58          56     92.2727     218.244           0     5058.42           0
58          57     91.6719     217.445           0     4868.43           0
58          58     91.2672      216.53           0     10432.9           0
58          59     91.0646     215.551           0     14976.1           0
58          60     90.9962     214.554           0       18869           0
58          61     90.9859     213.554           0     20477.3           0
58          62     90.9926     212.554           0       18956           0
58          63      90.998     211.554           0       14067           0
58          64     90.9996     210.554           0     8583.12           0
58          65     90.9979     209.554           0     7002.23           0
58          66     90.9923     208.554           0      9616.1           0
58          67     90.9834     207.554           0       14195           0
58          68     90.9802     206.554           0     17469.4           0
58          69     91.0172     205.554           0     17573.4           0
58          70     91.1641     204.565           0     14815.2           0
58          71     91.4624     203.611           0     10046.2           0
58          72     91.8787     202.702           0     22129.9           0
58          73     92.3977     201.847           0     13629.5           0
58          74     92.9543     201.016           0     6902.31           0
58          75     93.5081     200.183           0     2195.78           0
58          76     94.0531     199.345           0     5489.66           0
58          77     94.6156     198.518           0     5090.36           0
58          78     95.1938     197.702           0     8376.75           0
58          79     95.7254     196.855           0     16502.3           0
58          80     96.2689     196.016           0     18737.8           0
58          81     96.8577     195.208           0     15960.5           0
58          82      97.528     194.466           0     11552.4           0
58          83     98.2326     193.756           0     14864.9           0
58          84     98.9432     193.052           0     19281.1           0
58          85     99.6522     192.347           0     8228.74           0
58          86      100.36     191.641           0     7031.83           0
58          87     101.067     190.934           0     10830.6           0
58          88     101.774     190.226           0     2586.74           0
58          89     102.481     189.519           0     1857.85           0
58          90     103.186      188.81           0     3072.79           0
58          91      103.89       188.1           0     6394.93           0
58          92     104.594      187.39           0     6838.43           0
58          93     105.304     186.685           0      9039.4     246.094
58          94     106.039     186.007           0     16882.8      2455.8
58          95     106.831     185.397           0     7489.02     580.292
58          96     107.667     184.849           0       10691           0
58          97     108.511     184.312           0     7254.29           0
58          98     109.346     183.762           0     9343.86           0
58          99      110.24     183.314           0     15391.6           0
58         100     111.183      182.98           0     24336.7           0
58         101     112.124     182.642           0     16123.2     351.735
58         102     113.011      182.18           0     25286.4     9775.83
#1
59           0     63.2095     440.209           0     683.625     551.514
59           1      63.911     440.915           0     13015.8     71.3383
59           2     64.6127     441.622           0     7084.12           0
59           3     65.3153     442.327           0      7637.7           0
59           4     66.0213     443.029           0     16914.9           0
59           5     66.7317     443.726           0       11359           0
59           6     67.4426     444.423           0     9300.63           0
59           7     68.1439     445.129           0     13176.4           0
59           8     68.8322     445.848           0     14917.4           0
59           9     69.4586     446.622           0     9117.85           0
59          10     69.9877     447.465           0     15272.5           0
59          11     70.4961     448.321           0     6366.48           0
59          12     71.1003     449.112           0     9841.55           0
59          13     71.8818     449.729           0     10284.8           0
59          14     72.7632     450.192           0     11240.1           0
59          15     73.6718     450.598           0     7555.98           0
59          16     74.5635     451.041           0     15618.4           0
59          17     75.4126     451.561           0     9104.32           0
59          18     76.2139     452.151           0     13605.4           0
59          19     77.0307      452.72           0       13737           0
59          20     77.8713     453.254           0     12833.5           0
59          21     78.7086     453.792           0     10408.6           0
59          22     79.5072     454.386           0     8099.87           0
59          23     80.2781     455.016           0       15134           0
59          24     80.9793     455.723           0     14656.1           0
59          25      81.625      456.48           0     7998.54           0
59          26     82.3142     457.199           0     10256.2     2.74427
59          27     83.0751     457.841           0     12366.1      10.525
59          28     83.8387     458.479           0     5856.63     10.2216
59          29     84.6025     459.118           0     8981.62     13.5325
59          30     85.3817     459.737           0     9916.16    0.216001
59          31     86.1658     460.351           0     6869.27           0
59          32     86.9305     460.988           0     21407.3           0
59          33     87.6686     461.656           0     12065.9           0
59          34     88.4363      462.29           0     10327.8           0
59          35     89.2683     462.836           0     11502.8           0
59          36     90.1142     463.361           0     8543.26           0
59          37      90.917      463.95           0       15242           0
59          38     91.6335     464.641           0     9587.22           0
59          39     92.2297     465.438           0     9398.04           0
59          40     92.6699     466.331           0     12800.5           0
59          41     93.1146     467.221           0     22584.2           0
59          42     93.8384     467.905           0     4290.02           0
59          43     94.7346     468.338           0           0           0
59          44     95.5559       468.9           0     12810.4           0
59          45     96.1808     469.675           0     19335.4           0
59          46     96.7008     470.524           0     12531.9           0
59          47     97.3209     471.303           0     14625.7           0
59          48     98.0096     472.021           0     28159.6           0
59          49     98.7163     472.723           0     18652.7           0
59          50      99.423     473.424           0     15652.5           0
59          51     100.128     474.127           0     22351.8           0
59          52      100.83     474.832           0     22755.6           0
59          53     101.531     475.539           0     14306.2           0
59          54     102.235     476.243           0     15972.5           0
59          55     102.965      476.92           0     14338.4           0
59          56     103.756     477.524           0     8059.74           0
59          57     104.591     478.066           0     15623.9           0
59          58     105.424     478.611           0     10158.7           0
59          59     106.229     479.197           0       16202           0
59          60      107.08     479.714           0     20228.1           0
59          61     108.035     479.994           0     22845.4           0
59          62     109.029     480.042           0     18187.8           0
59          63     110.023     479.985           0     13818.1           0
59          64     111.007     479.834           0     15801.4           0
59          65     111.979      479.62           0     247.104           0
#1
60           0     266.667      211.48           0     6766.17     3088.36
60           1     267.045     212.407           0     18085.9     236.022
60           2     267.415     213.337           0     8655.42      2164.5
60           3     267.689       214.3           0     13647.2     2235.58
60           4     267.802     215.294           0     19725.9     272.592
60           5     267.952     216.284           0     22165.6           0
60           6     268.354     217.201           0     10515.2           0
60           7     268.792     218.101           0     12813.8           0
60           8     269.223     219.005           0     10376.1           0
60           9     269.655     219.908           0     16714.3           0
60          10     270.119     220.795           0     29984.5           0
60          11     270.587      221.68           0     20637.7           0
60          12     271.067     222.559           0     34556.8           0
60          13     271.592     223.411           0     14686.4           0
60          14      272.22     224.191           0     17826.8           0
60          15     272.896     224.929           0       28637           0
60          16     273.523      225.71           0       16237           0
60          17     274.061     226.554           0     27714.5           0
60          18     274.591     227.404           0     11897.7           0
60          19     275.212     228.189           0     14317.8           0
60          20     275.901     228.915           0     19475.4           0
60          21     276.611      229.62           0     16982.3           0
60          22     277.321     230.326           0     20524.4           0
60          23     278.029     231.034           0     37747.2           0
60          24     278.746     231.733           0     22400.2           0
60          25     279.495     232.398           0     15890.9           0
60          26      280.27     233.032           0     22681.2           0
60          27     280.986     233.731           0       15443     48.1243
60          28     281.658     234.473           0     6383.59     1193.71
60          29     282.388     235.159           0     7108.27     1625.26
60          30     283.217     235.719           0     11794.4     2570.23
60          31     284.055     236.267           0     16743.6     836.312
60          32     284.851     236.874           0     24310.6     2856.51
60          33     285.641     237.489           0     15155.6     1917.03
60          34     286.484     238.029           0     24537.7     208.831
60          35     287.332     238.562           0     10104.4           0
60          36     288.092     239.213           0     16182.3           0
60          37     288.688     240.017           0     24612.6           0
60          38     289.227     240.861           0     27975.2           0
60          39     289.762     241.707           0       22731           0
60          40     290.344     242.522           0     16868.9           0
60          41      290.95     243.319           0     24271.2           0
60          42     291.673     244.011           0     15492.9     148.641
60          43     292.461     244.629           0     8006.04     4530.21
60          44     293.231     245.269           0     11744.2     5805.25
60          45     293.959     245.956           0     26671.4     5687.42
60          46     294.668     246.663           0     15606.1      3112.6
60          47     295.374     247.373           0     12868.6      3861.7
60          48     296.082     248.081           0     11649.9     4212.81
60          49     296.791     248.787           0     5792.85     581.626
60          50     297.503     249.491           0      5377.5           0
60          51     298.212     250.198           0     9556.74           0
60          52     298.904     250.922           0     23624.6           0
60          53     299.533     251.701           0     12253.5           0
60          54     300.072     252.544           0     18128.1           0
60          55     300.598     253.396           0     8715.04           0
60          56     301.214     254.185           0     13352.7           0
60          57     301.915       254.9           0     23509.5           0
60          58      302.67     255.558           0     12770.9           0
60          59     303.429     256.211           0     17825.3           0
60          60     304.152     256.903           0     15432.9           0
60          61     304.796     257.669           0     8410.28           0
60          62     305.458     258.421           0     8694.27           0
60          63     306.115     259.176           0     17428.7           0
60          64     306.701     259.988           0     17834.5           0
60          65     307.236     260.834           0     17990.5           0
60          66     307.777     261.676           0     15239.1           0
60          67     308.367     262.485           0     12256.9           0
60          68     308.918     263.321           0     18223.3           0
60          69     309.457     264.164           0     8313.05           0
60          70     310.018     264.994           0       12386           0
60          71     310.592     265.814           0     10627.3           0
60          72     311.138     266.653           0     15219.5           0
60          73     311.675     267.498           0     9864.98           0
60          74     312.243     268.322           0     12694.6           0
60          75      312.73     269.197           0     15928.2           0
60          76     313.087     270.132           0     18663.1           0
60          77     313.384     271.088           0     10106.6           0
60          78     313.711     272.035           0     9390.89           0
60          79     313.979     272.999           0     11513.1           0
60          80     314.268     273.958           0     11368.5           0
60          81      314.63     274.891           0      9667.3      451.48
60          82     314.948     275.841           0     15370.7     4030.92
60          83     315.259     276.792           0     10985.9     4569.96
60          84     315.635      277.72           0     7095.81     4997.29
60          85     316.091     278.611           0     13885.8     2500.21
60          86     316.569     279.491           0     8583.83     1645.35
60          87     316.931     280.424           0       18839       116.6
60          88     317.035      281.42           0     25148.9           0
60          89     317.034     282.421           0     26341.7      763.57
60          90     317.028     283.422           0     26424.5     1939.97
60          91     317.029     284.423           0     29482.1     2115.06
60          92     316.994     285.424           0     31003.1     2363.91
60          93     316.794     286.405           0     24709.3     2284.78
60          94     316.351     287.302           0     14486.7     2499.51
60          95     315.757     288.108           0     29627.6     2597.06
60          96     315.471     289.067           0     1805.15           0
60          97     315.221     290.036           0     25326.1     297.362
60          98      314.67     290.872           0     6644.09     7384.09
60          99     314.287     291.797           0     15000.2     5637.42
60         100      314.03     292.765           0     28422.3     4154.05
60         101     313.757     293.728           0     20675.5     1142.15
60         102     313.373     294.653           0     15629.6           0
60         103     312.911      295.54           0       22513           0
60         104     312.402     296.403           0     10856.2           0
60         105     311.838      297.23           0     16925.4           0
60         106     311.306     298.078           0     15949.7           0
60         107     310.815      298.95           0     24386.2     574.372
60         108     310.358     299.841           0     15267.8     1762.42
60         109     309.903     300.733           0     28615.3     941.623
60         110     309.469     301.635           0     20533.3           0
60         111     309.113     302.571           0     39973.6           0
60         112     308.808     303.524           0       33330           0
60         113     308.486     304.473           0     17983.1           0
60         114     308.188     305.428           0     27806.9           0
60         115     308.032     306.417           0       34298           0
60         116     307.982     307.417           0       39311           0
60         117      307.97     308.418           0     43339.8           0
60         118     308.025     309.418           0     50559.4           0
60         119     308.316     310.375           0     42398.9           0
60         120     308.904     311.185           0     40487.9      5260.7
60         121     309.685     311.812           0     18834.5      19.828
60         122     310.362      312.55           0     11435.5     652.134
60         123     310.802     313.449           0     13553.3     3015.36
60         124     310.999      314.43           0     16399.2     2798.89
60         125     311.038     315.431           0     15313.4     2538.14
60         126     311.024     316.432           0     16673.1     1774.44
60         127     311.001     317.433           0     17175.1           0
60         128     310.982     318.434           0     21577.9     29.7965
60         129     310.986     319.435           0       32897    0.418216
60         130     311.098      320.43           0     40160.9           0
60         131     311.427     321.375           0     25280.3           0
60         132      311.79     322.308           0     38704.2           0
60         133     311.988      323.29           0     46971.5           0
60         134     312.018      324.29           0     41188.7           0
60         135     312.011     325.291           0     34394.1           0
60         136     312.003     326.293           0     32885.4           0
60         137         312     327.294           0     32284.9           0
60         138     311.999     328.295           0       32644           0
60         139         312     329.296           0     30517.7     295.412
60         140     312.004     330.297           0     33167.6     1662.73
60         141     312.012     331.298           0     27333.3     2453.67
60         142     312.018     332.299           0     24078.7           0
60         143     311.998       333.3           0     26511.3           0
60         144     311.878     334.294           0     24038.1           0
60         145     311.602     335.256           0     12786.1           0
60         146     311.213     336.179           0     13427.7           0
60         147      310.78     337.082           0     15651.4           0
60         148     310.328     337.975           0     17411.9           0
60         149     309.831     338.844           0     27173.3           0
60         150     309.261     339.667           0     22136.6           0
60         151      308.59      340.41           0       18376           0
60         152     307.882     341.118           0     22689.9           0
60         153     307.194     341.846           0     18876.5     396.013
60         154     306.593     342.646           0     11961.7     993.541
60         155     306.074     343.502           0     30637.2     1749.95
60         156     305.522     344.337           0     18790.4           0
60         157     304.911     345.131           0     21577.8           0
60         158     304.365      345.97           0     7355.34           0
60         159     303.998     346.901           0       12936           0
60         160     303.685     347.852           0     8872.18           0
60         161     303.353     348.797           0     927.521     554.878
#1
61           0     224.956     505.712           0           0           0
61           1     225.797     505.133           0      8251.4           0
61           2     226.683     504.625           0     4602.93           0
61           3     227.648     504.294           0     6008.13           0
61           4     228.643     504.065           0     12448.3           0
61           5     229.632     503.811           0     13812.3           0
61           6       230.6     503.484           0     6107.38           0
61           7     231.565     503.152           0     6904.35           0
61           8     232.534      502.83           0     6587.97           0
61           9     233.501     502.501           0      5908.6           0
61          10      234.47     502.179           0     14214.1           0
61          11     235.439     501.857           0     15396.5           0
61          12     236.395     501.498           0     7659.23           0
61          13     237.329     501.086           0     11900.2           0
61          14     238.254     500.655           0     6399.93           0
61          15     239.174     500.211           0     9674.64           0
61          16     240.055     499.696           0     10488.1           0
61          17     240.869      499.08           0     9127.96           0
61          18     241.595     498.362           0     7691.82           0
61          19     242.238     497.568           0     6895.85           0
61          20     242.859     496.757           0     3589.18     2962.31
61          21     243.547     496.004           0     17774.4     2380.38
#1
62           0     203.167     353.239           0     578.683     444.848
62           1     204.053     353.737           0     10634.2           0
62           2     204.936      354.24           0     9795.86           0
62           3      205.84     354.704           0     4793.91     193.757
62           4     206.753     355.152           0     6205.26     419.198
62           5     207.668     355.594           0     5341.05     964.417
62           6     208.583     356.036           0     10823.4     973.904
62           7     209.508     356.459           0     5753.37     13.7511
62           8     210.458      356.82           0     10063.2           0
62           9     211.424     357.135           0       10963           0
62          10     212.395     357.436           0     5330.91     44.6475
62          11      213.37     357.723           0     5410.54     519.276
62          12     214.361      357.95           0     7502.25      214.05
62          13     215.349     358.189           0     6473.47           0
62          14     216.314     358.507           0     4839.26     7.09851
62          15     217.261     358.876           0     7206.08     551.008
62          16     218.248     359.118           0      5091.5           0
62          17     219.263     359.067           0     594.352           0
62          18      220.18     358.628           0     2118.29     2458.38
#1
63           0     165.736     198.173           0     3565.92     3277.99
63           1     166.474     197.488           0     2694.28      858.17
63           2       167.2      196.79           0     3279.91           0
63           3     167.917     196.081           0     3723.93           0
63           4     168.628     195.367           0     2365.35           0
63           5     169.336     194.651           0     3102.65           0
63           6     170.048     193.938           0     9029.84           0
63           7     170.775      193.24           0     9299.15           0
63           8     171.545     192.591           0     7789.59           0
63           9     172.378     192.024           0     14179.8           0
63          10     173.248     191.517           0      4780.6           0
63          11     174.132     191.032           0     5285.88           0
63          12     175.012     190.542           0      1233.1           0
63          13     175.879     190.029           0     5753.75           0
63          14     176.745     189.514           0     881.755     414.943
63          15     177.634     189.039           0           0     4466.46
63          16     178.552     188.626           0     8321.75     6763.38
63          17     179.518      188.34           0     29654.8     1053.99
63          18     180.444     187.941           0     26557.5           0
63          19     181.299     187.408           0     7205.74           0
63          20     182.104     186.802           0     5515.29           0
63          21     182.857     186.134           0     5696.85           0
63          22     183.581     185.433           0     2199.86           0
63          23     184.292     184.719           0     1610.34           0
63          24     184.997     183.999           0     3731.81           0
63          25     185.697     183.275           0     4241.97           0
63          26     186.396     182.549           0     4204.71           0
63          27      187.11     181.838           0     7063.93           0
63          28     187.891     181.202           0     10925.8           0
63          29     188.823     180.818           0        5456     3404.82
63          30     189.792      181.09           0     12098.5     2710.18
63          31     190.532     181.774           0     6420.91     2862.51
63          32     191.084     182.617           0       10711     2803.61
63          33      191.55      183.51           0     6969.63           0
63          34     191.992     184.415           0     14222.1           0
63          35     192.411     185.332           0     7952.66           0
63          36     192.778      186.27           0     15692.6           0
63          37     193.079     187.231           0     15949.3           0
63          38     193.391     188.189           0     10657.6           0
63          39       193.8      189.11           0     13053.6           0
63          40     194.295     189.988           0       12357           0
63          41     194.865     190.819           0       12721           0
63          42     195.459     191.632           0      8239.6           0
63          43     195.989     192.489           0     14615.1           0
63          44     196.458     193.381           0     6813.24           0
63          45     196.912      194.28           0       12952           0
63          46     197.411     195.156           0     7201.71           0
63          47      197.93     196.019           0           0           0
#1
64           0     251.116     375.962           0           0           0
64           1     251.749     376.727           0     5035.64           0
64           2     252.349     377.518           0     5276.26           0
64           3     252.884     378.354           0     10803.7           0
64           4     253.411     379.195           0     6957.91           0
64           5     254.014     379.983           0     23477.1           0
64           6     254.711      380.69           0     19314.7           0
64           7     255.473     381.326           0     18059.6           0
64           8      256.26     381.931           0     34185.5     173.078
64           9     256.829     382.744           0       33863           0
64          10     257.011      383.72           0     36773.3           0
64          11     257.016     384.712           0     32326.2           0
64          12     256.994     385.704           0       26921           0
64          13      257.02     386.697           0     30577.4     596.739
64          14     257.204     387.672           0     27394.8     3401.16
64          15     257.565     388.597           0     22181.7     5557.76
64          16     257.885     389.536           0     37430.8     216.465
64          17     258.007     390.521           0     33220.2     109.338
64          18     258.017     391.514           0     27104.1           0
64          19     258.007     392.506           0     24593.4           0
64          20     258.016     393.499           0     21491.2           0
64          21     258.074     394.489           0       16679           0
64          22      258.22     395.471           0     11823.1           0
64          23     258.463     396.434           0      6959.9           0
64          24     258.716     397.393           0     8748.23           0
64          25      258.91     398.367           0     9563.99           0
64          26     259.192     399.318           0     11899.5           0
64          27     259.774     400.122           0     15416.6     1674.07
64          28     260.553     400.738           0     8900.06     1473.18
64          29     261.321     401.367           0     10256.4     102.381
64          30     262.048     402.042           0     23486.7           0
64          31     262.756     402.738           0       13883           0
64          32     263.457     403.441           0     10490.1           0
64          33     264.132     404.168           0     14287.5           0
64          34     264.737     404.955           0     18539.8           0
64          35      265.23     405.816           0     13844.9           0
64          36     265.624     406.727           0     8789.17           0
64          37     265.995     407.648           0     13016.7           0
64          38     266.474     408.517           0     11585.5           0
64          39     267.112     409.278           0     12891.8     2302.71
64          40     267.855     409.936           0     15203.3     2836.28
#1
65           0     257.294     382.208           0     34593.4     1960.64
65           1     258.116     381.631           0     20425.8     2635.76
65           2     258.919     381.027           0     23762.5        1176
65           3      259.66     380.348           0     14231.9           0
65           4     260.371     379.639           0     13157.3           0
65           5     261.078     378.925           0     17933.5           0
65           6     261.788     378.214           0     16756.1           0
65           7     262.499     377.505           0     11169.4           0
65           8     263.212     376.797           0     12382.3           0
65           9     263.917     376.081           0     8031.73           0
65          10     264.596      375.34           0     4546.72           0
65          11     265.222     374.555           0     4847.62           0
65          12      265.81      373.74           0     12565.2     1457.41
65          13     266.488     372.999           0     11797.3     2586.66
65          14     267.199     372.289           0     23676.2     1801.15
65          15     267.745     371.445           0     22507.2     529.654
65          16     268.143     370.523           0     19270.8     2219.13
65          17     268.487     369.579           0     10386.7     3900.94
65          18     268.905     368.666           0     19629.4           0
65          19     269.489     367.848           0     11877.2           0
65          20     270.267     367.213           0     21773.6           0
65          21     271.095     366.643           0     18439.8           0
65          22     271.898     366.039           0     22425.2     92.3272
65          23     272.643     365.366           0     13858.2      1962.3
65          24     273.408     364.714           0     13981.1     2354.55
65          25     274.245     364.159           0     21770.6     1096.69
65          26       275.1     363.631           0     14441.1     27.4164
65          27     275.923     363.056           0     26059.4           0
65          28     276.705     362.425           0     12231.5           0
65          29     277.454     361.755           0       16460     482.135
65          30     278.165     361.045           0     16933.2     1190.68
65          31      278.82     360.284           0     15973.7     4605.24
65          32     279.525     359.568           0     15191.7     2880.57
65          33     280.238      358.86           0     24076.1     152.585
#1
66           0     292.131     432.569           0     23159.6     573.097
66           1     293.101     432.883           0     22869.6     1917.74
66           2     294.091     433.126           0     20242.2           0
66           3     295.074       433.4           0     10230.7           0
66           4     296.018     433.785           0     10906.1           0
66           5     296.943     434.215           0     11389.9           0
66           6     297.873     434.633           0     9937.75           0
66           7     298.841     434.953           0     13658.2           0
66           8      299.82     435.241           0     12829.1           0
66           9      300.79     435.555           0     11719.6     809.827
66          10     301.804     435.661           0     17700.1     3689.26
#1
67           0     111.132      250.06           0           0           0
67           1     111.761     249.276           0     4533.77           0
67           2     112.357     248.466           0     5486.67           0
67           3      112.88     247.608           0     14715.8           0
67           4     113.365     246.727           0     10624.8           0
67           5     113.836      245.84           0       18714           0
67           6     114.349     244.975           0     12422.9           0
67           7     114.916     244.145           0     17150.3           0
67           8     115.494     243.323           0     9099.92           0
67           9     115.946     242.425           0     12872.6           0
67          10     116.265     241.472           0     6468.05           0
67          11     116.524     240.501           0     1555.81           0
67          12     116.779     239.528           0           0           0
67          13     117.045     238.559           0           0           0
67          14     117.354     237.603           0           0           0
67          15     117.741     236.675           0     2976.52           0
67          16     118.209     235.785           0     8438.69           0
67          17     118.675     234.895           0       11528           0
67          18     119.056     233.965           0       15625           0
67          19     119.402     233.021           0     7688.13           0
67          20     119.813     232.103           0     8390.45           0
67          21     120.222     231.186           0     3027.12           0
67          22     120.615      230.26           0     3803.53           0
67          23     121.064     229.361           0     9433.54           0
67          24     121.633     228.532           0     7947.39           0
67          25     122.345     227.823           0     11953.6           0
67          26     123.117     227.179           0     20658.4     2121.99
67          27     123.696     226.358           0       30256     2417.71
67          28      123.94     225.384           0     40151.3           0
67          29     124.065     224.387           0     43117.9           0
67          30     124.437     223.453           0     34404.4      144.89
67          31     125.114      222.71           0     23966.1     850.336
67          32      125.98       222.2           0     27263.8           0
67          33     126.859     221.713           0     20910.5           0
67          34     127.708     221.175           0     13506.5           0
67          35     128.477     220.527           0     9950.18           0
67          36     129.232     219.864           0     13009.4           0
67          37     130.043      219.27           0     11028.4           0
67          38     130.895     218.737           0     11532.2           0
67          39     131.776     218.253           0     9074.08     45.1664
67          40     132.706     217.872           0     3622.59           0
67          41     133.673     217.598           0           0           0
67          42     134.627     217.281           0           0     8095.79
67          43      135.43     216.678           0       13544           0
67          44     135.912     215.796           0     34894.4           0
67          45     136.307     214.872           0     25535.5           0
67          46     136.971     214.117           0     19283.8     6267.33
67          47     137.847     213.625           0     12263.3           0
67          48     138.719     213.126           0     9325.17           0
67          49     139.503     212.496           0     6950.92           0
67          50     140.225     211.797           0     9360.54           0
67          51     140.928     211.078           0     12864.3           0
67          52     141.629     210.358           0     8790.78           0
67          53     142.342     209.649           0      8775.9           0
67          54     143.094     208.982           0       11727           0
67          55      143.92      208.41           0     10115.8           0
67          56     144.791     207.908           0     19203.8           0
67          57     145.665     207.411           0     12776.6           0
67          58     146.421     206.749           0       21371           0
67          59     147.005     205.931           0     3018.33           0
67          60     147.721     205.225           0     31767.6      9377.4
67          61      148.63     204.797           0     33723.1           0
67          62      149.58     204.467           0     20240.6           0
67          63      150.54     204.171           0     33604.3           0
67          64     151.502     203.879           0     40828.1           0
67          65      152.43     203.493           0     26241.3           0
67          66     153.318     203.023           0     51011.1           0
67          67     154.271     202.704           0     37793.2     8789.85
67          68      155.27     202.816           0     30462.8           0
67          69     156.275     202.779           0     22555.7           0
67          70     157.253     202.547           0     11110.9           0
67          71     158.208     202.235           0     13238.8           0
67          72     159.205     202.104           0     12230.5           0
67          73     160.202      202.23           0     9978.47     775.052
67          74     161.127     202.623           0     12314.9     1085.97
67          75     161.946     203.206           0     1835.24     2626.69
67          76     162.704     203.867           0     10781.1     2303.85
#1
68           0     149.662     38.0051           0     24169.2           0
68           1     150.158     38.8749           0     39037.6           0
68           2     150.626     39.7597           0     25729.9           0
68           3     151.107     40.6375           0     41107.9           0
68           4     151.632     41.4901           0     19018.7           0
68           5     152.267     42.2634           0     20817.3           0
68           6      152.95     42.9953           0     39181.2           0
68           7     153.549     43.7974           0       22060           0
68           8     154.062     44.6572           0     46546.2           0
68           9     154.519      45.548           0     27545.6           0
68          10     154.977     46.4379           0       52036           0
68          11     155.496      47.294           0     23814.4           0
68          12     156.092     48.0982           0     34042.4           0
68          13     156.693     48.8991           0     17610.7           0
68          14     157.222      49.749           0     15802.3           0
68          15     157.752     50.5981           0     12157.2           0
68          16     158.379     51.3786           0     12883.4           0
68          17     159.048     52.1232           0     23508.4           0
68          18     159.722     52.8632           0     14727.4           0
68          19     160.501     53.4924           0     12917.1           0
68          20     161.424     53.8784           0     15058.6     4834.12
68          21     162.387     54.1519           0     15896.7     2657.33
68          22      163.31       54.54           0       10546     1982.59
68          23     164.115     55.1346           0     18869.7     1597.94
68          24     164.851     55.8138           0     19779.1     5146.05
68          25     165.621     56.4533           0     10341.3     1800.73
68          26     166.459     57.0013           0     15015.9           0
68          27     167.305     57.5364           0      6867.4           0
68          28       168.1     58.1438           0     12245.2           0
68          29     168.835     58.8241           0     12283.9           0
68          30     169.542     59.5329           0     9943.17           0
68          31     170.242     60.2477           0     13774.8           0
68          32     170.946       60.96           0       21403           0
68          33     171.669     61.6517           0     10955.3           0
68          34     172.451     62.2767           0     10047.6   0.0927996
68          35     173.305     62.7992           0     16593.3     13.2867
68          36     174.127     63.3705           0     13545.9           0
68          37     174.799     64.1129           0     12164.6           0
68          38     175.318      64.969           0     11787.4           0
68          39      175.88     65.7971           0     12862.9           0
68          40     176.551     66.5398           0       10277           0
68          41     177.299     67.2051           0     13711.1           0
68          42     178.091     67.8173           0       17488           0
68          43     178.797     68.5269           0      9237.7           0
68          44     179.401     69.3256           0           0           0
68          45      179.97     70.1493           0     2329.01           0
68          46      180.74     70.7891           0     11760.1           0
68          47     181.623     71.2598           0     10170.1           0
68          48     182.494     71.7539           0     5641.37           0
68          49     183.234     72.4274           0     6208.45           0
68          50      183.82      73.239           0     12421.9           0
68          51     184.367     74.0777           0     9307.02           0
68          52     184.958     74.8854           0     12162.2           0
68          53     185.626     75.6315           0     9089.36           0
68          54     186.327     76.3457           0     10524.2           0
68          55     187.038     77.0501           0     20928.7           0
68          56     187.766      77.738           0       14176           0
68          57     188.534     78.3794           0     10511.5           0
68          58     189.328      78.989           0     18226.4           0
68          59     190.006     79.7259           0     4356.98           0
68          60     190.542     80.5714           0      4609.4           0
68          61     191.011     81.4557           0     14956.7           0
68          62     191.528     82.3128           0     7394.12           0
68          63     192.146     83.1002           0     11446.2           0
68          64     192.824     83.8372           0     13659.8           0
68          65     193.476     84.5968           0     9687.94           0
68          66     194.025     85.4335           0     15304.2           0
68          67      194.47     86.3305           0     4411.07           0
68          68     194.863     87.2512           0     5430.73           0
68          69     195.253     88.1729           0     7293.47     794.929
68          70     195.617     89.1056           0     10628.6     2591.16
68          71     195.909     90.0632           0     22871.4     3264.68
68          72     196.237      91.009           0     17550.9     1238.21
68          73     196.762     91.8608           0     16377.6     1373.72
68          74     197.465     92.5738           0     9376.65     476.293
68          75     198.209     93.2434           0     12186.4           0
68          76     198.937      93.931           0     20875.5           0
68          77     199.634     94.6495           0     8814.54           0
68          78     200.274     95.4188           0     7672.09           0
68          79      200.83     96.2515           0     12852.2           0
68          80     201.378     97.0894           0     9172.05           0
68          81     201.971     97.8955           0     9477.23           0
68          82     202.639     98.6411           0     7987.13           0
68          83     203.342     99.3542           0     8907.04           0
68          84     204.053     100.059           0     15364.4           0
68          85     204.761     100.766           0     11057.2           0
68          86     205.465     101.478           0     9958.95           0
68          87      206.17     102.189           0     16379.4           0
68          88     206.897     102.877           0     21380.9           0
68          89     207.702     103.472           0     13284.6           0
68          90     208.595     103.924           0     24079.3           0
68          91      209.47     104.411           0     19676.6           0
68          92     210.248     105.041           0     19384.4           0
68          93     210.885     105.813           0     22446.1           0
68          94     211.486     106.614           0     17816.8           0
68          95     212.007     107.469           0     35776.2           0
68          96      212.46     108.361           0     16876.2           0
68          97       212.9      109.26           0     30285.6           0
68          98     213.352     110.154           0     18027.7           0
68          99     213.772     111.062           0     24279.5           0
68         100     214.085     112.013           0     22134.1           0
68         101     214.359     112.976           0     13216.1           0
68         102      214.73     113.906           0     9765.51           0
68         103     215.133     114.822           0     10654.4           0
68         104     215.552     115.731           0     13306.6           0
68         105     216.008     116.622           0       41696           0
68         106     216.471      117.51           0     24982.1           0
68         107     216.865      118.43           0     41830.8           0
68         108     217.165     119.385           0     34420.9           0
68         109     217.447     120.346           0     16737.1           0
68         110     217.757     121.297           0     23777.4           0
68         111     218.036     122.259           0     37038.4           0
68         112     218.366     123.204           0       23103           0
68         113     218.744     124.131           0     27857.8           0
68         114     219.019     125.094           0     34025.3           0
68         115     219.307     126.052           0     25598.6           0
68         116     219.728      126.96           0     25078.5           0
68         117     220.183     127.852           0     28883.8           0
68         118     220.628     128.749           0     18825.1           0
68         119     221.085     129.639           0     30946.8           0
68         120     221.542      130.53           0     17531.4           0
68         121         222      131.42           0     31133.6           0
68         122     222.424     132.327           0     14691.1           0
68         123     222.777     133.264           0     27411.6           0
68         124     223.061     134.224           0     34001.8           0
68         125     223.379     135.173           0     20952.9           0
68         126     223.809     136.077           0     27106.1           0
68         127     224.254     136.974           0       21274           0
68         128     224.652     137.892           0     17452.3           0
68         129     224.951     138.848           0     28993.2           0
68         130     225.244     139.805           0     22874.4           0
68         131     225.611     140.736           0     19728.3           0
68         132     225.933     141.684           0     32189.8           0
68         133     226.224     142.642           0     24201.3           0
68         134     226.553     143.587           0     15868.3           0
68         135     226.845     144.545           0     26398.6           0
68         136     227.042     145.526           0     28930.4           0
68         137     227.235     146.509           0     19425.6           0
68         138     227.504     147.473           0     9776.44           0
68         139     227.771     148.438           0     14138.3           0
68         140     227.925     149.427           0     19880.8           0
68         141     227.976     150.426           0     22699.7           0
68         142     228.005     151.427           0     23701.6           0
68         143     228.127     152.421           0     26062.5           0
68         144     228.431     153.374           0     17338.5           0
68         145     228.781     154.312           0     26355.3           0
68         146     228.986     155.292           0     32099.5           0
68         147     229.031     156.292           0     26809.9           0
68         148     228.996     157.293           0     23853.4           0
68         149     228.853     158.283           0     18676.8           0
68         150     228.508     159.223           0     11663.1           0
68         151     227.962     160.062           0       18916           0
68         152     227.431     160.911           0     9186.43           0
68         153     227.134     161.867           0     14321.4     861.814
68         154     227.017     162.861           0     18136.1           0
68         155     226.955      163.86           0       17528           0
68         156     226.855     164.856           0     15426.4           0
68         157     226.713     165.847           0     1963.18     1357.97
#1
69           0     322.438     449.882           0     14859.4     2952.62
69           1     323.379     449.559           0     16501.3           0
69           2     324.276     449.127           0       23560           0
69           3     325.127     448.611           0     13959.4           0
69           4     325.943     448.042           0     15362.6           0
69           5     326.754     447.464           0     8320.77     1180.91
69           6     327.619     446.973           0     17097.7     2783.91
69           7     328.507     446.523           0     12188.8     2718.71
69           8     329.403     446.089           0     30752.5     1144.91
69           9     330.291      445.64           0     21141.5           0
69          10     331.189     445.212           0     26630.1           0
69          11     332.088     444.784           0     24396.8           0
69          12     332.911     444.225           0     29382.3           0
69          13     333.596     443.503           0     15342.6           0
69          14     334.262     442.764           0       16883           0
69          15     334.949     442.043           0     15501.8           0
69          16     335.647     441.334           0     7598.82           0
69          17     336.358     440.638           0     6962.98           0
69          18     337.106     439.981           0     11169.3           0
69          19     337.914       439.4           0     5116.81           0
69          20     338.752     438.863           0     9652.78           0
69          21     339.571     438.298           0     8143.58           0
69          22     340.337     437.662           0     9484.31           0
69          23     341.086     437.007           0     17968.2           0
69          24     341.853     436.372           0     12934.1           0
69          25     342.534     435.647           0     18164.9     26.6025
69          26     342.983     434.759           0     20258.9     3560.63
69          27     343.253     433.801           0     10910.1     2948.89
69          28     343.575     432.859           0     4302.68     3193.12
69          29     344.138     432.039           0     10531.2        3689
69          30     344.921     431.424           0       12710     5070.49
69          31     345.771     430.907           0     20479.1     2424.26
69          32     346.503     430.232           0     11300.3           0
69          33     346.908     429.323           0     17648.2           0
69          34     347.099     428.346           0     15764.2           0
69          35     347.316     427.375           0     10833.5           0
69          36     347.706     426.459           0     9570.65           0
69          37     348.245     425.623           0     10711.2           0
69          38     348.731     424.754           0       11966           0
69          39     349.109     423.833           0     13752.5           0
69          40     349.459     422.902           0     6892.83           0
69          41      349.86     421.991           0           0           0
#1
70           0     343.083     435.798           0     20513.6     423.368
70           1     344.065     436.036           0       12535     3159.84
70           2     345.063     436.192           0     5382.26     2854.82
70           3     346.072     436.232           0     1143.64     2838.17
70           4     347.065     436.045           0     1892.46     4760.79
#1
71           0     286.014     303.959           0     445.934           0
71           1     286.003     302.965           0     10931.3           0
71           2     285.994      301.97           0     9508.16           0
71           3     285.992     300.976           0     5235.81           0
71           4     285.996     299.981           0     4162.15           0
71           5     286.002     298.987           0      9129.2           0
71           6     286.001     297.992           0     12410.5           0
71           7     286.001     296.998           0     10361.5           0
71           8     286.001     296.003           0     14293.7           0
71           9     286.001     295.009           0     12797.1           0
71          10     286.001     294.014           0     10381.3           0
71          11     286.001      293.02           0     11747.3           0
71          12     286.001     292.025           0     10969.6           0
71          13     286.001     291.031           0     13917.1           0
71          14     286.001     290.036           0     11825.7           0
71          15         286     289.042           0      9093.9           0
71          16     285.996     288.047           0     8694.21           0
71          17     285.987     287.053           0     12500.1           0
71          18     285.971     286.059           0     11984.7           0
71          19     285.964     285.064           0     14519.8           0
71          20     286.012     284.071           0     16901.3           0
71          21     286.221     283.098           0     22977.7           0
71          22     286.614     282.185           0     16993.9           0
71          23     286.905     281.234           0     24636.9           0
71          24     287.018     280.246           0     21368.6           0
71          25     287.095     279.255           0     18227.4     20.8834
71          26     287.277     278.277           0     13704.4     29.1914
71          27     287.603     277.338           0     14817.3     89.4814
71          28     287.878     276.382           0     23650.8           0
71          29      287.99     275.394           0     22797.5           0
71          30     288.003     274.399           0     25837.3           0
71          31     287.999     273.405           0       25615           0
71          32     288.041     272.411           0       24965           0
71          33     288.208     271.431           0     19808.3           0
71          34     288.494     270.478           0     11359.4           0
71          35     288.762     269.521           0     17639.9           0
71          36     288.937     268.542           0       25422           0
71          37     289.117     267.564           0     28778.6           0
71          38     289.422     266.617           0     17552.1           0
71          39     289.799     265.697           0     26872.2     405.366
71          40     290.216     264.794           0     29733.5     6637.57
71          41     290.655     263.902           0     31702.7     3396.34
71          42     290.942      262.95           0     30897.1     2231.97
71          43     291.019     261.958           0     28823.9     2393.42
71          44     291.019     260.964           0     29797.6     5.80834
71          45     291.008     259.969           0     28204.1           0
71          46     291.002     258.975           0     31734.6           0
71          47     290.999      257.98           0     39388.5           0
71          48         291     256.986           0       37228           0
71          49     291.005     255.991           0     36239.6           0
71          50     291.012     254.997           0       34740           0
71          51      291.01     254.002           0     33215.7           0
71          52     290.945      253.01           0     31277.5           0
71          53     290.718     252.042           0     23334.5     668.492
71          54     290.358     251.115           0     17604.5     974.276
71          55     290.089     250.157           0     31344.7      861.17
71          56     289.988     249.168           0     28607.1     1094.98
71          57     289.968     248.174           0     29050.7     1590.55
71          58      289.99      247.18           0       23782     2892.58
71          59     290.045     246.187           0     19541.2     3868.23
71          60     290.192     245.203           0     12610.4     4291.19
71          61     290.542     244.272           0     15516.6      4745.7
71          62     291.049     243.416           0     23337.7           0
#1
72           0     291.451      264.18           0     23455.8     7023.58
72           1      292.36     264.597           0     10624.8     2457.32
72           2     293.199     265.143           0     14816.3     226.411
72           3     294.034     265.695           0     13791.4           0
72           4     294.877     266.233           0     15077.7           0
72           5     295.699     266.804           0     13379.1           0
72           6     296.457     267.456           0     10516.6           0
72           7     297.171     268.158           0     14332.5           0
72           8     297.875     268.869           0     17736.6           0
72           9      298.58     269.579           0       11039           0
72          10     299.287     270.288           0     12669.4           0
72          11     299.994     270.995           0     25120.6           0
72          12     300.703     271.701           0     9904.06           0
72          13     301.414     272.406           0     9202.87           0
72          14     302.124     273.111           0     17932.7           0
72          15     302.817     273.833           0     16333.3           0
72          16      303.45     274.607           0     11695.7           0
72          17     303.995     275.447           0     22531.5           0
72          18     304.531     276.292           0     9581.43           0
72          19      305.14     277.086           0     14793.5           0
72          20     305.805     277.833           0       11566           0
72          21     306.445     278.602           0      8394.6           0
72          22     307.011     279.428           0     15034.5           0
72          23     307.554     280.268           0     5313.39           0
72          24     308.153      281.07           0     8204.09           0
72          25     308.825     281.811           0     11004.6           0
72          26     309.516     282.535           0      7999.3     182.955
72          27     310.161       283.3           0     10131.1     1469.15
72          28     310.713     284.135           0     11429.4     1402.78
72          29     311.254     284.976           0     14943.6      3438.3
72          30     311.865     285.769           0     11258.4     3826.19
72          31     312.613     286.433           0     11068.2     2779.88
72          32     313.469     286.952           0     25724.4     3817.61
72          33     314.361     287.404           0     14153.9     6644.81
72          34     315.185     287.972           0     30532.4           0
72          35     315.574     288.893           0     3478.18           0
72          36     315.851     289.855           0     23931.7           0
72          37     316.494     290.621           0     11565.8     2991.47
72          38     317.234     291.294           0     12493.1     5559.39
72          39     317.967     291.976           0       23474     285.178
72          40     318.684     292.673           0     15093.7           0
72          41     319.392      293.38           0     15186.2           0
72          42     320.072     294.114           0     27455.4           0
72          43     320.671     294.916           0     17406.1           0
72          44     321.205     295.763           0     20535.6           0
72          45     321.743     296.606           0     9911.68           0
72          46     322.372     297.384           0     8127.68           0
72          47     323.033     298.135           0     10790.4           0
72          48     323.684     298.896           0     9293.58           0
72          49     324.388     299.606           0     15507.1           0
72          50     325.079     300.331           0     15955.1           0
72          51      325.71     301.107           0     17722.9           0
72          52     326.248     301.951           0     18625.2           0
72          53     326.732     302.826           0     15583.5           0
72          54     327.226     303.697           0     13634.3           0
72          55     327.738     304.556           0     8106.09           0
72          56     328.285     305.394           0     8959.49           0
72          57     328.743     306.284           0     14220.9           0
72          58     329.084     307.225           0     16245.6           0
72          59     329.388     308.178           0     11067.9           0
72          60     329.719     309.122           0     13253.2           0
72          61     329.931       310.1           0     20606.7           0
72          62     329.969       311.1           0     20239.8           0
72          63     329.877     312.096           0     11260.6           0
72          64     329.676     313.077           0     8800.07           0
72          65     329.379     314.032           0     5440.75           0
72          66     329.109     314.996           0     9269.24           0
72          67      328.79     315.944           0     11953.2           0
72          68     328.387      316.86           0     8248.65           0
72          69     327.939     317.755           0     19817.4           0
72          70     327.479     318.643           0     8100.88           0
72          71     327.002     319.523           0     13778.5           0
72          72     326.457     320.362           0     6744.52           0
72          73     325.827      321.14           0     8680.29           0
72          74     325.163     321.888           0     10666.1           0
72          75      324.54     322.671           0     7563.78           0
72          76     323.987     323.505           0       15712           0
72          77     323.437     324.341           0     6881.16           0
72          78     322.818     325.127           0     9609.66           0
72          79     322.147      325.87           0     18644.2           0
72          80     321.502     326.634           0     12301.7           0
72          81     320.937     327.461           0     18521.8           0
72          82     320.403     328.306           0     5488.78           0
72          83     319.806      329.11           0     6165.27           0
72          84     319.111      329.83           0      6379.9           0
72          85     318.331     330.457           0     5277.52           0
72          86     317.498     331.011           0     13105.5           0
72          87     316.653     331.547           0     4197.15     2704.07
#1
73           0     276.992     369.002           0           0           0
73           1     277.706     369.721           0     4330.53           0
73           2     278.421     370.439           0     6594.65           0
73           3     279.139     371.155           0     15518.2           0
73           4     279.862     371.864           0     15105.5           0
73           5      280.59     372.569           0     8805.24           0
73           6     281.304     373.288           0     9421.52           0
73           7      282.02     374.005           0     17565.8           0
73           8     282.714     374.743           0     7326.51           0
73           9     283.345     375.536           0        7986     99.8929
73          10     283.886     376.393           0     22957.2           0
73          11     284.431     377.246           0     14985.1     423.254
73          12     285.054     378.046           0     25446.3     645.948
73          13     285.769     378.764           0     18871.3     666.564
73          14     286.584     379.366           0     13404.2     504.102
73          15     287.493     379.814           0     23229.5     1022.34
73          16     288.365      380.33           0     24374.2     1164.95
73          17     289.012      381.11           0     28784.2     1347.32
73          18     289.443     382.026           0     12712.4     6909.16
73          19     289.978     382.887           0     20455.3     6867.08
73          20     290.636     383.658           0     13058.6     4925.48
73          21     291.287     384.434           0     11833.5     4135.84
73          22      291.85     385.277           0     13910.6           0
73          23     292.392     386.133           0     9447.85           0
73          24     292.997     386.946           0       18879           0
73          25     293.679     387.695           0       13488           0
73          26     294.394     388.413           0     13681.5           0
73          27     295.138       389.1           0     24111.7           0
73          28     295.947      389.71           0       17014           0
73          29      296.81     390.241           0     15821.6           0
73          30     297.665     390.784           0     11412.2           0
73          31     298.493     391.369           0     9933.72           0
73          32     299.347     391.914           0     19125.7           0
73          33       300.2     392.461           0     8951.35           0
73          34      301.05     393.012           0           0           0
#1
74           0     289.082     380.401           0     29653.7           0
74           1     290.036     380.116           0     25686.2     3106.19
74           2     291.025     379.999           0     25665.6     5635.08
74           3      292.02     379.971           0     22966.6     9088.76
74           4     293.014     379.932           0     20586.4     4964.45
74           5     294.004     379.825           0     17846.7     1116.62
74           6      294.99     379.686           0     21327.8           0
74           7     295.973     379.845           0     25382.1           0
74           8     296.965     379.919           0     34111.5           0
74           9     297.912     379.612           0     22399.8           0
74          10     298.668     378.964           0     15895.7           0
74          11     299.239     378.149           0     20420.1           0
74          12     299.779     377.312           0     15599.5     1897.93
74          13     300.377     376.516           0     8228.61     4958.32
#1
75           0     260.986     386.288           0           0           0
75           1     261.929     386.627           0     11872.3           0
75           2     262.901     386.873           0     19398.2           0
75           3     263.886     387.053           0     22408.2           0
75           4     264.847     387.338           0     13849.4           0
75           5     265.726      387.82           0     11261.1           0
75           6     266.493     388.465           0        8563           0
75           7     267.199     389.175           0     11960.1           0
75           8     267.901     389.891           0     17665.5           0
75           9     268.605     390.603           0     12364.4           0
75          10     269.313     391.313           0       13154           0
75          11     270.022     392.021           0       15471           0
75          12     270.731     392.729           0     6014.76           0
75          13     271.441     393.437           0     3673.45           0
75          14     272.151     394.143           0     3208.17           0
75          15     272.862     394.849           0     4582.38           0
75          16     273.573     395.556           0     7196.58           0
75          17     274.281     396.265           0     10969.5           0
75          18     274.954     397.008           0     12179.5           0
75          19     275.553      397.81           0      6565.5           0
75          20       276.1     398.651           0     12092.7           0
75          21     276.648     399.489           0     4662.53           0
75          22     277.253     400.288           0     3572.35           0
75          23     277.884     401.066           0           0           0
#1
76           0      232.15     195.039           0           0           0
76           1     232.544     194.118           0     6749.02           0
76           2      232.89     193.178           0     15500.5           0
76           3     233.236     192.238           0     13784.3           0
76           4     233.628     191.316           0     7879.26           0
76           5     234.054      190.41           0     12345.4           0
76           6     234.463     189.495           0     7658.69           0
76           7     234.792     188.549           0       16213     660.786
76           8      235.02     187.574           0     20501.8     3911.93
76           9     235.215     186.592           0     12779.4     3580.49
76          10     235.478     185.625           0     5373.89     2615.71
76          11     235.838     184.691           0     5114.19     2074.56
76          12     236.264     183.784           0     6899.01     206.469
76          13     236.713     182.889           0     14490.3           0
76          14     237.174         182           0     21391.9           0
76          15     237.612     181.099           0       17549           0
76          16     238.044     180.195           0     26110.4           0
76          17     238.821     179.567           0     16430.7        5432
76          18      239.82     179.642           0     13288.1     3016.66
76          19     240.797     179.861           0     15277.7     3.53623
76          20     241.779     180.059           0     11033.8     217.989
76          21     242.745     180.322           0     8404.96     282.917
76          22     243.637     180.778           0        7032           0
76          23     244.415     181.408           0     7584.85           0
76          24     245.132     182.108           0     15829.6     740.258
76          25     245.833     182.823           0       11981     1021.48
76          26     246.537     183.536           0     6538.03     2522.98
76          27     247.244     184.245           0     6730.82     1627.37
76          28     247.952     184.953           0     12815.7     2628.47
76          29     248.663     185.659           0     7796.61     672.327
76          30     249.376     186.363           0     7106.42     389.014
76          31     250.084     187.071           0     9326.83           0
76          32     250.769     187.801           0      8665.9           0
76          33     251.393     188.585           0      7624.4           0
76          34     251.937     189.426           0     17863.9           0
76          35     252.479     190.268           0     10334.4           0
76          36     253.074     191.074           0     19126.5           0
76          37     253.661     191.886           0     10823.2           0
76          38     254.166      192.75           0     12035.8           0
76          39     254.597     193.654           0     4865.34           0
76          40     255.018     194.563           0     8976.06           0
76          41     255.448     195.468           0     6976.61           0
76          42     255.885     196.369           0       18110           0
76          43     256.346     197.258           0       13505           0
76          44     256.807     198.148           0     19987.1           0
76          45     257.277     199.032           0     17031.9           0
76          46      257.75     199.915           0     15910.6           0
76          47     258.247     200.784           0     13567.4           0
76          48     258.773     201.637           0     11768.7     855.507
76          49     259.309     202.483           0     10434.8      2446.8
76          50     259.685     203.411           0     15248.5     1207.37
76          51     259.866     204.396           0     27341.5     597.949
76          52     259.905     205.397           0     39736.7      8136.7
76          53     259.916     206.399           0     42030.9     10572.5
76          54     259.976     207.399           0     33115.9     8621.02
76          55     260.005       208.4           0     25867.5           0
76          56      260.02     209.401           0     23760.3           0
76          57     260.031     210.403           0     20212.5           0
76          58     260.017     211.404           0     24343.2     2255.97
76          59     259.903     212.399           0     29999.6      73.632
76          60     259.576     213.346           0     21258.6     3242.02
76          61     259.193     214.271           0     27244.4     3682.22
76          62     259.079     215.266           0     20365.2     2650.13
76          63     259.171     216.264           0     10356.5     1682.31
76          64     259.406     217.238           0     6735.16     1223.57
76          65     259.738     218.183           0     7847.97        2214
76          66     260.063      219.13           0       10420     307.894
76          67     260.403     220.072           0     5720.99           0
76          68     260.782     220.999           0     2.13142           0
#1
77           0     108.504     129.347           0     25632.7     352.509
77           1     109.223     128.636           0     18911.4     1407.25
77           2     110.056     128.063           0     19074.6     4186.41
77           3     110.912     127.525           0     4576.07     4206.24
77           4     111.767     126.986           0     3351.86     3635.02
77           5     112.564     126.365           0     6968.51     5394.68
77           6     113.329     125.703           0     11409.7     4347.92
77           7     114.126     125.082           0     29720.3     1166.87
#1
78           0     96.5836     103.112           0     1250.87       641.4
78           1     96.7893     104.099           0     15224.5     232.567
78           2     96.9328     105.097           0     19028.3     47.7859
78           3      97.012     106.102           0     18597.2           0
78           4     97.1397     107.102           0     14173.8           0
78           5     97.4416     108.064           0     8304.12           0
78           6     97.9732     108.921           0     11097.2           0
78           7     98.6457     109.672           0     6398.53           0
78           8     99.3654     110.378           0     6905.94           0
78           9     100.086     111.083           0     14624.3           0
78          10     100.779     111.816           0     11551.5           0
78          11       101.4      112.61           0     8084.77     116.382
78          12     101.939     113.462           0     17519.9     4328.45
78          13     102.493     114.305           0     10502.7     2388.81
78          14     103.127     115.089           0     16998.9           0
78          15     103.803     115.837           0     17895.4           0
78          16     104.431     116.625           0     15403.5           0
78          17     104.968     117.479           0     37175.6           0
78          18       105.5     118.336           0     19959.7           0
78          19     106.098     119.147           0     31048.5           0
78          20     106.713     119.947           0     29785.3           0
78          21     107.453     120.631           0     31738.6           0
78          22     108.372     121.045           0     32776.2     4180.44
78          23     109.351     121.287           0     17071.6     1762.35
78          24     110.319     121.568           0     5775.91     2764.62
78          25     111.251     121.954           0     8153.63     2552.04
78          26     112.126     122.455           0     3658.77     2493.95
78          27     112.903     123.097           0     11513.8     2521.26
78          28     113.582     123.843           0       15477     5531.45
78          29     114.333     124.515           0     26227.2     334.141
78          30     115.216     125.002           0     29564.2           0
78          31     116.181     125.294           0     13850.5           0
78          32     117.131     125.633           0     4913.69           0
78          33     117.993     126.155           0     3345.63           0
78          34     118.774     126.793           0     2004.11           0
78          35     119.508     127.484           0     2562.35           0
78          36     120.226     128.192           0     5189.93           0
78          37     120.941     128.903           0     11535.1           0
78          38     121.639     129.631           0     9641.73           0
78          39     122.264     130.422           0      9517.7           0
78          40     122.713     131.325           0     7961.08           0
78          41     122.942     132.306           0     9907.62           0
78          42     123.021     133.312           0     9235.78           0
78          43      123.03      134.32           0     8354.57           0
78          44     123.006     135.328           0      4163.3           0
78          45     122.946     136.334           0     4351.93           0
78          46     122.811     137.334           0     5439.32           0
78          47     122.568     138.312           0     4633.43           0
78          48     122.259     139.272           0     9430.12           0
78          49     121.948     140.231           0     14026.8           0
78          50     121.622     141.185           0     8143.45           0
78          51     121.282     142.134           0     12481.3           0
78          52     121.005     143.104           0     16053.7           0
78          53      120.71     144.068           0     14848.7     845.744
78          54     120.352      145.01           0     11832.1     2337.67
78          55     120.062     145.976           0     21311.9     5584.11
78          56     119.748     146.934           0     16803.2     3768.67
78          57     119.316     147.845           0     17812.7      2529.4
78          58     118.757     148.685           0     25644.8     1098.05
78          59       118.2     149.525           0     3438.39     2198.08
#1
79           0     177.973     143.028           0           0           0
79           1      178.68     142.317           0     3669.33           0
79           2     179.385     141.606           0     4364.63           0
79           3     180.092     140.895           0      7703.2           0
79           4     180.805     140.192           0     7584.91           0
79           5     181.543     139.514           0     3656.29           0
79           6     182.324     138.886           0     2549.43           0
79           7      183.15     138.319           0     3561.74           0
79           8     183.983     137.761           0     5791.65           0
79           9     184.795     137.174           0     8720.28           0
79          10      185.61     136.592           0     7341.73           0
79          11     186.459      136.06           0       17392           0
79          12     187.305     135.522           0     12987.9           0
79          13     188.109     134.924           0     33723.9           0
79          14     188.927     134.345           0     40195.6           0
79          15     189.731     133.748           0     59603.1      821.88
#1
80           0     160.863     53.7107           0     12444.8     402.828
80           1     160.449     54.6224           0     9695.74     5540.99
80           2      160.15     55.5774           0     11646.5     4560.35
80           3     160.012     56.5689           0     15494.3     3858.35
80           4     160.007     57.5698           0     17342.8     3323.04
80           5     160.156     58.5596           0     18983.6      3288.8
80           6     160.477     59.5078           0     13809.7     2093.05
80           7     160.803      60.454           0     23798.5     477.609
80           8     161.022     61.4307           0     28041.4           0
80           9     161.213     62.4133           0     18992.3           0
80          10      161.48      63.378           0     10854.2           0
80          11     161.795      64.328           0     20544.6           0
80          12     162.093     65.2836           0     23950.9           0
80          13       162.4     66.2364           0     13516.8           0
80          14     162.719     67.1851           0     15932.9           0
80          15     162.913      68.167           0     21140.4           0
80          16     163.062     69.1569           0     26096.5           0
80          17     163.334     70.1201           0     19036.2           0
80          18     163.728     71.0404           0     26544.6           0
80          19      164.05      71.988           0     31437.8           0
80          20     164.336     72.9474           0     18839.6           0
80          21     164.668     73.8914           0     11599.7           0
80          22     164.864      74.873           0     11270.2           0
80          23     164.946     75.8706           0     20260.9           0
80          24     164.976     76.8711           0     31503.9           0
80          25     164.993     77.8719           0     40087.8           0
80          26     165.065     78.8702           0     35491.4           0
80          27     165.281     79.8477           0     24263.5           0
80          28     165.614     80.7915           0     16969.3           0
80          29     165.836     81.7675           0     22998.9           0
80          30     165.931      82.764           0     30973.2     46.9457
80          31     166.069     83.7553           0     36421.2     1653.21
80          32     166.536     84.6401           0     31815.8           0
80          33      167.42     85.1095           0     30492.6     11135.5
80          34      168.39     85.3566           0       14004     331.317
80          35     169.335     85.6856           0     5938.13           0
80          36      170.18     86.2223           0     9301.89     222.552
80          37     170.926     86.8898           0     16228.5           0
80          38     171.635     87.5959           0     9846.81     1034.44
80          39     172.337     88.3094           0     10314.6           0
80          40     173.003     89.0573           0     17098.8           0
80          41     173.549      89.896           0     7802.57           0
80          42     173.934       90.82           0     17374.5           0
80          43     174.252      91.769           0     11470.5           0
80          44     174.611     92.7033           0     11651.6           0
80          45     175.034     93.6108           0       28223           0
80          46     175.489     94.5022           0       17175           0
80          47     175.899     95.4151           0     28576.1           0
80          48     176.222     96.3626           0     17008.2           0
80          49     176.526     97.3165           0     7795.53           0
80          50     176.898     98.2454           0     16702.9           0
80          51     177.314     99.1559           0     11799.5           0
80          52     177.685     100.086           0       17194    0.678859
80          53     177.902     101.063           0       23462           0
80          54     178.051     102.053           0     31775.5           0
80          55     178.314     103.018           0     18115.7           0
80          56     178.734     103.927           0     28219.6           0
80          57     179.193     104.816           0     27360.5           0
80          58     179.632     105.716           0       19001           0
80          59     180.077     106.612           0     31702.8           0
80          60     180.488     107.525           0       17014           0
80          61     180.823     108.469           0     28225.8           0
80          62     181.111     109.427           0     32729.7           0
80          63     181.456     110.366           0     20094.7           0
80          64     181.892     111.268           0     32956.8           0
80          65     182.345      112.16           0       19526           0
80          66     182.743     113.079           0     27627.1           0
80          67     182.989     114.049           0     36375.7           0
80          68     183.113     115.042           0     24478.7           0
80          69     183.304     116.025           0     16616.4           0
80          70     183.665     116.958           0     22306.1           0
80          71     184.124     117.848           0     43788.8           0
80          72     184.611     118.722           0       27987           0
80          73     185.083     119.605           0     42766.2           0
80          74     185.512     120.509           0       15512           0
80          75     185.955     121.407           0     18850.1           0
80          76     186.465     122.268           0     11088.4           0
80          77     187.052     123.079           0     20625.7           0
80          78     187.625       123.9           0     21057.2           0
80          79     188.168     124.741           0     29312.4     2152.31
80          80      188.71     125.582           0     20623.2     3499.32
80          81     189.297     126.393           0     20854.5     1799.38
80          82      189.75     127.285           0     24946.4     616.029
80          83     189.974     128.261           0     32605.5           0
80          84     190.021      129.26           0     34670.1           0
80          85     190.009     130.261           0     30955.4           0
80          86     189.983     131.262           0     35411.4        1466
80          87     189.964     132.263           0     46422.5     3434.43
80          88     190.052      133.26           0     58037.6       174.4
80          89     190.656     134.057           0     58688.6     26.0843
80          90     191.469     134.641           0       25461           0
80          91     192.216     135.308           0     27609.8     2363.37
80          92     192.802     136.119           0     29197.3     2118.65
80          93     193.324     136.973           0     21577.7           0
80          94     193.881     137.804           0     21496.6           0
80          95     194.545     138.554           0     14925.2           0
80          96     195.248     139.266           0     18229.5           0
80          97     195.957     139.973           0     25545.1           0
80          98     196.674     140.672           0     16126.5           0
80          99     197.439     141.316           0     14456.9           0
80         100     198.277     141.864           0     20168.4           0
80         101      199.12     142.404           0     12581.5     714.121
80         102     199.929     142.993           0     12889.2     1724.63
80         103      200.68     143.655           0     10202.5     4140.07
80         104     201.416     144.333           0     7571.49     5367.08
#1
81           0     267.993     257.185           0           0           0
81           1     268.758     257.794           0      4172.7           0
81           2     269.546     258.372           0     3549.82           0
81           3     270.381      258.88           0     6541.94           0
81           4     271.248     259.331           0     4906.46           0
81           5     272.128     259.757           0     13763.2           0
81           6     272.994      260.21           0       19338           0
81           7     273.868     260.648           0     15853.4           0
81           8     274.801      260.94           0     24068.2           0
81           9     275.774     261.031           0     18719.6           0
81          10     276.751     261.038           0     10890.4           0
81          11     277.729     261.025           0      8589.2           0
81          12     278.706     261.009           0     11744.4           0
81          13     279.683     260.992           0     20887.7           0
81          14     280.661     260.987           0     25331.3           0
81          15     281.637     261.034           0       25906           0
81          16     282.593     261.238           0     17887.8           0
81          17     283.483     261.641           0     12770.2           0
81          18     284.267     262.225           0       16301           0
81          19     284.999     262.873           0     3.82975           0
#1
82           0     333.626     468.024           0     24105.4     1590.08
82           1     334.454     467.464           0     11632.1     944.561
82           2     335.341     467.005           0     18159.3     5765.09
82           3     336.257     466.606           0     6565.55     567.512
82           4     337.203     466.285           0     8103.53           0
82           5     338.178     466.071           0     10911.3           0
82           6     339.164     465.912           0     14400.2           0
82           7     340.121     465.624           0     9476.24           0
82           8     341.041     465.235           0           0           0
82           9     341.962     464.848           0           0           0
82          10     342.881     464.456           0     7677.14           0
82          11     343.821     464.117           0     17943.6           0
82          12     344.764      463.79           0     17122.7           0
82          13     345.702     463.445           0     9310.11           0
82          14     346.652     463.135           0     15485.7           0
82          15       347.6     462.821           0     15798.5           0
82          16     348.525     462.445           0     10121.5           0
82          17     349.425      462.01           0     17898.5           0
82          18     350.321     461.569           0     6825.02           0
82          19     351.227     461.147           0     7227.23           0
82          20     352.144     460.752           0      7204.1           0
82          21     353.083      460.41           0     11358.2           0
82          22     354.044     460.139           0     27109.1           0
82          23     354.975     459.778           0     30193.6     949.806
82          24     355.783      459.19           0     34419.4     611.084
82          25     356.247     458.305           0     11893.1           0
82          26     356.487     457.336           0           0           0
82          27     356.887     456.421           0     13101.5           0
82          28     357.722     455.873           0     13993.3     865.753
82          29     358.668     455.552           0     6017.25           0
82          30     359.576     455.136           0     5639.13           0
82          31     360.334     454.486           0     5922.94           0
82          32     360.909     453.669           0     13365.5     281.463
82          33      361.36     452.778           0     8221.05     63.6352
82          34     361.729     451.849           0     13482.4           0
82          35      362.04       450.9           0     21313.9           0
82          36     362.357     449.953           0     13123.1           0
82          37     362.682     449.008           0     16037.4           0
82          38     362.685      448.01           0     12775.6           0
82          39     362.443      447.04           0     5967.94           0
82          40     362.231     446.064           0     10998.3           0
82          41     362.024     445.087           0     24115.8           0
82          42     361.732     444.132           0     16757.1           0
82          43     361.365     443.202           0     14712.8           0
82          44      361.09     442.242           0     22685.5           0
82          45     360.983     441.249           0     19857.8           0
82          46     360.958      440.25           0     17122.2           0
82          47     360.948     439.252           0       12560           0
82          48     360.946     438.253           0     11850.3           0
82          49     360.998     437.255           0     15296.5           0
82          50     361.219     436.281           0     15997.2           0
82          51     361.692     435.402           0     10664.8           0
82          52     362.334     434.636           0     9624.82           0
82          53     363.034     433.923           0     11173.6           0
82          54     363.745     433.221           0      8654.8           0
82          55     364.466      432.53           0     7155.44           0
82          56     365.228     431.885           0     10600.2           0
82          57     366.062     431.335           0     10175.3           0
82          58     366.924      430.83           0     18311.2           0
82          59       367.8      430.35           0     14248.8           0
82          60     368.688     429.891           0     20568.7           0
82          61     369.591     429.466           0     9238.57           0
82          62     370.486     429.022           0     16888.3           0
82          63     371.338     428.499           0     8900.67           0
82          64     372.117     427.874           0     12290.3           0
82          65     372.827     427.172           0     12137.9           0
82          66     373.477     426.413           0     7884.91           0
82          67     374.073     425.611           0     15495.1           0
82          68      374.56     424.739           0     16541.9           0
82          69     374.899       423.8           0     18915.2           0
82          70     375.024     422.809           0     17935.6           0
82          71     375.032      421.81           0     16014.2           0
82          72     374.977     420.812           0     14192.9           0
82          73     374.848     419.822           0     10586.2           0
82          74     374.618      418.85           0     6993.34           0
82          75     374.323     417.895           0     11286.1           0
82          76     374.117     416.918           0     18622.4           0
82          77     374.014     415.924           0     24494.2           0
82          78     373.961     414.927           0     24394.6           0
82          79     373.905     413.929           0     9939.49           0
82          80     373.825     412.934           0     8429.09           0
82          81     373.685     411.944           0     7031.26           0
82          82     373.566     410.953           0     6574.78           0
82          83     373.722     409.966           0     10094.9           0
82          84     373.886     408.981           0     16001.7           0
82          85     373.968     407.985           0     16889.7           0
82          86     373.989     406.986           0     19138.5           0
82          87     374.004     405.987           0     16094.7           0
82          88      374.08     404.991           0     16688.2           0
82          89     374.303     404.018           0     12474.6           0
82          90     374.628     403.073           0     8109.27           0
82          91     374.858     402.101           0       13155           0
82          92     374.962     401.108           0     14947.9     10.7683
82          93     375.001      400.11           0     24162.9     60.9453
82          94     375.008     399.111           0     20102.8     6.30876
82          95     375.006     398.112           0       17194     33.7904
82          96     375.005     397.113           0       19652     18.1334
82          97     375.009     396.114           0     19572.7     20.2578
82          98     375.013     395.115           0     17219.5     15.6544
82          99         375     394.116           0     12265.9      4.0788
82         100     374.934     393.119           0     10820.4           0
82         101     374.737      392.14           0     11137.7           0
82         102     374.406     391.197           0     10640.7           0
82         103     374.143     390.233           0     18534.3           0
82         104     374.019     389.242           0     21692.1           0
82         105     373.987     388.244           0     21546.3           0
82         106     373.987     387.245           0       25624           0
82         107     373.994     386.246           0     25783.2           0
82         108         374     385.247           0     29389.1           0
82         109     374.005     384.248           0     22003.9     2.06212
#1
83           0     85.7167      313.45           0     2901.67     2057.52
83           1     85.8329     314.445           0      6961.2     375.277
83           2     85.9474      315.44           0     8840.25           0
83           3     86.1245     316.426           0     11812.1           0
83           4     86.4173     317.384           0     8246.47           0
83           5     86.7331     318.335           0     11719.8           0
83           6     86.9445     319.314           0     16532.7           0
83           7     87.0646     320.309           0     16057.1           0
83           8     87.2141     321.299           0     10215.7           0
83           9     87.4382     322.276           0     6780.97           0
83          10     87.7008     323.243           0       11756           0
83          11     87.8914     324.226           0     17574.8           0
83          12     88.0766     325.211           0     24861.7           0
83          13     88.3677     326.169           0     14274.1           0
83          14     88.7117      327.11           0     14363.2           0
83          15     88.9401     328.086           0       19664           0
83          16     89.0943     329.076           0       17447           0
83          17     89.3334     330.049           0     12264.8           0
83          18     89.7238     330.971           0     14020.2           0
83          19      90.179     331.864           0     17695.6           0
83          20     90.6452      332.75           0       11336           0
83          21     91.0989     333.644           0     16086.8           0
83          22     91.5002     334.561           0     8458.48           0
83          23     91.8266     335.509           0     14090.4           0
83          24     92.1218     336.466           0     16318.2           0
83          25     92.4677     337.406           0     10318.7           0
83          26     92.9006      338.31           0     18294.4           0
83          27     93.4153     339.169           0       11073           0
83          28      93.992     339.988           0     24363.5           0
83          29     94.5244     340.837           0     9467.54           0
83          30     94.8864     341.771           0     15133.6           0
83          31     95.2355      342.71           0     15243.3           0
83          32     95.7184     343.588           0     10134.8           0
83          33     96.3569      344.36           0       10897           0
83          34     97.0587     345.075           0     23235.4     30.7768
83          35     97.7722     345.778           0       18800     2005.92
83          36      98.483     346.484           0       14977     3108.87
83          37     99.1892     347.195           0     20993.4     1844.63
83          38      99.892     347.909           0     18173.2     3505.95
83          39     100.603     348.615           0     10810.8     1231.63
83          40     101.366     349.264           0     11241.2     1442.38
83          41     102.234     349.764           0       13626     1603.84
83          42     103.174      350.11           0       11567     1996.99
83          43     104.114     350.457           0      7837.1           0
83          44     104.957     350.998           0     18492.3           0
83          45     105.717     351.651           0     11575.4       520.6
83          46     106.474     352.307           0     11703.9     3070.42
83          47     107.221     352.974           0     27450.9     1585.15
83          48     107.745     353.828           0     22832.2           0
83          49     107.967     354.805           0     31436.6           0
83          50      108.01     355.806           0     32830.2           0
83          51     107.991     356.807           0     35706.8           0
83          52     107.986     357.809           0     29826.6           0
83          53      108.09     358.805           0     27243.2           0
83          54     108.501     359.719           0     31787.2     256.242
83          55     109.131     360.498           0     17290.9     2769.11
83          56     109.776     361.264           0     18292.7     2427.87
83          57     110.307     362.114           0     14705.8      2153.9
83          58     110.766     363.005           0     21153.9     1812.15
83          59     111.225     363.895           0     20820.9      2925.3
83          60     111.682     364.787           0     16034.5     56.2761
83          61     112.132     365.682           0     19148.4           0
83          62     112.551     366.592           0     9719.17           0
83          63     112.976     367.499           0     21439.7           0
83          64     113.404     368.405           0     14261.2           0
83          65     113.777     369.334           0     26354.2           0
83          66     114.086     370.288           0     33235.3           0
83          67     114.399     371.239           0     18848.8           0
83          68     114.755     372.176           0       26801           0
83          69     115.052     373.132           0     32970.3           0
83          70     115.406      374.07           0     18794.9           0
83          71     115.938     374.919           0     23718.2     1116.37
83          72     116.531     375.726           0     12660.7     4152.11
83          73     117.052     376.582           0     20431.9     3075.45
83          74     117.498     377.479           0     9709.36     2475.33
83          75     117.939     378.378           0     18093.5     3673.87
83          76     118.446     379.242           0     11164.1           0
83          77     119.033     380.054           0     23266.3           0
83          78     119.617     380.868           0     14326.7           0
83          79     120.159     381.711           0     20357.4           0
83          80     120.695     382.557           0     10787.5           0
83          81     121.278     383.372           0     11767.4           0
83          82     121.811     384.221           0     22835.5           0
83          83     122.303     385.093           0     17641.2           0
83          84     122.765     385.982           0     18009.7           0
83          85     123.252     386.857           0     16863.8           0
83          86     123.786     387.705           0     12335.1           0
83          87      124.38     388.512           0     10541.6           0
83          88     124.921     389.355           0     20697.6           0
83          89     125.456     390.202           0     10644.2           0
83          90     126.017     391.032           0     17691.5           0
83          91     126.525     391.896           0     11951.4           0
83          92     126.896     392.826           0     28118.1     3979.49
83          93     127.218     393.775           0     24669.7     10751.3
#1
84           0     251.683      348.72           0     3303.13     2525.26
84           1     252.665      348.87           0     5497.99     2457.08
84           2     253.644     349.034           0     7423.34     1769.06
84           3     254.611     349.259           0     6013.39     649.931
84           4     255.558     349.558           0     7123.38     247.955
84           5     256.515      349.82           0     15280.9           0
84           6     257.498      349.96           0     17333.5     217.087
84           7     258.491     349.992           0     15011.2     1215.65
84           8     259.484     349.987           0     13648.5     1921.37
84           9     260.476      350.02           0     13552.2     1207.17
84          10     261.454     350.192           0     11347.4           0
84          11     262.369     350.578           0     6838.66           0
84          12     263.168     351.166           0     9671.94           0
84          13     263.889     351.849           0     11187.8           0
84          14     264.588     352.554           0     7342.67           0
84          15     265.283     353.263           0     8682.47           0
84          16     265.957     353.993           0     14079.1           0
84          17     266.565     354.777           0     9958.91           0
84          18     267.089      355.62           0     16642.1           0
84          19     267.548     356.501           0     8363.23     1039.56
84          20     267.985     357.393           0     14484.1     1124.27
84          21     268.395     358.296           0     7190.84     4769.43
84          22     268.758     359.221           0     11412.8     1142.96
84          23     269.068     360.164           0     13350.6     203.831
84          24     269.399       361.1           0     8399.78           0
84          25     269.796      362.01           0           0           0
#1
85           0     161.768     465.639           0     20965.8           0
85           1     162.727      465.97           0     29699.5     2177.32
85           2     163.701     466.255           0       19815     7437.89
85           3     164.647     466.624           0     14137.8     4320.03
85           4     165.565     467.056           0       22577     2357.49
85           5     166.482     467.491           0     10157.9     5441.84
85           6       167.4     467.922           0     17674.5     1552.03
85           7     168.314     468.365           0     11639.6     3323.11
85           8     169.205      468.85           0     22747.6     77.1496
#1
86           0     340.463      485.03           0     224.191           0
86           1     340.244     486.009           0     10396.5           0
86           2     340.088     486.999           0       12326           0
86           3     339.989     487.997           0     16063.2           0
86           4     339.871     488.992           0     11383.6           0
86           5     339.662     489.973           0     8197.97           0
86           6     339.353     490.926           0        9975           0
86           7     339.134     491.905           0     13636.5           0
86           8     339.036     492.903           0     17692.9           0
86           9     338.985     493.904           0     21235.2           0
86          10       338.9     494.903           0     14388.5           0
86          11     338.707     495.887           0     12418.1           0
86          12     338.404     496.842           0     6247.85           0
86          13     338.165     497.816           0      8353.7           0
86          14     338.032      498.81           0     7784.08           0
86          15     337.925     499.807           0     9240.36           0
86          16     337.745     500.793           0     8632.52           0
86          17      337.48      501.76           0     4490.61           0
86          18     337.244     502.734           0     7785.24           0
86          19     337.052     503.718           0     10667.8           0
86          20     336.804      504.69           0     13913.9           0
86          21     336.454     505.629           0     9715.81     3524.46
86          22     336.145     506.583           0     15436.4     2829.92
86          23     336.001     507.575           0     17919.7     2474.08
86          24     336.108     508.572           0     18304.6           0
86          25     336.622     509.432           0     14928.4     4452.86
86          26     337.511     509.896           0     22725.7           0
86          27     338.507     510.007           0     28551.7           0
86          28     339.498     509.854           0     25034.4     283.596
86          29     340.444     509.522           0     12285.4     252.387
86          30     341.354     509.103           0       18402           0
86          31     342.249      508.65           0     12604.2           0
86          32     343.142     508.195           0     22609.5           0
86          33     344.022     507.714           0     19687.6     572.854
86          34      344.91     507.248           0     12411.6     975.849
86          35     345.812     506.812           0     12451.2     1375.94
86          36     346.743     506.438           0     8512.47     3079.51
86          37     347.711     506.179           0     14849.5     4385.13
86          38     348.697     505.999           0     22820.8     2475.03
86          39     349.679     505.795           0     24743.9     984.902
#1
87           0     105.977     417.543           0           0           0
87           1     106.972     417.336           0     4113.52           0
87           2     107.974     417.164           0     6251.67           0
87           3     108.976     416.993           0     8721.67     750.634
87           4     109.959     416.733           0     8189.04     1513.21
87           5     110.907     416.369           0     7612.88     2464.96
87           6     111.861     416.018           0     14544.3     1206.92
87           7     112.824      415.69           0     9292.33     317.149
87           8     113.795     415.389           0     9071.06           0
87           9     114.811     415.368           0     11505.6           0
87          10     115.729     415.804           0     10852.1           0
87          11     116.512     416.452           0     8013.14           0
87          12     117.277     417.122           0     9914.35           0
87          13     118.097     417.721           0     5834.49           0
87          14     118.952     418.272           0     5435.81           0
87          15     119.759     418.889           0     10103.8           0
87          16     120.448     419.637           0     7408.04           0
87          17     121.005     420.487           0     15419.8           0
87          18     121.486     421.383           0     7293.16           0
87          19     121.936     422.294           0     11315.3           0
87          20     122.359     423.219           0     5644.14           0
87          21     122.748     424.158           0     7486.74           0
87          22      123.11     425.107           0     9981.39           0
87          23     123.472     426.057           0     3485.26           0
87          24     123.854     426.999           0    0.655039           0
#1
88           0     210.997     194.059           0           0           0
88           1     211.713     193.319           0     6530.14           0
88           2     212.422     192.571           0     7421.73           0
88           3     213.104     191.798           0     12290.3      45.626
88           4     213.743     190.991           0     17422.9     3194.66
88           5     214.458     190.248           0     24876.7     2112.01
88           6     215.133     189.469           0     30038.7     150.172
#1
89           0     319.078     443.985           0           0           0
89           1     319.586     444.812           0     6609.29           0
89           2     320.073     445.651           0     12053.9           0
89           3     320.521     446.512           0     7344.64           0
89           4     320.958     447.378           0     14940.3           0
89           5     321.444     448.218           0     8562.98           0
89           6     321.983     449.024           0     24492.8      250.19
89           7     322.438     449.882           0     14859.4     7173.33
#1
90           0     258.769     652.058           0           0           0
90           1     258.168     651.264           0     7908.55           0
90           2     257.627     650.428           0     6099.98           0
90           3     257.253     649.505           0     10488.1           0
90           4      257.06     648.528           0     15141.9           0
90           5     256.959     647.538           0     17390.7           0
90           6     256.804     646.554           0     14156.2           0
90           7     256.532     645.596           0     7353.66           0
90           8     256.259     644.638           0       11910           0
90           9     256.069     643.661           0     16934.8           0
90          10     255.926     642.675           0     15766.8           0
90          11     255.706     641.704           0     11893.1           0
90          12     255.345     640.776           0     11635.3           0
90          13     254.845     639.914           0     15748.1           0
90          14     254.351      639.05           0     14616.5           0
90          15     253.857     638.185           0     25434.3           0
90          16     253.382      637.31           0     13845.9           0
90          17     252.927     636.424           0     18961.6           0
90          18     252.518     635.516           0     9039.93           0
90          19     252.139     634.595           0     15308.1           0
90          20     251.709     633.697           0     13955.4           0
90          21     251.173     632.858           0     16227.1           0
90          22     250.539      632.09           0     7989.18           0
90          23     249.948     631.289           0     24371.3           0
90          24     249.374     630.475           0     12592.2           0
90          25     248.768     629.684           0     13673.5           0
90          26     248.212     628.858           0     19569.1           0
90          27     247.675     628.019           0     14215.5           0
90          28     247.108     627.201           0     14246.5           0
90          29     246.448     626.455           0     10747.3           0
90          30     245.748     625.747           0       13992           0
90          31     245.062     625.026           0     19442.1           0
90          32     244.443     624.245           0     10580.9           0
90          33     243.901      623.41           0     16418.9           0
90          34     243.378     622.562           0     9103.73           0
90          35      242.81     621.745           0     13287.5           0
90          36     242.268     620.909           0     18378.3           0
90          37      241.73     620.071           0     18006.3           0
90          38     241.162     619.253           0     13928.9           0
90          39     240.502     618.507           0     8800.02           0
90          40     239.804     617.797           0      9858.1           0
90          41     239.123     617.071           0     12505.5           0
90          42      238.51     616.286           0     8319.12           0
90          43     237.972     615.448           0     17368.1           0
90          44     237.434      614.61           0     9422.76           0
90          45     236.808     613.835           0       14884           0
90          46     236.117     613.118           0     20117.9           0
90          47     235.417      612.41           0       13095           0
90          48     234.765     611.658           0     14392.4           0
90          49     234.211      610.83           0     15751.4           0
90          50     233.689     609.982           0     13373.1           0
90          51     233.109     609.172           0     18448.1           0
90          52      232.44     608.435           0     10296.1           0
90          53     231.735     607.731           0       10349           0
90          54     231.029     607.029           0     10984.8           0
90          55     230.353     606.298           0     6565.09           0
90          56     229.751     605.504           0     5058.01           0
90          57     229.221     604.661           0     5820.48           0
90          58     228.672     603.831           0     7933.75           0
90          59      228.04     603.061           0       15457           0
90          60     227.351     602.342           0       10946           0
90          61     226.643     601.642           0     11471.7           0
90          62     225.935     600.942           0     19889.2           0
90          63     225.244     600.224           0     11271.5           0
90          64     224.607     599.459           0     5269.63           0
90          65     224.037     598.642           0     1914.53           0
90          66     223.503     597.802           0     1269.06           0
90          67     222.958     596.968           0     6942.01           0
90          68     222.408     596.138           0     5183.95           0
90          69     221.867     595.302           0     8433.96           0
90          70      221.32      594.47           0     4004.65           0
90          71     220.739     593.661           0      3707.9           0
90          72     220.159     592.852           0     2635.29           0
90          73       219.6     592.027           0     1118.92           0
90          74      219.06     591.191           0     3903.13           0
90          75     218.579     590.319           0     4766.96           0
90          76     218.244     589.381           0     12678.7           0
90          77     218.082     588.399           0     22350.3     584.505
90          78     218.184     587.408           0     24621.8     1728.26
90          79     218.614      586.51           0     10244.8     2627.16
90          80     219.243     585.737           0     7832.82           0
90          81     219.975     585.063           0     5797.18           0
90          82     220.779     584.474           0     4196.82           0
90          83     221.613      583.93           0     9067.91           0
90          84     222.438     583.372           0     4917.54           0
90          85     223.215     582.749           0     6147.43           0
90          86     223.973     582.104           0     4860.51           0
90          87     224.767     581.503           0     1685.45           0
90          88      225.61     580.973           0     2541.56           0
90          89     226.484     580.496           0     2551.11           0
90          90     227.379     580.058           0     7427.95           0
90          91     228.285     579.645           0     4652.08           0
90          92     229.205     579.264           0     6924.09           0
90          93     230.139      578.92           0      8901.8           0
90          94     231.072     578.571           0     4415.66           0
90          95     231.992      578.19           0     12.4956           0
#1
91           0     275.304     505.253           0      8119.3     4091.43
91           1     275.036     504.294           0     14927.3     2514.88
91           2     274.742     503.342           0     10758.8     1998.32
91           3     274.419     502.401           0     8447.92     437.059
91           4     274.189     501.432           0       14088     1518.94
91           5     274.215     500.436           0     13748.9     130.938
91           6     274.476     499.475           0     7055.04           0
91           7     274.806     498.536           0     7970.23           0
91           8      275.13     497.594           0     7892.84           0
91           9     275.453     496.652           0     5023.96           0
91          10     275.778     495.711           0     8652.48           0
91          11      276.08     494.762           0     9849.11           0
91          12     276.391     493.816           0     6575.13           0
91          13     276.734     492.881           0     8481.97           0
91          14     277.029      491.93           0     8511.93           0
91          15     277.331     490.981           0     6218.46           0
91          16     277.741     490.074           0     13066.6           0
91          17     278.188     489.184           0     12019.6           0
91          18     278.625     488.289           0     8962.11           0
91          19     279.062     487.394           0     15714.9           0
91          20     279.493     486.497           0      7940.3           0
91          21     279.929     485.601           0     15542.8           0
91          22     280.367     484.707           0     10893.6           0
91          23     280.743     483.785           0     15239.3           0
91          24     280.987      482.82           0     18910.3           0
91          25     281.173     481.842           0     15565.9           0
91          26     281.435     480.881           0      6704.2           0
91          27     281.803     479.956           0        9697           0
91          28      282.22     479.051           0     7062.73           0
91          29      282.68     478.168           0     14978.7     121.119
91          30     283.161     477.296           0     20672.3     7918.15
91          31     283.566     476.387           0     12931.1     6709.58
91          32     283.915     475.454           0     22531.2     2244.58
91          33      284.22     474.506           0     14601.3     282.034
91          34     284.514     473.555           0     6818.62           0
91          35     284.816     472.606           0     12691.6           0
91          36     285.114     471.655           0       15018           0
91          37     285.426      470.71           0     8194.87           0
91          38     285.734     469.763           0     12684.9           0
91          39     285.955     468.792           0       17681           0
91          40     286.141     467.814           0     15588.5           0
91          41     286.398     466.852           0     9670.26           0
91          42     286.718     465.909           0     12450.8           0
91          43     286.918     464.933           0     14102.9           0
91          44     286.998     463.941           0     20009.3           0
91          45     287.013     462.945           0       17513           0
91          46     287.004     461.949           0     18161.3           0
91          47     286.993     460.954           0     12432.7           0
91          48      286.99     459.958           0     10326.4           0
91          49     287.012     458.962           0     7599.22           0
91          50     287.093      457.97           0     6672.43           0
91          51     287.292     456.994           0      6533.8           0
91          52     287.606     456.049           0     9726.73           0
91          53     287.883     455.093           0     21565.7           0
91          54     288.113     454.124           0     24041.9           0
91          55     288.262     453.139           0     25892.3           0
91          56     287.922     452.204           0     25648.4     3322.96
91          57     287.477     451.313           0     10613.5     935.922
91          58      287.09     450.395           0     16461.7           0
91          59     286.769     449.453           0     11525.1           0
91          60     286.476     448.501           0     6249.97           0
91          61     286.237     447.534           0     9863.45      2158.3
91          62     286.098     446.548           0     14061.2     1959.98
91          63     286.004     445.557           0     19434.2     324.966
91          64     285.846     444.574           0     18090.1           0
91          65      285.55     443.623           0     11710.2           0
91          66     285.192     442.694           0     18922.8           0
91          67     284.874      441.75           0     17842.5           0
91          68     284.586     440.797           0     9228.07           0
91          69       284.3     439.843           0     13884.7           0
91          70     284.129     438.862           0     22086.9           0
91          71     284.035     437.871           0     30270.7           0
91          72     283.854     436.892           0     38107.3     276.518
91          73      283.46     435.977           0     44454.3     10885.2
91          74      283.16     435.028           0     36376.6     9860.67
91          75     283.009     434.043           0     36848.5      4807.6
91          76     282.966     433.049           0     28511.5     2052.75
91          77     282.942     432.053           0     26801.5           0
#1
92           0     170.114     356.046           0           0           0
92           1     170.739     355.266           0     4449.07           0
92           2     171.329      354.46           0     3445.52           0
92           3     171.867     353.617           0     5787.45           0
92           4     172.412      352.78           0     5364.83           0
92           5     173.027     351.992           0     12486.8           0
92           6     173.719     351.271           0     12030.8           0
92           7     174.371     350.514           0     10129.5           0
92           8     174.949     349.699           0     15549.1           0
92           9     175.489     348.857           0     5383.88           0
92          10     176.013     348.007           0     3444.16           0
92          11      176.54     347.158           0      2467.6           0
92          12     177.077     346.315           0     6152.44           0
92          13     177.635     345.486           0     3635.39           0
92          14     178.214     344.671           0     4493.34           0
92          15     178.769      343.84           0     8260.54           0
92          16     179.328     343.012           0     6622.06           0
92          17     179.917     342.205           0     6411.31           0
92          18      180.56      341.44           0     4659.56           0
92          19       181.2     340.672           0     6041.39           0
92          20      181.78     339.858           0     10466.7           0
92          21     182.334     339.027           0     7950.17           0
92          22     182.881      338.19           0     6068.56           0
92          23     183.433     337.357           0     4096.64           0
92          24     183.945     336.499           0     8857.27           0
92          25     184.426     335.623           0     5552.54           0
92          26     184.903     334.745           0     10695.8           0
92          27     185.421      333.89           0     5620.22           0
92          28     185.984     333.065           0     8047.76           0
92          29     186.564     332.251           0     5500.72           0
92          30     187.093     331.403           0     7638.83           0
92          31     187.558     330.518           0      3530.5           0
92          32     187.989     329.617           0     6735.17           0
92          33      188.39     328.701           0     2576.08           0
92          34     188.746     327.768           0           0           0
92          35     189.045     326.814           0           0           0
92          36     189.296     325.847           0           0           0
92          37     189.517     324.872           0     457.041           0
92          38     189.726     323.895           0     5534.49           0
92          39     189.907     322.912           0     12301.9           0
92          40     190.052     321.923           0     10910.6           0
92          41       190.2     320.935           0     6708.44           0
92          42     190.396     319.955           0     3076.27           0
92          43     190.642     318.986           0     3821.33           0
92          44     190.873     318.014           0     9909.69           0
92          45     191.071     317.035           0     7009.46           0
92          46     191.298     316.061           0     6530.57           0
92          47     191.604      315.11           0     5403.63           0
92          48     191.909     314.159           0     10543.1           0
92          49     192.241     313.216           0     9038.15           0
92          50     192.617      312.29           0     8287.47           0
92          51     192.969     311.354           0     13035.5           0
92          52     193.271     310.402           0     6624.58           0
92          53     193.562     309.446           0     3338.07           0
92          54     193.849     308.489           0     5442.13           0
92          55     194.135     307.531           0     6260.93           0
92          56     194.427     306.575           0     3557.18           0
92          57     194.695     305.613           0      4358.9           0
92          58     194.879      304.63           0      6985.6           0
92          59     194.992     303.638           0     7436.19           0
92          60     195.099     302.644           0      8261.8           0
92          61     195.258     301.657           0     10055.3           0
92          62     195.432     300.673           0     9100.72           0
92          63     195.614     299.691           0     6433.19           0
92          64     195.986     298.763           0     16606.9     1235.15
92          65     196.558     297.944           0      7366.3     2038.22
92          66     196.946     297.023           0     10886.3     1679.23
92          67      197.17     296.049           0     6598.55     1494.26
92          68     197.375     295.071           0     4751.79     1309.02
92          69     197.656     294.112           0     6019.53     10.1014
92          70     197.942     293.154           0     10363.8           0
92          71     198.239       292.2           0     7780.56           0
92          72     198.561     291.254           0     8258.45           0
92          73      198.84     290.294           0     17505.8           0
92          74     199.114     289.333           0     17436.8           0
92          75     199.545     288.432           0       14145           0
92          76     200.176     287.657           0     11884.4     1780.81
92          77     200.903     286.971           0     13879.1     2406.89
92          78     201.565     286.222           0     5869.31     2129.69
92          79     202.132       285.4           0     7603.16     959.719
92          80     202.663     284.553           0      4009.6     231.681
92          81     203.208     283.715           0     5735.57           0
92          82     203.731     282.864           0     11537.2           0
92          83     204.267      282.02           0     11756.6           0
92          84     204.856     281.213           0       14554           0
92          85     205.524     280.469           0     9597.77           0
92          86     206.226     279.758           0     10929.1           0
92          87     206.936     279.055           0     8346.39           0
92          88     207.646     278.352           0     9418.03           0
92          89     208.354     277.646           0     11005.4           0
92          90      209.06      276.94           0     19632.1           0
92          91     209.767     276.233           0     8364.55           0
92          92     210.472     275.525           0     5889.76           0
92          93     211.177     274.816           0     7989.99           0
92          94     211.881     274.107           0     10997.3           0
92          95     212.591     273.404           0     8682.06           0
92          96     213.329      272.73           0      8901.3     1050.62
92          97     214.112      272.11           0           0     5202.42
92          98     214.949     271.563           0     10643.9     8693.78
92          99     215.793     271.028           0     22841.9     1584.76
92         100     216.577     270.408           0     10199.5           0
92         101     217.346     269.769           0     10515.9           0
92         102     218.158     269.187           0     11624.4           0
92         103     218.987      268.63           0      7651.1           0
92         104     219.805     268.056           0     5766.35           0
92         105     220.579     267.424           0      3607.2           0
92         106     221.357     266.796           0     4059.79           0
92         107     222.183     266.234           0     5746.88           0
92         108      223.05     265.737           0     5021.65           0
92         109      223.94     265.282           0     5533.62           0
92         110     224.828     264.825           0     8611.48           0
92         111     225.735     264.405           0     9125.26           0
92         112     226.691     264.112           0     12759.2           0
92         113     227.677     263.954           0     11703.2           0
92         114     228.669     263.831           0     10126.3     270.126
92         115     229.658     263.685           0      2866.8     1765.46
#1
93           0     270.497     354.908           0     6102.49      4428.6
93           1     271.402     355.328           0      6830.1     3300.88
93           2     272.335     355.681           0     7555.46           0
93           3     273.309     355.902           0     12356.9           0
93           4      274.29      356.08           0     16635.8           0
93           5     275.246     356.367           0     12073.1           0
93           6     276.135     356.821           0     19655.8           0
93           7     276.982     357.349           0     14155.6     248.084
93           8     277.826     357.881           0     447.872     2468.22
93           9     278.652     358.441           0           0     6709.52
93          10     279.492      358.98           0     17728.4     1278.99
93          11     280.381     359.434           0     16433.1           0
93          12     281.306     359.809           0     15029.2           0
93          13     282.289      359.98           0     12145.9           0
93          14     283.286     360.021           0       14362           0
93          15     284.284     360.026           0     18172.3           0
93          16     285.282     360.039           0     15937.4           0
93          17      286.28     360.062           0           0      4124.9
93          18     287.278      360.08           0     10763.6     7077.47
93          19     288.276     360.079           0       36966     5741.54
93          20     289.272     360.032           0     33776.8     7398.33
93          21      290.27     360.005           0     33577.7     2.19005
93          22     291.267     359.967           0     28523.1           0
93          23     292.259     359.854           0     21139.8           0
93          24     293.226     359.608           0     11857.1           0
93          25     294.149     359.228           0     13143.4           0
93          26     295.023     358.747           0       15092           0
93          27      295.82     358.147           0     22180.4     1579.16
93          28     296.552     357.468           0     15361.9     7188.89
93          29      297.26     356.765           0     18701.1     3261.99
93          30     297.948     356.042           0     23706.1     41.2086
93          31     298.559     355.253           0     13897.9           0
93          32     299.031     354.374           0     21490.3           0
93          33     299.402     353.447           0     17232.5           0
93          34     299.536     352.459           0       16488           0
93          35     299.255     351.502           0     13297.8           0
93          36     298.736      350.65           0     16766.7     1874.52
93          37     298.202     349.806           0     26867.4     1716.12
93          38     297.695     348.947           0     20902.7     611.925
93          39     297.228     348.065           0     18980.7           0
93          40     296.789     347.169           0     15499.5           0
93          41     296.365     346.265           0     13166.2           0
93          42     295.905      345.38           0     21797.3           0
93          43     295.378     344.532           0     10346.2           0
93          44     294.747     343.759           0     12471.3           0
93          45     294.056     343.039           0     25116.6     319.318
93          46     293.352     342.332           0     13857.6     1645.19
93          47     292.646     341.626           0     13428.4     3936.75
93          48     291.911     340.952           0       23004     590.224
93          49     291.091     340.382           0     13089.9           0
93          50     290.195     339.943           0     17835.9           0
93          51     289.348     339.415           0     17323.3     4836.63
93          52     288.621     338.732           0     14388.1     4818.81
93          53     287.946     337.997           0     29419.5     4515.97
93          54     287.173     337.366           0     29165.7     4806.38
93          55     286.289     336.904           0     47026.4     5593.21
93          56     285.367     337.276           0       40640           0
93          57      284.39     337.475           0     17353.4     9306.13
93          58     283.395     337.386           0           0           0
93          59      282.41     337.228           0     12058.3           0
93          60     281.422     337.086           0       22316           0
93          61     280.427     337.017           0     23478.5           0
93          62     279.429     337.002           0     24761.3           0
93          63     278.431     336.985           0     22738.2           0
93          64     277.434     336.938           0     17128.5           0
93          65     276.451     336.763           0     12078.7           0
93          66     275.531     336.378           0     8286.81           0
93          67     274.712     335.807           0     10002.2           0
93          68      273.94     335.175           0           0           0
#1
94           0     226.194     377.281           0     246.858     218.003
94           1      226.67     378.157           0     3355.81           0
94           2     227.165     379.022           0     6240.62           0
94           3     227.672      379.88           0     6462.02           0
94           4     228.194     380.729           0     6976.23           0
94           5     228.746     381.559           0     3242.92           0
94           6     229.369     382.337           0     3539.07           0
94           7     230.043     383.072           0     8496.01     12.2312
94           8     230.772     383.751           0     6824.53     290.742
94           9     231.565     384.354           0     4661.86     465.738
94          10     232.426     384.857           0     8507.12     1120.19
94          11     233.319     385.299           0     7016.93     3151.54
94          12     234.219     385.728           0     8743.87     1799.66
94          13      235.05     386.278           0     10305.1           0
94          14      235.64     387.081           0     11397.9           0
94          15     235.992     388.013           0     24018.1           0
94          16     236.356     388.941           0     14542.2           0
94          17     236.873     389.794           0     11814.8           0
94          18     237.521      390.55           0     6755.07           0
94          19     238.217     391.264           0     7191.94           0
94          20      238.92     391.971           0     9850.56           0
94          21     239.633     392.667           0     6348.73           0
94          22     240.402     393.301           0     7291.59           0
94          23     241.287      393.76           0     13796.6           0
94          24     242.269      393.93           0     12866.4     263.959
94          25     243.263     393.852           0     8443.27     2361.49
94          26     244.228     393.607           0     5272.56           0
94          27     245.151      393.23           0     8149.93           0
94          28     246.041     392.781           0     10281.8           0
94          29     246.921     392.312           0     7626.78           0
94          30     247.805     391.853           0     10387.6           0
94          31     248.701     391.416           0     5447.93           0
94          32     249.596     390.978           0       10930           0
94          33      250.49     390.536           0     5471.82           0
94          34     251.374     390.076           0     8548.27           0
94          35     252.225     389.557           0     5340.62           0
94          36     253.015      388.95           0     12997.5     1217.27
94          37     253.749     388.275           0     15191.6     4399.85
94          38     254.475     387.593           0     8155.59        4952
#1
95           0     239.251     322.578           0     1421.24     1129.36
95           1     240.101     323.118           0     7931.59     491.013
95           2      240.98     323.611           0      8755.8     39.8425
95           3     241.917      323.98           0     15103.5           0
95           4     242.872     324.298           0     10134.1           0
95           5     243.803     324.683           0     10522.7           0
95           6     244.705     325.132           0     13181.4           0
95           7     245.612     325.569           0      6841.3           0
95           8     246.523     325.999           0     12520.7           0
95           9     247.436     326.423           0     6696.48           0
95          10     248.343     326.862           0     14376.3           0
95          11     249.204     327.384           0     11404.6           0
95          12     249.997     328.005           0     16801.6           0
95          13     250.722     328.703           0     12659.3           0
95          14     251.386     329.461           0     11600.3           0
95          15     251.953     330.293           0     19754.2           0
95          16     252.438     331.176           0     6944.73           0
95          17     252.875     332.083           0     10383.7           0
95          18     253.297     332.997           0     5693.76           0
95          19     253.713     333.915           0     5963.17           0
95          20     254.151     334.822           0     8614.12           0
95          21     254.616     335.715           0     7392.87           0
95          22      255.11     336.593           0     11096.6           0
95          23     255.652     337.441           0     5411.72           0
95          24     256.278     338.231           0     7097.64           0
95          25     256.938     338.991           0       12761           0
95          26     257.551      339.79           0     6714.22           0
95          27     258.077     340.649           0     11320.3           0
95          28     258.552     341.537           0      8954.3           0
95          29     259.028     342.424           0     18914.5           0
95          30     259.526       343.3           0     7786.99           0
95          31     260.063     344.152           0     11773.9           0
95          32     260.573      345.02           0     1901.06     284.625
95          33     260.999     345.933           0     6694.95     1052.64
95          34     261.412     346.851           0     3013.49     2426.45
#1
96           0     154.525      202.74           0     35213.5     9141.18
96           1     154.097     201.834           0     30524.2     2054.03
96           2     153.987     200.836           0     26227.9           0
96           3     153.987     199.833           0     23641.7           0
96           4     154.004      198.83           0     22528.6           0
96           5     153.943     197.829           0     28187.1           0
96           6     153.651     196.869           0     17572.8           0
96           7     153.219     195.963           0     20573.6     73.1218
96           8     152.772     195.065           0       18314     1575.73
96           9     152.386     194.139           0     10348.1     2068.93
96          10     152.105     193.176           0     15882.2      1878.1
96          11     151.799      192.22           0     20973.1     1300.91
96          12     151.422      191.29           0     12551.1           0
96          13     151.136     190.329           0     16450.7           0
96          14     151.002     189.335           0     16441.5           0
96          15     150.911     188.336           0     15733.4           0
96          16     150.739     187.347           0     11245.2           0
96          17     150.465     186.382           0     7123.17           0
96          18       150.2     185.414           0     11995.4           0
96          19     149.988     184.434           0     16245.7           0
96          20      149.77     183.454           0       11447           0
96          21       149.5     182.488           0     6555.67           0
96          22     149.243     181.518           0     10737.7           0
96          23     149.049     180.534           0       15449           0
96          24     148.839     179.553           0     15683.3           0
96          25     148.538     178.596           0     10450.5           0
96          26     148.226     177.642           0     16686.6           0
96          27     148.049     176.655           0     19896.7           0
96          28     147.999     175.653           0     18858.3           0
96          29     147.966      174.65           0     19309.6           0
96          30     147.842     173.654           0     16471.4           0
96          31     147.581     172.686           0     10749.4           0
96          32     147.265     171.733           0     13399.7           0
96          33     147.069     170.749           0     17683.5           0
96          34     147.003     169.748           0     20103.8           0
96          35     147.003     168.745           0     18626.9           0
96          36     147.009     167.742           0     19598.1           0
96          37      146.96      166.74           0     18586.6           0
96          38     146.771     165.754           0     18639.9     40.7318
96          39     146.433      164.81           0     10796.7     3265.37
96          40     146.185     163.838           0     20257.6     526.196
96          41     146.049     162.844           0     25946.4           0
96          42     146.003     161.842           0     31912.7           0
96          43     145.991     160.838           0     37164.1           0
96          44     145.985     159.835           0     38568.6           0
96          45     145.995     158.832           0     36353.3           0
96          46     146.076     157.832           0     32384.3           0
96          47     146.327     156.861           0     24838.4           0
96          48     146.696     155.928           0     22928.5           0
96          49     146.934     154.953           0     37970.1           0
96          50     147.009     153.953           0     38945.3           0
96          51     147.009     152.949           0     34477.9           0
96          52     146.996     151.946           0     26832.2           0
96          53     146.986     150.943           0     22741.9           0
96          54     146.995      149.94           0     18341.3           0
96          55      147.07     148.939           0     18551.2           0
96          56     147.298     147.962           0       14331           0
96          57     147.639     147.019           0     13740.2           0
96          58     147.896     146.049           0     25862.2           0
96          59     148.081     145.063           0     25685.6           0
96          60      148.32     144.089           0     15639.3           0
96          61     148.654     143.142           0     12689.8           0
96          62     148.915     142.174           0       18435           0
96          63      149.08     141.184           0     13673.6           0
96          64     149.288     140.203           0     10528.2           0
96          65     149.655     139.269           0     14084.2           0
96          66     150.097     138.368           0       22012           0
96          67     150.528     137.462           0       10686           0
96          68     150.892     136.528           0     13826.5           0
96          69      151.18     135.566           0     10113.3           0
96          70     151.452     134.601           0     8068.46           0
96          71     151.711     133.631           0     13616.7           0
96          72     151.923     132.651           0     22598.6           0
96          73     152.238     131.698           0     23540.3           0
96          74     152.846     130.901           0     21499.2           0
96          75     153.691      130.36           0       12024     5765.88
96          76     154.586     129.907           0     20554.2     3554.76
96          77      155.45     129.396           0     10928.8     1659.62
96          78     156.229     128.763           0     13481.5     1235.33
96          79     156.948     128.064           0     15889.8           0
96          80     157.649     127.346           0     7854.44           0
96          81     158.353     126.631           0     9724.18     2487.95
96          82     159.089      125.95           0     28432.2     4436.85
96          83     159.907     125.369           0     23118.4     6512.26
96          84     160.784     124.882           0     29808.1     4870.17
96          85     161.575     124.265           0     18286.3     680.722
96          86     162.122     123.424           0     24592.1           0
96          87     162.528     122.507           0     11987.3     815.091
96          88     162.948     121.596           0     20603.3     2846.04
96          89     163.394     120.697           0     14250.6     2359.17
96          90     163.785     119.773           0     23444.9     1964.11
96          91     163.974     118.788           0     22908.4     6541.77
96          92     164.014     117.785           0       17847     4359.71
96          93     164.058     116.783           0     17983.2     2676.53
96          94     164.236     115.796           0     22437.7     2634.45
96          95     164.599      114.86           0     26778.4     1439.85
96          96     164.903     113.904           0     21412.3     636.296
96          97     165.012     112.907           0     18474.4     545.054
96          98     165.026     111.904           0     15081.4     297.116
96          99      165.01     110.901           0     18510.9     12.7794
96         100     164.995     109.898           0     27325.2           0
96         101     165.013     108.894           0     28712.7           0
96         102     165.119     107.897           0     21422.2           0
96         103      165.35     106.921           0     13350.6           0
96         104     165.684     105.974           0     15192.6           0
96         105      165.93     105.002           0     24985.5           0
96         106     166.077     104.009           0     21486.4           0
96         107     166.242      103.02           0     16814.6     212.758
96         108     166.456      102.04           0       22134     110.158
96         109      166.31     101.047           0     7123.06           0
96         110     166.168     100.054           0     8025.27           0
96         111     166.075     99.0552           0     16045.6           0
96         112     166.025     98.0531           0     22858.8           0
96         113     166.007       97.05           0     31436.6           0
96         114     166.013     96.0468           0     28212.1           0
96         115      166.02     95.0435           0     32214.7           0
96         116     165.973     94.0413           0     42157.6           0
96         117     165.727     93.0687           0     34298.6           0
96         118     165.346     92.1408           0     25754.8           0
96         119     165.301     91.1388           0     23188.7           0
96         120     165.567     90.1714           0     11859.9     90.0098
96         121     165.799     89.1952           0     17742.3      1222.2
96         122     165.917     88.1989           0     28734.7     4568.25
96         123     165.974     87.1973           0     38004.5     5821.42
96         124     166.132     86.2064           0     43227.8     2632.77
96         125     166.656      85.351           0     31801.7     1374.03
#1
97           0     219.172     330.635           0     6144.72     3018.24
97           1     219.076     331.635           0     12732.7     3287.51
97           2     218.988     332.636           0     13676.4      2502.1
97           3     218.876     333.635           0     10835.6           0
97           4     218.706     334.625           0     7062.82           0
97           5     218.502      335.61           0     4383.78           0
97           6     218.423     336.611           0     6500.21           0
97           7     218.585     337.603           0     8865.86           0
97           8     218.817     338.581           0     14085.5     206.065
97           9     219.007     339.568           0     14340.6      2038.2
97          10     219.245     340.544           0     10750.8           0
97          11     219.656     341.461           0     7691.89           0
97          12     220.253      342.27           0     10273.9     31.0024
97          13     220.911      343.03           0     18252.2     5024.62
97          14     221.562     343.795           0     10543.5      50.535
97          15     222.312     344.464           0     17780.4     1689.36
97          16     223.227     344.881           0     18307.3           0
97          17      224.22     345.031           0     19603.6           0
97          18     225.219     345.143           0     18503.8           0
97          19     226.198     345.373           0     11522.8           0
97          20     227.148       345.7           0     12494.4     1445.62
97          21     228.105     346.007           0     22277.5      2412.1
97          22      229.05     346.349           0     12939.9     5405.14
97          23     229.979     346.731           0       13409     3152.52
97          24     230.955     346.971           0     15815.5     4883.72
97          25      231.96     347.006           0     17429.2     8116.86
97          26     232.945     346.808           0     16505.8      4923.5
97          27     233.795     346.273           0     23981.7           0
#1
98           0     235.833     435.183           0     31820.3     4920.15
98           1       236.8      434.84           0     28880.7     5738.16
98           2     237.732     434.413           0     14232.9     6765.72
98           3     238.718      434.13           0     20069.6     2775.35
98           4     239.738     434.025           0       21991           0
98           5     240.763     433.996           0       27172           0
98           6     241.787     433.936           0     24865.7           0
98           7     242.794     433.739           0     19606.4           0
98           8     243.768      433.42           0     9744.96           0
98           9      244.76     433.159           0     14560.7           0
98          10     245.776     433.021           0     16978.2           0
98          11     246.799     432.949           0       16338           0
98          12     247.821     432.861           0     13524.8           0
98          13      248.84     432.742           0     1825.26     852.325
#1
99           0     120.582     150.034           0     20489.5     6342.23
99           1     121.415     149.476           0     28557.4     734.666
99           2      122.27     148.952           0     30389.1     2327.24
99           3     123.206     148.594           0     14064.1      4888.9
99           4     124.151     148.259           0     14531.4      688.07
99           5     125.111     147.971           0     24582.3           0
99           6     126.067     147.668           0     13696.7           0
99           7     127.011     147.333           0     12895.5           0
99           8     127.979     147.071           0     19280.6           0
99           9      128.92     146.726           0     19627.3           0
99          10     129.774     146.202           0     19349.2           0
99          11      130.59     145.619           0     13954.5           0
99          12      131.44     145.089           0     27903.2           0
99          13     132.222     144.461           0     15139.1     1796.11
99          14     132.752      143.61           0     21231.6           0
99          15     133.097     142.669           0     27165.8           0
99          16     133.415     141.718           0     19301.1           0
99          17     133.762     140.778           0     28579.4           0
99          18     133.962     139.796           0     33242.8           0
99          19     134.088     138.802           0     34191.9           0
99          20     134.344     137.832           0     24331.2           0
99          21     134.693     136.893           0     25462.4           0
99          22     134.899     135.912           0     41208.7           0
99          23     134.986     134.913           0     59711.7           0
99          24     135.004     133.911           0     61425.9           0
99          25     134.998     132.908           0     51895.4           0
99          26     134.993     131.906           0     38313.8           0
99          27     135.002     130.904           0     23145.1           0
99          28     135.071     129.904           0       27443           0
99          29     135.325     128.934           0     18254.8           0
99          30     135.688         128           0     19667.7           0
99          31     135.898      127.02           0     24446.1           0
99          32     135.991     126.022           0     37213.1           0
99          33     136.096     125.025           0     30185.4           0
99          34     136.321     124.048           0     18138.5           0
99          35     136.677     123.111           0     21252.9           0
99          36     136.934     122.142           0       30554           0
99          37     137.015     121.143           0     28323.4           0
99          38      137.01     120.141           0     30240.8           0
99          39     136.964     119.139           0     21750.2           0
99          40      136.87     118.141           0     13757.7           0
99          41     136.689     117.156           0     8993.26           0
99          42     136.409     116.193           0     7817.78           0
99          43     136.168      115.22           0     17327.7           0
99          44     136.031     114.227           0       22246           0
99          45      135.99     113.226           0     21782.1           0
99          46      135.99     112.223           0     22493.6     22.1191
99          47     136.002     111.221           0     20918.6           0
99          48     136.015     110.219           0     14411.7           0
99          49     136.025     109.216           0     11472.1           0
99          50     136.019     108.214           0     13147.2           0
99          51     135.956     107.214           0     14516.1           0
99          52     135.765      106.23           0       14016           0
99          53     135.456     105.276           0     7355.76           0
99          54     135.196     104.308           0     10884.9           0
99          55     135.056     103.315           0     13686.7           0
99          56     135.002     102.314           0     19343.8           0
99          57     134.999     101.312           0       15783           0
99          58     135.012      100.31           0     15009.7           0
99          59     135.017     99.3075           0     19884.3           0
99          60     134.969     98.3063           0     23696.5           0
99          61     134.773     97.3232           0     19956.9           0
99          62     134.441     96.3774           0     12015.3           0
99          63     134.151      95.418           0     15005.2           0
99          64     134.015     94.4249           0     15271.6           0
99          65     133.981     93.4231           0     16834.8           0
99          66     133.985     92.4207           0     18015.6           0
99          67     133.993     91.4184           0     13751.9           0
99          68     133.997      90.416           0     10962.7           0
99          69         134     89.4136           0     15626.4           0
99          70     134.004     88.4113           0     14114.9           0
99          71      134.01     87.4089           0     9664.14           0
99          72      134.02     86.4066           0     9405.69           0
99          73     134.031     85.4042           0     8148.85           0
99          74     134.026     84.4019           0      8794.6           0
99          75     133.967     83.4012           0     14195.2           0
99          76     133.788      82.415           0     12819.7           0
99          77     133.495     81.4564           0     7285.17           0
99          78     133.232     80.4892           0     10165.3           0
99          79     133.098     79.4959           0     11324.7           0
99          80     133.036     78.4954           0     19036.2           0
99          81     132.968     77.4954           0     24103.2           0
99          82     132.798     76.5075           0     17495.4           0
99          83     132.522     75.5437           0     8677.31           0
99          84     132.232     74.5843           0     10010.1           0
99          85     132.066     73.5958           0     11319.9           0
99          86     132.015     72.5947           0       12043           0
99          87     132.005     71.5924           0     15950.4           0
99          88     131.973     70.5905           0     16501.7           0
99          89     131.842     69.5968           0     15255.1           0
99          90     131.575     68.6305           0     9151.34           0
99          91     131.266      67.677           0     8390.12           0
99          92     131.072     66.6935           0     10364.3           0
99          93     130.997      65.694           0     11600.5           0
99          94     130.988     64.6917           0     10617.7           0
99          95     131.002     63.6894           0     12557.3     55.1293
99          96     131.012     62.6871           0     15198.1     301.961
99          97     130.979     61.6852           0     14984.4     311.477
99          98     130.842     60.6922           0     14727.8     265.352
99          99     130.568      59.728           0     7864.95     18.9773
99         100     130.251      58.777           0     7308.51           0
99         101     130.065     57.7922           0     3969.55           0
99         102     129.995     56.7922           0     2750.52           0
99         103      129.98     55.7899           0     6824.47           0
99         104     129.987     54.7876           0     11531.5           0
99         105     130.001     53.7853           0     13182.8           0
99         106     130.014      52.783           0     12496.8           0
99         107     130.021     51.7807           0     13472.3     13.1525
99         108     129.999     50.7785           0     18483.5           0
99         109      129.89      49.782           0       15770           0
99         110     129.646     48.8099           0     11658.6           0
99         111     129.322     47.8612           0     10747.5           0
99         112     129.092     46.8856           0     16466.4           0
99         113     128.913     45.8994           0     17072.8           0
99         114     128.658       44.93           0       12182           0
99         115     128.315      43.988           0     9135.26           0
99         116     128.049     43.0217           0     15807.2           0
99         117     127.879     42.0338           0     10999.3     50.9328
99         118     127.752     41.0395           0     7334.58     1053.14
99         119     127.673     40.0403           0     3383.84     1779.83
99         120     127.787     39.0444           0     12834.2     2103.32
99         121     127.845     38.0437           0     18493.2     2076.43
99         122     127.663      37.058           0     9871.85     2152.33
99         123      127.35     36.1056           0       10932     1208.52
99         124      127.13     35.1278           0     13771.6           0
99         125     127.027     34.1306           0     19120.6           0
99         126     126.987     33.1291           0     23735.6           0
99         127     126.973     32.1268           0     21015.2           0
99         128     126.979     31.1244           0     20429.2     175.426
99         129     127.042     30.1241           0     20778.7     4211.23
99         130     127.256     29.1447           0       18340     61.7458
99         131     127.601     28.2036           0     11652.7           0
99         132     127.867     27.2372           0     15014.9           0
99         133     128.045     26.2508           0     17008.5           0
99         134     128.261     25.2718           0     13343.5           0
99         135     128.565     24.3167           0     9506.52           0
99         136     128.826     23.3491           0     13772.7           0
99         137     129.026     22.3667           0     18838.6           0
99         138     129.248     21.3893           0     12806.7           0
99         139     129.533     20.4283           0     8791.58           0
99         140     129.792     19.4599           0     16622.5           0
99         141     129.988     18.4768           0       22898           0
99         142     130.227     17.5033           0     17006.4           0
99         143     130.622     16.5821           0     8665.01           0
99         144     131.186     15.7535           0     10095.3           0
99         145     131.813     14.9713           0           0           0
#1
100           0     138.011     253.054           0           0           0
100           1     138.715     252.332           0     4433.63           0
100           2     139.414     251.605           0     5783.39           0
100           3     140.087     250.853           0     12058.5           0
100           4     140.692     250.046           0     9630.97           0
100           5      141.24       249.2           0     9358.51           0
100           6     141.785      248.35           0     8832.23           0
100           7     142.356     247.519           0     7643.42           0
100           8     142.883     246.659           0     12009.5           0
100           9     143.365     245.773           0     7367.66           0
100          10     143.833     244.879           0     12796.8     291.524
100          11     144.343      244.01           0     9158.47     620.941
100          12     144.894     243.164           0     10113.4     976.036
100          13     145.414       242.3           0     5913.52     1164.13
100          14     145.763     241.354           0     10724.4     872.469
100          15     145.944     240.362           0     17148.1     839.157
100          16     146.002     239.355           0     19669.5     1459.84
100          17     145.995     238.346           0     18032.2     2229.31
100          18     145.979     237.337           0     16449.2     785.458
100          19     146.004     236.329           0     22723.9           0
100          20     146.174     235.335           0     23813.3           0
100          21     146.548     234.398           0     14777.1           0
100          22     147.015     233.504           0     25251.6     6.65951
100          23     147.547     232.647           0     10497.7     590.592
100          24     148.169     231.852           0     14258.1     680.035
100          25     148.861     231.119           0     14265.8     2167.66
100          26     149.591     230.423           0      7990.8     3347.59
100          27     150.356     229.766           0     8371.71     5391.64
100          28     151.149     229.142           0     15879.4     775.918
100          29      151.91      228.48           0     27276.9           0
100          30     152.798     228.002           0     30832.6     2845.79
100          31     153.741     227.644           0     16718.4     1501.27
100          32     154.655     227.218           0     7884.19     373.134
100          33     155.509      226.68           0     4779.35           0
100          34     156.352     226.127           0     4078.78           0
100          35     157.191     225.567           0     2733.12           0
100          36     158.002     224.967           0     10956.2           0
100          37     158.792      224.34           0      802.28     656.849
#1
101           0     205.949     308.949           0           0           0
101           1     206.651     309.664           0     5684.41           0
101           2     207.354     310.378           0     6929.02           0
101           3     208.063     311.088           0     10602.8           0
101           4     208.781     311.787           0     8426.32           0
101           5     209.502     312.483           0     5851.91     286.065
101           6     210.204     313.198           0     7274.44     344.533
101           7     210.911      313.91           0     10990.1     1309.03
101           8     211.619     314.619           0     9547.64     198.987
101           9     212.328     315.328           0     11294.8           0
101          10     213.037     316.036           0     19797.7           0
101          11     213.747     316.744           0     12221.9           0
101          12      214.46     317.449           0     9633.04           0
101          13     215.171     318.155           0     13500.1           0
101          14     215.864      318.88           0     15277.2           0
101          15     216.491     319.662           0     9297.47           0
101          16     217.014     320.517           0     16947.4           0
101          17     217.465     321.412           0     9504.06           0
101          18     217.907     322.311           0     20055.9           0
101          19     218.413     323.177           0     11920.7           0
101          20      219.02     323.975           0     27515.8           0
101          21     219.694     324.717           0       16632           0
101          22     220.332      325.49           0     12604.5           0
101          23     220.873     326.334           0     16538.8           0
101          24     221.405     327.184           0     11647.9           0
101          25     221.991     327.997           0     19960.7      515.31
101          26     222.619     328.778           0     12193.4     2303.39
101          27     223.292     329.521           0     16238.1     2320.67
101          28     224.004     330.226           0     13011.1      668.38
101          29     224.758     330.887           0     13732.8     43.8157
101          30     225.412     331.647           0     10557.4     33.7009
101          31     225.956     332.489           0     26560.5           0
101          32     226.497     333.333           0     15047.6           0
101          33     227.094     334.138           0     21472.6           0
101          34     227.675     334.955           0       14618           0
101          35     228.245     335.779           0     17262.7           0
101          36     228.858     336.572           0     14317.1           0
101          37     229.451     337.381           0     19411.7           0
101          38     229.934     338.259           0       25624           0
101          39     230.339     339.176           0     20633.6           0
101          40     230.787     340.073           0     25097.3           0
101          41     231.249     340.963           0     22473.1      519.04
101          42     231.711     341.852           0     18256.6     3162.94
101          43     232.204     342.725           0     19404.8     2602.32
101          44     232.726     343.581           0     10950.4      3744.1
101          45     233.276     344.418           0       11476     1448.74
101          46     233.688     345.332           0     19343.9     1567.46
101          47     233.961     346.297           0     27770.7     831.505
101          48     234.359     347.217           0     16197.6           0
101          49     234.987     347.999           0     32773.3           0
101          50     235.692     348.711           0     22587.8           0
101          51     236.408     349.413           0     19078.1           0
101          52     237.121     350.117           0     24426.5           0
101          53     237.834     350.822           0     22293.6           0
101          54     238.538     351.535           0     14509.6           0
101          55     239.199     352.289           0     17186.7           0
101          56     239.764     353.117           0     23090.5     727.305
101          57     240.308     353.959           0     21044.6     2237.03
101          58     240.856     354.798           0     11905.9           0
101          59     241.438     355.614           0     8650.14           0
101          60     241.981     356.457           0     17932.6           0
101          61     242.521     357.301           0     8125.31           0
101          62     243.099     358.121           0     12035.8           0
101          63     243.672     358.943           0     7530.64           0
101          64     244.215     359.786           0     8604.48     2.37987
101          65     244.759     360.628           0     5871.13           0
101          66     245.331     361.451           0     5799.72           0
101          67     245.878     362.291           0     11046.1           0
101          68     246.429     363.128           0     5609.13           0
101          69     247.024     363.935           0     8673.54           0
101          70      247.69     364.684           0      8723.6     905.138
101          71      248.39     365.402           0     9033.79     3005.87
101          72     249.097     366.112           0     15534.6     2766.97
101          73     249.804     366.823           0     9009.12     789.598
101          74     250.521     367.523           0      8422.3           0
101          75      251.26       368.2           0     13089.5           0
101          76     252.096     368.754           0       15030           0
101          77     253.025     369.132           0     13258.1           0
101          78     253.983     369.426           0     8034.43      57.324
101          79     254.925     369.767           0      242.68     194.592
#1
102           0     78.0605      322.05           0           0           0
102           1     77.3488     321.349           0     9626.89           0
102           2      76.636     320.649           0     12119.5           0
102           3     75.9209     319.951           0     18976.5           0
102           4     75.2143     319.245           0     22658.9           0
102           5     74.5803     318.473           0       17436           0
102           6      74.189     317.554           0     24071.4           0
102           7     74.2346     316.556           0     14105.3           0
102           8     74.4856     315.589           0     5682.03           0
102           9     74.7642     314.629           0     7644.29           0
102          10     74.9808     313.654           0     7627.07           0
102          11     75.1844     312.676           0     8012.78           0
102          12     75.4416     311.711           0     5154.47           0
102          13      75.709     310.748           0     11361.3           0
102          14      75.893     309.766           0     18935.7           0
102          15      76.004     308.773           0       22289           0
102          16     76.1483     307.785           0       20769           0
102          17      76.394     306.816           0     9844.79           0
102          18     76.6768     305.858           0       13695           0
102          19     76.8595     304.876           0     22209.2           0
102          20     77.0085     303.888           0     35487.4           0
102          21     77.2974     302.932           0     28387.3           0
102          22      77.716     302.025           0     32815.5           0
102          23     77.9739      301.06           0     39274.6           0
102          24     78.0437     300.063           0       36222     832.211
102          25     78.0835     299.065           0     26209.3           0
102          26     78.1305     298.067           0       18027           0
102          27     78.0816     297.069           0     16198.4           0
102          28      77.697     296.147           0     3695.21     2277.24
102          29     77.3067     295.228           0     8296.64     2653.32
102          30     76.9009     294.315           0     18037.6     255.379
102          31     76.4775      293.41           0       11325           0
102          32     76.0923     292.488           0     18094.5           0
102          33     75.7696     291.542           0     11708.9           0
102          34     75.4706     290.589           0     6349.93           0
102          35     75.2011     289.627           0     10830.6           0
102          36     75.0489      288.64           0     11661.3           0
102          37     75.0002     287.642           0     11657.7           0
102          38     74.9855     286.643           0     11264.8           0
102          39      74.942     285.645           0     9273.34           0
102          40     74.8106     284.655           0     8645.56           0
102          41     74.5621     283.687           0     5436.52           0
102          42     74.2705     282.732           0     6971.18           0
102          43      74.076     281.752           0     8103.47           0
102          44     73.9951     280.756           0      6133.2           0
102          45     73.9772     279.757           0     7125.53           0
102          46     73.9825     278.758           0     9255.85           0
102          47     73.9922     277.759           0     11371.8           0
102          48      73.998      276.76           0     6940.97           0
102          49     74.0003     275.761           0     9415.33           0
102          50     74.0009     274.762           0     10916.6           0
102          51     74.0008     273.763           0     13044.4           0
102          52     74.0005     272.764           0     11258.2           0
102          53     74.0003     271.765           0     9112.06           0
102          54     74.0003     270.766           0     8948.33           0
102          55     74.0008     269.767           0      7133.1           0
102          56     74.0026     268.768           0     5849.02           0
102          57      74.007     267.768           0     8500.88           0
102          58     74.0146     266.769           0     7241.57           0
102          59     74.0215      265.77           0     8660.97           0
102          60     74.0161     264.771           0      9429.1           0
102          61     73.9694     263.773           0     12786.5           0
102          62     73.8352     262.783           0     9281.13           0
102          63     73.6049     261.811           0     5681.25           0
102          64     73.3276     260.852           0     5415.96           0
102          65     73.1386     259.871           0     7128.34           0
102          66     73.0394     258.876           0     11546.8           0
102          67     73.0045     257.878           0     12092.6           0
102          68     73.0035     256.879           0     12460.6           0
102          69      73.006      255.88           0     12632.7           0
102          70     72.9798     254.881           0      9947.5           0
102          71     72.8809     253.887           0     9636.33           0
102          72      72.659     252.913           0     7318.86           0
102          73     72.3564     251.961           0      6955.3           0
102          74     72.1369     250.986           0     11267.4           0
102          75     72.0029     249.996           0     14441.8           0
102          76     71.8785     249.005           0     10699.3           0
102          77     71.6754     248.027           0     8598.54           0
102          78     71.3917     247.069           0     5085.97           0
102          79     71.1904      246.09           0     6468.72           0
102          80     71.0697     245.099           0     14192.9           0
102          81     71.0185     244.101           0     14026.4           0
102          82     71.0006     243.102           0     17986.8           0
102          83     70.9709     242.103           0     14507.6           0
102          84     70.8843     241.108           0     13919.8           0
102          85     70.7115     240.124           0     8466.31           0
102          86     70.5152     239.145           0     3167.12           0
102          87     70.4741     238.146           0     5114.46           0
102          88     70.6661     237.166           0     8852.84           0
102          89     70.8668     236.187           0     12829.1           0
102          90     70.9661     235.193           0     12287.4           0
102          91     70.9947     234.195           0     10964.6           0
102          92     71.0161     233.196           0     12250.6     6.81821
102          93     71.0986       232.2           0     11136.4     53.8438
102          94     71.2979     231.221           0     7728.78     168.405
102          95     71.6011     230.269           0     9482.62     641.566
102          96     71.8428       229.3           0     12873.4     1295.64
102          97     72.0098     228.315           0     16019.1     1622.73
102          98     72.2267      227.34           0     13592.8      1813.4
102          99     72.5711     226.402           0     9298.21     2128.14
102         100     72.9836     225.492           0     16533.1     2594.71
102         101     73.4112     224.589           0     7313.72     2802.77
102         102     73.8716     223.702           0       11131     2383.32
102         103     74.4703     222.903           0     8227.64     3350.28
102         104     75.2363     222.261           0     16360.7     2854.63
102         105     76.0058     221.624           0     30168.2     231.548
102         106     76.6834      220.89           0     28999.5           0
102         107     77.2838     220.091           0     14623.5     876.044
102         108     77.8658     219.279           0     13669.5     2865.55
102         109     78.5841     218.585           0     12586.6     3175.08
102         110      79.416     218.032           0     28931.6           0
102         111     80.2934     217.554           0     13925.3           0
102         112     81.1863     217.106           0     18066.5           0
102         113     82.1106     216.727           0     7945.58           0
102         114     83.0601     216.416           0     1781.58           0
102         115     84.0099     216.106           0           0           0
#1
103           0     78.8965     296.921           0     19053.7     1442.49
103           1     79.6652     296.271           0     11694.8     4700.88
103           2     80.4076     295.591           0     9479.96      2890.8
103           3     81.1261     294.886           0     11516.2     97.3697
103           4     81.8356     294.172           0     11269.8           0
103           5     82.5431     293.456           0     7112.84           0
103           6     83.2529     292.742           0     8419.07           0
103           7     83.9678     292.033           0     17336.8           0
103           8     84.6799     291.321           0       12233           0
103           9     85.3947     290.612           0     11908.9     527.563
103          10     86.1089     289.903           0     19215.2     3973.64
103          11     86.8068     289.177           0     14857.2           0
103          12     87.4465       288.4           0     7508.33           0
103          13     88.0015      287.56           0     8910.97           0
103          14     88.5356     286.707           0     5057.09           0
103          15     89.1372       285.9           0     14209.7           0
103          16     89.8104     285.151           0     18886.7           0
103          17      90.513      284.43           0     12956.6     1057.29
103          18     91.2754     283.773           0     15698.9     1510.55
103          19     92.2003     283.377           0     15723.7           0
103          20     93.1674      283.65           0     9314.28     117.532
103          21      93.734     284.482           0     17603.4     1843.63
103          22      93.982     285.458           0     25165.6     1682.46
103          23     94.1699     286.447           0     23104.4     1617.52
103          24     94.5489     287.379           0     14166.8           0
103          25     95.1408     288.194           0     17357.2       313.5
103          26     95.8005     288.954           0     230.421     126.776
#1
104           0     152.019     452.766           0     38317.3     246.928
104           1      152.51     451.909           0     17853.2     153.305
104           2     153.228      451.23           0     15926.5     746.085
104           3     154.043     450.672           0     13878.6           0
104           4     154.836     450.082           0     16778.7           0
104           5     155.508     449.359           0     10400.3           0
104           6     156.043     448.528           0     16780.5           0
104           7     156.458     447.631           0     7754.29           0
104           8     156.756      446.69           0     13018.5           0
104           9     156.928     445.717           0     19463.5           0
104          10     157.001     444.731           0     26271.9           0
104          11     157.021     443.744           0     23282.8           0
104          12     157.017     442.756           0     21498.6           0
104          13     156.973     441.769           0     23362.6           0
104          14     156.835      440.79           0     16871.3           0
104          15     156.587     439.834           0     8835.02     159.547
104          16     156.267     438.899           0     13390.8     33.7984
104          17     156.049     437.936           0     17009.4     164.857
104          18     155.988      436.95           0       22169           0
104          19     156.149     435.975           0     20136.2           0
104          20     156.663     435.132           0     25770.1     2350.68
104          21     157.498     434.605           0     25118.6      3167.3
#1
105           0     128.011     406.758           0     35.9233     252.959
105           1     128.799      406.18           0     9147.16           0
105           2     129.643     405.688           0     6080.42           0
105           3     130.568     405.372           0     11997.7     387.043
105           4     131.508     405.103           0     27264.3     1758.55
105           5     132.346       404.6           0     31102.2     3013.93
105           6     132.846     403.761           0     44769.6           0
105           7     133.014     402.798           0       59045           0
105           8     133.216     401.842           0       46386     1179.96
105           9      133.72     401.005           0     37501.1     4720.98
105          10     134.451     400.356           0     11832.2           0
105          11     135.233     399.771           0     11498.4           0
105          12      136.05     399.233           0     11946.4           0
105          13     136.905     398.759           0     9893.48           0
105          14     137.779     398.322           0      8039.2           0
105          15     138.644     397.867           0     10303.2           0
105          16     139.473      397.35           0     7002.63           0
105          17     140.238     396.741           0       10142           0
105          18     140.949      396.07           0     14480.9           0
105          19      141.64     395.379           0     6080.31     2014.18
105          20     142.327     394.684           0     5685.65     2024.95
105          21     143.015     393.989           0     11575.5     1980.34
105          22     143.704     393.296           0     1040.69      832.13
#1
106           0     323.332     519.559           0     2483.81     1800.56
106           1     324.077     518.872           0     13789.7     1267.86
106           2     324.833     518.197           0     10772.8     884.762
106           3     325.665     517.619           0     7674.56           0
106           4     326.593     517.212           0       15947           0
106           5     327.539      516.85           0     20583.1           0
106           6     328.439     516.384           0     11685.4           0
106           7     329.235     515.757           0     13967.2           0
106           8      329.99     515.081           0     16126.2           0
106           9     330.795     514.466           0     8601.61           0
106          10     331.647     513.918           0     16573.3           0
106          11     332.496     513.365           0     10221.4           0
106          12     333.286      512.73           0     11124.3           0
106          13     334.044     512.057           0           0           0
#1
107           0     311.978     457.984           0           0           0
107           1     312.693      457.28           0     6943.92           0
107           2     313.411     456.578           0     6498.49           0
107           3     314.146     455.894           0     7879.16           0
107           4     314.924     455.259           0     5577.22           0
107           5      315.75     454.688           0     3297.16           0
107           6     316.607     454.164           0     1227.13           0
107           7     317.469     453.649           0      2165.2           0
107           8     318.341     453.151           0      9848.8     1485.04
107           9     319.226     452.678           0     9902.74     2614.07
107          10     320.172     452.342           0       12273     894.775
107          11     321.175     452.393           0     15925.1     377.767
107          12     321.866      453.12           0     14865.8     10.7285
107          13     322.086     454.099           0     11845.1     1290.29
107          14     322.114     455.103           0     7670.23     1192.47
107          15     322.089     456.106           0     6241.92     78.1872
107          16     322.065      457.11           0     7926.19           0
107          17     322.051     458.114           0     9985.15           0
107          18     322.025     459.118           0     12210.6           0
107          19     321.926     460.117           0     12000.9           0
107          20     321.667     461.087           0     9797.86           0
107          21     321.239     461.996           0     15136.5           0
107          22     320.774     462.885           0     12334.7           0
107          23     320.332     463.787           0     7334.46           0
107          24     319.903     464.695           0     11107.8           0
107          25      319.51     465.619           0      7162.2           0
107          26     319.166     466.562           0       15545           0
107          27     318.817     467.504           0     15368.7           0
107          28     318.374     468.405           0     7118.34           0
107          29     317.773     469.209           0     8759.11           0
107          30     317.054      469.91           0     9464.53           0
107          31     316.251     470.512           0     3331.65           0
107          32     315.405     471.053           0     6577.86           0
107          33     314.567     471.607           0     3696.94           0
107          34      313.77     472.217           0     4319.87           0
107          35     312.993     472.854           0           0           0
#1
108           0     81.0264     462.999           0   0.0046426           0
108           1      81.818      462.29           0     86.5748    0.204664
108           2     82.5907      461.56           0     1020.91           0
108           3       83.35     460.816           0     2821.95           0
108           4     84.0777     460.042           0     11869.8     1125.46
108           5     84.6138     459.124           0     9138.05     10083.2
#1
109           0     104.004     442.998           0   0.0886868           0
109           1     104.836     442.456           0     5161.56           0
109           2     105.667     441.912           0     10358.3           0
109           3     106.485      441.35           0     6419.75           0
109           4      107.25     440.717           0     8914.32           0
109           5     107.986     440.051           0     19284.7           0
109           6     108.758     439.427           0     9674.16           0
109           7     109.587     438.879           0     13495.2           0
109           8     110.434     438.361           0     7588.62           0
109           9     111.266      437.82           0     10839.9           0
109          10     112.136     437.341           0     7918.23           0
109          11     113.057     436.969           0     13594.1           0
109          12     113.986     436.619           0     7844.76           0
109          13     114.904      436.24           0     292.077     233.327
#1
110           0     155.808     350.361           0     20545.7      17.257
110           1     156.466     349.601           0     13148.9     1738.72
110           2     157.146     348.859           0     18218.7     2442.79
110           3     157.851     348.141           0     9556.95     22.9412
110           4     158.564      347.43           0     6601.98           0
110           5     159.278     346.722           0     7836.98           0
110           6     159.995     346.016           0     11276.8           0
110           7     160.714     345.312           0     6981.64           0
110           8     161.425       344.6           0     5976.61           0
110           9     162.094     343.848           0      8327.7           0
110          10     162.648     343.008           0     9497.16           0
110          11     163.038     342.081           0     11523.6           0
110          12     163.351     341.124           0     7032.11           0
110          13     163.715     340.186           0     5732.74           0
110          14     164.118     339.265           0      7747.2           0
110          15     164.513     338.339           0     4013.84           0
110          16     164.869     337.398           0     7422.53           0
110          17     165.202     336.448           0     6869.01           0
110          18     165.531     335.498           0     5814.98           0
110          19     165.807      334.53           0     11081.6           0
110          20     165.983     333.539           0     12726.9           0
110          21     166.112     332.541           0     10758.9           0
110          22     166.284      331.55           0     6527.49           0
110          23     166.529     330.574           0     4665.68           0
110          24     166.782       329.6           0     10271.4           0
110          25     166.947     328.607           0     13204.7           0
110          26     167.008     327.603           0     12396.8           0
110          27     167.015     326.597           0     10901.9           0
110          28     167.002     325.591           0       10348           0
110          29     166.985     324.585           0     10969.8           0
110          30     166.979     323.578           0     11111.2           0
110          31     167.017     322.573           0     11143.8           0
110          32     167.154     321.576           0     11740.6           0
110          33     167.434      320.61           0      8400.3           0
110          34     167.756     319.656           0     9222.48           0
110          35     167.951     318.669           0     10533.6           0
110          36     167.984     317.664           0     10890.8           0
110          37     167.865     316.665           0     10780.9           0
110          38     167.593     315.696           0     7764.33           0
110          39     167.271     314.742           0     8949.02           0
110          40     167.076     313.755           0     9564.12           0
110          41     167.009     312.751           0     8382.12           0
110          42     166.997     311.745           0     7987.33           0
110          43     166.972     310.739           0     9179.41           0
110          44     166.864     309.739           0     9140.53           0
110          45     166.617     308.763           0     7650.65           0
110          46     166.295      307.81           0     7975.85           0
110          47     166.069      306.83           0       10565           0
110          48     165.965     305.829           0     8953.71           0
110          49     165.936     304.823           0     7693.04           0
110          50     165.964     303.817           0     6522.62           0
110          51     166.082     302.818           0     10221.5           0
110          52     166.351     301.848           0     5866.35           0
110          53     166.749     300.924           0     8133.18           0
110          54     167.252     300.053           0      9892.9           0
110          55     167.835     299.233           0      4844.2           0
110          56     168.496     298.474           0     3507.77           0
110          57     169.202     297.757           0     4664.64           0
110          58     169.946      297.08           0      5030.1           0
110          59     170.742     296.464           0     4670.17           0
110          60     171.595     295.931           0     7912.59           0
110          61     172.488     295.467           0     5825.14           0
110          62     173.395     295.032           0     14626.1           0
110          63     174.309     294.609           0     7543.34           0
110          64     175.238     294.224           0     9177.75           0
110          65     176.187      293.89           0     9774.45           0
110          66     177.136     293.554           0      4868.7           0
110          67     178.068     293.174           0           0           0
#1
111           0     216.592     176.458           0     2880.94     1916.56
111           1     215.667     176.058           0     12541.4     1375.36
111           2     214.746     175.651           0      7558.4     581.015
111           3     213.798     175.307           0     6167.45           0
111           4     212.812     175.103           0     6920.09           0
111           5     211.816     174.945           0     9606.17           0
111           6     210.838     174.703           0     10740.2           0
111           7     209.893     174.353           0     17871.5           0
111           8     208.975     173.939           0     32399.6           0
111           9      208.26      173.23           0     29758.5           0
111          10     207.888     172.293           0     24677.6           0
111          11     207.647     171.315           0     13484.8           0
111          12     207.331     170.358           0     5818.34           0
111          13     206.945     169.427           0     5583.42           0
111          14     206.583     168.487           0     2679.67           0
111          15     206.297      167.52           0     7823.02     468.351
111          16     206.107     166.531           0     21424.2     213.626
111          17     206.128     165.523           0     31129.1     417.768
111          18     206.643     164.658           0     15275.7     1107.74
111          19      207.51     164.143           0       21492           0
111          20      208.51     164.026           0     19097.5     1422.32
111          21     209.509     164.163           0     16335.2     4631.33
111          22     210.474     164.451           0      9921.8     5527.59
111          23     211.443     164.728           0     13636.7      2417.1
111          24     212.446     164.827           0     19281.4     3501.47
111          25      213.45     164.739           0     27124.9     901.925
#1
112           0     217.917     166.693           0     17324.4     460.847
112           1     218.002     167.697           0     21762.5     3010.17
112           2     218.119     168.697           0     13663.6     4982.75
112           3     218.304     169.688           0     7920.28     6094.97
112           4      218.61     170.648           0     7845.78     4388.04
112           5     219.011     171.571           0     19903.4     1990.77
112           6     219.462     172.472           0     14909.9     1756.52
112           7     219.821     173.413           0     30025.8     1826.39
112           8     219.984     174.407           0     32265.9     1987.41
112           9     220.008     175.414           0       27137     2656.31
112          10     220.032     176.421           0     21987.9     628.343
112          11      220.18     177.418           0       19245           0
112          12     220.567     178.348           0     10283.9           0
112          13      221.17     179.155           0     13396.3           0
112          14     221.838     179.909           0     17357.2           0
112          15     222.432     180.723           0     11584.5           0
112          16     222.915     181.606           0     24970.6           0
112          17     223.539     182.398           0     20288.4           0
112          18     224.393     182.931           0     33792.8     1907.88
112          19     225.346     183.258           0     22875.1           0
112          20     226.279     183.637           0     7573.53           0
112          21     227.122     184.188           0     9238.61           0
112          22     227.889     184.842           0     8541.21           0
112          23     228.668      185.48           0     4775.17           0
112          24     229.493     186.058           0     6506.42           0
112          25     230.334     186.612           0     2773.75           0
112          26     231.152     187.201           0     5039.99           0
112          27     231.947     187.819           0     71.0259     35.8264
#1
113           0     249.525     352.349           0     2222.15      1726.7
113           1     250.095     353.165           0     9423.88     951.935
113           2     250.628     354.004           0     10743.9     2112.89
113           3     251.164     354.841           0     18633.1     163.286
113           4     251.738     355.653           0     12538.4           0
113           5     252.397     356.397           0     10596.9           0
113           6     253.096     357.105           0     14215.1           0
113           7     253.799     357.807           0       11830           0
113           8     254.505     358.507           0     8022.29           0
113           9      255.21     359.209           0     9987.22           0
113          10     255.916     359.909           0     13477.6           0
113          11     256.623     360.608           0     8173.37           0
113          12     257.328     361.309           0     9209.16           0
113          13     258.004     362.038           0     19825.1           0
113          14     258.596     362.837           0     10979.9           0
113          15     259.079     363.706           0       17368           0
113          16     259.504     364.605           0     10406.9           0
113          17     260.023     365.453           0     21841.8     128.285
113          18     260.738     366.144           0     17323.7           0
113          19     261.552     366.715           0     8731.62     6.72897
113          20     262.365     367.287           0     8771.84           0
113          21     263.201     367.824           0     12164.7           0
113          22     264.047     368.348           0     7763.53           0
113          23     264.871     368.905           0     12877.1           0
113          24     265.649     369.523           0     2705.45           0
113          25     266.374     370.204           0           0     6349.21
113          26     266.967     371.002           0     48.5313      48.803
113          27     267.475     371.856           0       26701           0
113          28      268.02     372.688           0     30586.9     1917.53
113          29     268.601     373.495           0     15215.5      1369.9
113          30     269.218     374.275           0     17145.5           0
113          31     269.806     375.076           0     12181.2           0
113          32     270.343     375.913           0     7221.97           0
113          33     270.897     376.739           0     6122.91           0
113          34     271.526     377.509           0     4080.97           0
113          35     272.205     378.235           0     4885.88           0
113          36     272.907     378.939           0     4882.42           0
113          37     273.615     379.637           0     2654.23           0
113          38     274.323     380.335           0     2136.99           0
113          39     275.031     381.033           0           0           0
#1
114           0     225.354     443.197           0     9886.67     10620.1
114           1     226.114     443.781           0     29713.7     5325.12
114           2     226.805     444.444           0     14145.5     380.649
114           3     227.672     444.852           0       23875     254.374
114           4      228.61     445.047           0     26117.6     78.9954
114           5     229.551     445.223           0     20728.1           0
114           6     230.468       445.5           0     11679.3           0
114           7     231.379     445.797           0       15052           0
114           8     232.322     445.964           0     16099.6           0
114           9     233.278     446.021           0     16225.7           0
114          10     234.235     446.048           0     17038.7      146.29
114          11     235.192     446.094           0     14273.3     5327.25
#1
115           0     257.938     416.909           0           0           0
115           1     258.682     416.277           0     6855.32           0
115           2     259.452     415.678           0     6450.35           0
115           3     260.276     415.156           0     7324.46           0
115           4     261.139     414.701           0     5357.53           0
115           5      262.02     414.281           0     5771.35           0
115           6     262.894     413.848           0     9937.44           0
115           7     263.759     413.396           0     7133.83           0
115           8     264.607     412.913           0     11936.2           0
115           9     265.422     412.378           0     6951.92           0
115          10     266.183     411.766           0     9755.29           0
115          11     266.957     411.173           0     115.085      78.152
115          12     267.842     410.762           0      3765.9     121.864
115          13     268.817     410.736           0     11273.9           0
115          14     269.785     410.858           0     12544.8           0
115          15     270.761      410.89           0     11307.9           0
115          16     271.727     410.757           0     12843.2     6030.61
115          17     272.666      410.49           0     9227.16     1414.86
115          18     273.632     410.355           0     11693.5     2976.86
115          19     274.601     410.468           0     16648.5           0
#1
116           0     282.942     432.053           0     26801.5     488.746
116           1      282.26     431.315           0     16854.4     219.875
116           2     281.644     430.521           0     16046.2     1553.83
116           3     281.112     429.668           0     33473.2     2649.03
116           4     280.577     428.818           0     20173.8     1475.63
116           5     279.973     428.014           0     29636.1           0
116           6     279.291     427.276           0     11579.3           0
116           7     278.677      426.48           0     9428.01           0
116           8     278.279     425.557           0     16312.9     2923.82
116           9     278.095     424.569           0     25857.8     4907.26
116          10     278.032     423.566           0     32156.9     4786.87
116          11     277.906     422.569           0     28564.5     6584.96
116          12     277.445     421.677           0     17330.7     2274.53
116          13     276.584     421.158           0     20877.2           0
116          14     275.614     420.896           0     23690.7           0
116          15     274.697     420.484           0     17771.7     6264.21
116          16     274.027     419.736           0     32373.2           0
116          17     273.588     418.832           0     18866.2           0
116          18     273.214     417.899           0       24989           0
116          19     273.151     416.896           0     17206.8           0
116          20     273.322     415.906           0     8912.93           0
116          21     273.594     414.938           0     4831.06           0
116          22     273.851     413.967           0     9207.22           0
116          23     274.185     413.019           0     15928.8     4992.11
116          24     274.625     412.115           0     16286.7     651.474
116          25     275.065     411.212           0     22387.3           0
116          26     275.662     410.403           0     13688.9           0
116          27     276.455     409.786           0     12047.5           0
116          28     277.286     409.221           0     5212.91           0
116          29     277.967     408.482           0     12462.6     151.496
116          30     278.551     407.664           0     7156.53      5251.9
116          31     279.174     406.876           0     14193.9     3980.22
116          32     279.862     406.143           0     16218.5     3032.09
116          33     280.566     405.426           0     12017.6     1239.27
116          34     281.235     404.676           0     14224.6     35.6399
116          35     281.821      403.86           0     14730.4     626.832
116          36     282.375     403.021           0     9072.03     1019.62
116          37     282.953     402.199           0      7951.4           0
116          38     283.599     401.429           0     6046.31           0
116          39     284.216     400.635           0     8179.54           0
116          40      284.67     399.739           0     18271.9           0
116          41      284.93     398.768           0     32171.4           0
116          42     285.013     397.767           0     33486.9           0
116          43      285.02     396.762           0     33743.4           0
116          44     285.009     395.757           0     33888.3           0
116          45     284.976     394.752           0     25336.4           0
116          46      284.88     393.752           0     18210.5           0
116          47     284.632     392.778           0     14493.8           0
116          48     284.221     391.861           0     16636.7           0
116          49     283.751     390.972           0     17509.5           0
116          50     283.284     390.083           0       11322           0
116          51     282.831     389.185           0     13307.2           0
116          52     282.376     388.289           0     5932.78           0
116          53     281.893     387.408           0     9007.78           0
116          54     281.366     386.552           0     4114.87           0
116          55     280.774      385.74           0     4020.24           0
116          56     280.154     384.949           0           0           0
#1
117           0     144.834      517.07           0     36763.8     1127.07
117           1     145.273     517.969           0     31287.4     1312.66
117           2     145.688     518.879           0     19720.6     518.818
117           3     145.921     519.852           0     22986.6           0
117           4     145.986      520.85           0     25202.6           0
117           5     146.041     521.848           0     28407.4           0
117           6     146.252     522.826           0     21982.7           0
117           7     146.634     523.751           0       17265     1.92838
117           8      147.08     524.646           0     28307.9           0
117           9     147.498     525.555           0     14466.5           0
117          10     147.834     526.497           0     22365.3     575.389
117          11     148.124     527.454           0     24897.2           0
117          12     148.467     528.394           0     15024.2           0
117          13     148.893     529.299           0     23561.2     440.537
117          14     149.335     530.196           0     15600.9     1062.05
117          15     149.731     531.114           0       24992           0
117          16     150.038     532.066           0     33558.3           0
117          17     150.344     533.019           0     19779.5           0
117          18     150.761     533.928           0       18906           0
117          19     151.196     534.828           0     15963.7           0
117          20     151.611     535.739           0     9859.52           0
117          21     152.061     536.632           0     19645.6           0
117          22     152.594     537.478           0     10627.9           0
117          23     153.238     538.244           0       12868           0
117          24     153.963     538.933           0     17252.9           0
117          25     154.762     539.534           0       12284           0
117          26     155.609     540.066           0       24288           0
117          27     156.454     540.601           0     13766.2           0
117          28     157.228     541.235           0     19096.4           0
117          29      157.95     541.928           0     30839.7           0
117          30     158.653     542.639           0       23522           0
117          31     159.297     543.404           0     24235.4           0
117          32     159.824     544.254           0     35673.4           0
117          33     160.312     545.127           0     30946.8           0
117          34     160.766     546.018           0     40446.2           0
117          35     161.066     546.973           0     37325.1           0
117          36     161.271     547.952           0     27234.7           0
#1
118           0     164.846     114.069           0     20872.4           0
118           1     165.604     114.742           0     19135.6     440.882
118           2     166.459     115.287           0       12667        7685
118           3     167.299     115.854           0     4373.43     7986.68
118           4     167.956     116.627           0     15156.6     4900.13
118           5     168.462     117.505           0     10220.2     6107.26
118           6      168.94     118.399           0     22406.3      2517.9
118           7     169.537     119.219           0     11112.1           0
118           8     170.287     119.901           0     13340.1           0
118           9     171.105     120.499           0     5147.59           0
118          10     171.907     121.119           0     8091.02           0
118          11     172.657     121.801           0     7228.42           0
118          12     173.452     122.431           0     9168.93           0
118          13     174.316      122.96           0     15415.8           0
118          14     175.196     123.464           0     8615.22           0
118          15     176.014     124.063           0     14642.2           0
118          16     176.761     124.748           0     9101.77           0
118          17      177.48     125.463           0     6420.46           0
118          18     178.194     126.183           0     7468.63           0
118          19     178.908     126.902           0     6651.33           0
118          20     179.623     127.621           0      4482.4           0
118          21     180.339     128.339           0     3773.46           0
118          22     181.054     129.057           0           0           0
#1
119           0     85.2373     133.985           0           0           0
119           1     85.6357     134.907           0     9029.17           0
119           2     85.9612     135.857           0     11205.7           0
119           3     86.2605     136.816           0     10559.4           0
119           4     86.5933     137.764           0      8551.2           0
119           5     86.8443     138.736           0     14031.7           0
119           6     86.9678     139.733           0     17537.7           0
119           7     87.0045     140.737           0     20520.2           0
119           8     87.0087     141.741           0     22954.8           0
119           9     87.0044     142.746           0     24095.1           0
119          10     87.0012      143.75           0       20911           0
119          11     87.0001     144.755           0     17570.6           0
119          12          87     145.759           0     17374.9           0
119          13     87.0001     146.764           0       15987           0
119          14     87.0003     147.768           0     15774.8           0
119          15     87.0004     148.773           0     14698.3           0
119          16     87.0004     149.777           0     14379.4           0
119          17     87.0003     150.781           0     14391.1           0
119          18     87.0002     151.786           0     17128.7           0
119          19     87.0001      152.79           0     18155.5           0
119          20     87.0003     153.795           0     18375.8           0
119          21     87.0014     154.799           0     17652.2           0
119          22     87.0045     155.804           0     16820.9           0
119          23     87.0093     156.808           0     16147.1           0
119          24      87.011     157.813           0     17284.5           0
119          25     86.9925     158.817           0       13728           0
119          26     86.9209     159.819           0     10195.4           0
119          27       86.73     160.805           0     10287.1           0
119          28     86.4123     161.758           0     8771.93           0
119          29     86.1543     162.729           0     13028.2           0
119          30     86.0225     163.724           0     16304.4      55.475
119          31     85.9961     164.728           0     19419.2     220.568
119          32     86.0716      165.73           0       14498     346.797
119          33     86.2589     166.717           0     11152.3     297.049
119          34     86.5525     167.677           0     6818.87     1775.62
119          35     86.8116     168.648           0     11398.5     438.738
119          36      86.947     169.643           0       12300     828.814
119          37      86.996     170.646           0     12042.8     283.168
119          38     87.0496     171.649           0     14480.7     869.593
119          39     87.1832     172.645           0     15431.6     1673.44
119          40     87.3867     173.629           0     22635.2           0
#1
120           0     195.419     131.986           0      6315.7     2384.34
120           1      196.43     131.985           0       14438           0
120           2     197.442     131.979           0     14439.2           0
120           3     198.453      131.98           0       17218           0
120           4     199.464     132.026           0     18981.9           0
120           5     200.462     132.187           0     14340.5           0
120           6      201.43     132.481           0     7592.33           0
120           7     202.362     132.876           0     13056.6           0
120           8     203.248     133.363           0     8751.32           0
120           9     204.065     133.959           0     12836.2           0
120          10     204.711     134.738           0     11387.5           0
120          11     205.197     135.625           0     11569.9           0
120          12     205.581     136.561           0     8002.29           0
120          13     205.862     137.533           0     13311.9           0
120          14     205.993     138.536           0     12151.2           0
120          15     206.026     139.547           0     12390.2           0
120          16     206.023     140.558           0     13852.1           0
120          17      206.01      141.57           0     14312.9     1319.58
120          18     205.994     142.581           0     17133.3     2361.01
120          19     205.977     143.593           0     7558.73     2131.22
#1
121           0     154.992     509.936           0           0           0
121           1     155.985     509.982           0     9390.38           0
121           2     156.979     510.023           0     9017.57           0
121           3     157.973     510.038           0     8913.09           0
121           4     158.967     510.004           0     14057.3           0
121           5     159.953     509.878           0     9497.69           0
121           6     160.921     509.647           0     4577.84           0
121           7     161.845      509.28           0     5728.63           0
121           8     162.692     508.759           0     6231.96           0
121           9     163.428      508.09           0      2464.5           0
121          10     164.021     507.292           0      8956.4           0
121          11     164.498      506.42           0      7006.9           0
121          12     164.886     505.504           0     15213.4           0
121          13     165.207     504.563           0     11634.6           0
121          14     165.492      503.61           0     4690.72           0
121          15     165.736     502.646           0     5249.61           0
121          16     165.886     501.663           0     7259.49           0
121          17     165.967     500.672           0     13033.8           0
121          18     166.004     499.678           0     16872.2           0
121          19     166.001     498.684           0       16477           0
121          20     165.953      497.69           0     11991.6           0
121          21     165.834     496.703           0     8641.54           0
121          22     165.611     495.734           0     8131.19           0
121          23     165.331      494.78           0     14141.7           0
121          24     165.109      493.81           0     24175.5           0
121          25     164.836     492.854           0     27667.5           0
121          26     164.318     492.005           0     29209.8           0
121          27     163.649     491.269           0     8328.99           0
121          28     163.036     490.487           0       12479           0
121          29      162.46     489.676           0     5787.01           0
121          30      161.84     488.898           0     8512.95           0
121          31     161.157     488.175           0     12768.6           0
121          32     160.447     487.479           0       11138           0
121          33     159.759     486.761           0     15996.3           0
121          34     159.224     485.923           0     16950.8     2529.35
121          35     159.031     484.948           0     1166.18     116.147
121          36     158.935     483.958           0     21556.9           0
121          37     158.624     483.013           0     15904.3           0
121          38      158.06     482.194           0     298.031     6852.79
121          39     157.316     481.535           0     4943.33     4010.81
121          40     156.491     480.979           0     14349.1     1047.05
121          41     155.649     480.451           0     7706.52      1795.9
121          42     154.861     479.844           0       14262     1806.45
121          43     154.153     479.146           0     15603.1     1168.27
121          44     153.538     478.364           0     7473.83     428.278
121          45     153.031     477.508           0     12862.8     91.6771
121          46     152.609     476.608           0     7221.46           0
121          47     152.282     475.669           0     7880.37           0
121          48     152.063     474.699           0     12352.1           0
121          49     151.862     473.725           0     12724.6           0
121          50     151.586      472.77           0      7154.5           0
121          51     151.217     471.846           0     17104.1      91.765
121          52     150.775     470.955           0     18749.1     898.037
121          53     150.289     470.088           0     19230.5     3233.54
121          54      149.72     469.272           0     20404.2     4956.56
121          55     149.108     468.489           0     12381.3     445.452
121          56     148.487     467.712           0     18186.5     132.384
121          57     147.955     466.872           0       19069     966.482
121          58     147.467     466.005           0     6761.77     552.641
121          59     146.835     465.238           0     9006.33     603.323
121          60     146.084     464.585           0     5320.36     527.933
121          61     145.275     464.008           0     18.2423           0
#1
122           0     268.988      335.03           0           0           0
122           1      268.28     334.315           0     9999.63           0
122           2     267.574     333.599           0     10357.6           0
122           3     266.894     332.858           0     15545.5           0
122           4     266.298     332.048           0     15092.4           0
122           5     265.795     331.177           0     14627.9           0
122           6     265.348     330.276           0     10281.8           0
122           7     264.905     329.373           0     17373.3           0
122           8      264.51     328.448           0     9167.88           0
122           9     264.251     327.477           0     11349.9           0
122          10     264.165     326.475           0     11210.2     1279.95
122          11     264.048     325.476           0     17314.4      618.87
122          12     263.563     324.595           0     11243.3           0
122          13     262.904     323.835           0     17676.2           0
122          14     262.329      323.01           0     16021.6           0
122          15     262.024     322.052           0     17271.3           0
122          16     261.945      321.05           0     12206.9           0
122          17     261.923     320.044           0     13052.4           0
122          18     261.852     319.041           0     14511.8           0
122          19     261.722     318.044           0     542.721           0
#1
123           0     265.283     325.505           0     8618.15     5440.86
123           1      266.26     325.204           0     10696.3     42.6197
123           2     267.277     325.089           0     14035.4     30.6267
123           3     268.299     325.046           0     22153.5           0
123           4     269.321     325.003           0     29402.8           0
123           5      270.33     324.832           0       23309           0
123           6      271.27     324.428           0     13803.1           0
123           7     272.117     323.854           0     27932.1     9670.87
#1
124           0     132.941     428.404           0           0           0
124           1     133.909     428.664           0     9932.22           0
124           2     134.893     428.853           0     18505.6           0
124           3      135.89     428.959           0     22122.8           0
124           4     136.879     429.126           0     21270.1     2245.57
124           5     137.766     429.591           0     22054.9     298.473
124           6     138.482     430.293           0     12788.8           0
124           7     139.125     431.062           0     20331.9           0
124           8     139.807     431.797           0     18651.5           0
124           9     140.503     432.519           0     13189.5     20.1636
124          10     141.175     433.263           0     16844.8     1520.18
124          11     141.819     434.031           0     25340.5     1500.35
124          12     142.578     434.686           0     11489.3     2122.92
124          13     143.315     435.365           0     7833.74           0
124          14     143.916     436.168           0     18783.2           0
124          15     144.322     437.084           0     15864.2           0
124          16     144.754     437.989           0     19247.7           0
124          17     145.242     438.864           0     19580.5           0
124          18     145.785     439.708           0     15052.3           0
124          19     146.348     440.537           0     11695.5           0
124          20     146.792     441.436           0     20713.9           0
124          21      147.14     442.376           0     23110.4           0
124          22     147.468     443.323           0     11512.7           0
124          23     147.809     444.266           0       17784           0
124          24     148.107     445.223           0     16930.9           0
124          25     148.417     446.176           0     8715.04           0
124          26     148.814     447.097           0     8246.26           0
124          27     149.269      447.99           0     8392.83           0
124          28     149.734     448.878           0     372.307     301.088
#1
125           0     250.995     276.882           0           0           0
125           1     251.841     276.429           0     12202.4           0
125           2     252.725     276.053           0     22012.4           0
125           3     253.624     275.717           0       13564           0
125           4     254.487     275.295           0     7703.67           0
125           5     255.257     274.723           0     9181.09           0
125           6     255.978     274.089           0     13951.8           0
125           7     256.724     273.484           0      6998.3           0
125           8     257.501     272.921           0     10844.3           0
125           9     258.245     272.313           0     4183.17           0
125          10     258.881     271.594           0     9794.16           0
125          11     259.463      270.83           0     5556.15           0
125          12     260.033     270.058           0           0           0
#1
126           0     207.623     573.963           0     24816.1     8558.26
126           1     208.254     573.178           0     32004.8     576.513
126           2     208.929      572.43           0     14024.6     2296.06
126           3     209.832     571.985           0     18234.4           0
126           4     210.783     571.654           0     11361.3           0
126           5     211.683     571.201           0     13108.5           0
126           6     212.521     570.643           0     10719.8           0
126           7     213.378     570.113           0     18623.4           0
126           8     214.218     569.557           0     10656.3           0
126           9     214.988     568.908           0     15557.8           0
126          10     215.615      568.12           0     10523.7           0
126          11     216.135     567.258           0     16639.3           0
126          12     216.598     566.363           0     12230.6           0
126          13     217.057     565.467           0     21148.7           0
126          14     217.516      564.57           0     12150.8           0
126          15     217.976     563.674           0     24494.4           0
126          16     218.396     562.759           0     8513.19           0
126          17     218.743     561.813           0     7143.41           0
126          18      219.03     560.848           0     10436.4           0
126          19     219.351     559.893           0     9426.62           0
126          20     219.724     558.958           0     15831.3           0
126          21     219.943     557.975           0     15421.2           0
126          22     220.004     556.969           0     17617.5           0
126          23     220.011     555.962           0     17973.9           0
126          24      220.04     554.956           0     18176.8           0
126          25     220.163     553.956           0     15381.3           0
126          26     220.394     552.976           0     6898.63           0
126          27     220.653     552.002           0     11350.7           0
126          28      220.64     550.995           0     11053.5           0
126          29     220.353      550.03           0     8943.95           0
126          30     220.116     549.051           0     13167.3           0
126          31     220.007      548.05           0     13086.6           0
126          32      219.99     547.043           0     9440.49           0
126          33     219.986     546.036           0     10640.8           0
126          34      219.98     545.029           0     7396.86           0
126          35     219.977     544.021           0     13936.1           0
126          36     219.971     543.014           0     9248.65           0
126          37     219.959     542.007           0     7245.38           0
126          38     219.941         541           0     1.94848           0
#1
127           0     136.019     165.626           0     211.215           0
127           1     136.955     165.852           0     14553.9           0
127           2     137.905     166.007           0      9673.2           0
127           3     138.866     166.068           0     6017.82           0
127           4     139.829     166.068           0     6438.91           0
127           5     140.789     166.002           0       11819           0
127           6     141.735     165.822           0     14584.3           0
127           7     142.645     165.506           0      9740.6           0
127           8     143.557     165.199           0       17551           0
127           9     144.468     164.886           0     23441.7     4284.98
127          10     145.356     164.514           0     14015.3     5165.75
127          11     146.257     164.175           0     16076.5     950.324
#1
128           0     209.164     350.742           0     1051.26     964.338
128           1     210.048     350.302           0     4343.65           0
128           2     210.923     349.843           0     6576.28           0
128           3     211.792     349.375           0     8448.45           0
128           4     212.667     348.917           0     14184.2           0
128           5     213.556     348.486           0     7260.71           0
128           6     214.447      348.06           0     14640.1     206.808
128           7     215.328     347.615           0     10587.9     1391.92
128           8     216.201     347.152           0     21586.3     1327.77
128           9      217.05     346.648           0     14699.6     4052.73
#1
129           0     95.9567     178.153           0           0           0
129           1     96.9015     178.553           0      4832.5           0
129           2     97.8637     178.909           0     7803.83           0
129           3      98.813     179.298           0     7284.51           0
129           4     99.7074     179.801           0     7648.07           0
129           5      100.56     180.372           0     5804.56           0
129           6     101.432     180.912           0     10634.3           0
129           7     102.322     181.422           0     5771.75           0
129           8     103.218     181.923           0     6984.41           0
129           9     104.105     182.438           0     3114.28           0
129          10      104.99     182.957           0     2.67269     5.28574
#1
130           0     157.265     215.116           0     748.867     461.041
130           1     157.627     216.053           0       15611           0
130           2     157.951     217.005           0       31525           0
130           3     158.303     217.947           0     20957.4           0
130           4     158.725     218.859           0     12851.9           0
130           5     159.148     219.771           0     13221.5           0
130           6     159.506     220.711           0     5906.57           0
130           7     159.804     221.671           0     12235.2           0
130           8     160.124     222.624           0     19314.2           0
130           9     160.517     223.549           0     12462.7     650.919
130          10     160.955     224.454           0     24033.5     1995.32
130          11     161.405     225.353           0     12361.1           0
130          12     161.847     226.256           0       15856           0
130          13     162.295     227.155           0     13501.2           0
130          14      162.74     228.057           0     10571.9           0
130          15     163.198     228.952           0     15899.6           0
130          16      163.67      229.84           0     11705.9           0
130          17     164.138     230.729           0     15764.6           0
130          18     164.583     231.631           0     6074.61           0
130          19     165.014     232.539           0     9038.02           0
130          20     165.404     233.465           0     5568.52           0
130          21       165.7     234.426           0     9929.47           0
130          22     165.877     235.416           0     15438.6           0
130          23     165.982     236.415           0     23061.6           0
130          24      166.08     237.416           0     20248.6           0
130          25     166.237     238.409           0     12778.5           0
130          26     166.484     239.383           0     8912.86           0
130          27     166.781     240.344           0     13987.5           0
130          28     167.018      241.32           0     15381.5           0
130          29     167.222     242.305           0     9158.39           0
130          30     167.463     243.281           0     5609.71           0
130          31     167.759     244.242           0     11714.5           0
130          32     168.076     245.195           0     18389.2           0
130          33      168.43     246.136           0     7818.47           0
130          34     168.827      247.06           0     9094.62           0
130          35     169.223     247.984           0     6857.92           0
130          36     169.585     248.922           0     2981.37           0
130          37     169.907     249.874           0     4495.85           0
130          38     170.237     250.824           0     6062.89           0
130          39     170.602      251.76           0     9075.99           0
130          40     170.941     252.707           0     15023.7           0
130          41     171.263     253.659           0     9814.31           0
130          42     171.613     254.601           0     5015.76           0
130          43     172.018     255.522           0     9883.89           0
130          44     172.463     256.423           0     7308.24           0
130          45     172.924     257.316           0     16230.5           0
130          46     173.376     258.214           0     8590.17           0
130          47      173.79      259.13           0     14292.4           0
130          48     174.131     260.076           0     9516.92           0
130          49     174.422     261.038           0     4612.54           0
130          50     174.733     261.994           0     4706.58           0
130          51     175.034     262.953           0      5394.6           0
130          52     175.343      263.91           0     3072.23           0
130          53     175.702     264.849           0     5823.01           0
130          54      176.12     265.763           0     11925.3           0
130          55     176.584     266.655           0     9649.77           0
130          56     177.051     267.545           0     15887.5           0
130          57     177.494     268.447           0     6434.47           0
130          58     177.931     269.353           0     10667.4           0
130          59     178.379     270.253           0     6453.71           0
130          60     178.834     271.149           0     6712.35           0
130          61     179.291     272.045           0     5137.78           0
130          62     179.752     272.938           0     7599.77           0
130          63     180.208     273.834           0      6331.3           0
130          64     180.651     274.737           0     4097.03           0
130          65     181.095     275.638           0     6385.46           0
130          66     181.542     276.539           0     4915.76           0
130          67     181.987      277.44           0     10305.1           0
130          68     182.423     278.346           0     4790.69           0
130          69     182.857     279.253           0     9385.02           0
130          70     183.313     280.149           0     8397.29           0
130          71     183.778      281.04           0     10154.1           0
130          72     184.221     281.942           0     8362.29           0
130          73     184.621     282.865           0     6019.99           0
130          74     184.964     283.809           0     9680.31           0
130          75     185.298     284.758           0     6386.44           0
130          76     185.678     285.688           0     5447.59           0
130          77     186.094     286.604           0     7125.64           0
130          78     186.524     287.512           0     3921.28           0
130          79     186.983     288.407           0     9313.67           0
130          80     187.496     289.271           0     4850.54           0
130          81     188.061     290.102           0     6695.18           0
130          82     188.628     290.933           0     5855.58           0
130          83     189.182     291.771           0     7904.74           0
130          84     189.742     292.607           0      6122.5           0
130          85     190.325     293.425           0     6560.83           0
130          86     190.883     294.261           0     12354.8           0
130          87     191.439     295.099           0     5467.06     26.2191
130          88     192.029     295.913           0     8333.46     451.995
130          89     192.667      296.69           0     6886.96     1380.15
130          90     193.358      297.42           0     7367.35     1811.08
130          91     194.117     298.079           0     14129.4     2224.94
130          92     194.992     298.575           0     11004.5     973.784
130          93     195.977     298.773           0     16790.7     202.813
#1
131           0     258.546     458.565           0     17040.5     338.199
131           1      258.93     459.482           0     17238.1     3597.08
131           2     259.488     460.306           0     6593.47     3124.76
131           3     260.108     461.083           0     7553.29      3626.5
131           4     260.815     461.783           0     6538.68      3144.1
131           5     261.603      462.39           0     6125.55      3102.2
131           6     262.445     462.919           0     16026.7     2229.35
131           7     263.275     463.467           0     9675.06           0
131           8     264.059      464.08           0     15478.4           0
131           9     264.792     464.752           0     9211.45           0
131          10     265.494     465.456           0     7489.82     1344.24
131          11      266.14     466.212           0       11570     2491.48
131          12     266.643     467.071           0     12836.7           0
131          13     266.941     468.019           0     25206.2     88.5303
131          14     266.975     469.013           0       18873     1833.51
131          15     266.871     470.003           0       10593     1484.59
131          16     266.658     470.974           0     6332.34     45.6498
131          17     266.319     471.909           0     5119.11           0
131          18     265.908     472.815           0     11244.7           0
131          19       265.5     473.722           0     7076.42           0
131          20     265.176     474.662           0     12424.6           0
131          21     264.865     475.607           0     16919.7           0
131          22     264.498     476.531           0     9157.76           0
131          23     264.071      477.43           0     14909.8           0
131          24     263.614     478.313           0     8970.54           0
131          25     263.157     479.196           0       10717           0
131          26     262.721      480.09           0     8687.16           0
131          27     262.335     481.007           0     10396.5           0
131          28     262.047     481.959           0     15472.4           0
131          29     261.752     482.909           0     15013.3           0
131          30     261.391     483.836           0     12907.8           0
131          31     261.085     484.782           0     21954.6           0
131          32     260.783      485.73           0     18844.1           0
131          33     260.416     486.654           0     12095.1           0
131          34     259.999     487.557           0     24232.6           0
131          35     259.557     488.448           0     12725.3           0
131          36     259.091     489.327           0     21703.8           0
131          37     258.521     490.142           0     11568.8           0
131          38     257.804     490.831           0     17743.6           0
131          39     257.007     491.426           0     9779.43     19.1019
131          40     256.165     491.955           0     125.913     72.8847
#1
132           0     224.667     423.824           0       15792           0
132           1      223.85     424.375           0     10921.9     2059.57
132           2     223.304     425.195           0     7371.75     3188.37
132           3      223.01     426.136           0     9746.77     2436.69
132           4     222.844     427.107           0     7661.85     2295.27
132           5      222.63     428.069           0      7971.6     1480.57
132           6      222.31     429.001           0     9872.03      2077.2
132           7     222.079     429.959           0     12506.4     1952.25
132           8      221.99      430.94           0     11362.6      1706.6
132           9     221.972     431.926           0      7981.7      565.55
132          10     221.979     432.911           0     5597.33     69.3978
132          11      221.99     433.896           0     7454.08           0
132          12     221.995     434.882           0     9186.31           0
132          13     221.991     435.867           0     8656.23           0
132          14     221.979     436.853           0     15204.2           0
132          15      221.97     437.838           0     14693.2     2018.43
132          16     222.013     438.823           0     18917.4     3201.05
132          17     222.187     439.792           0     20350.9      2973.5
132          18     222.543     440.711           0     14480.7     3657.87
132          19     222.986     441.592           0     32934.1     6026.92
132          20     223.583     442.376           0     17067.5     9297.01
132          21     224.413     442.907           0     18213.7     10478.8
132          22     225.354     443.197           0     9886.67     11785.9
#1
133           0     298.668     310.388           0     1668.13     1218.45
133           1     298.163     311.249           0     10528.7     339.196
133           2     297.627     312.091           0     7021.34     1154.86
133           3     297.061     312.912           0     11225.8     1415.04
133           4     296.497     313.736           0     4284.51     760.513
133           5     295.993     314.597           0      7367.1     223.866
133           6     295.535     315.484           0     6046.75           0
133           7     295.091     316.377           0       16934     181.156
133           8     294.622     317.258           0     10697.3           0
133           9     294.145     318.134           0     9676.44           0
133          10     293.676     319.015           0     5779.81           0
133          11     293.215       319.9           0     4198.92           0
133          12     292.734     320.775           0     3139.68           0
133          13      292.22      321.63           0     5801.19           0
133          14      291.71     322.488           0     5767.73           0
133          15     291.295     323.395           0      9133.2           0
133          16     290.937     324.327           0     14036.7           0
133          17      290.51     325.228           0     8538.64           0
133          18     289.919     326.033           0     16698.9           0
133          19     289.249     326.772           0     14698.9           0
133          20     288.631     327.556           0     11731.5           0
133          21     288.186     328.449           0     20248.4           0
133          22     287.864     329.393           0     21229.3           0
133          23     287.563     330.345           0     12611.2           0
133          24     287.242     331.289           0     19000.7           0
133          25     286.957     332.246           0       27691           0
133          26     286.649     333.195           0     17994.2           0
133          27     286.322     334.138           0     16823.3           0
133          28     286.133     335.118           0     28054.9           0
133          29     286.007     336.107           0     39911.2           0
133          30     285.707     337.059           0     44653.4      2287.5
133          31     285.219     337.929           0       36382     10347.7
133          32     285.003     338.904           0       40918     5883.52
133          33      284.97     339.901           0     28432.5     7254.74
133          34     284.983     340.899           0     27682.7     3860.81
133          35     284.996     341.897           0     25627.2     549.287
133          36     285.001     342.895           0     25092.5    0.360947
133          37     285.002     343.892           0     25325.9           0
133          38     285.001      344.89           0     32414.5           0
133          39     284.996     345.888           0     33001.4           0
133          40     284.989     346.886           0     36981.7           0
133          41     284.991     347.884           0     40300.1           0
133          42     285.057      348.88           0     34317.2           0
133          43     285.273     349.854           0     23674.1           0
133          44     285.668      350.77           0     23295.8           0
133          45     286.119     351.661           0     31444.2           0
133          46     286.516     352.576           0     13081.1           0
133          47     286.821     353.526           0     17329.5           0
133          48     287.013     354.506           0     21725.6           0
133          49     287.202     355.485           0       16997           0
133          50     287.475     356.445           0     10628.2     472.999
133          51      287.77     357.398           0     20437.6     872.374
133          52      288.02     358.365           0     30585.6     5349.61
133          53     288.267     359.331           0     27623.3     7140.31
133          54     288.372     360.324           0     32382.7     9771.43
133          55     288.176     361.302           0     27166.7      1996.8
133          56     288.174       362.3           0     24133.3           0
133          57     288.401     363.272           0     14987.3           0
133          58     288.733     364.213           0     21772.9           0
133          59      288.98     365.179           0     32225.4           0
133          60     289.158     366.161           0     21883.6           0
133          61     289.396      367.13           0     13228.5           0
133          62     289.717     368.075           0     17686.1           0
133          63     289.907     369.055           0     19202.7           0
133          64      290.03     370.045           0     26243.6           0
133          65     290.282     371.011           0     20637.7           0
133          66     290.705     371.915           0     20853.1     43.6058
133          67     291.168     372.798           0     24505.9     166.423
133          68     291.619     373.689           0     13552.5           0
133          69     292.091     374.568           0     19065.6      377.17
133          70     292.628     375.409           0     9618.65     1508.91
133          71     293.239     376.197           0     13901.3     6638.06
133          72     293.895      376.95           0     16477.5     9651.37
133          73     294.465     377.769           0     9512.24     9804.66
133          74     294.817     378.702           0     15079.4       15947
133          75     294.999     379.684           0     21373.2     7086.09
#1
134           0     136.912     32.0158           0      134.17           0
134           1     136.951     33.0129           0     8881.39           0
134           2     136.982     34.0102           0     11537.4           0
134           3     136.999     35.0079           0     13438.6           0
134           4     137.003     36.0057           0     17227.4           0
134           5         137     37.0035           0     16397.9           0
134           6     136.994     38.0013           0     15465.1           0
134           7     136.988     38.9991           0     15832.4           0
134           8     136.975     39.9968           0      8579.3           0
134           9     136.965     40.9946           0     7714.56           0
134          10     136.977     41.9923           0     6419.57           0
134          11     137.055     42.9871           0     8423.52           0
134          12     137.267      43.962           0     9713.37           0
134          13     137.607     44.9001           0     9516.28           0
134          14     137.873     45.8618           0     19138.6           0
134          15     137.985     46.8533           0       17532           0
134          16     138.005     47.8509           0       19266           0
134          17     138.017     48.8487           0     21221.7     6.43015
134          18     138.087      49.844           0     14779.8     34.8929
134          19     138.274     50.8243           0     12714.3     295.914
134          20      138.58     51.7739           0     9241.26     2286.46
134          21     138.829     52.7402           0     12611.1     2057.71
134          22     139.015     53.7205           0     16212.5     1963.76
134          23     139.268     54.6857           0     15223.2     1154.07
134          24     139.613      55.622           0     3288.25      407.64
134          25     139.874     56.5849           0     9921.37           0
134          26     139.977     57.5774           0     22028.7           0
134          27     140.005     58.5748           0     26543.3     136.274
134          28     140.006     59.5726           0     29791.9     256.868
134          29     140.002     60.5705           0     28633.1     275.098
134          30         140     61.5683           0     20700.5     364.628
134          31         140     62.5661           0     15204.6     315.677
134          32         140     63.5639           0     18226.9     95.5163
134          33         140     64.5617           0     24478.9           0
134          34     139.997     65.5595           0     29911.7           0
134          35     139.989     66.5573           0     31754.4           0
134          36      139.98     67.5551           0     31864.1           0
134          37     140.003     68.5527           0       35596           0
134          38     140.157     69.5386           0     34549.8           0
134          39     140.488     70.4797           0     22260.3           0
134          40     140.824     71.4193           0     36431.8           0
134          41     140.984     72.4042           0     39679.9           0
134          42     141.003     73.4018           0     35901.2           0
134          43     141.019     74.3995           0     38364.2           0
134          44     141.161     75.3871           0     34668.9           0
134          45     141.464      76.338           0     16006.1           0
134          46     141.802     77.2768           0     20373.1           0
134          47     141.969     78.2605           0     17904.4           0
134          48      142.02      79.257           0     13533.9           0
134          49     142.108      80.251           0     17716.3           0
134          50      142.36     81.2165           0     13724.5           0
134          51     142.718     82.1477           0     19884.3           0
134          52      143.02     83.0988           0     28025.9           0
134          53     143.314     84.0524           0     18598.6           0
134          54     143.658     84.9888           0     16488.3           0
134          55     143.909     85.9544           0     26492.5           0
134          56     144.237     86.8971           0     23795.5           0
134          57     144.861     87.6754           0     15757.3     322.255
134          58     145.674     88.2535           0       17011     5893.33
134          59      146.48     88.8425           0     10948.2     6007.89
134          60     147.142     89.5888           0     17965.3     4762.23
134          61     147.724     90.3993           0     3305.51     1792.24
#1
135           0     175.101         362           0     14968.3     4682.03
135           1     176.054         362           0     18267.8     1380.14
135           2     177.007         362           0     14465.4           0
135           3      177.96         362           0     12580.5           0
135           4     178.913     362.001           0      9527.4           0
135           5     179.866     361.998           0      8549.8           0
135           6     180.819     361.999           0     8864.84           0
135           7     181.772     361.999           0     7640.59           0
135           8     182.725     361.997           0     8346.12     1338.26
135           9     183.678     361.995           0     2813.76     1750.52
#1
136           0     318.409     514.716           0     2262.43     1589.79
136           1     319.048     513.949           0     17620.8     996.563
136           2     319.657     513.157           0     9315.58     895.371
136           3     320.203     512.321           0     10211.2     53.2914
136           4     320.713     511.462           0     4327.28           0
136           5     321.245     510.617           0     4410.07           0
136           6      321.78     509.773           0     9016.94           0
136           7     322.279     508.908           0      8506.6           0
136           8     322.765     508.036           0     8320.06           0
136           9     323.262      507.17           0     6743.36           0
136          10     323.796     506.326           0     7460.13           0
136          11     324.364     505.505           0     5826.19           0
136          12     324.891     504.656           0     8204.76           0
136          13     325.347     503.767           0     4853.96           0
136          14     325.716     502.839           0     4486.03           0
136          15     325.982     501.877           0     5950.74           0
136          16     326.201     500.902           0     4664.34           0
136          17     326.442     499.933           0     2801.71           0
136          18     326.715     498.973           0     8150.93           0
136          19     326.891     497.989           0     7055.52           0
136          20     326.981     496.995           0     8667.62           0
136          21     327.081     496.001           0      7805.7           0
136          22     327.294     495.025           0      8863.9           0
136          23     327.645     494.091           0     7344.03           0
136          24     327.978     493.149           0     10070.8           0
136          25     328.289       492.2           0      6557.2           0
136          26     328.609     491.254           0     4975.81           0
136          27     328.882     490.293           0     7331.55           0
136          28     329.095     489.318           0      5598.6           0
136          29     329.309     488.342           0     4620.89           0
136          30     329.568     487.378           0     4265.22           0
136          31     329.785     486.403           0     4813.44           0
136          32     329.909     485.412           0     5648.56           0
136          33     329.974     484.415           0     6039.37           0
136          34     330.053      483.42           0     7505.48           0
136          35      330.22     482.435           0     7385.45           0
136          36     330.508     481.479           0     5792.02           0
136          37     330.831     480.534           0     11526.5           0
136          38     331.154     479.589           0       11414           0
136          39     331.483     478.646           0     6368.67           0
136          40     331.792     477.696           0     9272.15           0
136          41     331.966     476.713           0     7897.54           0
136          42     332.022     475.716           0     3827.78           0
136          43     332.036     474.717           0     3386.17           0
136          44     332.067     473.719           0      5421.3           0
136          45     332.173     472.726           0     4829.79           0
136          46     332.382     471.749           0     4087.35           0
136          47     332.654     470.788           0     6313.79           0
136          48     332.909     469.823           0     14175.6           0
136          49     333.154     468.855           0     17905.8           0
136          50     333.305     467.867           0     23024.4           0
136          51     333.037     466.906           0     24123.7     1380.28
136          52     332.688      465.97           0     13834.1           0
136          53     332.386     465.018           0     8640.51           0
136          54     332.397     464.019           0     6162.32           0
136          55     332.661     463.057           0     12021.7           0
136          56      332.88     462.082           0     21294.6           0
136          57     332.887     461.083           0       18776           0
136          58     332.688     460.105           0     11789.7           0
136          59      332.37     459.158           0     9631.32           0
136          60     332.144     458.185           0     10951.7           0
136          61     332.039     457.192           0     13022.9           0
136          62     331.951     456.197           0     14105.4           0
136          63     331.757     455.218           0     14621.4           0
136          64      331.42     454.278           0     10464.5           0
136          65     331.117     453.326           0     16001.5           0
136          66     330.976     452.337           0     12663.6           0
136          67     330.933      451.34           0     6872.34           0
136          68     330.919     450.341           0     8447.59      176.13
136          69     330.893     449.343           0     3369.64      2246.1
#1
137           0     77.3412     438.554           0     11344.2           0
137           1     78.1062     437.933           0       17260     3231.64
137           2     78.9488     437.421           0     10083.2     2768.69
137           3     79.8934      437.14           0     15931.1     2231.55
137           4     80.8658      436.98           0       22562      1068.9
137           5     81.8264     436.759           0     19605.2     1310.47
137           6     82.7543     436.427           0     10411.5     66.7095
137           7     83.6866     436.107           0     16127.5           0
137           8     84.6118     435.767           0     13093.6           0
137           9     85.4948      435.33           0     7642.88           0
137          10     86.2994     434.761           0     7911.44           0
137          11      87.065      434.14           0           0           0
#1
138           0     137.942     474.052           0     5606.94     5230.82
138           1     138.612     473.371           0     3312.07      2020.1
138           2     139.281      472.69           0     3420.45     879.786
138           3     139.958     472.016           0     3422.27      1687.1
138           4     140.663     471.372           0     2116.46     878.679
138           5     141.423     470.793           0     2201.26     1069.86
138           6     142.254     470.323           0     2780.51     1738.23
138           7     143.132     469.946           0     3561.28     972.479
138           8     144.024     469.605           0     2777.49     873.211
138           9     144.911     469.251           0     105.345     94.3306
#1
139           0     129.809      191.04           0     662.604           0
139           1     129.906     192.032           0     18231.4           0
139           2     129.956     193.028           0     11901.1           0
139           3     129.963     194.024           0     16601.2           0
139           4     129.983     195.021           0     18572.1           0
139           5      130.11      196.01           0     13840.4           0
139           6     130.463     196.941           0     8556.93           0
139           7     131.105     197.704           0     19191.5     268.581
139           8     131.667     198.527           0     21787.3     3322.87
139           9     131.947     199.484           0     22327.3           0
139          10     132.011     200.479           0     26079.9           0
139          11     132.014     201.475           0     35661.1           0
139          12     132.004     202.472           0     42831.7           0
139          13     131.998     203.469           0     46185.9           0
139          14     132.007     204.466           0     45193.2           0
139          15     132.055     205.461           0     32639.5           0
139          16     132.175     206.451           0     20800.6           0
139          17     132.418     207.417           0     11484.2     1417.89
139          18     132.827     208.326           0     18086.5     5201.05
139          19     133.302     209.203           0     14612.5     870.256
139          20     133.698     210.117           0     13218.8     164.089
139          21     133.913     211.091           0     15894.8           0
139          22     134.087     212.072           0     18719.3     189.652
139          23     134.464     212.995           0     10699.4           0
139          24     135.106     213.757           0     18970.7           0
139          25     135.655     214.589           0       24850      2084.8
139          26     135.965     215.536           0     36522.8           0
139          27     136.096     216.524           0     29914.6     207.079
139          28      136.25     217.509           0       18191     3772.29
139          29     136.491     218.476           0     9687.01     750.997
139          30     136.749     219.439           0     14767.4           0
139          31     136.939     220.418           0     23085.7           0
139          32     137.137     221.394           0     23211.3           0
139          33     137.441     222.344           0     11652.6           0
139          34     137.835     223.259           0     15553.9           0
139          35     138.282      224.15           0     14159.7           0
139          36     138.751      225.03           0     12246.8           0
139          37     139.246     225.895           0     13919.7           0
139          38     139.781     226.736           0     8754.73           0
139          39     140.344     227.558           0     6047.18           0
139          40     140.877       228.4           0     11693.7           0
139          41     141.424     229.234           0     7192.16           0
139          42     141.986     230.057           0           0           0
#1
140           0     131.878      198.17           0     26981.7     2726.38
140           1      132.77     197.744           0     14393.6     3917.25
140           2     133.615      197.23           0     11142.2     2449.89
140           3     134.427     196.666           0     11466.9           0
140           4     135.288      196.18           0     19218.6           0
140           5     136.206     195.813           0     13596.2           0
140           6     137.143     195.496           0     5857.14           0
140           7     138.059     195.125           0           0           0
#1
141           0      159.57     183.825           0     1065.55     752.077
141           1     159.239     182.868           0     10504.8           0
141           2     158.939     181.902           0     10760.7           0
141           3     158.644     180.933           0      7773.5           0
141           4     158.329     179.971           0     9537.03           0
141           5     158.098     178.985           0       11670           0
141           6     157.891     177.994           0       14699           0
141           7     157.635     177.015           0     7666.86           0
141           8     157.341     176.046           0      7995.2           0
141           9     157.119     175.058           0     11801.6           0
141          10     157.018     174.051           0     12487.6           0
141          11     157.055     173.039           0     21260.1           0
141          12     157.335     172.067           0     19648.7           0
141          13     157.868     171.206           0     17041.8           0
141          14     158.533     170.443           0     9075.75           0
141          15     159.242      169.72           0     8483.85           0
141          16     159.965     169.012           0     10612.7           0
141          17     160.718     168.334           0     5422.78           0
141          18     161.536     167.738           0     4442.44           0
141          19      162.44     167.282           0     5836.93           0
141          20     163.396     166.951           0      7460.9           0
141          21     164.366     166.659           0     4051.29           0
141          22     165.317     166.311           0           0     113.876
141          23     166.196     165.809           0     4687.71     3489.93
141          24     166.956     165.141           0       26745     2496.87
141          25     167.756     164.521           0     6994.06     2910.65
141          26     168.682     164.111           0     8997.59           0
141          27     169.646     163.804           0     9463.55           0
141          28      170.62     163.526           0      3532.1           0
141          29     171.592     163.243           0     5605.48           0
141          30     172.543     162.895           0     11038.7           0
141          31     173.435     162.417           0     6914.15           0
141          32     174.247     161.811           0     8041.48           0
141          33     175.019     161.157           0           0           0
#1
142           0     259.506     369.649           0      3143.3     1825.08
142           1     259.403     368.596           0      9002.3     6820.24
142           2     259.327      367.54           0       12740     2992.06
142           3     259.621     366.524           0     14019.8     2381.14
142           4     260.314     365.724           0     19644.5           0
#1
143           0     105.967     170.322           0           0           0
143           1     106.918     170.637           0     9511.39           0
143           2      107.89      170.88           0     16676.5           0
143           3     108.876     171.062           0     18581.8           0
143           4     109.854     171.278           0     12491.9           0
143           5     110.816      171.56           0     9163.15     1718.17
143           6     111.792     171.786           0       17453     7371.81
143           7     112.766     172.022           0     33868.2           0
143           8     113.676      172.44           0     31919.2           0
#1
144           0     77.2534     354.979           0           0           0
144           1     77.6082     355.917           0     9244.33     5.33675
144           2     77.9042     356.875           0     15422.1           0
144           3     78.2149     357.829           0     15706.1           0
144           4      78.615     358.748           0     11415.9           0
144           5     79.0889     359.632           0     19449.6           0
144           6     79.6355     360.473           0     8324.87           0
144           7     80.2692     361.251           0     8164.82           0
144           8     80.9348     362.001           0     9003.62           0
144           9     81.5509     362.792           0     6532.16           0
144          10     82.0866      363.64           0     11287.7           0
144          11     82.5537     364.528           0     6523.96           0
144          12     82.9933     365.429           0     12005.1           0
144          13     83.4183     366.338           0     4770.81           0
144          14      83.851     367.243           0     5953.69           0
144          15     84.3447     368.116           0     5874.52           0
144          16     84.9265     368.933           0     17013.6           0
144          17     85.5163     369.744           0      6828.7           0
144          18     86.0569     370.589           0     10854.1           0
144          19     86.6064     371.428           0     6241.49           0
144          20     87.2353     372.209           0      9625.2           0
144          21     87.9273     372.935           0     20112.5           0
144          22     88.6518     373.628           0     10179.2           0
144          23     89.3943     374.303           0     8569.22           0
144          24     90.1146     375.001           0     9341.28           0
144          25     90.6931      375.82           0     1359.26           0
144          26     91.1886     376.692           0     3043.03           0
144          27     91.7261     377.539           0     4536.79           0
144          28     92.3573     378.318           0     6993.88           0
144          29     93.0453     379.048           0     21439.8           0
144          30     93.7363     379.775           0     7481.15           0
144          31     94.3804     380.544           0     4244.48           0
144          32     94.9567     381.364           0     5330.18           0
144          33     95.4971     382.209           0     2111.99           0
144          34     96.0262     383.061           0      1393.1           0
144          35     96.5498     383.917           0     4695.63           0
144          36     97.0963     384.758           0     11774.8           0
144          37     97.6664     385.583           0     10091.9           0
144          38     98.2539     386.396           0     10490.3           0
144          39        98.8     387.237           0     8999.01           0
144          40     99.3539     388.073           0     7965.54           0
144          41     99.9896     388.849           0     10146.9           0
144          42     100.723     389.533           0     8392.45           0
144          43     101.461     390.212           0     17034.2           0
144          44     102.175     390.917           0     19452.6           0
144          45     102.804     391.698           0     9731.15           0
144          46     103.468      392.45           0     5838.26           0
144          47      104.16     393.175           0     5318.52           0
144          48     104.847     393.906           0     10608.1     251.378
144          49     105.497      394.67           0     10765.5     1477.47
144          50     106.113     395.461           0     12178.8     5179.43
#1
145           0     267.053     664.039           0           0           0
145           1     267.573     663.179           0     8994.74           0
145           2     268.068     662.304           0     18126.3           0
145           3     268.508       661.4           0     9749.22           0
145           4     268.957     660.501           0     22311.5           0
145           5     269.494     659.651           0     12615.5           0
145           6     270.134     658.876           0     16247.4           0
145           7     270.831     658.152           0     15122.4           0
145           8     271.546     657.445           0     9438.84           0
145           9     272.271     656.749           0     10193.4           0
145          10     273.013     656.071           0     9684.32           0
145          11     273.766     655.405           0        8154           0
145          12     274.442     654.661           0     13959.1           0
145          13     275.005     653.828           0       22350           0
145          14     275.518     652.964           0     8646.93           0
145          15     276.109     652.151           0     11662.4           0
145          16     276.639     651.296           0     12528.1           0
145          17      277.12     650.414           0     18689.6           0
145          18     277.622     649.543           0     11672.7           0
145          19     278.214     648.731           0     15284.6           0
145          20     278.791     647.908           0     15124.1           0
145          21     279.308     647.045           0     9512.87           0
145          22     279.798     646.168           0       10449           0
145          23     280.319     645.308           0     12019.9           0
145          24     280.751     644.401           0       12110           0
145          25     281.137     643.472           0     12878.1           0
145          26     281.493     642.532           0     7312.48           0
145          27     281.829     641.585           0     10062.9           0
145          28      282.13     640.626           0     9410.12           0
145          29     282.454     639.674           0     6386.57           0
145          30     282.847     638.749           0     12434.9           0
145          31     283.276      637.84           0       10730           0
145          32     283.687     636.922           0     11149.7           0
145          33     284.066     635.991           0     19094.1           0
145          34     284.481     635.076           0     18953.4           0
145          35      284.83     634.133           0     18367.8           0
145          36      285.05     633.152           0     13875.9           0
145          37     285.283     632.174           0     13009.6           0
145          38     285.664     631.244           0     11392.8           0
145          39     286.103      630.34           0     14934.8           0
145          40     286.511     629.421           0     7297.99           0
145          41     286.854     628.476           0     12287.4           0
145          42     287.161     627.519           0     12370.8           0
145          43     287.474     626.564           0     7290.78           0
145          44     287.781     625.607           0      9326.7           0
145          45     288.062     624.642           0     11371.5           0
145          46     288.398     623.694           0     9390.12           0
145          47     288.825     622.784           0       12849           0
145          48     289.272     621.884           0     11310.7           0
145          49     289.671     620.961           0     5349.85           0
145          50     289.971     620.002           0      9097.4           0
145          51     290.267     619.041           0     7642.62           0
145          52     290.618     618.099           0     11926.5           0
145          53     290.934     617.145           0       23746           0
145          54     291.256     616.193           0     18005.6           0
145          55     291.609     615.252           0     14831.7           0
145          56     291.851     614.276           0     21503.1           0
145          57     291.964     613.277           0       31559           0
145          58     292.002     612.273           0     39374.2           0
145          59     292.005     611.268           0     37463.4           0
145          60     292.002     610.262           0     27118.4           0
145          61         292     609.257           0     21311.1           0
145          62         292     608.252           0       18743           0
145          63     292.002     607.247           0     25663.8           0
145          64     292.007     606.241           0     26546.3           0
145          65     292.016     605.236           0     26079.3           0
145          66     292.014     604.231           0     21987.8           0
145          67     291.951     603.228           0     21421.5           0
145          68     291.727     602.248           0       14641           0
145          69     291.294     601.341           0     12734.9      770.95
145          70     290.702     600.528           0     10959.4     3419.96
145          71     290.152     599.687           0     14571.8     3279.56
145          72     289.667     598.806           0     10741.4     3073.13
145          73     289.262     597.886           0     10461.7     2705.42
145          74     288.964     596.926           0     12144.2     1878.69
145          75     288.674     595.964           0     8947.81     1671.59
145          76     288.303      595.03           0      8589.1      2435.2
145          77     287.862     594.126           0     16857.8     1527.26
145          78     287.454     593.208           0     7010.65     309.928
145          79     287.204     592.234           0     10119.1     325.289
145          80      287.08     591.237           0     15428.7     33.0727
145          81     286.951      590.24           0     24756.1     3106.13
145          82     286.678     589.272           0     34869.4      5056.8
#1
146           0     207.418      483.47           0     15584.2     1438.06
146           1     207.941     484.294           0     7367.02     770.556
146           2     208.611     485.002           0     21445.8     864.932
146           3     209.392     485.587           0     10187.3           0
146           4     210.153     486.197           0       15094           0
146           5     210.868     486.861           0     10491.8           0
146           6      211.56     487.548           0      5437.6           0
146           7     212.247     488.241           0     5858.65           0
146           8     212.935     488.933           0     10800.7           0
146           9     213.624     489.624           0     7508.86           0
146          10     214.313     490.314           0     6983.46     350.093
146          11     215.002     491.004           0           0           0
#1
147           0     170.864      173.01           0           0           0
147           1     170.234     172.246           0     6739.03           0
147           2      169.64     171.453           0     5507.61           0
147           3     169.118     170.611           0     10677.1           0
147           4     168.632     169.747           0     8059.75           0
147           5      168.17     168.871           0     12044.8           0
147           6     167.748     167.974           0     9221.69           0
147           7     167.403     167.045           0     9133.65     473.269
147           8     167.177      166.08           0     18306.6      2547.6
147           9     166.968     165.112           0     27246.7     4559.01
147          10     166.545     164.216           0     15582.4      2492.6
147          11     165.919     163.448           0     1086.91     2140.06
147          12     165.245     162.721           0     16478.6           0
147          13     164.679     161.908           0     10153.9           0
147          14     164.283         161           0     13831.4           0
147          15     164.064     160.033           0     19881.9           0
147          16     164.004     159.044           0     18469.3           0
147          17      163.96     158.054           0     20563.8           0
147          18     163.789     157.078           0     17590.7           0
147          19     163.446     156.149           0     13808.1      1084.9
147          20     162.942     155.296           0     22927.1     3725.84
147          21     162.472     154.423           0     12261.8     227.456
147          22      162.01     153.547           0     24913.3           0
147          23     161.493     152.701           0       11180           0
147          24     160.933     151.884           0     12819.8           0
147          25     160.446     151.021           0     10150.3           0
147          26     160.097     150.093           0     22897.3           0
147          27     159.769     149.159           0     21796.5           0
147          28     159.412     148.234           0     14584.7           0
147          29     159.144      147.28           0     27263.2           0
147          30     159.009     146.298           0     34448.1           0
147          31     158.977     145.308           0     32191.4           0
147          32     158.988     144.317           0     30227.2           0
147          33     159.052     143.328           0     27893.9           0
147          34     159.234     142.355           0     19526.6           0
147          35      159.54     141.412           0     11192.7           0
147          36     159.873     140.479           0     18798.6           0
147          37     160.182     139.537           0     14614.9           0
147          38     160.509     138.602           0     6446.22           0
147          39     160.905     137.693           0       11835      32.786
147          40     161.398     136.834           0      7867.3     160.772
147          41     161.967     136.022           0     8105.91     696.719
147          42     162.562      135.23           0     864.112     724.235
#1
148           0     164.361     156.879           0     13728.8     1054.17
148           1     164.966     156.077           0     24124.4     4523.11
148           2     165.649      155.34           0      8767.9     1770.47
148           3     166.358     154.629           0     7043.32           0
148           4     167.072     153.922           0       11776           0
148           5     167.784     153.215           0     9645.49           0
148           6     168.495     152.505           0     8964.46           0
148           7     169.205     151.795           0     14619.7           0
148           8     169.915     151.085           0     22648.5           0
148           9     170.626     150.374           0     3762.12     2286.07
#1
149           0     83.0355     300.938           0     218.847     85.4676
149           1     84.0641     300.963           0     6464.63           0
149           2     85.0928     300.982           0     8973.56           0
149           3     86.1216     300.995           0     13534.7           0
149           4     87.1505     300.999           0     17129.3           0
149           5     88.1794     300.998           0     14864.6    0.547896
149           6     89.2083     300.998           0     10297.1     340.877
149           7     90.2372     300.995           0        5314     1644.49
149           8     91.2661     300.992           0     1885.17     1388.64
#1
150           0     89.6783     412.486           0     35098.4     8429.97
150           1     89.9852     411.498           0       33248     1066.33
150           2     90.5513     410.633           0     12497.2           0
150           3      91.238      409.86           0     13961.4           0
150           4      92.066      409.24           0     13533.8           0
150           5     92.9698     408.737           0       13516           0
150           6       93.93     408.353           0     5691.43           0
150           7     94.9386     408.125           0     6755.88           0
150           8     95.9594     407.959           0     11000.1           0
150           9     96.9698     407.739           0     10058.7           0
150          10     97.9634     407.452           0     226.275     154.927
#1
151           0     131.189     173.998           0           0           0
151           1     131.595     174.911           0     11464.7           0
151           2     131.925     175.853           0       19237           0
151           3     132.232     176.803           0       18028           0
151           4     132.563     177.745           0     11799.6           0
151           5     132.796     178.716           0     20721.7           0
151           6     132.909     179.708           0     28559.1      1255.1
151           7     133.089      180.69           0     29858.6           0
151           8     133.602     181.546           0     18273.8           0
151           9     134.274     182.285           0     22048.2           0
151          10     134.966     183.005           0     31173.8           0
151          11     135.579     183.793           0     18973.2           0
151          12     136.093      184.65           0     31533.5           0
151          13     136.531     185.547           0     18452.5           0
151          14     136.965     186.446           0     37646.5           0
151          15     137.416     187.337           0     20310.8           0
151          16     137.867     188.228           0     29075.2           0
151          17     138.316      189.12           0       19396           0
151          18      138.75     190.019           0     22075.3           0
151          19     139.198     190.911           0     26135.4           0
151          20     139.656     191.798           0     19949.5           0
151          21      140.14     192.672           0     27128.2     3369.38
151          22     140.665     193.521           0       15041     2537.54
151          23     141.264     194.319           0     18157.2           0
151          24     141.821     195.148           0       32380           0
151          25     142.303     196.023           0     19483.8           0
151          26     142.717     196.931           0     19708.2           0
151          27     143.155     197.829           0     28962.4           0
151          28     143.607     198.719           0     18748.2           0
151          29     144.065     199.606           0     31587.4           0
151          30     144.507     200.502           0     14288.5           0
151          31      144.96     201.391           0     21736.3           0
151          32     145.466     202.252           0     10864.9           0
151          33      146.03     203.076           0     18774.2           0
151          34     146.593     203.901           0     17077.7           0
151          35     147.133     204.741           0     38891.7       19.15
#1
152           0     225.354     443.197           0     9886.67     6700.36
152           1     225.815     442.325           0     20569.8     3879.86
152           2     226.192     441.414           0     20843.6     3165.22
152           3     226.637     440.533           0     12628.7     2257.04
152           4     227.245     439.757           0     16042.4     1429.49
152           5      227.93     439.047           0     23973.3     58.5275
152           6     228.629     438.351           0     12970.7           0
152           7     229.329     437.656           0     12689.4           0
152           8     230.057      436.99           0     20527.4     121.541
152           9     230.859     436.417           0     12487.3     300.449
152          10     231.721     435.937           0     22511.1     2257.72
152          11     232.582     435.457           0     16286.2     2757.95
152          12     233.278     434.757           0     29457.2     3924.52
152          13     233.522     433.802           0      9556.2     2884.99
152          14     233.819     432.862           0     41923.8     7548.53
152          15     234.493     432.142           0     15451.2      3337.8
152          16     235.063     431.338           0     27862.8     6733.36
152          17     235.525     430.466           0     15313.7      3246.7
152          18     235.962     429.582           0       30057           0
152          19     236.398     428.697           0     16450.7           0
152          20     236.778     427.787           0       18682           0
152          21     236.984     426.822           0     21978.4           0
152          22     237.034     425.837           0     16343.8           0
152          23     237.032     424.851           0     9055.99           0
152          24      237.02     423.864           0     9391.17           0
152          25     237.009     422.878           0     12724.1           0
152          26     237.004     421.892           0     14512.2           0
152          27     237.002     420.905           0     17417.1           0
152          28     237.004     419.919           0     16390.5           0
152          29     237.008     418.933           0     7488.89           0
152          30     237.015     417.946           0     3420.28           0
152          31      237.01      416.96           0     2992.04           0
152          32         237     415.974           0     5907.87           0
152          33     236.995     414.987           0     9251.37           0
152          34     236.997     414.001           0     14810.7           0
152          35     237.007     413.015           0     14254.4           0
152          36     237.018     412.028           0     398.276           0
#1
153           0      136.01     478.721           0     40.2729     29.8359
153           1      136.82     478.136           0     10665.3           0
153           2     137.685     477.634           0     5913.56           0
153           3     138.637     477.329           0     8451.72     212.497
153           4      139.61     477.102           0     18969.2     401.791
153           5     140.543     476.741           0     22437.8     444.654
153           6     141.333     476.128           0     13071.4      510.82
153           7     142.039      475.42           0     7295.36     351.421
153           8     142.822     474.799           0     9511.72     241.875
153           9     143.636     474.219           0     7934.41     455.413
153          10     144.407     473.582           0      8276.6      271.56
153          11     145.127     472.889           0     15825.5     587.422
153          12     145.814     472.162           0       12625     304.948
153          13     146.429     471.374           0     6128.39     1787.78
153          14     146.952     470.522           0     10028.4     2403.06
153          15     147.429     469.643           0     7419.82      3348.7
153          16     147.883     468.753           0     16468.6      579.96
153          17     148.249     467.823           0     19229.5           0
#1
154           0     197.944     469.697           0     14032.4     89.3232
154           1     197.408     470.613           0     12323.6     3328.76
154           2     197.007     471.595           0     11668.4      1891.2
154           3     196.722     472.617           0     7335.96     653.705
154           4     196.453     473.643           0     5588.33     248.707
154           5     196.231     474.681           0       12926     398.891
154           6     196.086     475.731           0     23625.9      3731.3
154           7     195.972     476.786           0     30794.9      2912.7
154           8     195.763     477.826           0     32571.1     1575.92
#1
155           0     81.9901     229.082           0           0           0
155           1     83.0223     229.013           0     9745.73           0
155           2      84.055     228.951           0     3123.23           0
155           3     85.0888     228.911           0     3642.18           0
155           4     86.1234     228.907           0     6729.81           0
155           5     87.1538         229           0     14653.5           0
155           6     88.1321     229.336           0     13900.6           0
155           7     88.9434     229.978           0     25870.6     2144.78
155           8     89.5834     230.791           0     14569.1     1801.17
155           9     90.1328     231.667           0     23274.1     4511.67
155          10     90.7046     232.529           0     9270.13     4369.37
155          11     91.4158     233.281           0     7956.07     3965.11
155          12     92.2225     233.928           0       14074      1357.9
155          13     93.0586     234.538           0       13708           0
#1
156           0     210.361     364.197           0      503.11      422.99
156           1     211.222     364.723           0      5462.2     142.366
156           2     212.059     365.286           0     6408.89     66.4916
156           3     212.856     365.904           0     9044.81           0
156           4     213.604      366.58           0     6019.04           0
156           5     214.311       367.3           0     6515.76           0
156           6      214.95      368.08           0     8118.68           0
156           7     215.475     368.941           0     4973.58           0
156           8      215.97      369.82           0     15326.4           0
156           9     216.651     370.564           0     12164.8           0
156          10     217.496     371.115           0     15978.8           0
156          11     218.381     371.598           0      8512.5           0
156          12     219.189     372.203           0     10783.9           0
156          13     219.924     372.892           0     11523.2     1145.66
156          14     220.617     373.626           0     7665.69     1627.15
156          15     221.249     374.412           0     7972.26     1462.85
156          16     221.795     375.259           0     11959.7           0
156          17     222.352       376.1           0     10941.9           0
#1
157           0     318.994     373.418           0     32660.9     2916.36
157           1     318.996     374.458           0       35155     1786.23
157           2     318.996     375.499           0     25005.5     690.354
157           3         319      376.54           0     15407.8           0
157           4     319.011      377.58           0     11924.9           0
157           5     319.026     378.621           0       11618           0
157           6     319.028     379.662           0     14351.2           0
157           7      319.01     380.702           0     20562.7           0
157           8     318.996     381.743           0       25779           0
157           9     318.992     382.783           0     23399.7           0
157          10     318.995     383.824           0     26315.5           0
157          11     318.996     384.865           0       17420           0
#1
158           0     107.672     120.738           0     30860.8     625.596
158           1     107.283     121.664           0     24643.8     3895.69
158           2      107.04     122.637           0     20059.4     3421.96
158           3     106.953     123.637           0     17361.2     3498.05
158           4      106.95     124.641           0     14534.2     3641.93
158           5     107.021     125.642           0     15935.5     3755.79
158           6     107.227     126.624           0     13310.7     3641.01
158           7     107.599     127.556           0     8939.33     4751.48
158           8     108.036     128.459           0     21810.9     1261.45
158           9     108.269     129.436           0     26472.2           0
158          10     108.271     130.439           0     24680.9           0
158          11     108.495     131.417           0     19323.2           0
158          12     108.813     132.369           0       29957           0
158          13     108.973      133.36           0     29950.8           0
158          14     108.995     134.363           0     32677.6           0
158          15     108.994     135.367           0     34868.6           0
158          16      109.08     136.367           0     39624.8           0
158          17     109.397     137.319           0     25038.2           0
158          18     109.851     138.214           0     29820.7           0
158          19     110.369     139.074           0     18817.9           0
158          20     110.933     139.904           0     21403.8           0
158          21     111.523     140.715           0     13818.1           0
158          22     112.065      141.56           0     23966.9           0
158          23     112.605     142.406           0     10158.2           0
158          24     113.233     143.189           0     11654.4           0
158          25     113.916     143.924           0     2936.99           0
158          26     114.593     144.665           0     3950.05           0
158          27     115.201     145.463           0     4834.23     1636.74
158          28     115.709     146.329           0       11167     2562.49
158          29      116.22     147.192           0     17157.7     4397.51
158          30      116.84     147.981           0     22966.1     3509.24
158          31     117.759     148.383           0     6668.36           0
158          32     118.749     148.551           0     24634.9     1082.23
158          33     119.723     148.792           0     9602.25     515.777
158          34     120.553     149.355           0     20145.4           0
158          35     121.113     150.188           0     29945.8     8120.14
158          36     121.441     151.137           0     13987.3           0
158          37      121.82     152.066           0       18252           0
158          38     122.243     152.976           0     15571.1           0
158          39      122.69     153.874           0     13361.5           0
158          40     123.177     154.752           0     17076.3           0
158          41     123.716     155.598           0     13269.9           0
158          42       124.3     156.414           0     12688.9           0
158          43     124.796     157.287           0     13278.8           0
158          44     125.177     158.215           0     10492.6           0
158          45     125.555     159.145           0     5363.41           0
158          46     126.057     160.014           0     12639.2           0
158          47     126.544     160.891           0     9092.61           0
158          48     126.815     161.857           0     11316.4           0
158          49     126.942     162.853           0     24030.8           0
158          50     126.997     163.855           0     31924.6           0
158          51     127.007     164.858           0     28669.5           0
158          52     127.006     165.862           0     25272.7           0
158          53     127.007     166.865           0     15563.8           0
158          54     126.996     167.869           0     11960.4           0
158          55     126.988     168.873           0     13383.6           0
158          56     126.989     169.876           0     20955.8           0
158          57     126.994      170.88           0     29440.4           0
158          58         127     171.883           0     35008.3           0
#1
159           0     89.3154      311.44           0     1618.16     1180.34
159           1     90.2554      311.77           0     8546.93     95.5746
159           2      91.197     312.095           0     8597.37           0
159           3     92.1204     312.469           0     5116.64           0
159           4     92.9858     312.963           0     10041.8           0
159           5     93.8235     313.502           0     5773.21           0
159           6     94.6498     314.059           0     12431.9           0
159           7      95.397     314.718           0     7262.64           0
159           8     95.9404     315.553           0     12770.5           0
159           9     96.3017     316.481           0     6019.55           0
159          10     96.6067      317.43           0      3045.2           0
159          11     96.9487     318.365           0     6870.38           0
159          12     97.3249     319.288           0     4949.15           0
159          13     97.6855     320.217           0     4591.77           0
159          14     97.9888     321.166           0      7725.5           0
159          15     98.2694     322.121           0     5982.69           0
159          16     98.5465     323.078           0     566.662           0
159          17     98.7906     324.044           0     10237.6           0
159          18     98.9337      325.03           0     6723.54           0
159          19     99.0073     326.024           0     8744.07           0
159          20     99.1049     327.015           0     8345.42           0
159          21     99.3066     327.991           0     7021.18           0
159          22     99.6069     328.941           0      3822.2           0
159          23     99.8954     329.894           0     5920.55           0
159          24     100.197     330.844           0     6989.55           0
159          25     100.528     331.784           0      7192.2           0
159          26     100.828     332.734           0     18533.4           0
159          27      101.15     333.676           0     24562.8           0
159          28     101.498      334.61           0     10531.3           0
159          29     101.799      335.56           0     12027.9           0
159          30      102.02     336.531           0     16883.9           0
159          31     102.236     337.504           0     11614.1           0
159          32     102.498     338.465           0     6439.99     143.663
159          33     102.743      339.43           0     11728.8     185.028
159          34     102.928     340.409           0     18856.1           0
159          35     103.126     341.386           0     20387.6     237.231
159          36     103.433     342.334           0     11248.8     2888.77
159          37     103.845     343.241           0     18383.4     2971.08
159          38      104.35     344.099           0       13746     2217.22
159          39     104.924     344.914           0     15372.7     1659.15
159          40     105.533     345.702           0     2508.39     1778.94
#1
160           0      166.22     207.991           0           0           0
160           1     166.587     208.926           0     6493.78           0
160           2       166.9     209.881           0     10050.2           0
160           3     167.223     210.832           0     10981.2           0
160           4     167.605     211.761           0     9003.63           0
160           5      167.96     212.701           0     15090.9           0
160           6     168.256     213.661           0     9077.88           0
160           7     168.561     214.618           0     4683.03           0
160           8      168.87     215.574           0     8883.05           0
160           9     169.173     216.531           0     8045.77           0
160          10     169.477     217.488           0     4375.23           0
160          11      169.77     218.449           0     7947.67           0
160          12     170.073     219.407           0     12276.5           0
160          13     170.446      220.34           0     8759.03           0
160          14     170.891     221.241           0     15833.3           0
160          15     171.337      222.14           0     8669.69           0
160          16     171.731     223.065           0       15859           0
160          17     172.027     224.025           0     18429.3           0
160          18     172.295     224.993           0     14117.5           0
160          19     172.621     225.943           0     7490.33           0
160          20     172.921     226.901           0     17603.6           0
160          21     173.248     227.851           0     13441.4           0
160          22     173.624     228.783           0     5853.99           0
160          23     174.047     229.694           0     13643.3           0
160          24     174.479     230.601           0     8494.12           0
160          25     174.852     231.533           0     15879.9           0
160          26     175.181     232.482           0     14686.3           0
160          27     175.504     233.434           0     9223.15           0
160          28     175.795     234.395           0     17845.6           0
160          29     175.964     235.385           0       22380           0
160          30     176.024     236.388           0     20963.1           0
160          31     176.077     237.391           0     15426.6           0
160          32     176.199     238.388           0     9647.09           0
160          33     176.451     239.361           0     7360.33           0
160          34     176.839     240.287           0     13998.8           0
160          35     177.308     241.175           0     12624.3           0
160          36     177.793     242.055           0     14291.5           0
160          37      178.24     242.955           0     10317.4           0
160          38      178.65     243.872           0     6703.43           0
160          39     179.116     244.761           0     15102.8           0
160          40     179.677     245.594           0     13324.8           0
160          41     180.295     246.387           0     14995.9           0
160          42     180.862     247.216           0     23770.3           0
160          43     181.403     248.062           0       12054           0
160          44      181.95     248.904           0     16602.7           0
160          45     182.512     249.737           0      7410.1           0
160          46      183.02     250.604           0     14764.2           0
160          47     183.481     251.496           0     7299.49           0
160          48     183.926     252.397           0     12333.6           0
160          49     184.378     253.294           0     7655.17           0
160          50     184.844     254.184           0     10300.8           0
160          51     185.358     255.047           0     6950.18           0
160          52     185.945     255.862           0     8544.94           0
160          53     186.615     256.611           0     6007.82           0
160          54     187.323     257.323           0     6381.34           0
160          55     188.044     258.023           0     8509.74           0
160          56     188.708     258.777           0     3718.34           0
160          57      189.32     259.573           0     2939.26           0
160          58     189.889     260.401           0     6573.08           0
160          59     190.457     261.229           0     3322.75           0
160          60      191.03     262.054           0           0           0
#1
161           0     88.1833     292.185           0     456.691     379.428
161           1     88.9026     292.906           0     11016.6     133.779
161           2     89.6224     293.627           0     7206.45     581.596
161           3     90.3442     294.345           0     7194.89           0
161           4     91.0703      295.06           0     9996.45     97.6242
161           5     91.7983     295.772           0     6835.46     1545.51
161           6     92.5109       296.5           0     6008.14     2689.97
161           7     93.1689     297.277           0     9118.64     2980.96
161           8     93.7341     298.125           0     14216.8     2433.07
161           9      94.251     299.002           0     17521.7     1192.71
161          10     94.6955     299.919           0     12473.9     535.471
161          11     94.9505     300.905           0     15322.6     522.334
161          12     95.0262     301.921           0     11046.3           0
161          13     95.0305     302.939           0     14223.4           0
161          14     95.0318     303.958           0       15051           0
161          15     95.0649     304.976           0     14590.2           0
161          16     95.1201     305.993           0     99.1748           0
#1
162           0     142.983     89.1301           0     15490.9     2776.45
162           1     142.989     90.1391           0     21932.6     2186.26
162           2     142.991     91.1481           0     23448.5           0
162           3     142.999     92.1571           0     31821.1           0
162           4     143.046      93.165           0     29597.9           0
162           5     143.166     94.1669           0     17696.1           0
162           6     143.363     95.1566           0     8824.42           0
162           7     143.609     96.1352           0     7099.79           0
162           8     143.791     97.1277           0     17151.7           0
162           9     143.973     98.1201           0     33623.4           0
162          10     144.338      99.061           0     24428.2           0
162          11     144.918     99.8863           0     29202.8           0
162          12     145.598     100.632           0     14129.9           0
162          13     146.249     101.403           0     12480.3           0
162          14       146.8     102.248           0     16271.1           0
162          15     147.343     103.098           0     14625.7           0
162          16     147.951     103.904           0     18115.2           0
162          17     148.636     104.644           0     12195.2           0
162          18     149.353     105.355           0     12582.5           0
162          19     150.073     106.062           0       20410           0
162          20     150.772      106.79           0     14838.9           0
162          21     151.404     107.576           0     12933.9           0
162          22     151.934     108.434           0     31394.2           0
162          23     152.406     109.326           0     19755.4           0
162          24     152.795     110.257           0     29334.3           0
162          25     153.016     111.242           0     31526.2           0
162          26     153.156     112.241           0     22957.8           0
162          27     153.383     113.224           0     15633.8     14.0206
162          28     153.697     114.183           0     19737.9     171.056
162          29     153.942     115.162           0     29650.1      398.91
162          30     154.281     116.113           0     22426.5     114.088
162          31     154.977     116.843           0     23574.7     4215.89
162          32     155.844     117.359           0     18731.6     311.803
162          33     156.646     117.971           0       14927     1505.61
162          34     157.268     118.766           0       13656     1330.98
162          35     157.795     119.626           0     5839.93     2653.27
162          36     158.355     120.466           0     3128.74      2579.3
#1
163           0     216.329     140.003           0     11.1171           0
163           1      216.66     140.954           0     8411.48           0
163           2     216.929     141.924           0     13721.6           0
163           3     217.127     142.911           0     10457.2           0
163           4     217.336     143.896           0      6343.6           0
163           5     217.596     144.869           0     4409.97           0
163           6      217.83     145.848           0     8697.49           0
163           7     218.044     146.832           0     10793.5           0
163           8     218.291     147.809           0     7371.84           0
163           9     218.598     148.767           0     8226.64           0
163          10     218.852     149.742           0     15789.4           0
163          11      219.01     150.736           0       18059           0
163          12     219.133     151.736           0     11652.3           0
163          13     219.312     152.727           0     7827.99           0
163          14     219.585     153.696           0     7398.87           0
163          15     219.831     154.672           0     14454.5           0
163          16     219.969      155.67           0       16737           0
163          17     220.015     156.676           0     19027.1           0
163          18     220.012     157.683           0     22468.1           0
163          19     219.936     158.687           0     20359.9    0.294189
163          20     219.741     159.674           0     13254.9      1153.5
163          21     219.429     160.632           0     4653.42     492.277
163          22     219.054     161.566           0     5755.43     1142.73
163          23     218.671     162.498           0     2149.72     1716.63
#1
164           0     247.065     206.531           0     48417.8     7443.56
164           1     247.043     207.526           0     33583.7           0
164           2     247.044     208.521           0     21883.1           0
164           3     247.103     209.515           0     12569.3     2152.86
164           4     247.236     210.501           0     7928.59     589.538
164           5     247.494     211.462           0     6830.12           0
164           6     247.875     212.382           0     18957.9           0
164           7     248.335     213.264           0     16819.1           0
164           8     248.812     214.137           0     29466.9           0
164           9     249.276     215.018           0     22306.5           0
164          10     249.682     215.927           0       21916           0
164          11     249.977     216.877           0     32354.2           0
164          12     250.265      217.83           0     23555.4           0
164          13     250.654     218.746           0     16565.2           0
164          14     251.096     219.638           0     24223.7     1604.19
164          15     251.502     220.546           0     12811.1     2391.59
164          16     251.794     221.498           0     20807.3     2341.66
164          17     251.928     222.484           0     29980.8     2241.31
164          18     251.926     223.479           0     32686.2     5229.96
164          19     251.934     224.474           0     30513.9           0
164          20     252.252     225.418           0     15507.2           0
164          21     252.689     226.311           0     12966.4           0
164          22     253.023     227.249           0     16874.5           0
164          23     253.344     228.191           0     14301.2           0
164          24     253.753     229.098           0     24759.8           0
164          25     254.221     229.977           0     29638.3           0
164          26     254.692     230.853           0       19757           0
164          27     255.153     231.735           0       24930           0
164          28     255.565     232.641           0     14732.7           0
164          29     255.866      233.59           0       22352           0
164          30     256.049     234.568           0     22930.5           0
164          31      256.24     235.545           0     16957.6           0
164          32     256.524     236.499           0     10456.9           0
164          33     256.796     237.456           0     14512.1           0
164          34     256.933     238.442           0     16254.1           0
164          35     256.982     239.436           0     21955.5           0
164          36      257.03      240.43           0     23339.7           0
164          37     257.179     241.414           0     18498.6           0
164          38      257.46     242.369           0       10438           0
164          39       257.8     243.304           0     12500.8           0
164          40     258.084     244.258           0       10568           0
164          41     258.355     245.216           0     8543.85           0
164          42     258.667     246.161           0     7736.59           0
164          43     258.957     247.113           0     15810.9           0
164          44     259.299     248.047           0     11825.7           0
164          45     259.727     248.946           0     13587.3           0
164          46     260.181     249.832           0     16196.3           0
164          47     260.586     250.741           0     9423.41           0
164          48      260.86     251.697           0     14744.1           0
164          49     260.981     252.685           0     16765.2           0
164          50      261.01      253.68           0     19606.8           0
164          51     261.003     254.675           0     22235.4           0
164          52     260.985      255.67           0     20366.7           0
164          53     260.976     256.665           0     15112.9           0
164          54     261.013      257.66           0     16627.8           0
164          55     261.179     258.641           0     19588.3           0
164          56     261.517     259.577           0       16590     48.0509
164          57      261.81     260.528           0     30124.8     107.871
164          58     261.948     261.514           0     37012.5     682.621
164          59     262.006     262.508           0     45150.7     4944.91
164          60     262.157     263.491           0     40860.6           0
164          61     262.476     264.434           0     23489.7           0
164          62     262.842     265.359           0     36010.8           0
164          63     263.157     266.303           0     28993.8           0
164          64     263.518     267.231           0     14848.3     11.1979
164          65     264.081     268.052           0     29292.9     1504.34
164          66      264.75     268.789           0     14397.8           0
164          67     265.396     269.546           0     10287.4           0
164          68     265.958     270.367           0     17718.6           0
164          69     266.504     271.199           0     7051.77           0
164          70     267.094         272           0     9769.15           0
164          71     267.734     272.763           0     6687.45           0
164          72     268.352     273.543           0     6324.16           0
164          73     268.903     274.372           0     14805.1           0
164          74     269.448     275.205           0     8544.48           0
164          75     270.028     276.013           0     14513.1           0
164          76     270.609     276.821           0     9168.36           0
164          77     271.148     277.658           0     11118.4           0
164          78     271.681     278.498           0     7041.22           0
164          79     272.281     279.292           0      7820.3           0
164          80      272.92     280.055           0           0           0
#1
165           0     309.995     345.174           0           0           0
165           1      310.74     345.869           0     2480.14           0
165           2     311.497     346.551           0     4806.54           0
165           3     312.291      347.19           0     9823.82           0
165           4     313.153     347.732           0       21086           0
165           5     314.017     348.271           0     22679.8           0
165           6     314.831     348.885           0       22607           0
165           7     315.506     349.648           0     11142.5           0
165           8     315.966     350.556           0     14072.6           0
165           9     316.226     351.541           0     5787.43           0
165          10     316.397     352.545           0     2375.03           0
165          11     316.565      353.55           0     1670.98           0
165          12     316.738     354.554           0     4874.86           0
165          13      316.88     355.563           0     11964.3           0
165          14     316.971     356.578           0     16563.1           0
165          15     317.018     357.595           0     15061.5           0
165          16     317.059     358.613           0     10683.5      24.324
165          17     317.131     359.629           0     6034.68     190.864
165          18     317.268     360.639           0     4038.86      357.65
165          19     317.472     361.637           0      2544.2     654.822
165          20     317.751     362.617           0     8054.31     1417.37
165          21      318.13     363.562           0     12955.8     2604.09
165          22     318.608     364.462           0     13318.4     2897.84
165          23     319.063     365.373           0     42334.6     1082.87
#1
166           0     180.271     482.042           0     524.135     229.903
166           1     180.127     483.059           0     14873.9           0
166           2     180.031     484.083           0       12050           0
166           3     179.984      485.11           0       11248           0
166           4     179.931     486.137           0     7462.28           0
166           5     179.818     487.159           0     6959.97           0
166           6     179.607     488.165           0     3113.66           0
166           7     179.327     489.154           0     4819.65           0
166           8      179.02     490.136           0     9774.66           0
166           9     178.652     491.096           0      6618.9           0
166          10     178.237     492.036           0           0           0
#1
167           0      262.29     214.538           0     2626.05     1466.69
167           1     263.186     214.973           0     14492.8     266.337
167           2     264.094     215.379           0     4017.61           0
167           3     265.042     215.682           0     6838.11           0
167           4     266.023     215.852           0     5931.42     1628.59
167           5     267.006     216.009           0     15275.3     242.728
167           6     267.958     216.298           0     22142.8           0
#1
168           0     104.649     404.408           0     5904.82     1566.46
168           1     105.619     404.457           0     7332.11     1324.01
168           2     106.556     404.199           0     8014.75     2371.27
168           3     107.478     403.891           0     8482.63     193.224
168           4     108.396     403.573           0     5117.64           0
168           5      109.32     403.271           0     8687.66           0
168           6     110.248     402.985           0       14188           0
168           7     111.154     402.632           0     9953.58           0
168           8     112.027     402.206           0           0           0
#1
169           0     315.971     410.953           0           0           0
169           1     316.686     411.671           0     14044.7           0
169           2     317.402     412.389           0     16328.4           0
169           3     318.104     413.121           0     26480.8           0
169           4     318.737     413.913           0     19281.2           0
169           5     319.245      414.79           0     13684.3           0
169           6     319.629     415.728           0     9733.73           0
169           7     319.884      416.71           0     17062.1           0
169           8     320.006     417.716           0     18908.8           0
169           9     320.044     418.729           0     17674.2           0
169          10     320.047     419.743           0     20403.3           0
169          11     319.991     420.755           0     22166.2           0
169          12     319.757     421.742           0     19141.1           0
169          13     319.282     422.638           0     17361.6           0
169          14     318.685     423.457           0       15959           0
169          15     318.126     424.302           0     24986.5           0
169          16     317.568     425.149           0     15827.3           0
169          17     317.061     426.027           0     20720.7           0
169          18     316.913      427.03           0     20319.8     2893.49
169          19     316.834     428.041           0       20273     4803.18
169          20     316.566     429.018           0     9428.91     4427.41
169          21     316.082      429.91           0     13516.2     3948.11
169          22     315.514     430.749           0     5019.18     1686.11
169          23     314.962     431.599           0     8135.87     715.904
169          24     314.396     432.441           0     6086.24           0
169          25     313.766     433.235           0      9157.1           0
169          26       313.1     433.999           0     1.21435           0
#1
170           0     97.1884     359.009           0     13.7764           0
170           1      97.816     359.792           0     5559.04           0
170           2     98.4115     360.601           0      3987.3           0
170           3     98.9361     361.457           0     7725.75           0
170           4     99.3951      362.35           0      5712.9           0
170           5     99.7851     363.275           0     13303.3     203.122
170           6     100.105     364.227           0     14024.8     3197.99
170           7     100.406     365.185           0     6524.34     2465.22
170           8     100.798     366.109           0     15473.7     2582.87
170           9     101.354     366.946           0     12945.6     3375.95
170          10     102.078     367.641           0     16505.7     2989.99
170          11       102.8     368.339           0       26325      1681.6
170          12     103.365     369.169           0     15536.3           0
170          13     103.725     370.107           0     24576.3           0
170          14     103.918     371.092           0     37113.4           0
170          15     104.036     372.089           0     45270.3           0
170          16     104.315     373.054           0     34425.5           0
170          17     104.729     373.968           0     23817.8           0
170          18     104.961     374.945           0     26702.3           0
170          19     105.023     375.948           0     18872.3           0
170          20     105.089     376.949           0       17934           0
170          21      105.34     377.922           0       12547           0
170          22      105.83     378.798           0     15952.9           0
170          23     106.408     379.619           0     12449.7           0
170          24     106.937     380.472           0       28615     1060.31
170          25     107.483     381.315           0     15719.6     2689.44
170          26     108.118     382.093           0       22189     3722.68
170          27     108.858     382.771           0       17152     5449.17
170          28     109.687     383.339           0     12547.5     3897.47
170          29     110.471     383.966           0     32560.5           0
170          30     110.803     384.914           0     2942.62           0
170          31     110.887     385.914           0           0           0
170          32     110.931     386.917           0     24060.4           0
170          33     111.003     387.919           0     34663.2           0
170          34     111.239     388.895           0     27166.5           0
170          35     111.641     389.815           0     22153.1           0
170          36      112.12     390.697           0     35625.8     703.815
170          37     112.657     391.546           0     19159.9     192.586
170          38     113.253     392.354           0       21069           0
170          39      113.78     393.209           0     35338.3           0
170          40     114.313      394.06           0     31553.5           0
170          41     114.923     394.857           0     40473.7           0
170          42      115.66     395.539           0       25827           0
170          43      116.33     396.287           0     39014.7           0
#1
171           0     99.8189      401.58           0     22889.4     7839.61
171           1     100.245     400.681           0     14487.6     6077.25
171           2       100.8     399.856           0     11634.6     1488.21
171           3     101.405     399.067           0     7139.56     795.754
171           4     102.097     398.353           0      5889.8     676.465
171           5     102.877     397.737           0     6272.01     361.877
171           6     103.676     397.146           0     7423.76    0.998713
171           7      104.44     396.509           0     7936.66           0
171           8     105.215     395.886           0     15025.7     7049.13
171           9     106.113     395.461           0     12178.8     3527.01
#1
172           0     100.033     115.098           0           0           0
172           1     99.2173     115.737           0     6248.87           0
172           2     98.3739     116.339           0      6496.9           0
172           3     97.5032     116.901           0     20772.1           0
172           4     96.7228     117.583           0       13793           0
172           5     96.2146     118.486           0     28089.7           0
172           6     95.9973     119.499           0     34359.6     1552.62
172           7     95.9691     120.535           0     28284.4      2054.4
172           8     95.9819     121.571           0     24868.8     1718.27
172           9     95.9933     122.607           0       22867     1490.29
172          10     95.9982     123.643           0     25033.8     3275.52
172          11     95.9998     124.679           0     32286.3     4384.27
172          12          96     125.715           0     36008.1     4356.23
#1
173           0     301.124     228.995           0           0           0
173           1     301.772      229.76           0     7836.92           0
173           2      302.38     230.557           0     7297.36           0
173           3     302.916     231.404           0     17253.4           0
173           4     303.449     232.254           0     11497.4           0
173           5     304.029     233.072           0     21651.7           0
173           6     304.617     233.883           0     12902.1           0
173           7     305.154      234.73           0     18970.4           0
173           8     305.694     235.575           0     13947.2           0
173           9     306.277      236.39           0     14428.8           0
173          10     306.806     237.242           0     17556.3           0
173          11     307.292     238.119           0     15716.2           0
173          12     307.756     239.007           0     13962.2           0
173          13     308.244     239.883           0     14963.7           0
173          14     308.783     240.728           0     12687.5           0
173          15      309.35     241.555           0     9777.27           0
173          16      309.87     242.413           0     20653.9           0
173          17     310.422     243.249           0     15382.1           0
173          18     311.056     244.026           0     25535.8           0
173          19     311.739     244.759           0     19706.2           0
173          20     312.379     245.531           0     13689.9           0
173          21     312.923     246.373           0     20152.1           0
173          22      313.46      247.22           0     11032.3           0
173          23     314.041     248.037           0     15959.1           0
173          24     314.614      248.86           0     9100.86           0
173          25     315.115     249.728           0     13031.7           0
173          26     315.553      250.63           0     8072.27           0
173          27     315.982     251.536           0       19114           0
173          28     316.425     252.435           0     10906.8           0
173          29     316.883     253.327           0       18207           0
173          30     317.401     254.185           0     12689.5           0
173          31     317.993     254.995           0     26852.1           0
173          32     318.583     255.805           0     13752.2           0
173          33     319.101     256.664           0       22265           0
173          34     319.532     257.569           0     12028.8           0
173          35     319.879     258.509           0     18260.8           0
173          36     320.172     259.468           0     15830.4           0
173          37     320.485      260.42           0     11065.2           0
173          38     320.815     261.367           0       19685           0
173          39     321.113     262.324           0     20229.5           0
173          40     321.419     263.279           0     12066.3           0
173          41     321.745     264.227           0     14009.8           0
173          42     321.946     265.209           0     18759.6           0
173          43     322.015     266.209           0     19101.7           0
173          44     322.026     267.212           0     14394.1           0
173          45     322.026     268.214           0     8802.95           0
173          46      322.03     269.217           0     7275.82           0
173          47     322.035      270.22           0     12866.4           0
173          48      322.02     271.222           0     11884.5           0
173          49     321.923      272.22           0     14187.3           0
173          50     321.655     273.186           0     12325.9           0
173          51     321.234     274.096           0       24670           0
173          52      320.75     274.973           0     25230.8     541.395
173          53     320.304     275.871           0       12103     1683.68
173          54     319.957     276.812           0     10525.1     2671.07
173          55      319.63      277.76           0     6053.39      2287.4
173          56     319.147     278.639           0     6753.53     2969.15
173          57     318.479     279.386           0     7088.26     3513.19
173          58      317.74     280.063           0       17418     2410.73
173          59     316.978     280.715           0     21786.3           0
#1
174           0     229.509     237.004           0     24.1313           0
174           1     229.733     237.962           0     8740.35           0
174           2     229.905      238.93           0     13301.5           0
174           3     230.005     239.909           0     12420.4           0
174           4     230.109     240.887           0     10071.3           0
174           5     230.311      241.85           0     8561.35           0
174           6     230.616     242.785           0     7657.59           0
174           7     230.854     243.739           0      9561.7           0
174           8     230.964     244.717           0     10290.4           0
174           9     230.999       245.7           0     14047.2           0
174          10     231.006     246.684           0     20873.9           0
174          11     231.004     247.667           0     22435.3           0
174          12     231.002     248.651           0     22584.4           0
174          13     231.001     249.635           0     23344.4           0
174          14     231.003     250.618           0     20028.8           0
174          15     231.009     251.602           0       19142     1149.22
174          16     231.022     252.585           0     17838.1     1693.78
174          17     231.022     253.569           0     18544.6     2090.17
174          18     230.994     254.552           0     18929.1     3023.35
174          19     230.884      255.53           0     18869.1     4066.98
174          20     230.627     256.479           0     20640.8      2753.2
174          21     230.363     257.427           0     19757.4           0
#1
175           0     118.965     27.0323           0           0           0
175           1     119.662     27.7192           0     2666.87           0
175           2     120.362     28.4032           0     4885.91           0
175           3     121.079      29.068           0     16330.2           0
175           4     121.863     29.6541           0     15303.6           0
175           5     122.737     30.0932           0     16561.6           0
175           6     123.665     30.4029           0     6192.48     67.8057
175           7       124.6     30.6935           0     945.413     729.508
#1
176           0     265.456     299.739           0      4942.2      3603.1
176           1     266.266     300.224           0     9104.46     3473.44
176           2     267.102      300.66           0     8485.29      4268.7
176           3     267.985      300.99           0     13730.2     3711.24
176           4     268.868     301.322           0     9251.46     1934.35
176           5      269.71     301.747           0     6746.87     1246.65
176           6     270.528     302.217           0     4000.54     3135.82
#1
177           0     311.971     375.959           0           0           0
177           1     312.677     375.259           0     5641.85           0
177           2     313.388     374.566           0     6742.28      226.02
177           3      314.14     373.916           0     13628.8      423.94
177           4     314.995     373.408           0     16698.9           0
177           5     315.937     373.091           0       26229     740.088
177           6     316.856     372.716           0     26184.9      2859.7
177           7     317.587     372.043           0     20018.9           0
177           8     317.928     371.109           0     29284.6           0
177           9     318.054     370.123           0     34696.2           0
177          10     318.255      369.15           0     27610.4           0
177          11     318.589     368.214           0     21838.6           0
177          12     318.834     367.251           0     34569.9           0
177          13     319.081     366.289           0     47690.8           0
177          14     319.632     365.462           0     31088.9    0.773318
177          15     320.443     364.888           0     36779.8     1831.48
177          16     321.318     364.418           0     15506.3     833.362
177          17     322.087     363.788           0     16183.1     1344.03
177          18     322.699     363.006           0     8336.02     1377.11
177          19     323.228     362.164           0     11821.2     1037.36
177          20     323.767     361.329           0     8805.29     95.8389
177          21     324.334     360.513           0      7592.7           0
177          22     324.851     359.665           0     13987.9           0
177          23     325.333     358.796           0     10980.6           0
177          24     325.791     357.914           0     17232.3           0
177          25     326.246      357.03           0     15198.9           0
177          26     326.692     356.142           0       12142           0
177          27     327.169      355.27           0     15619.2           0
177          28      327.69     354.424           0     9982.95           0
177          29      328.26      353.61           0     10434.4           0
177          30     328.798     352.774           0     15136.9           0
177          31     329.354     351.951           0     12607.1           0
177          32     329.971     351.172           0     10342.4           0
177          33     330.669     350.465           0     7020.58           0
177          34     331.312     349.707           0       11751           0
177          35     331.772     348.826           0     17909.9           0
177          36     332.105      347.89           0     24269.7           0
177          37      332.51     346.982           0       10961           0
177          38     333.046     346.146           0     8213.08           0
177          39     333.493     345.259           0     5842.13           0
177          40     333.806     344.315           0     11766.4           0
177          41     334.138     343.379           0     18831.9           0
177          42     334.617     342.508           0       15190           0
177          43     335.214     341.713           0     21460.4           0
177          44     335.772     340.891           0     28173.2           0
177          45     336.278     340.036           0     23402.7           0
177          46     336.743     339.158           0     19261.6           0
177          47     337.195     338.273           0     16647.2           0
177          48     337.624     337.376           0     8382.01           0
177          49      338.08     336.493           0     12464.8           0
177          50     338.587     335.638           0     6109.87           0
177          51      339.14     334.813           0     9930.98           0
177          52     339.633      333.95           0     6031.62           0
177          53     339.971     333.016           0     7184.14           0
177          54     340.269     332.068           0      7508.4           0
177          55     340.638     331.145           0      5927.4           0
177          56     341.072     330.251           0     13953.4           0
177          57     341.544     329.376           0     11326.8           0
177          58      342.01     328.499           0     23820.6           0
177          59     342.434       327.6           0       11654           0
177          60     342.788     326.671           0     16675.6           0
177          61     343.073     325.719           0     19538.4           0
177          62     343.389     324.777           0     13878.2           0
177          63     343.813     323.878           0     25401.1           0
177          64     344.275     322.998           0     20560.4           0
177          65      344.69     322.095           0     13090.5           0
177          66     344.974     321.143           0     17832.5           0
177          67     345.159     320.167           0     11849.3           0
177          68     345.355     319.192           0     5995.74           0
177          69     345.633     318.238           0       11767           0
177          70     345.849     317.268           0     20851.7           0
177          71     345.968     316.282           0     29985.5           0
177          72     346.035      315.29           0     32760.7           0
177          73      346.11     314.299           0     23530.2           0
#1
178           0     127.969     295.946           0           0           0
178           1     127.463     296.804           0     4519.56           0
178           2     126.968     297.667           0     12294.6           0
178           3     126.508      298.55           0     5978.83           0
178           4     126.066     299.441           0     11707.4           0
178           5     125.637     300.339           0     8193.93           0
178           6     125.253     301.257           0     11178.9           0
178           7      124.93     302.198           0     14575.9           0
178           8     124.615     303.143           0     7654.71           0
178           9     124.236     304.063           0     8529.49           0
178          10     123.799     304.957           0     11931.8           0
178          11     123.336     305.838           0     6485.71           0
178          12     122.876     306.721           0     9711.09           0
178          13     122.456     307.623           0      8407.2           0
178          14     122.144     308.568           0     13671.5           0
178          15     121.944     309.543           0     13686.4           0
178          16     121.752     310.519           0       10319           0
178          17     121.493      311.48           0     6902.19           0
178          18     121.242     312.444           0     11007.3           0
178          19     121.063     313.422           0       14640           0
178          20     120.869     314.399           0     16503.7           0
178          21     120.555     315.343           0     10062.2           0
178          22     120.145      316.25           0     15963.4           0
178          23      119.72      317.15           0     11827.1           0
178          24     119.346     318.072           0     8458.88           0
178          25     119.039     319.019           0     19154.7           0
178          26     118.706     319.957           0     13404.9           0
178          27     118.324     320.876           0     9590.34           0
178          28     117.997     321.816           0       13138           0
178          29     117.726     322.773           0     6726.34           0
178          30     117.454     323.731           0     4266.43           0
178          31     117.174     324.686           0     13030.7           0
178          32     116.862     325.631           0     16932.5           0
178          33     116.533      326.57           0     7554.39           0
178          34     116.252     327.525           0     9623.28           0
178          35     116.038     328.497           0     16174.3           0
178          36     115.814     329.467           0     14228.3           0
178          37     115.528      330.42           0     7188.31           0
178          38     115.228     331.369           0     10203.3           0
178          39     114.993     332.336           0     13258.4           0
178          40     114.796     333.311           0     8368.52           0
178          41     114.573     334.281           0     4395.54           0
178          42     114.326     335.246           0     6339.64           0
178          43     114.109     336.217           0     13249.9           0
178          44     113.887     337.187           0     14362.2           0
178          45     113.603     338.141           0     8115.85           0
178          46     113.273      339.08           0     13042.1           0
178          47     113.053      340.05           0     13832.4           0
178          48     112.918     341.036           0     11024.2           0
178          49     112.711      342.01           0     11928.1           0
178          50      112.38     342.949           0     7314.94           0
178          51     112.063     343.892           0     14321.2           0
178          52      111.72     344.826           0     10076.8           0
178          53     111.318     345.736           0     7809.39     131.883
178          54     110.899     346.639           0     9708.52     1865.62
178          55     110.533     347.565           0     4968.61     618.672
178          56     110.273     348.525           0     8599.36           0
178          57     110.077     349.501           0     14444.4           0
178          58     109.827     350.465           0     14729.2           0
178          59     109.405     351.366           0     9581.48           0
178          60     108.802     352.157           0     16855.7     16.2161
178          61     108.176     352.931           0     20886.4     4501.98
178          62     107.746     353.828           0       22839     2500.89
#1
179           0     254.985     444.636           0           0           0
179           1     255.886      444.34           0     9049.27           0
179           2     256.809     444.124           0     12169.7           0
179           3     257.744     443.967           0     13158.3           0
179           4     258.664     443.733           0     10243.3           0
179           5     259.522     443.331           0     7175.39           0
179           6     260.296     442.782           0     7781.17           0
179           7      261.03     442.181           0           0           0
#1
180           0     189.397     90.2364           0     1848.73     1025.45
180           1     189.739     91.1869           0     15405.5     2009.56
180           2     190.075     92.1397           0       22617     3248.25
180           3       190.4     93.0963           0     9399.95     2816.17
180           4      190.73      94.051           0     12090.4     2788.16
180           5     190.952     95.0365           0     13499.5      623.25
180           6     191.125     96.0318           0       13495           0
180           7     191.379     97.0096           0     7021.31     16.2412
180           8     191.734     97.9554           0       11484           0
180           9     192.047     98.9161           0     9613.07           0
180          10     192.316     99.8896           0     6173.46           0
180          11     192.618     100.854           0     8577.59           0
180          12     192.873     101.831           0     18111.9           0
180          13      193.08      102.82           0     18470.6           0
180          14     193.316     103.802           0     10380.3           0
180          15     193.625     104.764           0     10681.9           0
180          16     193.881     105.741           0       16391           0
180          17     194.067     106.734           0     16439.3           0
180          18     194.285     107.721           0     11218.8           0
180          19     194.587     108.685           0       10434           0
180          20     194.839     109.663           0     19137.8           0
180          21     194.967     110.665           0     22752.7           0
180          22     195.017     111.674           0     25006.9           0
180          23     195.072     112.683           0       21102           0
180          24     195.184     113.687           0     16823.7           0
180          25     195.315     114.689           0     7203.08           0
180          26     195.284     115.698           0     7895.31           0
180          27     195.174     116.703           0     14335.4           0
180          28     195.078     117.708           0     24075.8           0
180          29     194.984     118.714           0     27010.1           0
180          30     194.773     119.702           0     21962.3           0
180          31     194.411     120.646           0     9973.01           0
180          32     193.973     121.555           0     16045.1           0
180          33     193.572     122.483           0     8126.83     83.6101
180          34     193.363     123.471           0     9449.17     3464.02
180          35     193.498     124.472           0     8450.25     3793.77
180          36     193.746     125.451           0     7485.75     4736.63
#1
181           0     127.961      469.89           0           0           0
181           1     128.776     469.398           0     6450.08           0
181           2     129.608     468.936           0     11587.7           0
181           3     130.476     468.544           0     6783.74           0
181           4     131.372     468.224           0     13425.7           0
181           5     132.279     467.935           0       18555           0
181           6     133.167     467.591           0       10703           0
181           7     134.022     467.173           0           0           0
#1
182           0     98.8145     138.236           0     42096.3           0
182           1     99.0832     139.189           0     45394.8           0
182           2     99.3829     140.134           0       23755           0
182           3     99.7873     141.039           0     27779.3           0
182           4     100.224     141.928           0     25557.9           0
182           5     100.655     142.821           0     18018.3           0
182           6     101.098     143.706           0       29735           0
182           7     101.549     144.589           0     22880.9           0
182           8     102.006     145.468           0     47377.6           0
182           9     102.477      146.34           0     19962.6           0
182          10     102.972     147.198           0     29053.9           0
182          11     103.388     148.097           0     28633.7           0
182          12     103.206     149.071           0     18282.1     517.516
182          13     103.054     150.051           0     20263.2           0
182          14     102.991     151.039           0     14973.8           0
182          15     102.973      152.03           0     14295.7           0
182          16     102.958     153.021           0     15129.2           0
182          17     102.933     154.012           0           0           0
#1
183           0     103.628     147.802           0     26865.5           0
183           1     104.531     148.188           0     21270.7     3220.09
183           2     105.448      148.54           0     10652.2     1015.46
183           3     106.342     148.947           0     19668.4           0
183           4     107.199     149.428           0     8815.97           0
183           5     108.041     149.933           0           0           0
#1
184           0       299.7     358.569           0     11526.5     2515.19
184           1     299.922     359.536           0     23459.3           0
184           2     300.153     360.501           0     19207.9           0
184           3     300.428     361.454           0     11199.3           0
184           4     300.722     362.401           0     18505.9           0
184           5     301.015     363.349           0       37389           0
184           6     301.366     364.277           0     26548.5           0
184           7     301.752     365.191           0     35832.3           0
184           8     301.993     366.153           0     48100.2           0
184           9      302.13     367.136           0     35351.9           0
184          10     302.354     368.102           0     22084.6           0
184          11     302.689     369.036           0     27200.4           0
184          12     302.908     370.004           0       43473           0
184          13     303.045     370.986           0     52238.2           0
184          14     303.296     371.946           0     31268.1           0
184          15     303.678     372.862           0     23095.3           0
184          16     304.119     373.751           0     36921.3           0
184          17      304.55     374.644           0     22259.5     2204.33
184          18     304.898     375.573           0     37560.9     4648.42
184          19     305.188     376.522           0     30941.2     3345.19
184          20     305.501     377.464           0       19247     1978.88
184          21     305.799      378.41           0     35219.4     5.56016
184          22     305.988     379.384           0     46276.6           0
184          23     306.153     380.362           0       37984           0
184          24     306.429     381.315           0     21329.5           0
184          25     306.765     382.248           0     28021.8           0
184          26     306.967      383.22           0     37920.3           0
184          27     307.021      384.21           0     36399.9           0
184          28     307.022     385.202           0     38878.3           0
184          29     306.999     386.194           0     35248.9           0
184          30     306.907     387.182           0     29385.1           0
184          31     306.665     388.144           0     20240.9     2476.31
184          32     306.262     389.051           0     21627.7     3451.89
184          33     305.814     389.936           0     29325.1     2937.53
184          34      305.39     390.833           0     23186.3     2776.31
184          35     305.079     391.775           0     42069.8     3300.97
184          36      304.81      392.73           0     38172.9     3951.69
#1
185           0     148.019     62.9521           0           0           0
185           1     148.727      63.666           0     4645.76           0
185           2     149.432     64.3836           0     7479.77           0
185           3     150.108     65.1291           0     19758.6           0
185           4     150.658      65.971           0     20199.4           0
185           5     150.955     66.9321           0     27962.9           0
185           6      151.03     67.9353           0     21857.8           0
185           7     151.107     68.9383           0     25354.3           0
185           8     151.325     69.9203           0     12658.4           0
185           9     151.662     70.8682           0     13280.5           0
185          10     151.979     71.8228           0     20571.8           0
185          11     152.288     72.7802           0     11626.7           0
185          12     152.662      73.714           0     11155.5           0
185          13     153.084     74.6272           0     17535.6           0
185          14     153.496     75.5448           0       11342           0
185          15     153.853     76.4855           0     23748.6           0
185          16      154.17       77.44           0       21340           0
185          17     154.511     78.3865           0     10873.5           0
185          18     154.915     79.3079           0     19803.5           0
185          19     155.347     80.2162           0     10312.8           0
185          20     155.778     81.1253           0     9167.45           0
185          21     156.263     82.0068           0     11052.8           0
185          22     156.851     82.8225           0     17927.8           0
185          23     157.461     83.6227           0     13651.4           0
185          24     158.008      84.467           0     26342.3           0
185          25     158.542     85.3196           0     11379.8           0
185          26     159.154     86.1177           0     18788.5           0
185          27     159.841     86.8527           0     16505.9           0
185          28      160.55     87.5661           0     8922.45      2081.3
185          29     161.259     88.2803           0     7858.06     6174.84
#1
186           0     231.645       286.5           0     4336.91     3336.97
186           1     232.266     287.355           0      7564.4     1125.78
186           2     232.852     288.234           0     10132.7           0
186           3     233.433     289.117           0     5110.56     72.7541
186           4      234.06     289.967           0     8607.44     207.455
186           5      234.76     290.759           0     7485.06           0
186           6     235.497     291.516           0     6004.89           0
186           7     236.244     292.263           0     6682.25           0
186           8      236.99     293.011           0           0           0
#1
187           0     268.838     464.494           0     7595.27           0
187           1     269.629     463.849           0     7581.23           0
187           2     270.201     463.004           0     8562.16           0
187           3     270.665     462.094           0     10034.8           0
187           4     271.161     461.202           0     18554.7     1125.36
187           5     271.722      460.35           0     11618.8     1399.04
187           6     272.326     459.527           0     10440.3           0
187           7     272.875     458.667           0     18952.2           0
187           8     273.426     457.807           0     12053.5           0
187           9     274.027     456.983           0       26778     788.989
187          10      274.63      456.16           0     19124.1      4412.8
187          11     275.158     455.286           0       23472     4024.91
187          12     275.609      454.37           0       12772     3702.66
187          13     276.051     453.451           0     20789.9     728.403
187          14      276.49     452.529           0     10613.4           0
187          15     276.946     451.616           0     19896.7           0
187          16     277.472     450.741           0       10347           0
187          17     278.095     449.933           0     18729.8           0
187          18     278.795      449.19           0     15982.1           0
187          19     279.519      448.47           0     9882.53           0
187          20     280.244     447.752           0     10242.7           0
187          21     280.968     447.032           0     12280.1           0
187          22     281.691     446.312           0     1264.51     1010.38
#1
188           0     160.697     455.964           0           0           0
188           1     160.374     457.019           0     7316.22     1239.35
188           2     160.123     458.092           0     9435.71     2016.35
188           3     159.857     459.163           0     12370.4      2962.8
188           4     159.353     460.143           0     10806.6     2018.43
#1
189           0     63.9921     335.003           0     13.4947     25.3368
189           1     63.9952     336.001           0     4106.37     9.61906
189           2     63.9979     336.998           0     4178.03     5.98496
189           3     63.9998     337.996           0      6630.4    0.543942
189           4     64.0013     338.993           0     3355.31           0
189           5     64.0014     339.991           0     4421.72           0
189           6      64.001     340.989           0     8366.87           0
189           7     64.0001     341.986           0     8908.95           0
189           8     63.9962     342.984           0     10648.2     5.83279
189           9     63.9877     343.981           0     10627.6     21.7629
189          10     63.9766     344.979           0     224.602     48.6147
#1
190           0     251.984     262.809           0           0           0
190           1      252.99     262.904           0     14950.8           0
190           2     253.998     262.976           0     16229.2           0
190           3     255.009     262.999           0     17810.3           0
190           4      256.02     263.004           0     17173.4           0
190           5      257.03     263.025           0     11376.7           0
190           6     258.041     263.042           0           0           0
#1
191           0     294.984     590.896           0     27427.1       11669
191           1     294.473     591.761           0     12418.5     5570.13
191           2     294.109     592.698           0     14449.4     1543.83
191           3     293.975     593.694           0     12787.4     1850.93
191           4     293.959     594.698           0     11094.5     1882.69
191           5     293.971     595.703           0     16803.5     1642.26
191           6     293.988     596.708           0     22106.2     1594.03
191           7     293.998     597.713           0     22552.6      1741.4
191           8     294.004     598.717           0     25177.4      2145.5
191           9     294.012     599.722           0     17294.2      2132.8
#1
192           0     203.954     158.949           0           0           0
192           1     203.984     159.969           0     6324.64           0
192           2     204.007      160.99           0     4793.56           0
192           3     204.019      162.01           0     11094.8           0
192           4     204.006     163.031           0     22366.5     2146.82
192           5     203.916     164.047           0     28056.8     3055.86
192           6     203.693     165.043           0     22797.5     3085.08
#1
193           0     222.085     446.685           0     50212.5     4886.93
193           1     221.999     447.735           0     39695.4           0
193           2     221.997     448.789           0     24652.8           0
193           3     222.002     449.842           0     19821.8           0
193           4     222.035     450.896           0     16465.6      1392.4
193           5     222.141     451.944           0     17501.2           0
193           6     222.306     452.985           0     220.457           0
#1
194           0     368.958     383.108           0           0           0
194           1     369.897     382.849           0     3552.67           0
194           2     370.842     382.613           0     3921.39           0
194           3      371.81     382.502           0       15647           0
194           4     372.747     382.764           0     21926.8           0
194           5     373.416     383.472           0       10795           0
194           6     374.005     384.248           0     22003.9           0
#1
195           0     166.423      102.29           0     19611.4     8716.96
195           1       167.4     102.153           0     18624.6           0
195           2     168.383     102.238           0     12589.5           0
195           3     169.322     102.543           0     6376.38           0
195           4     170.185     103.021           0     7324.35           0
195           5     171.015     103.554           0           0           0
#1
196           0     145.058     503.582           0     24149.3      885.58
196           1     145.896     504.156           0     23739.5     3512.25
196           2     146.701     504.774           0     16073.2     8239.25
196           3     147.451     505.458           0     11603.4     8456.48
196           4     148.126     506.217           0     13313.5     5623.79
196           5     148.693     507.059           0     13977.5     2361.14
196           6     149.197      507.94           0     21309.1     120.166
196           7     149.628     508.859           0     14465.4           0
196           8     149.957     509.819           0     24448.6     25.6869
196           9     150.268     510.785           0     17209.7     3284.72
196          10     150.654     511.724           0     11510.5     3455.64
196          11     151.089     512.642           0     16254.7     3236.08
196          12     151.521      513.56           0     7373.29     2934.59
196          13     151.954     514.478           0     14544.1     2000.04
196          14     152.393     515.394           0     7892.12      1291.9
196          15     152.816     516.316           0     9396.58     2195.77
196          16     153.204     517.254           0     9693.23     1048.62
196          17     153.545     518.211           0     800.371     238.982
196          18     153.863     519.175           0     7338.14           0
196          19     154.249     520.113           0     10854.1           0
196          20     154.655     521.043           0     9082.96           0
196          21     154.941     522.017           0     15647.3           0
196          22     155.113     523.018           0     9198.25           0
196          23     155.312     524.013           0     9373.99     1244.05
196          24     155.628     524.978           0     7791.06     98.5423
196          25      155.94     525.944           0     16699.3     452.527
196          26     156.281       526.9           0     12079.6     930.361
196          27     156.646     527.848           0     899.419     603.467
#1
197           0     157.594     475.467           0     2662.09     1664.04
197           1     158.425     475.891           0     10151.7     3744.55
197           2      159.26     476.309           0     8451.34     7875.84
197           3     160.106     476.704           0     13068.7     4478.97
197           4     160.956      477.09           0     26037.6        5396
197           5     161.843     477.381           0     13370.3     8551.75
#1
198           0     240.663     186.448           0     3573.53     2749.76
198           1     241.232     187.309           0     7615.38      983.19
198           2     241.763     188.194           0     13693.2     1020.23
198           3     242.275     189.091           0     14081.4     811.078
198           4     242.769     189.997           0     16820.3     520.165
198           5     243.251     190.909           0     14838.9     165.742
198           6     243.698     191.839           0     10905.4           0
198           7     244.061     192.806           0     11517.6           0
198           8     244.336       193.8           0     4957.92           0
198           9      244.59     194.801           0     5009.84           0
198          10     244.794     195.812           0     11426.7           0
198          11     244.975     196.828           0     19484.2           0
198          12     245.234     197.827           0     17844.7           0
198          13     245.591     198.795           0     13719.3    0.866291
198          14     245.885     199.785           0       22636           0
198          15     246.152     200.782           0     27595.8       10045
#1
199           0     74.6659     387.063           0     18699.3           0
199           1     74.9567     387.996           0     33461.7           0
199           2     75.2865     388.916           0     23503.1           0
199           3     75.6803      389.81           0     9111.11           0
199           4     76.0951     390.695           0     11015.3           0
199           5     76.5057     391.582           0     5516.78           0
199           6     76.9236     392.465           0     12729.1           0
199           7     77.3571     393.341           0     10026.2           0
199           8     77.7956     394.214           0     17614.3           0
199           9     78.2511     395.078           0       18775           0
199          10     78.7015     395.946           0       16482           0
199          11     79.1498     396.814           0     24092.8           0
199          12     79.5633     397.699           0     15754.2           0
199          13     79.8958     398.618           0     27778.6           0
199          14     80.1914      399.55           0       24222           0
199          15      80.503     400.476           0     13969.8           0
199          16     80.7857     401.411           0     20026.2           0
199          17     80.9548     402.374           0     24512.8           0
199          18     81.1174     403.337           0     26105.6     44.3703
199          19     81.4225     404.265           0     15949.6     2153.93
199          20     81.8741     405.132           0       28604     1847.29
#1
200           0     148.153     213.956           0           0           0
200           1     148.615     214.833           0     14558.4           0
200           2     148.992      215.75           0     23700.6           0
200           3     149.279     216.699           0       13123           0
200           4     149.581     217.643           0     10620.5           0
200           5     149.849     218.598           0     20380.8           0
200           6     150.057     219.567           0     23128.6           0
200           7     150.266     220.536           0     13052.4     34.2107
200           8     150.537      221.49           0     6039.42           0
200           9      150.84     222.434           0     10447.2           0
200          10      151.14     223.379           0     10331.8           0
200          11     151.441     224.323           0     6596.06           0
200          12     151.726     225.273           0     16336.1           0
200          13     151.959     226.237           0     28186.9     1257.28
200          14       152.2     227.198           0     27888.6     1221.16
200          15     152.427     228.163           0     28435.9           0
200          16     152.468     229.154           0     14330.3           0
200          17      152.76     230.101           0     21235.7     2689.88
200          18     152.976     231.069           0     18553.3      3422.6
200          19     153.126     232.049           0     17766.8     3088.12
200          20     153.354     233.014           0     9463.04     1812.99
200          21     153.684     233.948           0     13722.6           0
200          22     153.971     234.897           0     17182.5           0
200          23     154.267     235.843           0     14115.3           0
200          24     154.658     236.754           0     8477.49           0
200          25     155.123      237.63           0     10127.7           0
200          26     155.645     238.473           0     5290.26           0
200          27     156.241     239.265           0     6163.97           0
200          28     156.874     240.028           0           0           0
#1
201           0     205.007     147.969           0           0           0
201           1     205.693     148.666           0     8980.97           0
201           2     206.378     149.362           0     10844.4           0
201           3     207.046     150.076           0     20148.9           0
201           4     207.649     150.845           0     11557.6           0
201           5     208.178     151.667           0       12662           0
201           6     208.687     152.502           0     7576.97           0
201           7     209.236     153.311           0     9487.17           0
201           8      209.75     154.142           0     12102.2           0
201           9     210.221     154.999           0     12754.8           0
201          10     210.672     155.865           0     15616.8     54.0225
201          11     211.131     156.729           0     22484.8     43.6893
201          12     211.589     157.592           0     14036.4           0
201          13     212.069     158.443           0     21225.7           0
201          14     212.572     159.282           0     6808.93           0
201          15     213.097     160.106           0     8658.51     2871.65
201          16     213.552     160.971           0     5234.68     5607.74
201          17     213.821     161.911           0     10045.3     2545.31
201          18     213.935     162.882           0     18711.8     528.664
201          19     213.871     163.857           0     24728.4     3681.35
201          20      213.45     164.739           0     27124.9     5416.33
#1
202           0     303.101      398.22           0       32076           0
202           1     303.045     399.234           0     36864.3           0
202           2     303.008      400.25           0     39844.2           0
202           3     302.865     401.255           0     36095.7           0
202           4     302.503     402.204           0     16276.5           0
202           5     301.928     403.042           0     23837.2           0
202           6     301.257     403.805           0     11182.9           0
202           7      300.62     404.596           0     6986.76           0
202           8      300.06     405.444           0     13052.7           0
202           9     299.502     406.293           0     7602.88           0
202          10     298.902     407.113           0       11846           0
202          11     298.322     407.947           0     10497.8           0
202          12     297.813     408.826           0     12524.9           0
202          13     297.419     409.762           0     7773.34           0
202          14     297.198     410.754           0     9387.55           0
202          15     297.075     411.762           0     16786.4     1.90802
202          16     296.903     412.764           0     23539.5     5681.98
202          17     296.545     413.715           0     30257.2     1011.15
#1
203           0      234.59     372.497           0        2667     1904.34
203           1     234.873     373.467           0      8068.6           0
203           2     235.167     374.433           0     7565.93      5.1416
203           3     235.481     375.393           0     4825.87     1.85874
203           4     235.774      376.36           0      8706.4           0
203           5     235.957     377.353           0     10003.1           0
203           6     236.025     378.361           0     8091.04           0
203           7     236.031     379.371           0     9452.74           0
203           8      236.03     380.381           0     13580.6           0
203           9     236.021     381.391           0     14208.3      192.61
203          10     235.998     382.401           0     11781.8      809.74
203          11     235.941      383.41           0     8522.23     1181.89
203          12     235.801      384.41           0     5680.75     1619.61
203          13     235.505     385.376           0     7330.41     2055.54
203          14     235.051     386.278           0       10300     112.201
#1
204           0     82.6015     260.029           0     187.586           0
204           1       82.79     261.023           0     8461.12           0
204           2     82.9181     262.026           0     6843.39           0
204           3     83.0055     263.034           0     7400.79           0
204           4     83.1374     264.037           0     8893.21           0
204           5     83.3711     265.021           0     4084.24           0
204           6     83.6724     265.987           0     9944.72           0
204           7     83.8921     266.974           0     16158.6           0
204           8     83.9919     267.981           0     20336.9           0
204           9     84.0115     268.992           0     17488.7           0
204          10     84.0044     270.003           0     14597.3           0
204          11     83.9919     271.015           0     11891.9           0
204          12     83.9781     272.026           0     7311.13           0
204          13     83.9642     273.038           0           0           0
#1
205           0     241.612      395.45           0     5899.23     4459.57
205           1     242.006     396.382           0     20407.6           0
205           2     242.496     397.267           0     8407.39           0
205           3     243.066     398.103           0     8598.78           0
205           4     243.649     398.929           0     6483.28           0
205           5     244.208     399.773           0     7509.88           0
205           6     244.744      400.63           0     4212.23           0
205           7     245.278     401.489           0      3418.1           0
205           8     245.806     402.352           0     5920.06           0
205           9     246.378     403.186           0     6248.01           0
205          10     247.016     403.971           0       15120           0
205          11     247.692     404.724           0     9168.95           0
205          12     248.341       405.5           0     7011.34           0
205          13     248.923     406.327           0     9719.88           0
205          14     249.485     407.168           0     4160.72           0
205          15     250.045      408.01           0           0           0
#1
206           0     268.106     291.007           0     13.5628           0
206           1     268.754     291.757           0     10953.5           0
206           2     269.358     292.543           0     10053.8           0
206           3     269.881     293.385           0     21333.4           0
206           4     270.425     294.214           0     14414.1           0
206           5     271.047     294.985           0     24782.1     700.776
206           6     271.711     295.721           0     12151.5     1112.86
206           7      272.31     296.511           0     9053.21     1356.99
206           8     272.696     297.424           0     11031.8     936.922
206           9     272.899     298.395           0     17766.8     1308.21
206          10     273.076      299.37           0     26012.9     3383.94
206          11     273.391      300.31           0     18078.6     846.277
206          12     273.815     301.206           0     28055.8     1.37822
206          13     274.279     302.082           0     24757.9           0
206          14     274.737     302.961           0     22060.4           0
206          15      275.19     303.843           0     25698.5           0
206          16     275.612      304.74           0     17917.4           0
206          17     275.944     305.674           0     27199.9           0
206          18     276.224     306.625           0     20444.3           0
206          19     276.528     307.568           0     10890.5           0
206          20     276.807      308.52           0     18701.4           0
206          21     276.942     309.502           0     25287.1           0
206          22      276.84     310.488           0       22913           0
206          23     276.529     311.429           0     8526.35           0
206          24     276.111     312.328           0           0           0
206          25     275.699     313.229           0     1627.34           0
206          26     275.344     314.155           0     16013.2     39.6144
206          27       275.1     315.116           0     26711.6     2773.11
206          28     274.917      316.09           0     30913.1     3250.01
206          29     274.655     317.046           0     15889.7     3713.07
206          30      274.28     317.964           0     11751.3     5241.42
206          31     273.821     318.842           0     16083.8     7541.82
206          32     273.253     319.655           0     12281.8     9088.59
206          33     272.548     320.352           0     11462.8     9295.66
206          34      271.72     320.896           0     16135.9     28.7704
#1
207           0     139.838     56.0242           0     392.826           0
207           1     140.834     55.8384           0     12417.5      4616.2
207           2     141.679     55.2794           0     8465.88     4813.42
207           3     142.354     54.5234           0     6353.58     4049.31
207           4     142.887     53.6621           0     8756.33     3347.08
207           5     143.352     52.7616           0     6598.08     2364.53
207           6     143.808     51.8567           0     13148.1     2985.08
207           7     144.317     50.9808           0     10578.4     1225.18
207           8     144.907     50.1566           0     12784.4           0
207           9     145.578     49.3975           0      5771.8           0
207          10     146.279     48.6662           0     4160.16           0
207          11     146.987     47.9409           0           0           0
#1
208           0     229.996         317           0           0           0
208           1     230.716     317.717           0       10276           0
208           2     231.438     318.433           0     10572.4           0
208           3      232.16     319.147           0     16234.7           0
208           4     232.874      319.87           0     12554.8           0
208           5      233.54     320.637           0     8830.59           0
208           6     234.084     321.495           0     11347.5           0
208           7     234.469     322.435           0     3129.51           0
208           8     234.733     323.416           0     4287.58     247.425
208           9     234.926     324.413           0     7951.37     1108.21
208          10      235.14     325.407           0     10127.5     2748.83
208          11      235.44     326.377           0     5983.96     2682.58
208          12     235.787     327.332           0     8262.18     27.6812
208          13     236.122     328.292           0     8445.33           0
208          14     236.464     329.248           0     4468.03           0
208          15      236.86     330.184           0     11806.5           0
208          16       237.3     331.099           0     8028.03           0
208          17     237.749     332.011           0     8028.63           0
208          18     238.209     332.916           0     9884.24           0
208          19     238.664     333.825           0     5036.18           0
208          20       239.1     334.742           0     7823.44           0
208          21     239.497     335.678           0     4195.73           0
208          22     239.843     336.633           0     8774.52           0
208          23     240.188     337.588           0     9157.23           0
208          24     240.567     338.531           0     5208.66           0
208          25     240.987     339.456           0      8664.3           0
208          26     241.429     340.371           0     3961.31           0
208          27      241.89     341.276           0     7395.57           0
208          28     242.392      342.16           0     4501.14           0
208          29      242.91     343.033           0           0           0
#1
209           0     190.959     247.063           0           0           0
209           1     191.487     247.894           0     3775.82           0
209           2     192.041     248.709           0     12570.3           0
209           3     192.624     249.502           0     5881.83           0
209           4     193.258     250.255           0     5880.37           0
209           5     193.898     251.004           0     5925.31           0
209           6     194.488     251.792           0     8240.58           0
209           7     195.035     252.611           0     22173.7           0
209           8     195.583     253.429           0     10133.9           0
209           9     196.184     254.208           0     11477.9           0
209          10     196.775     254.996           0     16072.6           0
209          11     197.317     255.818           0     8770.12           0
209          12     197.824     256.662           0     5522.51           0
209          13     198.352     257.493           0     4713.03           0
209          14     198.854      258.34           0      9156.4           0
209          15     199.334       259.2           0     7071.72           0
209          16     199.795      260.07           0     10390.5           0
209          17     200.248     260.944           0     8479.24           0
209          18     200.697      261.82           0     8975.25           0
209          19     201.149     262.694           0     10510.7           0
209          20     201.601     263.569           0     5984.03           0
209          21     202.067     264.437           0     8792.28           0
209          22     202.557     265.291           0     3683.99           0
209          23     203.086     266.121           0      8417.3           0
209          24     203.621     266.947           0     4041.48           0
209          25     204.137     267.786           0     7841.96     234.391
209          26     204.637     268.634           0     1300.05        1029
#1
210           0     154.281     116.113           0     22425.4     243.183
210           1     153.739     116.958           0       25588     2446.23
210           2     153.255     117.837           0     9825.43     2012.69
210           3     152.899     118.776           0     8289.79      466.25
210           4     152.576     119.726           0     4137.08           0
210           5     152.144     120.632           0     8024.25           0
210           6     151.647     121.504           0     7939.89           0
210           7     151.258      122.43           0     14726.8           0
210           8     151.048     123.411           0     21829.8           0
210           9     151.034     124.415           0       22358           0
210          10     151.183     125.407           0     15393.6           0
210          11     151.457     126.373           0     9558.98           0
210          12     151.767     127.328           0     15194.3     1070.77
210          13      151.98     128.309           0     17956.6     2228.07
210          14      152.14       129.3           0       14334     2785.55
210          15     152.361     130.279           0       15760     1674.37
210          16     152.668     131.234           0     20310.4           0
#1
211           0     252.574     416.505           0     7312.02      2262.5
211           1      252.59     417.506           0     10767.5      1597.9
211           2     252.171     418.414           0     15453.2     2584.17
211           3     251.672     419.282           0     12347.2     3268.64
211           4     251.193      420.16           0     16066.9     2411.06
211           5     250.726     421.045           0     13660.1     1136.57
211           6     250.261     421.931           0     16469.9           0
211           7     249.794     422.816           0     17279.3           0
211           8     249.383     423.728           0     10484.4           0
211           9     249.109     424.691           0     15012.6           0
211          10      249.05     425.689           0     14824.7           0
211          11     249.211     426.677           0     12350.8           0
211          12     249.556     427.616           0     9817.08     2.25418
211          13     249.971     428.527           0     21954.1           0
211          14     250.409     429.426           0     10838.6     1287.44
211          15     250.859      430.32           0     14258.8     4448.45
211          16     251.376     431.177           0     11605.8     1122.86
211          17     251.976     431.977           0     19430.9           0
211          18     252.611     432.751           0     1974.54     1387.73
#1
212           0     190.125     268.937           0           0           0
212           1     190.754     269.708           0     4987.52           0
212           2     191.351     270.503           0     5012.37           0
212           3     191.874     271.349           0     9721.02           0
212           4      192.34     272.227           0     6439.08           0
212           5     192.777      273.12           0     9776.82           0
212           6     193.232     274.004           0     11903.4           0
212           7     193.706     274.879           0     11551.2           0
212           8     194.173     275.757           0     12821.4           0
212           9     194.594     276.658           0     10757.1           0
212          10     194.911       277.6           0     17037.1           0
212          11     195.105     278.575           0     11980.9           0
212          12     195.294     279.552           0     7699.24           0
212          13     195.584     280.503           0     5122.49           0
212          14     195.968      281.42           0     8922.34           0
212          15      196.37     282.329           0     4733.38           0
212          16     196.731     283.256           0     7638.31           0
212          17     197.034     284.203           0     10485.2      1376.2
212          18     197.351     285.146           0     6843.66     1738.17
212          19     197.754     286.055           0     7196.76     2599.91
212          20     198.257     286.912           0     8110.66     3327.16
212          21     198.874     287.692           0     10487.1     3708.34
212          22     199.568     288.404           0     14308.9       130.6
#1
213           0     308.478     310.925           0     47602.4      1978.6
213           1     307.606     311.405           0     20738.2     3556.02
213           2     306.878     312.086           0     16796.7     3052.86
213           3     306.203     312.818           0        7669     2668.86
213           4     305.595     313.607           0     6784.58     2534.35
213           5     305.056     314.445           0     17604.1     2566.48
213           6     304.512     315.279           0     10243.9      1424.7
213           7     303.924     316.083           0     17779.1     1083.57
213           8     303.385     316.921           0     9422.76     414.898
213           9     303.009     317.843           0     14266.2     275.344
213          10     302.725     318.798           0     9239.76           0
213          11      302.44     319.752           0      4685.1      172.75
213          12     302.156     320.707           0     10143.3           0
213          13     301.845     321.653           0       12574           0
213          14     301.497     322.586           0     6459.89           0
213          15     301.157     323.523           0     9873.26           0
213          16     300.836     324.465           0     9480.63           0
213          17     300.505     325.405           0     6228.04           0
213          18     300.167     326.342           0     12720.4           0
213          19     299.857     327.288           0     11314.1           0
213          20      299.56     328.239           0     4899.03           0
213          21     299.252     329.186           0     4261.53           0
213          22     298.972     330.142           0     5294.37           0
213          23      298.69     331.097           0     4093.21           0
213          24     298.381     332.044           0     6785.37           0
213          25      298.08     332.994           0     16947.4           0
213          26     297.736     333.929           0     13332.2           0
213          27     297.356     334.849           0       10366           0
213          28     297.031     335.791           0     15739.7           0
213          29     296.776     336.754           0     11873.3           0
213          30     296.592     337.733           0     6665.33           0
213          31     296.619     338.728           0     8389.61     1165.85
213          32     296.671     339.723           0     2848.93     1718.08
#1
214           0       208.1     289.003           0     2.25544           0
214           1     208.589     289.851           0     4241.86           0
214           2     209.068     290.705           0      9170.2           0
214           3     209.499     291.584           0        6232           0
214           4     209.857     292.496           0     11278.6           0
214           5     210.166     293.425           0     9802.24           0
214           6     210.486     294.351           0     5415.15           0
214           7     210.863     295.254           0     9579.45           0
214           8     211.286     296.137           0        8442           0
214           9     211.693     297.028           0      5324.9           0
214          10     212.022      297.95           0     8123.42           0
214          11      212.31     298.886           0     4453.12           0
214          12     212.601     299.821           0     4343.45           0
214          13     212.871     300.762           0     7944.17           0
214          14     213.162     301.697           0     10197.2           0
214          15     213.492     302.619           0     6470.08           0
214          16     213.816     303.543           0     13218.5           0
214          17     214.143     304.466           0     14861.1           0
214          18     214.503     305.377           0     8004.53           0
214          19     214.918     306.264           0     14236.9           0
214          20     215.362     307.136           0     6794.43           0
214          21     215.816     308.004           0     13159.6     174.621
214          22     216.286     308.863           0     8484.61      163.37
214          23     216.732     309.735           0       796.6     608.727
#1
215           0     253.658     449.027           0      241.13     140.635
215           1     253.807     450.038           0     10953.3           0
215           2     253.904     451.056           0     10959.8           0
215           3     253.977     452.076           0     15735.8           0
215           4      254.14     453.086           0     13940.7           0
215           5     254.513     454.037           0     6251.16           0
215           6     255.123     454.858           0     13070.9      3316.8
215           7     255.757      455.66           0     4074.61     2638.51
#1
216           0      223.46     182.322           0     20153.8     1491.54
216           1     222.977     183.228           0     19364.9      459.47
216           2     222.419      184.09           0       10892           0
216           3     222.088     185.062           0     16998.5     138.616
216           4     221.895      186.07           0       18175           0
216           5     221.638     187.064           0     12228.4           0
216           6     221.286     188.028           0           0           0
#1
217           0     106.094     361.712           0     17414.1      3883.6
217           1     106.037     362.711           0     20078.4     5076.66
217           2     105.995     363.711           0     17042.5     5686.07
217           3     105.911     364.708           0     12193.4     4985.78
217           4     105.691     365.684           0     7362.42     3081.66
217           5     105.234     366.575           0     9318.45     2207.72
217           6     104.543     367.299           0     10729.5     737.936
217           7     103.731     367.883           0     23888.7     2727.92
217           8     102.924     368.475           0     26941.9     1045.18
#1
218           0     144.093     430.788           0     190.306     149.424
218           1     144.984     430.441           0     5297.85     2448.18
218           2     145.888     430.127           0     6573.53     3304.17
218           3     146.739     429.693           0     8132.77     3413.05
218           4     147.467     429.073           0     12240.1     4200.46
218           5     148.188     428.445           0     33074.7     4464.38
218           6     148.952     427.869           0     45541.3           0
#1
219           0     292.004     497.972           0           0           0
219           1      291.46     498.795           0     5125.33           0
219           2     290.917     499.619           0     10690.7           0
219           3     290.365     500.437           0      7435.2           0
219           4     289.783     501.233           0     11829.2           0
219           5     289.282     502.084           0     11764.1           0
219           6     289.025     503.036           0        9980           0
219           7     288.951      504.02           0     9848.41           0
219           8     288.944     505.007           0      9231.4           0
219           9     288.943     505.993           0        9081           0
219          10     288.929      506.98           0     179.653           0
#1
220           0     113.412     376.578           0     4616.78     2629.18
220           1     113.008     377.465           0     15200.3     3778.56
220           2     112.602     378.352           0     9435.08     443.259
220           3     112.272     379.269           0     13552.3     1282.93
220           4     112.092     380.227           0       16305     3693.92
220           5     111.964     381.194           0     21497.8     3810.21
220           6     111.705     382.133           0       20188     4290.18
220           7     111.277     383.009           0     20057.3     4684.83
220           8     110.865     383.893           0     33129.2     92.6584
#1
221           0     207.623     573.963           0     24816.1     6881.15
221           1     208.275     574.739           0     21380.2     1376.65
221           2     208.776      575.62           0     8586.18           0
221           3     209.314     576.478           0     7586.56           0
221           4     209.819     577.357           0     18222.3           0
221           5     210.315     578.241           0     16346.2           0
221           6     210.795     579.133           0     17508.1           0
221           7     211.311     580.006           0       17191           0
221           8     211.886      580.84           0     11102.8           0
221           9     212.485     581.658           0     5993.53           0
221          10     213.036     582.508           0     8636.61           0
221          11     213.566     583.372           0     4050.67     394.982
221          12     214.135     584.211           0     7515.36     3884.34
221          13     214.758      585.01           0     17209.5     434.779
221          14     215.601     585.573           0     9554.27     83.3037
#1
222           0     44.8634     350.551           0     5391.11     4218.17
222           1     45.3345     351.433           0     6329.12     2009.22
222           2     45.7514     352.342           0     11336.9           0
222           3     46.0983      353.28           0     13855.8           0
222           4     46.4304     354.224           0     7053.71           0
222           5     46.8291     355.141           0     16658.9           0
222           6      47.314     356.016           0     11891.5           0
222           7     47.8845     356.837           0       20778           0
222           8     48.4822     357.639           0     14387.3           0
222           9     49.0129     358.487           0     27582.8     273.013
222          10     49.4746     359.374           0     12604.9     2261.58
222          11     49.8833     360.287           0     17979.3     3671.62
222          12     50.1983     361.236           0     10045.1     3383.46
222          13     50.4572     362.202           0     4992.33     3816.75
#1
223           0     105.239     285.962           0           0           0
223           1     105.612     286.829           0     4911.61           0
223           2     105.935     287.717           0     7293.35           0
223           3     106.223     288.616           0     5228.39           0
223           4     106.533     289.508           0     3582.63           0
223           5      106.91     290.374           0     8239.81           0
223           6      107.36     291.203           0      5778.8           0
223           7     107.845     292.014           0           0           0
#1
224           0     294.046     278.937           0           0           0
224           1      294.75      279.67           0     2887.25           0
224           2     295.446     280.412           0     3704.59           0
224           3     296.109     281.183           0     7572.05           0
224           4     296.694     282.015           0     10650.6           0
224           5     297.224     282.883           0     11333.2           0
224           6     297.726     283.767           0     10934.6           0
224           7     298.202     284.666           0     9011.27           0
224           8      298.63     285.588           0     1910.61           0
224           9     299.051     286.514           0     2067.22           0
224          10     299.483     287.435           0     3959.52           0
224          11     299.923     288.352           0     13373.2           0
224          12     300.373     289.264           0     7872.74           0
224          13     300.831     290.171           0     16640.9           0
224          14     301.344      291.05           0     11895.3           0
224          15     301.908     291.896           0     15891.6           0
224          16     302.477     292.739           0     8060.24           0
224          17     302.992     293.615           0     20847.9           0
224          18     303.465     294.516           0     8752.37           0
224          19     303.925     295.423           0     10393.4           0
224          20     304.389     296.328           0     6402.78           0
224          21     304.866     297.226           0     7694.98           0
224          22     305.374     298.107           0     5439.24           0
224          23     305.896      298.98           0     20.5268     90.5063
#1
225           0     127.032     212.062           0           0           0
225           1     127.731     211.272           0     12596.4           0
225           2     128.389     210.446           0     12265.7     76.6887
225           3     128.973     209.567           0     25100.2     3637.29
225           4     129.622     208.736           0     9887.96     4426.89
225           5     130.434     208.062           0     18113.7     4475.01
225           6     131.341     207.523           0     10466.7     4874.33
225           7     132.332     207.158           0     14130.5      773.08
#1
226           0     265.125     502.785           0       18391     2131.38
226           1     265.863     502.197           0     20272.2     10648.9
226           2     266.671      501.71           0       14525     5396.89
226           3     267.491     501.243           0     5368.28     782.383
226           4     268.261     500.699           0     4273.35     16.5221
226           5     269.014      500.13           0           0           0
#1
227           0     243.703     548.592           0     17435.2      1259.5
227           1     242.771     549.122           0     21497.2     15.2843
227           2     242.126      549.98           0     13397.4     2582.34
227           3     241.786     550.997           0     5691.69     2369.79
227           4     241.539     552.042           0     5567.96     825.042
227           5     241.215     553.065           0           0           0
#1
228           0     105.991     101.409           0     3903.75     2763.08
228           1     106.676      102.09           0     8990.75     1076.97
228           2     107.349     102.782           0     3685.97     2122.33
228           3     107.925     103.558           0     10706.7       578.6
228           4      108.41     104.393           0     8395.55           0
228           5     108.811     105.271           0     15837.6           0
228           6     109.138      106.18           0     13983.5           0
228           7     109.449     107.094           0     7071.33           0
228           8     109.815     107.988           0     31.1106           0
#1
229           0     66.6401     393.427           0     2843.92     2275.23
229           1     67.1682     394.249           0     7190.68     1709.69
229           2     67.6633     395.091           0     11472.6     2064.07
229           3     68.1594     395.933           0     21622.6     2874.68
229           4     68.6341     396.787           0     12501.2     1288.12
229           5     69.0932      397.65           0     19050.7     1354.47
229           6     69.5398     398.519           0     12315.7        1916
229           7     69.9849     399.388           0       24455     1298.43
229           8     70.3962     400.275           0     11452.7     2013.32
229           9     70.7105       401.2           0     15026.7     1899.55
229          10     70.8423     402.168           0       18624     2304.97
229          11     70.9368     403.141           0     20043.2           0
[128.143, 393.452, 0]
[155.452, 380.056, 0]
[175.229, 373.841, 0]
[50.3283, 332.127, 0]
[56.0426, 348.876, 0]
[133.083, 403.563, 0]
[119.883, 100.611, 0]
[286.678, 589.272, 0]
[294.239, 586.05, 0]
[214.929, 475.411, 0]
[223.596, 468.541, 0]
[233.872, 459.653, 0]
[258.546, 458.565, 0]
[82.1198, 407.133, 0]
[89.6783, 412.486, 0]
[243.703, 548.592, 0]
[235.232, 524.71, 0]
[247.065, 206.531, 0]
[260, 206, 0]
[215.601, 585.573, 0]
[265.125, 502.785, 0]
[279.395, 513.166, 0]
[307.432, 526.534, 0]
[278.255, 423.005, 0]
[287.396, 417.497, 0]
[296.545, 413.715, 0]
[307.319, 413.362, 0]
[305.448, 427.126, 0]
[301.87, 436.652, 0]
[294.984, 590.896, 0]
[349.679, 505.795, 0]
[356.003, 457.462, 0]
[308.335, 514.549, 0]
[283.324, 475.62, 0]
[301.153, 543.465, 0]
[131.657, 244.733, 0]
[124.26, 224.658, 0]
[68.4378, 332.353, 0]
[223.955, 482.91, 0]
[243.547, 496.004, 0]
[155.808, 350.361, 0]
[55.5629, 428.04, 0]
[77.3412, 438.554, 0]
[180.144, 479.968, 0]
[187.653, 480.766, 0]
[152.019, 452.766, 0]
[225.043, 198.235, 0]
[251.532, 223.357, 0]
[203.845, 391.944, 0]
[224.667, 423.824, 0]
[234.608, 434.14, 0]
[241.278, 446.841, 0]
[217.917, 166.693, 0]
[216.724, 383.114, 0]
[222.352, 376.1, 0]
[226.285, 365.793, 0]
[70.9368, 403.141, 0]
[113.45, 171.245, 0]
[145.365, 497.191, 0]
[269.341, 434.599, 0]
[283.471, 435.319, 0]
[226.037, 290.133, 0]
[245.39, 278.665, 0]
[271.852, 321.882, 0]
[149.255, 428.003, 0]
[162.704, 203.867, 0]
[160.556, 189.784, 0]
[182.812, 170.493, 0]
[215.133, 189.469, 0]
[93.0586, 234.538, 0]
[113.011, 182.18, 0]
[195.763, 477.826, 0]
[267.958, 216.298, 0]
[291.049, 243.416, 0]
[316.978, 280.715, 0]
[316.248, 288.629, 0]
[220.18, 358.628, 0]
[217.369, 347.544, 0]
[178.828, 188.418, 0]
[257.294, 382.208, 0]
[266.914, 371.695, 0]
[279.255, 358.356, 0]
[292.131, 432.569, 0]
[147.133, 204.741, 0]
[154.525, 202.74, 0]
[160.863, 53.7107, 0]
[322.438, 449.882, 0]
[345.472, 435.946, 0]
[346.722, 430.43, 0]
[222.085, 446.685, 0]
[291.451, 264.18, 0]
[289.082, 380.401, 0]
[294.999, 379.684, 0]
[157.498, 434.605, 0]
[108.668, 130.264, 0]
[114.126, 125.082, 0]
[119.391, 149.779, 0]
[189.731, 133.748, 0]
[268.838, 464.494, 0]
[107.746, 353.828, 0]
[230.363, 257.427, 0]
[159.468, 460.81, 0]
[161.768, 465.639, 0]
[169.205, 468.85, 0]
[374.005, 384.248, 0]
[84.6138, 459.124, 0]
[99.8189, 401.58, 0]
[103.906, 404.915, 0]
[288.66, 452.935, 0]
[215.325, 271.602, 0]
[287.774, 360.808, 0]
[284.782, 336.502, 0]
[235.051, 386.278, 0]
[256.49, 388.205, 0]
[152.668, 131.234, 0]
[161.351, 124.407, 0]
[164.846, 114.069, 0]
[234.055, 346.061, 0]
[250.726, 432.747, 0]
[152.355, 228.24, 0]
[78.8965, 296.921, 0]
[135.232, 216.446, 0]
[195.977, 298.773, 0]
[199.568, 288.404, 0]
[162.417, 477.143, 0]
[157.556, 483.96, 0]
[213.45, 164.739, 0]
[302.93, 392.871, 0]
[146.257, 164.175, 0]
[223.46, 182.322, 0]
[260.314, 365.724, 0]
[225.354, 443.197, 0]
[267.855, 409.936, 0]
[274.601, 410.468, 0]
[280.56, 405.431, 0]
[263.514, 428.757, 0]
[87.3867, 173.629, 0]
[76.248, 221.262, 0]
[116.33, 396.287, 0]
[265.283, 325.505, 0]
[207.623, 573.963, 0]
[139.892, 56.3581, 0]
[333.626, 468.024, 0]
[147.415, 468.18, 0]
[131.878, 198.17, 0]
[166.464, 165.294, 0]
[207.418, 483.47, 0]
[166.656, 85.351, 0]
[145.058, 503.582, 0]
[197.944, 469.697, 0]
[106.113, 395.461, 0]
[164.361, 156.879, 0]
[107.672, 120.738, 0]
[166.423, 102.29, 0]
[154.281, 116.113, 0]
[319.091, 366.048, 0]
[308.478, 310.925, 0]
[260.419, 213.799, 0]
[316.471, 426.998, 0]
[103.223, 369.084, 0]
[110.797, 384.952, 0]
[94.882, 274.876, 0]
[103.628, 147.802, 0]
[203.693, 165.043, 0]
[132.332, 207.158, 0]
[252.574, 416.505, 0]
