image	C:/Users/diogo/OneDrive - Universidade de Lisboa/Ambiente de Trabalho/WORK/202402 - Paper SOTA/figs/fig2_new/tophat.png
intensity-scaling	0
gaussian-std	0
ridge-threshold	0.005
maximum-foreground	255
minimum-foreground	2
init-z	false
snake-point-spacing	1
minimum-snake-length	20
maximum-iterations	10000
change-threshold	0.1
check-period	100
alpha	0.01
beta	0.1
gamma	4
external-factor	1
stretch-factor	0.2
number-of-background-radial-sectors	8
background-z-xy-ratio	2.88
radial-near	4
radial-far	8
delta	4
overlap-threshold	1
grouping-distance-threshold	4
grouping-delta	8
minimum-angle-for-soac-linking	2.1
damp-z	false

s           p           x           y           z      fg_int      bg_int
#1
0           0     182.815     225.564           0      99.134     62.1962
0           1     183.609     224.951           0     111.475     55.9189
0           2     184.406     224.341           0     105.564     51.3147
0           3     185.202      223.73           0     96.4156     47.3297
0           4     185.999     223.121           0     85.7624     45.0114
0           5     186.794      222.51           0     74.9586     45.1829
0           6     187.579     221.886           0     71.1481     44.6455
0           7     188.345     221.237           0     68.4378     44.7556
0           8      189.09     220.565           0     70.7381     44.7189
0           9     189.829     219.887           0      74.895     42.9823
0          10     190.576     219.217           0     78.8565     40.5487
0          11     191.332     218.558           0     83.2156     38.5604
0          12     192.101     217.913           0     90.4856     36.4277
0          13     192.881     217.283           0     94.5001     35.1149
0          14     193.672     216.666           0     98.9197     33.6451
0          15     194.464     216.049           0     106.285     32.6343
0          16     195.234     215.407           0     111.873     33.1162
0          17     195.969     214.724           0     118.698     34.9274
0          18     196.664     214.001           0     121.653     37.5813
0          19     197.336     213.255           0     123.474     41.1421
0          20     198.002     212.505           0     126.482     44.1284
0          21      198.69     211.775           0     126.542     46.3795
0          22     199.428     211.096           0     129.602     46.2688
0          23     200.262     210.538           0     133.021     38.1499
0          24     201.223      210.25           0     134.139     27.8344
0          25     202.219     210.368           0     124.567     32.2113
0          26     203.132     210.784           0     112.568     36.7872
0          27     203.972     211.333           0     107.371     34.2019
0          28     204.802     211.896           0     111.787     26.6885
0          29     205.676     212.389           0     118.131     21.7764
0          30     206.597     212.787           0     124.069     20.0134
0          31     207.546     213.111           0     126.168     18.7616
0          32     208.504     213.408           0     124.184     18.0368
0          33      209.45     213.743           0     124.088     15.9827
0          34     210.356     214.173           0     117.808     12.3463
0          35     211.207     214.705           0     101.479     11.0936
0          36     212.004     215.314           0     78.2585     13.2816
0          37     212.774     215.957           0     54.0893     15.7811
0          38     213.526     216.621           0     36.1552     18.5618
0          39     214.265       217.3           0     27.3269     25.8652
#1
1           0     210.737     213.529           0     111.181     23.4441
1           1     211.719     213.317           0     90.3049     22.8273
1           2     212.682      213.03           0     66.4548     26.1524
1           3     213.632     212.704           0     46.0889     25.1232
1           4      214.58     212.372           0     33.8312     20.9099
1           5     215.528     212.041           0      28.351     17.1223
1           6     216.472     211.698           0     24.3138     17.2068
1           7     217.408     211.333           0     22.7284     21.8735
1           8     218.338     210.952           0     23.2736     28.2943
1           9     219.271     210.579           0     24.4557     33.7943
1          10     220.214     210.233           0       27.61     36.8209
1          11     221.173     209.936           0     31.0556     39.3967
1          12     222.151     209.704           0     31.7482     42.3047
1          13      223.14      209.53           0     32.0659     44.2187
1          14     224.136     209.394           0     32.6878     44.0892
1          15     225.132      209.27           0     33.7863     43.0499
1          16     226.128     209.138           0     36.7989     40.4274
1          17     227.123     208.996           0       40.47     34.9389
1          18     228.118     208.857           0      44.149     25.2987
1          19     229.116     208.747           0     50.0839      15.036
1          20     230.119     208.694           0     57.4261     8.54864
1          21     231.124     208.706           0     65.9123      5.6917
1          22     232.127     208.765           0     72.4275     5.09306
1          23     233.129     208.833           0      76.953     7.19651
1          24     234.133     208.878           0     76.2278     11.4613
1          25     235.137     208.885           0     70.0003     13.1717
1          26     236.141     208.853           0     62.0223     10.4306
1          27     237.144     208.799           0     55.4474     6.44206
1          28     238.148     208.752           0     51.7508      3.8897
1          29     239.152     208.734           0     50.4657     2.52889
1          30     240.156     208.763           0     52.6032     2.50122
1          31     241.158     208.845           0     56.6052     3.55796
1          32     242.155     208.967           0     60.9599     6.62797
1          33     243.153     209.083           0     62.3587      12.732
1          34     244.154     209.165           0     62.2694     16.7251
1          35     245.157     209.222           0     63.3833     14.2374
1          36     246.159     209.287           0     63.5705     8.41892
1          37     247.161     209.364           0     62.1786     3.90825
1          38     248.162     209.447           0     59.6929     2.56083
1          39     249.162     209.547           0     57.2333     2.78614
1          40     250.157     209.685           0     56.4851     3.35748
1          41     251.145     209.863           0     58.4111     4.26558
1          42      252.13     210.063           0     60.9701     6.17322
1          43     253.117     210.251           0     63.2307     9.29276
1          44     254.111     210.396           0     65.4662     11.4351
1          45      255.11     210.499           0     69.2761     10.5811
1          46     256.111     210.579           0     71.4849     6.85566
1          47     257.115     210.624           0     70.3682     3.27166
1          48     258.119     210.639           0     65.5656     2.16441
1          49     259.124     210.646           0     56.8045     2.26908
1          50     260.128     210.675           0     44.9814     4.49258
1          51     261.131     210.732           0     35.0768     8.63138
1          52     262.131     210.827           0      30.542     12.6208
1          53     263.126     210.964           0     28.9319     14.6533
1          54     264.116     211.139           0     28.9529     14.4816
1          55     265.096     211.356           0     30.1638     13.4659
1          56     266.075     211.585           0     28.8943     14.8483
1          57     267.059     211.784           0     27.7714      20.897
1          58     268.054     211.921           0      28.006     32.3771
1          59     269.058      211.96           0      31.447     40.4312
1          60     270.063     211.983           0     40.7347      41.701
1          61     271.065     212.052           0      52.606     38.1919
1          62     272.059     212.194           0     62.9028     29.6085
#1
2           0     236.642     143.304           0     102.742     62.6568
2           1      237.02     144.227           0     98.6394     61.3435
2           2     237.577     145.054           0     84.2059     42.5434
2           3     238.208     145.827           0     66.6721     25.7105
2           4     238.829     146.608           0     51.3728     13.4742
2           5     239.476     147.367           0     41.2203     6.05144
2           6     240.099     148.146           0     35.7624     2.58274
2           7     240.702     148.941           0     32.0466     1.10478
2           8     241.293     149.745           0     29.2432    0.352856
2           9     241.877     150.553           0     30.1828    0.270674
2          10     242.461     151.361           0     32.3445    0.225258
2          11     243.051     152.166           0      36.854    0.238227
2          12     243.651     152.963           0      38.784    0.387532
2          13     244.259     153.754           0     40.3724    0.561598
2          14     244.864     154.547           0     40.4793    0.850763
2          15     245.461     155.346           0     38.1702     1.34217
2          16     246.056     156.147           0     39.4182     2.57949
2          17      246.66      156.94           0     47.3294     6.04814
2          18     247.288     157.715           0     66.7882     11.1705
2          19     247.916      158.49           0     89.2354     15.9934
2          20     248.492     159.305           0     96.5053     21.9881
2          21     248.964     160.184           0     91.2683     27.8152
2          22     249.354     161.102           0      75.894     27.9736
2          23     249.713     162.032           0     64.0782     24.0351
2          24     250.086     162.957           0      58.586     19.5329
2          25      250.49     163.869           0     51.5964     15.7066
2          26     250.939     164.761           0     53.7154     14.1367
2          27     251.421     165.634           0      58.727     15.7452
2          28     251.923     166.496           0     69.5801     20.5743
2          29     252.427     167.357           0     77.6847     30.0433
2          30     252.932     168.217           0     84.0762     40.0959
2          31     253.445     169.072           0      81.176     45.6102
2          32      253.97     169.921           0     76.2687     45.4446
2          33     254.489     170.772           0     70.4589     44.9758
2          34      254.98      171.64           0     74.6648     54.4633
2          35     255.397     172.547           0     90.8476       63.53
2          36     255.689     173.501           0     118.041     48.6234
2          37     255.873     174.481           0     140.891     45.6085
2          38     256.149      175.44           0     141.401     71.2193
2          39     256.695     176.274           0     112.783      60.514
2          40     257.381     176.998           0     83.4551     31.7477
2          41     258.082     177.708           0      71.569     19.4666
2          42     258.726      178.47           0     70.6345     16.2952
2          43      259.28       179.3           0     72.2603     14.9271
2          44     259.735     180.187           0     72.8195     13.2576
2          45     260.115      181.11           0     71.8217     11.5202
2          46     260.453     182.048           0     67.9141     9.46445
2          47     260.777     182.992           0     65.3483     7.69126
2          48     261.103     183.934           0     62.7382       6.861
2          49     261.432     184.876           0     59.4003      6.2887
2          50     261.779     185.811           0     56.1026     5.70903
2          51     262.144      186.74           0     52.2792     5.47974
2          52     262.515     187.666           0      48.326     4.91304
2          53      262.89      188.59           0     47.1039     4.49938
2          54     263.275      189.51           0     46.4617     4.06283
2          55     263.668     190.427           0     47.1447     3.86472
2          56     264.065     191.342           0     48.7637      3.7379
2          57     264.459     192.258           0     48.4987     3.29808
2          58     264.854     193.175           0     49.4333     3.32006
2          59     265.247     194.091           0      48.668     2.89044
2          60     265.639     195.009           0     45.5948     2.41558
2          61     266.035     195.924           0     42.1125     2.12728
2          62     266.438     196.837           0     39.1326     2.69952
2          63     266.846     197.747           0     40.6663     5.45208
2          64     267.253     198.657           0     47.0944     9.63879
2          65     267.634     199.579           0     57.8531     12.7061
2          66     267.972     200.518           0     69.9075     13.0268
2          67     268.267     201.471           0      74.796     13.3645
2          68     268.573      202.42           0     72.3327     16.4497
2          69     268.951     203.343           0      63.945     17.1018
2          70     269.403     204.233           0     50.3139     13.0578
2          71     269.898     205.099           0     40.7286       10.18
2          72     270.403     205.959           0     36.6621     9.89736
2          73     270.892     206.829           0     38.7942     11.3179
2          74     271.348     207.716           0     44.4754      14.829
2          75     271.757     208.626           0     51.7973     19.5653
2          76     272.128     209.551           0      58.232     22.4046
2          77     272.499     210.478           0     62.9059     23.3143
2          78     272.926     211.379           0     68.1079     24.7549
2          79     273.446      212.23           0     70.9504     28.9621
2          80     274.049     213.025           0     72.7822     32.8201
2          81     274.684     213.794           0     69.8346     31.3101
2          82     275.306     214.574           0     64.7191     26.8812
2          83     275.891     215.382           0     59.0589     22.6761
2          84     276.442     216.213           0     52.7433     18.5222
2          85     276.975     217.056           0     49.7176     14.7553
2          86     277.511     217.898           0     45.5845     12.2785
2          87     278.067     218.726           0      43.914     10.6833
2          88     278.655     219.532           0      40.811     10.2045
2          89     279.274     220.314           0     38.8908     10.4286
2          90     279.915     221.078           0     37.7382     12.2242
2          91      280.57     221.831           0     36.5225     15.6051
2          92     281.236     222.573           0     37.6078     19.9146
2          93     281.925     223.295           0     39.7649     24.2554
2          94     282.659      223.97           0     43.8667     27.6493
2          95     283.383     224.656           0     48.7732     29.4422
2          96     284.086     225.364           0     53.3183     29.6076
2          97     284.773     226.087           0      56.613     32.9863
#1
3           0     132.159     267.045           0     220.115     22.8627
3           1     132.486     266.099           0     207.941     24.4469
3           2      132.79     265.145           0     182.416     30.8151
3           3     133.129     264.204           0     152.602     43.1245
3           4     133.507     263.277           0     125.424     52.6918
3           5      133.88     262.349           0     110.996     56.5925
3           6     134.252      261.42           0     98.0739     55.8825
3           7     134.566      260.47           0     89.8336     54.4307
3           8     134.758     259.488           0     87.6587     51.8069
3           9     134.804     258.488           0     86.7948      57.862
3          10     134.758     257.488           0     86.8995      72.898
3          11     134.687      256.49           0     89.5672     85.2957
3          12     134.645      255.49           0      92.161     87.3875
3          13      134.68      254.49           0     93.0199     81.6012
3          14     134.831     253.501           0     92.4941     68.2348
3          15     135.115     252.542           0     89.2291     55.2933
3          16     135.531     251.631           0     83.2144     47.1683
3          17     136.062     250.783           0     79.0255     45.4512
3          18      136.68     249.997           0     77.6816     46.2766
3          19     137.367     249.269           0     81.9447     47.9903
3          20       138.1     248.588           0      90.925     50.7493
3          21     138.865     247.942           0     102.274     52.8851
3          22     139.657     247.331           0     105.301     56.8885
3          23     140.471     246.749           0     106.051     58.5817
3          24     141.301     246.191           0     102.515      59.235
3          25     142.135     245.638           0     94.1463     57.7144
3          26     142.974     245.092           0     88.3731     58.3215
3          27     143.818     244.554           0     81.4403     58.1073
3          28     144.671      244.03           0     83.6343     59.6191
3          29     145.532     243.522           0     85.6187     57.6678
3          30     146.395     243.014           0      96.922     55.9858
3          31     147.248     242.491           0      106.93     50.9574
3          32     148.078     241.932           0     131.884     45.9568
3          33      148.89     241.347           0     155.988     39.9072
3          34     149.693      240.75           0     174.958      33.062
3          35     150.523     240.191           0     175.668     28.1228
3          36     151.386     239.684           0     154.848      24.733
3          37     152.271     239.217           0     127.571     22.0591
3          38     153.151      238.74           0     114.784     19.2129
3          39         154     238.212           0     125.616     16.3556
3          40     154.802     237.613           0     154.616     14.0226
3          41     155.576     236.978           0     187.975     12.9416
3          42     156.348     236.342           0     188.896     14.4127
3          43     157.153     235.747           0     166.502     19.1573
3          44     158.007     235.226           0     117.947      29.123
3          45     158.901     234.777           0     86.7384     36.3753
3          46     159.811     234.361           0     74.4878     35.5719
3          47     160.721     233.944           0     73.3639     31.4809
3          48     161.624     233.513           0     72.7482     26.7055
3          49     162.526     233.079           0     75.9635      24.041
3          50     163.434      232.66           0     76.2714     24.3752
3          51     164.362     232.286           0      77.687     28.3302
3          52      165.32     231.995           0     80.0013     33.1057
3          53     166.308     231.837           0      75.435     38.6768
3          54     167.309      231.84           0     69.3096     46.9309
3          55     168.299     231.982           0     63.1189     53.9429
3          56     169.276     232.199           0     57.3063     54.2858
3          57     170.253     232.418           0     56.4222     48.8884
3          58     171.243     232.559           0     59.2394     40.0495
3          59     172.244     232.565           0     63.5453     32.7661
3          60     173.233     232.413           0     67.6869     30.5943
3          61     174.193     232.131           0     72.7313     30.2205
3          62     175.126     231.768           0     75.9692     27.8861
3          63     176.047     231.378           0     79.2184     25.3569
3          64     176.971     230.994           0     83.8052      22.263
3          65     177.918     230.669           0     80.0089      19.164
3          66     178.899     230.471           0     76.3983     18.3456
3          67     179.898     230.433           0     70.2332     24.3291
3          68     180.894     230.532           0     64.5779     42.9482
3          69     181.876     230.724           0     61.9124     58.7644
3          70     182.851      230.95           0     65.0525     58.5288
3          71     183.833     231.145           0     70.0735     48.8799
3          72     184.827     231.254           0     77.3038     38.4609
3          73     185.828      231.24           0     84.8256      32.042
3          74     186.818     231.095           0     91.6025     27.3947
3          75     187.788     230.849           0     93.6606     22.3474
3          76     188.742     230.547           0     92.0831     16.5907
3          77     189.685     230.212           0     87.9168     11.7484
3          78     190.623     229.863           0     77.2951     8.45604
3          79     191.566     229.529           0     62.3337     5.99042
3          80     192.511     229.199           0      51.895      5.1186
3          81     193.442     228.833           0     44.2723     6.09435
3          82      194.33     228.372           0     38.9278     9.96009
3          83      195.13     227.771           0     35.5405     18.2049
3          84     195.819     227.045           0     34.1888     27.8039
3          85     196.454     226.272           0     37.3928     33.5614
3          86     197.129     225.533           0      41.658     35.3723
3          87     197.897     224.892           0      45.842     36.3807
3          88     198.761     224.387           0     46.8122     37.1457
3          89     199.687     224.006           0     48.9508     37.1136
3          90     200.652     223.742           0     47.4743     34.2658
3          91     201.642     223.596           0     47.3281     31.5025
3          92     202.643     223.582           0     46.1333     30.3105
3          93     203.638     223.686           0      44.476     30.1443
3          94     204.624     223.856           0     44.3535      27.613
3          95     205.614     224.003           0     46.2152     19.4856
3          96     206.614     224.036           0     48.6537     10.8635
3          97     207.608     223.919           0     51.4356     8.21809
3          98     208.584     223.701           0     52.8524     8.00896
3          99     209.558     223.472           0     56.3534       9.425
3         100     210.545     223.304           0     59.5525     12.9915
3         101     211.543      223.23           0     60.5569     15.5897
3         102     212.544     223.224           0     58.1098     15.3842
3         103     213.544     223.216           0     53.4346       15.42
3         104     214.543     223.151           0     52.3032     16.0037
3         105     215.536     223.032           0     57.4633     15.8476
3         106     216.528     222.901           0     65.0136     14.7314
3         107     217.525     222.811           0     74.4558     13.4983
3         108     218.526     222.799           0     88.5287     15.0105
3         109     219.524      222.87           0     114.041     21.0745
3         110     220.512     223.026           0     156.215     29.6873
3         111     221.478     223.288           0     190.247     30.4316
3         112     222.391     223.698           0     202.499     22.4679
3         113       223.2     224.287           0     185.825     18.0337
3         114     223.911     224.991           0     149.981     25.7336
3         115     224.533     225.774           0     109.489     39.0171
3         116     225.107     226.594           0      84.817     44.9314
3         117     225.688     227.409           0     71.1502     42.0465
3         118     226.318     228.187           0     66.0763     34.8046
3         119     227.012     228.908           0     70.2247     26.4304
3         120     227.762      229.57           0     69.3385     16.7528
3         121     228.537     230.203           0     68.8767     8.44042
3         122     229.315     230.832           0     67.3221     4.42916
3         123      230.08     231.477           0     66.4173     3.06157
3         124     230.826     232.144           0     71.1845     3.14158
3         125      231.56     232.824           0     82.6837     10.0602
3         126      232.29     233.509           0     106.858     23.5818
3         127     233.018     234.196           0     142.142     40.0256
3         128     233.729     234.899           0     164.809     51.6136
3         129     234.342     235.691           0     155.297     55.4052
3         130     234.832     236.563           0     127.956     57.8622
3         131     235.273     237.461           0      101.31     54.8967
3         132      235.72     238.356           0     87.2219     44.4786
3         133     236.198     239.236           0     83.6515       31.24
3         134     236.664     240.121           0     80.2041     18.1398
3         135     237.034     241.051           0     72.9341     9.97206
3         136     237.246     242.029           0     55.5255     7.51008
3         137     237.319     243.027           0     38.3655     4.80424
3         138     237.308     244.027           0     25.2293     2.63453
3         139      237.25     245.026           0     19.9783     2.53856
3         140     237.176     246.024           0     19.5599      4.0865
3         141      237.11     247.023           0     23.5804     5.82241
3         142     237.085     248.023           0     29.4521     6.86534
3         143     237.102     249.024           0     31.4243     7.11539
3         144       237.1     250.025           0     28.7457     5.13272
3         145     237.051     251.024           0     26.7949      4.0912
3         146     236.976     252.022           0     26.9276     4.71168
3         147     236.896     253.019           0      27.727     5.82067
3         148     236.819     254.017           0     29.4589      7.0532
3         149      236.75     255.015           0     29.5009     8.59788
3         150     236.688     256.014           0     29.3671     10.2414
3         151     236.631     257.013           0     28.6229      11.833
3         152     236.578     258.012           0     27.9948     13.5527
3         153     236.525     259.012           0      27.519     15.3354
3         154     236.466     260.011           0     26.9951     17.2481
3         155     236.387     261.008           0     26.6132     19.5541
3         156     236.307     262.006           0     26.6908     22.0869
3         157     236.229     263.003           0     26.5414     24.3551
3         158     236.154     264.001           0     26.6936      26.055
#1
4           0     173.841     293.729           0     50.4484     22.8226
4           1     174.018     292.748           0      51.272      21.395
4           2     174.054     291.752           0     48.2174     15.9218
4           3         174     290.757           0     45.0286     12.3506
4           4     173.913     289.764           0     41.2029     9.57792
4           5     173.741     288.783           0     38.7405      6.9302
4           6     173.572     287.801           0     36.8859     3.98885
4           7     173.436     286.813           0      36.482     2.07169
4           8      173.34     285.821           0     36.3776     1.06945
4           9     173.286     284.826           0     37.0291    0.401849
4          10     173.278      283.83           0     37.9367     0.38162
4          11     173.307     282.833           0     38.2451    0.322124
4          12      173.37     281.839           0     38.8477    0.248794
4          13     173.466     280.847           0     38.5238    0.217105
4          14     173.594     279.858           0     38.4789    0.246629
4          15     173.758     278.875           0      38.309    0.209783
4          16     173.965     277.901           0     39.7783    0.227338
4          17     174.215     276.936           0     38.8641    0.130175
4          18     174.505     275.982           0     37.9828    0.220714
4          19      174.83      275.04           0     38.3058    0.239856
4          20     175.183     274.108           0     38.3512    0.252173
4          21     175.557     273.185           0     37.9696    0.286554
4          22     175.948     272.268           0     39.4364    0.284627
4          23     176.352     271.357           0     37.9599    0.257959
4          24     176.768     270.451           0     38.3325    0.205988
4          25       177.2     269.553           0     38.2423      0.3018
4          26     177.651     268.664           0     37.1996    0.358971
4          27     178.125     267.788           0     37.6726    0.427268
4          28     178.619     266.922           0      35.821      0.1956
4          29     179.126     266.064           0     35.4468    0.330206
4          30      179.64      265.21           0     33.3138    0.293384
4          31     180.159     264.359           0        32.7    0.327656
4          32     180.677     263.508           0     31.5169    0.302871
4          33     181.193     262.655           0     31.2727    0.436904
4          34     181.705       261.8           0     30.4113    0.399134
4          35     182.215     260.944           0     30.3039    0.333092
4          36      182.72     260.085           0     30.3048    0.338959
4          37     183.228     259.227           0     30.3371    0.402546
4          38     183.736      258.37           0     29.7903    0.312129
4          39     184.248     257.515           0     29.3904    0.402069
4          40     184.765     256.663           0     28.6036    0.303111
4          41     185.291     255.816           0     27.8427    0.324198
4          42     185.828     254.977           0     27.6362    0.295492
4          43     186.379     254.146           0     27.3988    0.319133
4          44     186.941     253.323           0     27.4967    0.278073
4          45     187.509     252.504           0     27.2522    0.329291
4          46     188.077     251.685           0     28.4463    0.246726
4          47     188.644     250.865           0     28.5383    0.236158
4          48      189.21     250.045           0     29.4877    0.291899
4          49     189.773     249.223           0      29.126    0.308313
4          50     190.335       248.4           0     29.0645    0.464243
4          51     190.897     247.577           0     29.6776    0.375274
4          52     191.462     246.756           0     28.9077    0.358098
4          53      192.03     245.937           0      29.857    0.426422
4          54     192.601      245.12           0      29.961    0.477879
4          55     193.171     244.303           0      30.569    0.335332
4          56     193.738     243.483           0     30.4829    0.354905
4          57     194.305     242.664           0      31.261    0.484594
4          58     194.877     241.847           0     32.6595    0.603905
4          59     195.454     241.035           0     33.3591    0.737172
4          60      196.03     240.221           0     34.6617    0.612976
4          61     196.603     239.406           0     33.1999    0.595571
4          62     197.175      238.59           0     32.0774    0.563848
4          63     197.747     237.774           0     29.5721    0.563931
4          64     198.308      236.95           0     27.2457    0.727318
4          65     198.837     236.105           0     25.7429     1.08978
4          66     199.316     235.231           0     24.4132     1.88627
4          67     199.725     234.323           0     24.3525     3.64363
4          68     200.076      233.39           0     27.9917      7.0677
4          69     200.406     232.449           0     34.4213     12.6593
4          70     200.776     231.524           0     45.7474     17.8259
4          71     201.258     230.652           0     58.3586     17.7028
4          72     201.902     229.891           0     68.3664     18.7342
4          73     202.673     229.259           0     66.1481     20.0283
4          74      203.47     228.662           0       57.76     20.7981
4          75     204.223     228.008           0      47.726     21.6749
4          76     204.892      227.27           0     37.9844      23.775
4          77     205.512      226.49           0     35.2618     25.1045
4          78     206.151     225.725           0     38.4757     20.9532
4          79     206.849     225.013           0      43.735     15.1041
#1
5           0     117.982     272.119           0     164.641     56.3349
5           1     118.903     271.719           0      155.85      54.334
5           2     119.901     271.621           0     138.283     69.4243
5           3     120.902     271.688           0     119.054     55.5813
5           4     121.899     271.796           0     99.0641     31.6195
5           5     122.884     271.988           0      80.319     14.5765
5           6     123.867     272.189           0     64.2059     11.5786
5           7     124.839     272.433           0     58.4069     16.3038
5           8     125.779     272.786           0     70.3466     32.2035
5           9     126.641     273.299           0     93.0366     66.2807
5          10      127.37     273.987           0     108.396     51.3677
5          11     128.008     274.761           0     106.953     48.6867
5          12     128.725     275.463           0     80.8962      55.022
5          13     129.554     276.029           0     57.0066     30.0928
5          14     130.446     276.486           0     40.9374     17.3654
5          15     131.365     276.889           0     36.8382     14.5527
5          16      132.29     277.276           0      37.415      12.102
5          17     133.214     277.668           0     42.0278     10.2643
5          18     134.132     278.072           0     50.3273     8.83847
5          19     135.048     278.482           0     56.5246     8.32572
5          20     135.963     278.892           0     62.7545     9.63777
5          21     136.878     279.304           0     62.2538     11.5148
5          22     137.781     279.741           0     59.1473     13.5304
5          23     138.669     280.207           0     54.3491     14.2764
5          24      139.55     280.687           0     49.3247     14.5432
5          25      140.43     281.169           0     47.1339     14.0781
5          26     141.317     281.638           0     45.9449     13.5542
5          27     142.212     282.091           0     47.4495     12.9827
5          28      143.12     282.517           0     47.5296     12.3597
5          29     144.042     282.911           0     50.4475     11.6552
5          30     144.981     283.264           0     52.6732     10.6156
5          31     145.934     283.579           0     55.6647     9.39212
5          32     146.893     283.872           0     60.4738     7.84536
5          33     147.854      284.16           0     62.9483     6.04017
5          34     148.808     284.469           0     64.0197     4.27146
5          35     149.745     284.829           0      66.298     2.89785
5          36     150.652     285.257           0     67.0293     2.16435
5          37     151.527     285.746           0     68.0254     1.95116
5          38     152.371     286.289           0     69.1506     1.77655
5          39     153.196      286.86           0     72.2493     1.93701
5          40     154.021     287.431           0     73.9348     2.51916
5          41     154.873      287.96           0     75.4315     3.33369
5          42     155.772     288.406           0     70.4079     5.15871
5          43     156.716     288.745           0     63.6967     8.64866
5          44     157.688     288.992           0     55.7857     12.0184
5          45     158.671     289.193           0     48.0105      13.527
5          46     159.654     289.391           0     41.8861     13.2503
5          47     160.631     289.618           0     37.6287     12.2345
5          48     161.596     289.894           0     34.7254     10.9183
5          49     162.543     290.225           0     31.7342      9.4407
5          50     163.476     290.593           0     29.8262      7.7507
5          51       164.4     290.984           0     29.9497     6.32729
5          52     165.319     291.386           0     29.4018     5.19956
5          53     166.241     291.781           0     30.4573     4.74975
5          54     167.173     292.153           0     30.7472     4.63699
5          55     168.121     292.479           0     30.9319     5.02961
5          56     169.089     292.743           0     31.1163      6.0726
5          57     170.074     292.932           0     30.7955     8.22472
5          58      171.07     293.054           0     32.1557     12.9891
5          59     172.067     293.164           0     35.3724     19.9105
5          60      173.05     293.367           0     43.0973     17.8906
5          61     173.971     293.764           0     51.7151      8.0652
5          62     174.774     294.365           0     56.1876     4.56225
5          63     175.474     295.084           0     59.5047     4.31355
5          64     176.152     295.823           0     61.8776     6.50847
5          65     176.887     296.505           0     61.1208     14.6473
5          66     177.711     297.078           0     58.9329     25.5153
5          67       178.6     297.543           0     55.4919     28.1982
5          68     179.521      297.94           0     54.3876     25.7203
5          69     180.444     298.334           0     52.8509     24.5158
5          70      181.34     298.784           0     51.8024     26.8478
5          71     182.186     299.323           0     48.8798     27.5391
5          72     182.966     299.954           0     46.0526     20.4723
5          73     183.687     300.652           0     41.3412     14.5009
5          74     184.366      301.39           0     38.4422     12.5748
5          75     185.026     302.145           0     37.9704      13.353
5          76     185.697     302.891           0     40.3327     14.1888
5          77     186.412     303.595           0     45.7707     11.3229
5          78     187.201     304.214           0     51.0564     6.12192
5          79     188.062     304.728           0     51.0946     2.63934
5          80     188.964     305.167           0     45.9884     1.25939
5          81     189.879      305.58           0     38.4587    0.585542
5          82     190.788     306.003           0      33.827    0.365578
5          83     191.685     306.453           0     30.2317    0.215256
5          84     192.566     306.933           0     29.8092    0.226728
5          85     193.431      307.44           0     28.3351    0.236229
5          86     194.285     307.966           0     28.5993    0.535052
5          87     195.129      308.51           0     27.3037     0.76714
5          88     195.962     309.067           0     27.7508    0.927367
5          89     196.785     309.642           0     27.0233    0.734642
5          90     197.593     310.235           0     26.9281    0.456153
5          91     198.384     310.852           0     27.1008    0.254618
5          92     199.151     311.499           0     28.0745    0.271989
5          93     199.894     312.173           0     31.6409    0.434428
5          94     200.624     312.861           0     36.0863     1.00066
5          95     201.363      313.54           0     41.7667     3.25742
5          96     202.147     314.165           0     47.8148     9.82907
5          97     203.007     314.682           0      51.727     21.0362
5          98     203.934     315.066           0     52.8732      21.211
5          99     204.893      315.36           0     49.6014     14.8799
5         100      205.85      315.66           0     43.5798      13.587
5         101     206.777     316.044           0     34.7162     16.0773
5         102     207.653     316.532           0     24.3188     17.8677
5         103     208.475     317.108           0     16.8688     15.0373
5         104     209.261     317.731           0     13.9099     9.40974
5         105     210.039     318.364           0     16.5805     5.02017
5         106     210.835     318.975           0     24.6156     2.85912
5         107     211.668     319.534           0     33.2559     3.42515
5         108     212.531     320.046           0     43.7861      5.5626
5         109     213.372     320.592           0     51.7352     10.1744
5         110     214.203     321.154           0     61.4279     18.0927
5         111     214.954     321.819           0     67.6878     31.1192
5         112     215.542     322.631           0     68.2069     45.5784
#1
6           0     167.445     215.087           0     11.4294      10.662
6           1     167.658      214.11           0     12.5132     8.29849
6           2     167.876     213.134           0     14.3922     6.50851
6           3     168.091     212.158           0     17.3444     5.73205
6           4     168.296      211.18           0      20.933     6.34428
6           5     168.463     210.194           0     26.7473     8.18962
6           6      168.61     209.205           0     33.2555     11.1914
6           7     168.738     208.213           0     39.0451     14.7352
6           8     168.832     207.218           0     44.0119     18.3325
6           9      168.87     206.219           0     49.9075     22.2783
6          10     168.855     205.219           0     58.1547     27.9991
6          11     168.815      204.22           0     67.1963     36.7353
6          12     168.804     203.221           0     74.0452     45.7944
6          13     168.869     202.223           0     79.3883     46.9954
6          14     169.021     201.235           0     84.0022     41.5794
6          15     169.245     200.261           0     89.4894     34.3769
6          16     169.534     199.304           0     96.5049     29.2101
6          17     169.895     198.371           0     103.357     27.7163
6          18     170.346     197.479           0     105.346     34.2592
6          19     170.903     196.649           0     104.941     43.4737
6          20     171.548     195.885           0      98.644     43.9955
6          21     172.231     195.155           0     89.4461     39.2625
6          22     172.913     194.423           0     79.6581     32.9592
6          23      173.59     193.688           0     73.5905      24.593
6          24     174.296      192.98           0     73.0634     14.5773
6          25     175.066     192.342           0     76.9424      6.9912
6          26     175.909     191.805           0     80.9425     4.16002
6          27     176.808     191.366           0     84.1915     3.07819
6          28     177.736     190.995           0      88.431     2.95692
6          29     178.682     190.672           0      88.046     3.74508
6          30     179.642     190.394           0      88.414      7.8187
6          31     180.615     190.165           0     87.8065     13.4829
6          32     181.598      189.98           0     85.4302     16.0084
6          33     182.585     189.822           0     80.5487     14.6504
6          34     183.575      189.68           0     77.6172     12.1894
6          35     184.564     189.535           0      76.002     10.9739
6          36     185.546     189.347           0     75.3247     10.6301
6          37     186.498     189.043           0     75.8514     11.0523
6          38     187.368      188.55           0      72.077     12.9552
6          39     188.113     187.883           0     67.2244     19.6731
6          40     188.757     187.118           0      63.662     30.7515
6          41     189.396     186.349           0     63.6105     33.7701
6          42     190.102     185.642           0     65.1607     33.2059
6          43     190.901     185.041           0     65.8486     32.3387
6          44      191.77     184.546           0     60.9626     32.3674
6          45     192.671     184.114           0     61.0373     32.5744
6          46     193.572     183.679           0     59.1405     29.9611
6          47     194.454     183.208           0     56.8287     23.4185
6          48     195.314     182.699           0     52.5639     16.9553
6          49      196.16     182.167           0     48.0642     12.7373
6          50     196.995     181.617           0     42.4814     11.0876
6          51     197.818     181.049           0     38.3192     12.2397
6          52     198.624     180.458           0     33.0323     15.0802
6          53     199.413     179.843           0     30.3017     17.4659
6          54      200.19     179.215           0     28.3069     17.8863
6          55     200.964     178.582           0     25.6145     15.3354
6          56     201.741     177.952           0     24.0658     11.1374
6          57     202.519     177.324           0     21.6505     6.98304
6          58     203.299       176.7           0     21.1888     4.34536
6          59     204.087     176.084           0     26.3861     2.96598
6          60     204.888     175.485           0     28.5963     2.70323
6          61     205.716     174.926           0     31.6118       2.749
6          62      206.57     174.405           0      32.786     3.49378
6          63     207.434     173.902           0     35.2122     6.24066
6          64     208.292      173.39           0     36.2428     9.83705
6          65     209.127      172.84           0     37.3673     12.6148
6          66     209.931     172.246           0     37.3866     13.7409
6          67     210.708     171.616           0     37.4991     14.8937
6          68     211.462      170.96           0     39.9922     20.8468
6          69     212.202     170.288           0     47.1476      32.092
6          70     212.938     169.611           0     61.4284     44.3083
6          71     213.701     168.965           0     77.6588     57.0334
6          72     214.529     168.405           0     86.3392     61.8346
6          73     215.418     167.946           0     85.3154     52.0513
6          74     216.321     167.519           0     75.0495     37.3588
6          75     217.187     167.019           0     66.1448     21.0798
6          76     217.973     166.401           0     59.6247      11.831
6          77     218.652     165.667           0     59.4792     7.67128
6          78     219.247     164.864           0     66.0978     6.26893
6          79     219.814      164.04           0     82.5334     7.07111
6          80     220.413      163.24           0     102.144     9.87436
6          81     221.068     162.484           0     120.449     11.9534
6          82     221.767      161.77           0     125.031     14.0185
6          83     222.472     161.061           0      113.15     16.9825
6          84     223.134     160.312           0     88.5006     17.9626
6          85     223.745     159.521           0     70.3398     14.0148
6          86     224.324     158.705           0     65.7949      7.9257
6          87      224.89     157.881           0     74.7668     3.60551
6          88     225.466     157.064           0     88.1038     1.90707
6          89     226.055     156.256           0     104.254     1.50933
6          90     226.645     155.449           0     112.872     2.46012
6          91     227.231      154.64           0     117.868     3.23474
6          92     227.798     153.816           0     114.603     3.85706
6          93     228.337     152.974           0     104.965     4.37566
6          94     228.846     152.113           0     93.7965     4.71168
6          95     229.339     151.243           0     82.7548     4.55556
6          96     229.824     150.369           0     76.7462     4.27338
6          97       230.3      149.49           0     74.7038     4.08449
6          98     230.767     148.606           0     78.2331      4.2844
6          99     231.234     147.722           0     86.2951     5.65271
6         100     231.716     146.846           0      98.333     7.88053
6         101     232.238     145.993           0     111.793     11.9117
6         102     232.794     145.163           0      118.37     18.7312
6         103     233.335     144.322           0     117.198     30.3741
6         104     233.756     143.415           0     112.166     35.7198
6         105     233.971     142.439           0     105.377     31.4074
6         106     233.986     141.439           0     96.8805     24.4518
6         107     233.887     140.445           0     89.2287     17.5578
6         108     233.782      139.45           0      85.606     15.1174
6         109     233.783     138.451           0     85.5494      16.539
6         110     233.982     137.471           0     85.9721     19.3712
6         111      234.39     136.558           0     80.9493     18.7871
6         112     234.929     135.716           0     77.6649     14.0395
6         113     235.518     134.908           0     74.0435     9.08455
6         114     236.106       134.1           0     74.2643      5.0761
6         115     236.664      133.27           0     72.8719      2.5111
6         116      237.19      132.42           0     74.4626      1.8782
6         117     237.682      131.55           0      76.291     2.25717
6         118     238.151     130.667           0     81.5772     3.06013
6         119     238.593      129.77           0     85.2241     3.60911
6         120     239.018     128.865           0     91.5375     4.66197
6         121     239.434     127.956           0     89.0152     5.15959
6         122     239.866     127.055           0     89.8393     6.12824
6         123     240.327     126.167           0     87.1927     6.75908
6         124     240.807     125.291           0     86.3012     6.99224
6         125     241.306     124.424           0      84.927     7.26519
6         126     241.819     123.566           0     86.5377     7.42937
6         127     242.353     122.721           0     87.1206     7.89375
6         128     242.913     121.893           0     91.0057     8.55135
6         129     243.503     121.086           0     90.5746     10.1215
6         130     244.119     120.298           0     88.1012     12.5992
6         131      244.75     119.523           0     81.8632     15.5792
6         132     245.391     118.755           0     75.3947     18.8986
6         133     246.024     117.982           0     71.6402     22.4248
6         134     246.636     117.191           0      65.978     25.0269
6         135     247.219     116.379           0     65.6322     27.4982
6         136     247.772     115.546           0     66.6776     29.0912
6         137     248.307     114.701           0     68.3616     29.2533
6         138     248.832     113.851           0      72.265     28.4213
6         139     249.361     113.002           0     76.6215     27.0226
6         140     249.899      112.16           0     80.8838     25.4698
6         141     250.457      111.33           0      78.297      23.462
6         142     251.037     110.515           0     77.6749      21.668
6         143     251.638     109.716           0     74.7581      20.694
6         144     252.255      108.93           0     78.0828     20.7626
6         145     252.881     108.151           0      82.486     21.4181
6         146     253.517     107.379           0     83.1948     21.7336
6         147     254.163     106.616           0     84.5146     20.2276
6         148     254.819     105.862           0     82.7381     18.4598
6         149     255.489     105.119           0     79.5447     17.1444
6         150     256.166     104.384           0     77.5811     16.0242
6         151     256.849     103.653           0     75.9649     14.7259
6         152     257.539     102.931           0     74.9514     13.5993
6         153      258.23     102.208           0     73.4581     12.9423
6         154     258.907     101.472           0     70.0573     12.8863
6         155     259.573     100.727           0     64.9676     13.5979
6         156     260.233      99.976           0     63.7124     14.3678
6         157     260.895     99.2265           0     65.3323      15.063
6         158      261.57     98.4893           0     68.6273      16.144
6         159     262.264     97.7693           0     74.5118     18.0107
6         160     262.972      97.064           0     78.2047     19.9433
6         161     263.685     96.3629           0     71.0383     21.7997
6         162     264.391     95.6546           0     66.6407     23.6905
6         163     265.091     94.9411           0     65.6394     25.6662
6         164       265.8     94.2364           0     61.2911     26.9935
6         165      266.53     93.5531           0     53.5889     28.9961
6         166     267.272     92.8824           0     44.2844     30.5984
#1
7           0     244.093      119.08           0     75.6835     33.5755
7           1     244.037     118.083           0     56.1133     29.1029
7           2     243.747     117.127           0     40.1048     38.7553
7           3     243.306      116.23           0     35.7253     38.9955
7           4     242.879     115.327           0     40.9286     32.8361
7           5      242.73     114.339           0     44.3492     30.4503
7           6     242.834     113.346           0     45.6563     29.1762
7           7     243.107     112.385           0     45.7112     29.1055
7           8      243.46      111.45           0     44.0282     29.5871
7           9     243.839     110.526           0     45.0937     30.3453
7          10     244.219     109.602           0     45.7226     30.7838
7          11     244.586     108.673           0     45.2562     29.4839
7          12     244.946     107.741           0     46.4026     26.7684
7          13     245.307     106.809           0     44.6836     24.3165
7          14     245.678     105.882           0      44.885     23.0752
7          15     246.086      104.97           0     48.7669     22.9472
7          16     246.543     104.081           0     53.5743     23.2206
7          17     247.055     103.224           0     61.1803      25.055
7          18      247.62       102.4           0     63.6618     25.0717
7          19     248.227     101.606           0     65.6322     23.7053
7          20     248.858     100.832           0     67.9809     20.9911
7          21     249.503     100.069           0      70.494     18.6308
7          22     250.155     99.3118           0     73.5437     16.2316
7          23      250.81     98.5573           0      73.455     14.6815
7          24     251.477     97.8133           0     71.5245     13.6435
7          25     252.156     97.0806           0     70.8716     13.0255
7          26     252.845     96.3577           0     69.3958     12.4957
7          27     253.549     95.6483           0     68.4756     11.9775
7          28     254.267     94.9538           0     70.6088     11.9315
7          29     254.995     94.2701           0     70.8878     12.2064
7          30     255.732     93.5952           0     68.9865     13.5366
7          31     256.481     92.9341           0     70.5845     15.4222
7          32     257.245     92.2903           0     72.0168     17.5194
7          33     258.029     91.6715           0     75.5524     18.5067
7          34     258.848     91.0985           0     78.9321      19.306
7          35       259.7     90.5771           0     75.0429     19.6387
7          36      260.58      90.105           0     74.3571     20.8364
7          37     261.476      89.662           0     69.8487     22.1193
7          38     262.382     89.2406           0     71.5718     22.9685
7          39     263.289     88.8224           0     76.8245     23.0852
7          40     264.197     88.4071           0      79.572     20.9543
7          41     265.102     87.9828           0      84.983     16.1709
7          42     266.002     87.5494           0     76.2751     10.6951
7          43     266.898      87.108           0     69.5956     5.29722
7          44     267.789     86.6561           0     58.5117     2.11015
7          45     268.687     86.2174           0     54.0719    0.986237
7          46     269.598     85.8068           0     57.7658    0.507834
7          47      270.53     85.4491           0     67.7898    0.312919
7          48      271.48     85.1388           0      84.456    0.276916
7          49     272.439     84.8581           0     94.1174    0.302897
7          50     273.402      84.592           0     92.2651    0.431793
7          51     274.359     84.3078           0     88.5351    0.428786
7          52     275.304      83.983           0     86.8437    0.463121
7          53     276.238     83.6276           0     78.9854    0.391846
7          54     277.162     83.2478           0      77.996    0.417942
7          55     278.071     82.8335           0     75.0298    0.397286
7          56     278.969     82.3963           0     65.9081     1.50918
7          57     279.857     81.9372           0     56.3661     4.62023
7          58     280.741     81.4732           0     44.9819     7.79747
7          59     281.641     81.0381           0      45.518     10.3552
7          60     282.571     80.6741           0     52.7767     12.0543
7          61     283.532     80.4024           0     71.0573     14.5282
7          62      284.51     80.1978           0     97.5118     17.7158
7          63     285.492      80.012           0     122.072     19.5633
7          64     286.469     79.8065           0     124.682     20.4223
7          65     287.444     79.5888           0     113.775     25.0454
7          66     288.427     79.4084           0      96.762     35.8887
7          67     289.422     79.3135           0     78.2893     40.0314
7          68     290.421     79.3074           0     62.7874       34.21
7          69     291.419     79.3422           0     60.9651     37.6158
7          70     292.418     79.3305           0     77.1793     50.6399
7          71     293.401     79.1528           0     100.056     48.3484
7          72      294.29     78.6964           0      109.17     31.3727
7          73     295.037     78.0337           0     102.081     23.3023
7          74     295.781     77.3669           0     72.2711     26.3303
7          75     296.612     76.8117           0     47.8943     39.5301
7          76      297.52     76.3957           0     39.2254     33.4913
7          77     298.475     76.1036           0     48.0666     11.5602
7          78     299.453      75.898           0        59.3     2.86792
7          79     300.442     75.7585           0      63.166    0.605466
7          80     301.437     75.6631           0     64.2729    0.188002
7          81     302.433     75.5939           0     64.0369    0.143496
7          82     303.431     75.5406           0     63.5056    0.126116
7          83     304.429     75.4996           0     63.7152    0.125692
7          84     305.428     75.4663           0     64.2956      0.1807
7          85     306.426     75.4362           0      65.358    0.311278
7          86     307.425     75.4088           0     66.6162    0.352403
7          87     308.424     75.3886           0     66.6331    0.445105
7          88     309.423     75.3839           0     65.6575    0.565872
7          89     310.422     75.4031           0     63.8894    0.544483
7          90     311.419     75.4542           0     61.3059    0.431922
7          91     312.414     75.5449           0     59.5703    0.380029
7          92     313.404     75.6828           0     59.8086    0.401513
7          93     314.385     75.8702           0     62.8164    0.482713
7          94     315.358     76.0991           0     65.9614    0.558079
7          95     316.325     76.3474           0     66.9122    0.618843
7          96     317.292     76.5995           0     69.1819    0.801693
7          97     318.259     76.8501           0     73.8172    0.740216
7          98     319.228     77.0925           0     76.7608    0.734774
7          99     320.202      77.316           0     75.7165    0.823388
7         100     321.176     77.5385           0     76.6103    0.861889
7         101     322.138     77.8075           0     79.5503     0.92955
7         102     323.067     78.1742           0     80.5518     1.16339
7         103     323.939     78.6618           0     77.7807     1.10166
7         104     324.748     79.2481           0     78.2444     1.01929
7         105     325.529     79.8716           0     82.2328    0.703647
7         106     326.314     80.4895           0     84.6479    0.602499
7         107     327.111     81.0914           0     90.0248    0.331409
7         108     327.911     81.6904           0     86.9944    0.365223
7         109     328.689      82.316           0     82.4863    0.346235
7         110     329.439     82.9769           0     80.5352    0.278006
7         111      330.15     83.6785           0     76.5775    0.158167
7         112     330.831     84.4097           0     76.4203    0.199215
7         113       331.5     85.1513           0     79.0462    0.355873
7         114     332.166     85.8964           0      84.041    0.350583
7         115     332.822     86.6496           0     82.1182    0.377671
7         116     333.474     87.4062           0     78.3345    0.463547
7         117     334.126      88.163           0     79.7953    0.409702
7         118     334.785      88.914           0     81.9689    0.441641
7         119     335.456     89.6548           0     82.1261    0.404907
7         120      336.12     90.4004           0     83.0176    0.369045
7         121     336.768     91.1614           0     79.4473    0.392255
7         122     337.393     91.9402           0     75.6591    0.352038
7         123     337.992     92.7399           0     76.1342    0.281349
7         124     338.575     93.5515           0     73.6957    0.354853
7         125     339.143     94.3731           0     76.1979    0.469477
7         126     339.687     95.2112           0     72.6083    0.380876
7         127     340.194     96.0722           0     66.8473    0.395701
7         128     340.638     96.9668           0     56.8275    0.373742
7         129      341.01     97.8941           0     55.1133    0.472208
7         130     341.301     98.8497           0     51.8685    0.369635
7         131     341.514     99.8257           0     51.4147    0.452801
7         132     341.673     100.812           0     51.9529    0.424178
7         133     341.804     101.803           0     53.3859    0.347563
7         134     341.918     102.795           0     55.0912    0.279327
7         135     342.017     103.789           0     56.6312    0.264531
7         136     342.094     104.785           0     57.0094    0.215742
7         137      342.15     105.783           0     57.6978    0.260173
7         138     342.184     106.781           0      60.055    0.286914
7         139     342.194      107.78           0     62.9824    0.313689
7         140     342.185     108.779           0     65.8994    0.400506
7         141     342.167     109.778           0     68.8694    0.432304
7         142     342.149     110.777           0     71.2088      0.5083
7         143     342.134     111.776           0     71.7908    0.509861
7         144     342.122     112.775           0     71.9052    0.497133
7         145     342.107     113.774           0     71.9533    0.492338
7         146     342.088     114.772           0     71.4139    0.461227
7         147      342.06     115.771           0     71.4181    0.452142
7         148     342.025      116.77           0     72.5018    0.411464
7         149      341.99     117.768           0     73.6588    0.383261
7         150     341.969     118.767           0     74.4204    0.394904
7         151     341.972     119.766           0     73.9501    0.393478
7         152     342.009     120.764           0     72.3709    0.396693
7         153     342.074     121.761           0     68.9591     0.35523
7         154     342.154     122.757           0     64.6673    0.404305
7         155     342.235     123.753           0     60.6401    0.339208
7         156     342.304     124.749           0     58.9597    0.403995
7         157     342.352     125.747           0     58.8538    0.432859
7         158     342.382     126.746           0     59.6004    0.441734
7         159     342.399     127.745           0     60.8452    0.489289
7         160     342.407     128.744           0     62.3713    0.504327
7         161     342.413     129.743           0     63.8099    0.560284
7         162     342.424     130.742           0     65.6343    0.587858
7         163     342.448      131.74           0     67.9165    0.643258
7         164     342.492     132.738           0     69.6096    0.692733
7         165     342.566     133.735           0     70.5131     0.67955
7         166     342.674     134.728           0     70.5495    0.735946
7         167     342.826     135.715           0     69.3242    0.601116
7         168     343.019     136.696           0      66.985    0.482382
7         169     343.243     137.669           0     59.6206    0.441426
7         170     343.487     138.638           0     53.0151    0.464428
7         171      343.75     139.602           0     47.2383    0.318294
7         172     344.031      140.56           0     43.4776    0.304762
7         173     344.315     141.518           0     40.3786    0.329402
7         174     344.588     142.479           0     44.0216    0.433282
7         175     344.851     143.443           0     53.3691    0.592049
7         176     345.115     144.406           0     63.0872    0.840672
7         177     345.383     145.369           0     68.8052     1.09278
7         178     345.665     146.327           0     73.2088      1.2543
7         179     345.966      147.28           0     76.3237     1.30689
7         180     346.271     148.231           0     73.1746     1.33879
7         181     346.568     149.185           0     70.4407     1.22445
7         182     346.851     150.143           0     69.4239     1.01698
7         183     347.115     151.107           0      66.602      0.8633
7         184     347.357     152.076           0     62.3777    0.717234
7         185     347.597     153.046           0     59.8887    0.560655
7         186     347.859      154.01           0      59.128     1.26198
7         187     348.155     154.964           0     56.9619      5.6286
7         188     348.488     155.906           0     54.9612     14.2239
7         189     348.855     156.835           0      56.656     24.8711
7         190     349.235     157.759           0     60.8187     32.8057
7         191     349.595     158.691           0     69.0592     36.3366
7         192     349.906      159.64           0     80.4021     36.7383
7         193     350.136     160.613           0     88.3967     35.2873
7         194     350.266     161.603           0     94.3257     33.5371
7         195     350.327       162.6           0     99.8703     27.0128
7         196     350.391     163.597           0     103.792     16.8089
7         197     350.536     164.586           0     105.669     9.79331
7         198     350.786     165.553           0     107.976     6.37575
7         199     351.114     166.496           0     112.296      5.2179
7         200     351.483     167.425           0       117.2     4.51741
7         201     351.889     168.338           0     125.496     4.63167
7         202      352.34     169.229           0     123.598     4.18688
7         203      352.83       170.1           0     118.382      3.9993
7         204     353.341     170.959           0     108.436     3.33589
7         205     353.841     171.823           0     101.355     2.87511
7         206     354.309     172.706           0      97.019     2.26756
7         207      354.73     173.612           0     98.5346     1.87293
7         208     355.116     174.533           0     102.175     1.51122
7         209     355.487     175.461           0     99.1488    0.996716
7         210     355.873     176.382           0     93.9235     0.76936
7         211     356.279     177.295           0     79.5399    0.510155
7         212     356.672     178.214           0     69.3038    0.417842
7         213     357.025     179.148           0     71.1965    0.394305
7         214     357.319     180.103           0     73.5496    0.381831
7         215     357.554     181.074           0     78.8669    0.470212
7         216     357.749     182.054           0     82.9911    0.410731
7         217     357.924     183.037           0     85.1125    0.276045
7         218     358.088     184.023           0     85.9817    0.340548
7         219     358.239      185.01           0     86.3646     0.56661
7         220     358.383     185.999           0     89.8465    0.720168
7         221     358.529     186.987           0     94.5216    0.830337
7         222     358.686     187.974           0     96.7579    0.823394
7         223     358.868     188.956           0     94.5734    0.593081
7         224     359.071     189.935           0     89.3003    0.412559
7         225     359.274     190.913           0     81.4995    0.434536
7         226     359.459     191.894           0     77.7784     0.36841
7         227     359.611     192.882           0     75.3293    0.315155
7         228      359.72     193.875           0      71.364    0.237064
7         229     359.785     194.872           0     69.1601    0.153496
7         230     359.812      195.87           0     69.1213    0.148612
7         231     359.811     196.869           0      73.293    0.372414
7         232     359.791     197.868           0     77.3529     0.42788
7         233      359.76     198.867           0     77.8123    0.487077
7         234     359.723     199.865           0     74.2849     0.36917
7         235      359.67     200.863           0     71.3419    0.254088
7         236     359.595     201.859           0     70.2441    0.296412
7         237     359.493     202.853           0     70.8624    0.331512
7         238     359.353     203.842           0     72.0357    0.310487
7         239     359.154     204.821           0     73.8345    0.315135
7         240      358.87     205.779           0     74.2802    0.561059
7         241     358.493     206.704           0     76.8396     1.12627
7         242     358.027     207.588           0     93.8725     3.96338
7         243     357.502     208.438           0     119.042     12.1479
7         244     357.002     209.303           0     156.505      29.752
7         245     356.676     210.247           0      174.24     19.6737
7         246     356.627     211.245           0     159.173      8.1535
7         247     356.636     212.244           0     125.238     8.82403
7         248     356.571     213.241           0     97.4595     16.4905
7         249     356.412     214.227           0     83.4032     27.8311
7         250     356.148     215.191           0     78.2457     30.3081
7         251     355.804     216.128           0     77.8769     25.5045
7         252     355.425     217.053           0     80.7052     19.5439
7         253     355.035     217.972           0     84.5448     15.1284
7         254     354.655     218.896           0     73.0229     11.8606
7         255     354.306     219.833           0     54.0183     10.3664
7         256     353.987     220.779           0     35.0621     10.5439
7         257     353.693     221.734           0     22.0457     11.1614
7         258     353.413     222.693           0     20.6338     11.8698
7         259     353.123     223.649           0     25.9795     12.0798
7         260     352.801     224.595           0      32.208     11.0002
7         261     352.431     225.523           0     36.1441     8.05456
7         262     352.004     226.426           0     38.5558     5.41281
7         263     351.529     227.305           0     36.6598     2.90285
7         264      351.03      228.17           0     40.6285       1.846
7         265     350.529     229.035           0     48.0946     1.99813
7         266     350.042     229.907           0     62.1615     2.87038
7         267     349.586     230.796           0     68.9602     3.77799
7         268      349.16       231.7           0     75.5511     6.27607
7         269     348.745     232.609           0     74.7484     10.2797
7         270     348.316     233.511           0     69.6031     16.1482
7         271     347.838     234.388           0     62.3181     22.4614
7         272     347.304     235.232           0     53.8139     27.7887
7         273     346.688     236.019           0     53.3905     32.8098
7         274     345.986     236.729           0      60.586     43.6133
7         275     345.196     237.341           0      64.819     39.7061
#1
8           0     160.441     543.894           0     118.448     35.9323
8           1      160.85     542.983           0     113.019     33.6604
8           2     161.276     542.081           0      105.63     28.4616
8           3     161.648     541.154           0     100.683     24.4129
8           4     161.945     540.202           0     98.1411     19.4336
8           5     162.277      539.26           0     86.9936      12.776
8           6     162.638      538.33           0      71.761     7.63936
8           7     163.088     537.439           0     54.6342     7.94081
8           8      163.63     536.601           0     38.8502     12.7573
8           9     164.233     535.806           0     31.9926     17.2389
8          10     164.867     535.035           0     30.6666     18.8758
8          11     165.504     534.267           0     28.2621     17.6855
8          12     166.115     533.477           0     24.8762     14.3626
8          13     166.683     532.657           0      18.908     11.7231
8          14     167.196       531.8           0     14.7176     9.02825
8          15     167.639     530.906           0     15.2518     7.28118
8          16     168.014     529.981           0     21.3082     6.63393
8          17     168.323     529.032           0      36.459     6.03238
8          18      168.57     528.065           0     59.1235     5.85643
8          19     168.769     527.087           0     77.0411     5.75071
8          20     168.952     526.106           0     86.6416     5.62045
8          21     169.163      525.13           0     88.4716     6.26788
8          22     169.446     524.173           0     88.7227     5.92782
8          23      169.84     523.256           0     88.9736     6.44873
8          24     170.351     522.399           0     88.9828     9.35909
8          25     170.951     521.601           0     95.3997     15.3692
8          26     171.597      520.84           0     105.442     21.5774
8          27     172.252     520.087           0     114.217     24.4254
8          28     172.865     519.299           0     110.605     23.7855
8          29     173.422     518.471           0     93.5513     22.2436
8          30     173.945     517.621           0     75.1764      19.923
8          31     174.453     516.762           0     59.2532     17.1929
8          32     174.964     515.905           0     52.0878     14.2751
8          33     175.478     515.049           0     41.8876     11.6927
8          34     175.982     514.188           0      33.315     8.50573
8          35     176.462     513.312           0     23.6528     5.65899
8          36     176.905     512.418           0     18.0758     4.98247
8          37     177.316     511.509           0     14.5151     5.89426
8          38     177.718     510.595           0     14.7276     7.16676
8          39     178.156     509.698           0     16.8427     8.15458
8          40     178.665      508.84           0     20.0386     7.83736
8          41     179.239     508.023           0     23.1524     6.56236
8          42     179.819     507.211           0     22.8867     5.32496
8          43     180.324      506.35           0     18.8723     5.21375
8          44     180.706     505.428           0     13.0612     5.04145
8          45     180.974     504.466           0     9.88333     4.77582
8          46     181.186     503.491           0     13.1663     4.94291
8          47     181.429     502.523           0     27.9254     7.88666
8          48     181.766     501.584           0     55.8276     18.9945
8          49     182.232     500.701           0     92.6262     38.8996
8          50     182.829     499.901           0     135.268     37.3421
8          51     183.517     499.178           0     158.722     26.8777
8          52     184.216     498.466           0     160.683     31.5635
8          53     184.854     497.698           0     149.669     36.1734
8          54     185.435     496.886           0     127.725     28.5151
8          55     185.993     496.059           0     104.094     19.3665
8          56     186.552     495.232           0     73.1585     13.8013
8          57     187.124     494.414           0     57.1125     11.3696
8          58     187.716      493.61           0     58.6887     11.1205
8          59     188.326     492.821           0      77.343     12.5284
8          60     188.937     492.031           0     101.952     15.4973
8          61     189.515     491.217           0     105.521     20.4272
8          62     190.014     490.353           0     100.975     27.4694
8          63     190.454     489.457           0     84.1023     33.4193
8          64     190.848      488.54           0     67.7498     35.5755
8          65     191.218     487.613           0     55.3312      33.453
8          66     191.576     486.682           0     48.2786     29.9473
8          67      191.94     485.752           0     47.2874     25.9257
8          68     192.323      484.83           0     48.6831     22.0326
8          69     192.724     483.917           0     52.0096      18.495
8          70     193.141      483.01           0     55.3986     15.0243
8          71     193.565     482.106           0     55.8761     11.3156
8          72     193.999     481.208           0     58.5804     8.95981
8          73     194.445     480.314           0      56.714     6.32837
8          74     194.892     479.422           0     57.4106     4.63773
8          75     195.334     478.527           0     55.8587     3.11077
8          76     195.767     477.628           0     55.2469     2.08635
8          77     196.195     476.727           0     54.2743     1.56444
8          78     196.625     475.825           0      51.873     1.45849
8          79     197.067     474.931           0     50.4136     1.85416
8          80     197.528     474.045           0     47.4885     1.97248
8          81     198.003     473.168           0     45.3192      2.5513
8          82     198.471     472.286           0     40.8915      2.9658
8          83     198.911      471.39           0     38.0095     3.37928
8          84     199.314     470.477           0     33.6081     3.37339
8          85     199.688     469.552           0      28.243     3.18351
8          86     200.061     468.626           0     23.2819     2.73793
8          87     200.463     467.713           0     18.5936      2.6742
8          88     200.921     466.825           0     14.9701     3.28338
8          89     201.456     465.983           0     13.0874     3.85503
8          90     202.079     465.203           0     12.7174     4.46183
8          91     202.793     464.506           0     13.4848     5.01103
8          92     203.586     463.899           0     16.3899     5.60753
8          93     204.444     463.391           0     20.7025     6.59728
8          94     205.359     462.991           0     26.8159     8.07088
8          95     206.323     462.731           0     32.0105     10.3911
8          96     207.317     462.644           0     34.7117     11.8016
8          97     208.311     462.732           0     33.2075     9.09808
8          98     209.287     462.941           0     28.0321     5.46684
8          99      210.25     463.204           0     20.7405      2.8845
8         100      211.21     463.477           0     14.3634     1.54044
8         101     212.172     463.744           0     9.48454    0.633378
8         102     213.134     464.008           0     6.85743    0.259539
8         103     214.093     464.285           0     5.74106   0.0575085
8         104     215.043     464.592           0     6.02541     0.06582
8         105     215.979     464.938           0      6.9185   0.0643374
8         106     216.897      465.33           0     7.22794   0.0436981
8         107     217.798      465.76           0     9.35527    0.108573
8         108     218.682     466.222           0     10.9148     1.06178
8         109     219.557     466.703           0     15.0251     3.62533
8         110      220.43     467.186           0     21.3002     9.31908
8         111     221.308     467.661           0      30.282      18.606
8         112      222.19     468.128           0     42.2031     32.5163
8         113     223.066     468.607           0     56.8701     49.3864
8         114     223.897     469.159           0     73.8923     62.2468
8         115     224.579     469.888           0     89.7158     69.0392
8         116     225.183     470.683           0     100.137     74.3724
8         117     225.753     471.502           0     103.879     83.4185
8         118      226.33     472.316           0     102.379     97.6964
#1
9           0     190.676     491.183           0     94.4731     29.0129
9           1     191.676     491.259           0     79.0982     35.0612
9           2     192.678     491.273           0     70.0795     35.1009
9           3      193.67     491.134           0     67.7298      33.824
9           4     194.624     490.826           0     66.3753     29.8089
9           5     195.573     490.501           0     63.6456     24.0802
9           6     196.491     490.101           0     60.9216     19.8847
9           7     197.375     489.628           0     58.1316     16.8606
9           8     198.232     489.108           0     60.3773     13.9106
9           9     199.072     488.561           0     65.0186      11.292
9          10     199.904     488.001           0     72.3121     8.78932
9          11     200.734      487.44           0     71.6099     7.26105
9          12     201.567     486.882           0     69.8355     5.87962
9          13       202.4     486.325           0     63.7841     4.75629
9          14     203.239     485.777           0     59.1905     3.75546
9          15     204.087     485.242           0     55.6547     3.04123
9          16     204.945     484.724           0     56.5788     2.76706
9          17     205.814     484.224           0     59.6493     2.45593
9          18     206.692      483.74           0     61.0801     2.60959
9          19     207.579     483.274           0     58.5961     2.46713
9          20     208.475     482.823           0     51.8155     2.50783
9          21      209.38     482.394           0     41.6402     3.12688
9          22     210.298     481.992           0     36.0704     5.57422
9          23     211.228     481.617           0     35.5228     9.06278
9          24     212.166     481.262           0      46.012     13.8246
9          25     213.104      480.91           0     65.3564     18.6546
9          26     214.034     480.537           0     85.2419     21.4544
9          27     214.953     480.137           0     98.4543     23.3473
9          28     215.874      479.74           0     99.2222     23.9406
9          29     216.808     479.377           0     94.6697     23.9818
9          30     217.754     479.045           0       92.46     26.7851
9          31       218.7     478.716           0     94.5752     32.1609
9          32     219.632     478.345           0     103.975      36.048
9          33     220.523     477.886           0     115.868     32.5237
9          34     221.349     477.319           0     122.226     23.6833
9          35     222.093     476.647           0     126.117     17.2779
9          36     222.767     475.905           0     124.439     14.9205
9          37     223.407     475.134           0     119.847     16.6961
9          38     224.054     474.368           0     115.599     20.0843
9          39      224.74     473.637           0     109.994     24.6781
9          40     225.479      472.96           0     106.082     28.6469
9          41     226.276     472.352           0     102.528      33.586
9          42     227.128     471.824           0     100.919     40.8224
9          43      228.02     471.366           0     99.6195     49.9445
9          44     228.932     470.952           0     99.7689      56.909
9          45     229.848     470.544           0     95.1751     59.3952
9          46     230.756     470.119           0     89.3909     57.2688
9          47     231.646     469.659           0      82.137     50.7302
9          48     232.522     469.171           0     74.6622     38.9577
9          49     233.394     468.676           0     69.8252     26.4231
9          50     234.278     468.204           0     69.6615      17.421
9          51     235.187     467.782           0     74.4159     12.9831
9          52     236.121     467.419           0     86.6517     11.7101
9          53     237.073     467.105           0     116.204     12.6312
9          54     238.036     466.825           0     151.443      14.762
9          55         239     466.552           0     186.351     17.0656
9          56     239.951     466.234           0     211.476     21.3577
9          57     240.878     465.854           0     212.239     32.4477
9          58     241.799     465.456           0     192.471     48.0071
9          59     242.731     465.087           0     176.306     65.0638
9          60     243.677     464.758           0      165.64     78.1347
9          61      244.63     464.447           0      167.09     81.6985
9          62     245.572     464.106           0     179.324     71.3936
9          63     246.495     463.714           0     188.184     54.9711
9          64     247.414     463.314           0     186.373     42.9078
9          65     248.363     462.992           0     168.699     43.9329
9          66     249.352     462.823           0     129.666       52.57
9          67     250.354     462.813           0     96.3646     41.8728
9          68     251.352     462.908           0     77.2122     22.7964
9          69     252.344     463.046           0     72.9382     15.6046
9          70     253.339     463.171           0     78.0244     17.8778
9          71     254.337     463.259           0     89.0237          25
9          72     255.339     463.304           0     105.459     34.3967
9          73     256.341     463.308           0     127.462     44.0766
9          74     257.343     463.274           0     153.188     55.3745
9          75     258.343     463.199           0     173.444     69.2266
9          76     259.338     463.085           0     182.165     77.5733
9          77     260.329     462.929           0     177.994     76.2889
9          78     261.312     462.735           0     164.989     69.0276
9          79     262.287     462.502           0     156.506     58.6689
9          80     263.255     462.244           0     152.553     47.4038
9          81     264.224     461.986           0     142.753     33.0437
9          82     265.201      461.76           0     116.217     19.8997
9          83     266.188     461.591           0     84.7108     19.7473
9          84     267.185      461.48           0     56.0676      26.938
9          85     268.184     461.408           0      40.187     28.8814
9          86     269.185     461.346           0     37.0809     23.2255
9          87     270.184     461.264           0     39.8953     15.8593
9          88     271.179     461.144           0     44.2147       9.747
9          89     272.167     460.977           0     49.0559     5.18047
9          90     273.146     460.761           0     49.0226     2.57259
9          91     274.112     460.495           0     48.9823     1.23163
9          92     275.062     460.172           0     49.6426    0.632167
9          93     275.987     459.787           0     48.8387    0.341385
9          94     276.882     459.337           0     46.4025    0.317211
9          95     277.742     458.821           0      45.249    0.308101
9          96     278.561     458.243           0     44.8838    0.274125
9          97     279.335     457.606           0     47.0868    0.446554
9          98     280.058     456.912           0     52.7231    0.579013
9          99      280.72     456.159           0      55.683      0.8292
9         100     281.311      455.35           0      57.085    0.856966
9         101     281.832     454.493           0     57.4647    0.851663
9         102     282.289     453.601           0     55.7723    0.727919
9         103     282.694     452.685           0     55.1995    0.519408
9         104     283.063     451.752           0     56.3412    0.497392
9         105     283.405      450.81           0     55.1585    0.423201
9         106     283.732     449.863           0     56.7131    0.466522
9         107     284.054     448.913           0     59.4908    0.598426
9         108     284.377     447.965           0     58.4568    0.759341
9         109     284.706     447.018           0      58.794      1.0781
9         110     285.041     446.073           0     60.5428     1.93776
9         111     285.378     445.129           0     58.1598     2.89827
9         112     285.715     444.185           0     58.1588     3.94067
9         113      286.05      443.24           0     58.7645     6.34579
9         114     286.377     442.293           0     55.2887     9.88326
9         115      286.69     441.341           0     54.2293     14.1929
9         116     286.987     440.383           0     55.8567     18.1499
9         117     287.256     439.418           0     54.1946     21.2018
9         118     287.489     438.443           0     53.6911     23.5375
9         119     287.684      437.46           0     54.4497     25.4247
9         120     287.843      436.47           0     55.2123     27.8195
9         121      287.97     435.476           0     56.3311     30.7667
9         122     288.078     434.479           0     59.0092     33.4888
9         123     288.194     433.483           0     65.2326     33.6422
9         124     288.354     432.494           0      74.594     31.1998
9         125      288.58     431.517           0     85.3431     29.3066
9         126     288.871     430.558           0     98.1417     29.9266
9         127     289.204     429.613           0      111.28     32.8448
9         128     289.555     428.674           0     122.586     36.5079
9         129     289.906     427.735           0     129.827     38.1251
9         130     290.222     426.784           0     120.761     37.2655
9         131     290.478     425.815           0     104.189     36.3512
9         132     290.661     424.829           0     91.9149     37.2518
9         133     290.751     423.831           0     86.3871     44.3195
9         134     290.734     422.829           0     87.8341     52.9783
9         135     290.638     421.831           0     93.3807     50.9578
9         136     290.532     420.834           0     100.315     39.7759
9         137     290.489     419.833           0     106.515     29.5102
9         138     290.545     418.832           0      111.31      23.098
9         139     290.678     417.839           0     115.381     19.2219
9         140     290.834     416.848           0     122.207     15.5954
9         141     290.963     415.854           0     130.818     10.0206
9         142      291.04     414.855           0     135.806     4.42635
9         143      291.07     413.853           0     138.737     1.65387
9         144     291.063     412.851           0     139.523     1.13048
9         145     291.029     411.849           0     139.045     1.17906
9         146     290.974     410.848           0      136.78     2.05381
9         147     290.902     409.848           0     131.266       7.378
9         148     290.814      408.85           0     125.745     20.2942
9         149     290.718     407.852           0     122.132     35.7307
9         150     290.622     406.854           0     121.853     43.6713
9         151     290.524     405.857           0     124.641     43.4609
9         152     290.395     404.863           0     128.688     47.3132
9         153     290.186     403.882           0     129.077     50.5188
9         154     289.881     402.928           0     124.294     32.5411
9         155      289.53     401.989           0     114.003     13.9036
9         156     289.197     401.043           0     107.283      5.9734
9         157     288.918     400.081           0     102.609     3.40743
9         158     288.706     399.101           0     97.1501     2.29908
9         159      288.55     398.111           0     94.6441     2.11455
9         160     288.431     397.116           0     95.6968     2.72816
9         161     288.336     396.118           0     96.6122     4.17422
9         162     288.252     395.119           0     98.1138     6.52573
9         163     288.173      394.12           0     99.8222     9.65281
9         164     288.087     393.121           0     101.754     12.6756
9         165     287.972     392.125           0     102.534     13.3592
9         166     287.804     391.137           0     98.9832     11.5431
9         167     287.576     390.161           0      95.472     8.35291
9         168     287.299     389.198           0     94.4443      5.5653
9         169     286.999     388.241           0     97.5065     4.57981
9         170     286.723     387.278           0     94.2964     4.07198
9         171     286.512     386.298           0     88.2189       3.907
9         172      286.38     385.304           0     76.9275     3.53061
9         173     286.319     384.304           0     63.0728     3.17893
9         174     286.308     383.301           0     50.8136     3.03014
9         175     286.327     382.299           0     41.9679     2.85793
9         176      286.36     381.297           0     36.1264     2.53701
9         177     286.396     380.296           0     32.0653     2.43581
9         178     286.426     379.294           0     29.1822     2.32521
9         179     286.442     378.291           0     27.4204     2.46416
9         180     286.443     377.289           0     26.2891     2.42479
9         181      286.44     376.287           0          26      2.4165
9         182     286.437     375.284           0      25.597       2.345
9         183     286.434     374.282           0     24.7158     2.26174
9         184     286.425      373.28           0     23.7044      1.9333
9         185     286.404     372.278           0     22.6814     1.44705
9         186     286.367     371.276           0     20.6531     1.12271
9         187     286.313     370.275           0       18.55    0.883959
9         188     286.243     369.275           0     17.0986    0.667053
9         189      286.16     368.276           0     15.3919    0.656652
9         190     286.065     367.278           0     14.8881    0.586261
9         191      285.96     366.281           0     14.1904    0.748098
9         192     285.848     365.285           0     13.5881     1.38007
9         193     285.704     364.293           0     12.6154     2.58568
9         194     285.603     363.296           0     11.7812     4.62602
9         195     285.545     362.296           0     10.8405     6.57925
9         196     285.506     361.294           0     9.09345     8.17014
#1
10           0     247.201     103.066           0     61.8412     39.2223
10           1     246.855     102.128           0     58.7536     26.8234
10           2     246.269     101.318           0     39.4722     30.9386
10           3     245.503     100.676           0     21.2841     6.36474
10           4     244.657     100.142           0     10.6712      1.0354
10           5     243.861     99.5364           0     7.45181    0.300912
10           6     243.082     98.9093           0     7.91769    0.527434
10           7      242.31      98.274           0     7.81094    0.753595
10           8     241.544     97.6311           0           8     1.17377
10           9     240.784     96.9812           0           8     1.13274
10          10     240.029     96.3254           0           8     1.17908
10          11     239.277     95.6667           0      7.1848     1.19196
10          12     238.526     95.0066           0     7.47078     1.06219
10          13     237.773     94.3487           0      8.1478     1.13608
10          14     237.011     93.7018           0     9.28444     1.16534
10          15     236.228     93.0799           0     10.6308     1.21605
10          16     235.416     92.4961           0     12.0881     1.55161
10          17     234.575     91.9554           0     13.4443      1.6976
10          18     233.707     91.4584           0     14.7003     1.71074
10          19     232.818     91.0014           0     16.1794      1.7719
10          20     231.912     90.5764           0     16.9495       1.637
10          21     230.998     90.1714           0     16.8301     1.65993
10          22     230.081     89.7742           0     17.6936     1.60816
10          23     229.166     89.3706           0     17.0614      1.4036
10          24     228.257     88.9524           0     16.9402     1.43485
10          25     227.359     88.5143           0     16.8259     1.31572
10          26     226.467     88.0615           0     16.9344     1.35621
10          27     225.578     87.6029           0     16.5161     1.25909
10          28     224.689     87.1464           0     16.8081      1.3558
10          29     223.798     86.6929           0     17.3266     1.27254
10          30     222.908     86.2369           0     19.6451     1.41784
10          31     222.024     85.7688           0     21.7149     1.46373
10          32     221.153     85.2786           0     23.1125     1.75179
10          33     220.301     84.7538           0      24.894     2.03293
10          34     219.477     84.1874           0     30.6427     3.05063
10          35     218.682     83.5809           0      48.416     7.04524
10          36     217.894     82.9663           0     88.4715     12.8258
10          37     217.035     82.4544           0     121.553     16.7529
10          38     216.072     82.1854           0     125.943     13.4359
10          39     215.079     82.0661           0     103.807     12.8783
10          40     214.091     81.9111           0     76.2311     18.2028
10          41     213.114     81.6977           0     59.3073     20.8752
10          42      212.14     81.4745           0     54.9005     17.2732
10          43     211.157     81.2893           0     57.2848     13.0139
10          44     210.165     81.1618           0      62.475     9.01202
10          45     209.168     81.0822           0      66.522     5.34324
10          46      208.17     81.0353           0     68.3477     2.47182
10          47      207.17     81.0121           0     68.0107    0.779646
10          48      206.17     81.0039           0     67.9461     0.22025
10          49      205.17     81.0156           0     67.7943     0.23147
10          50     204.171     81.0568           0     68.9197    0.516884
10          51     203.175     81.1456           0     69.2927    0.630305
10          52     202.186     81.2909           0     68.2244    0.609767
10          53     201.207     81.4937           0     65.0193    0.398529
10          54      200.24     81.7495           0     61.3271    0.227337
10          55     199.285     82.0471           0     57.1195    0.156729
10          56     198.336     82.3612           0     50.5626   0.0812281
10          57     197.388     82.6792           0     49.3898   0.0721975
10          58     196.442     83.0027           0     53.0863     0.17436
10          59     195.495      83.324           0     52.2119    0.116958
10          60     194.547     83.6421           0     53.5152    0.193189
10          61     193.603     83.9708           0     56.6617     0.41456
10          62     192.662     84.3098           0     53.5685    0.385525
10          63     191.722      84.651           0     52.3338    0.569455
10          64     190.785     85.0008           0     54.7759    0.874885
10          65     189.851     85.3576           0     52.5064    0.812161
10          66     188.918      85.717           0     54.3392     1.16303
10          67     187.988     86.0834           0     58.2588     1.49019
10          68     187.058     86.4519           0     58.7641     1.60607
10          69     186.136     86.8379           0     61.9205      2.3093
10          70      185.23     87.2628           0     61.7151     2.93414
10          71     184.345     87.7265           0     62.4228     3.62511
10          72     183.486     88.2392           0     63.5838     4.72943
10          73     182.656     88.7971           0     64.9214     5.93922
10          74     181.863     89.4055           0     66.2714     7.27316
10          75     181.106     90.0586           0     67.9819     9.17111
10          76     180.381     90.7482           0     61.7855     11.6464
10          77     179.691     91.4716           0     56.5991     14.8978
10          78     179.028     92.2198           0     55.3916     19.4675
10          79     178.378     92.9797           0     56.3399      24.088
10          80     177.736     93.7462           0     60.3569     26.7588
10          81     177.108     94.5247           0      66.978     25.8974
10          82     176.496     95.3156           0     71.1465     22.2607
10          83     175.905     96.1217           0     79.2743      17.693
10          84     175.346     96.9513           0     83.4706     15.4459
10          85     174.824      97.804           0     89.1051     16.5711
10          86     174.331     98.6739           0     92.4769     21.4214
10          87     173.829     99.5389           0     94.6473     30.0033
10          88     173.282     100.376           0     95.4603     37.0818
10          89     172.663     101.161           0     96.0698     36.7243
10          90      171.98     101.892           0      97.868     29.5555
10          91     171.259     102.584           0     98.6939     22.7029
10          92      170.52     103.258           0     100.308     18.6759
10          93     169.793     103.944           0     102.724     17.2386
10          94     169.106     104.671           0     103.489     16.5925
10          95     168.469     105.442           0     99.5007     16.7396
10          96     167.871     106.243           0     97.1675     17.0838
10          97       167.3     107.064           0     92.0121     17.5837
10          98      166.74     107.892           0       90.82     17.1848
10          99     166.192     108.728           0     95.2433     16.9491
10         100     165.653     109.571           0     102.534      16.405
10         101     165.136     110.426           0     117.828     15.9246
10         102     164.642     111.296           0     130.375     14.6443
10         103     164.191     112.188           0     142.342     13.1945
10         104      163.77     113.095           0     139.539     11.4551
10         105     163.386     114.019           0     129.459     9.98742
10         106     163.021      114.95           0     127.762     10.2137
10         107     162.665     115.884           0     124.015     11.6009
10         108     162.317     116.822           0     127.378     13.8217
10         109     161.979     117.763           0     133.212          16
10         110     161.675     118.715           0     131.208     16.3207
10         111     161.399     119.676           0     135.316      15.377
10         112     161.139     120.642           0     145.726      13.564
10         113     160.893     121.611           0     156.712     12.0971
10         114     160.657     122.583           0     164.844     11.7942
10         115     160.393     123.547           0     172.286     11.4428
10         116     160.072     124.494           0     179.457     11.3469
10         117     159.697     125.421           0     175.382     11.9352
10         118     159.287     126.333           0     174.422      14.228
10         119     158.844      127.23           0     173.287     19.6208
10         120     158.407     128.129           0     163.057     28.1142
10         121     158.024     129.053           0     153.356     37.2549
10         122     157.752     130.015           0     126.061     41.9923
10         123     157.635     131.008           0     94.2005     40.6956
10         124      157.62     132.008           0     63.2094      38.427
10         125     157.607     133.008           0     46.6131     37.8259
10         126     157.538     134.005           0     42.6268     38.6046
10         127     157.405     134.996           0     45.1788      40.392
10         128     157.224      135.98           0     51.5297     43.1635
10         129     157.007     136.956           0     58.6571     45.5016
10         130     156.765     137.926           0     59.6077     46.7255
10         131     156.506     138.892           0     59.8408     45.7674
10         132     156.228     139.852           0     60.3437     44.2336
10         133     155.933     140.808           0     60.5754     42.5185
10         134     155.627      141.76           0     58.1964     40.8858
10         135     155.312     142.709           0     57.4945      38.865
10         136      154.99     143.655           0     58.2635     37.8054
10         137     154.671     144.603           0     55.8115     37.4071
10         138     154.356     145.552           0     55.2819     36.9219
10         139     154.036     146.499           0     56.7104     37.2371
10         140     153.712     147.445           0     54.4162      38.016
10         141     153.383      148.39           0     52.8769     38.4664
10         142     153.045     149.331           0     53.3571     39.2736
10         143     152.698     150.268           0     51.5195      40.349
10         144     152.348     151.205           0     52.5549     41.7684
10         145     151.996     152.141           0     57.1097     43.8556
10         146     151.659     153.082           0     57.5141     46.8784
10         147     151.337     154.029           0     61.3747     48.1366
10         148     151.027      154.98           0     66.6285     49.1896
10         149     150.731     155.935           0     69.3954     49.9026
10         150     150.446     156.894           0     75.0946     48.8399
10         151     150.154      157.85           0     83.2405     47.8384
10         152     149.844       158.8           0     87.5573     46.7815
10         153       149.5     159.739           0     87.7393     46.5993
10         154     149.095     160.654           0     87.7834     46.1193
10         155      148.63     161.539           0     83.7989     46.5312
10         156     148.126     162.403           0     84.4705     46.5481
10         157     147.613     163.261           0     87.4958     42.8149
10         158     147.119      164.13           0     95.9009     35.5635
10         159     146.647     165.012           0     105.131       29.05
#1
11           0      143.39     159.073           0     98.6565     46.9208
11           1     143.567     160.056           0     93.0662     58.7904
11           2     143.832     161.019           0     88.0342     66.4708
11           3     144.196     161.949           0     81.2581     59.4578
11           4     144.626      162.85           0     78.9794       49.54
11           5      145.06      163.75           0     85.9015     40.5664
11           6     145.424      164.68           0     99.1187     26.6695
11           7     145.629     165.658           0     113.158     15.5441
11           8     145.672     166.656           0     124.023     10.3419
11           9     145.658     167.655           0      130.59     7.78391
11          10     145.707     168.652           0      132.03     7.38324
11          11     145.861     169.639           0      132.28     8.15654
11          12     146.042     170.622           0     135.875     8.72079
11          13     146.069      171.62           0     135.698     8.86398
11          14     145.769     172.573           0     118.293     17.3703
11          15     145.222     173.409           0      88.689     33.7079
11          16     144.576      174.17           0     68.9449     29.1128
11          17     143.929     174.931           0     63.0932     21.6382
11          18     143.332     175.732           0     65.4506     16.9849
11          19     142.787      176.57           0     70.2517     13.0319
11          20     142.268     177.423           0     73.0942     11.2042
11          21     141.737     178.269           0      75.661     11.0998
11          22      141.18     179.098           0     79.1197     11.8843
11          23     140.603     179.914           0     81.9159     12.2941
11          24     140.014     180.721           0     84.3447     11.9315
11          25     139.405     181.512           0       79.48     11.1763
11          26     138.767     182.281           0     76.9371     11.1184
11          27     138.109     183.032           0     75.8488     15.2449
11          28     137.458      183.79           0     75.9526     24.3561
11          29     136.845     184.579           0     75.1092      30.297
11          30     136.278     185.401           0     71.8529     29.0509
11          31     135.726     186.233           0     70.9382     28.9248
11          32     135.138     187.041           0     79.5936     33.5177
11          33     134.471     187.785           0     98.1522     30.9414
11          34      133.71     188.432           0     113.201     23.2466
11          35     132.882     188.991           0     117.524     17.8563
11          36     132.059     189.556           0     99.2382      14.704
11          37     131.286     190.189           0     80.0049     11.8545
11          38     130.574      190.89           0     63.0636      9.4442
11          39     129.912     191.637           0     53.5597     8.31876
11          40     129.275     192.407           0     49.2256     8.47948
11          41     128.644     193.182           0     49.7979     10.0244
11          42      128.02     193.961           0      54.635     12.3053
11          43     127.401     194.745           0     57.0795     15.4134
11          44     126.782     195.529           0     59.6019     18.5482
11          45     126.146     196.299           0      61.235     20.8438
11          46     125.481     197.045           0     63.4331     19.5146
11          47      124.79     197.766           0     63.1236     15.4791
11          48     124.092     198.481           0     58.2567     12.1307
11          49     123.404     199.205           0     51.8563     9.85453
11          50      122.73     199.942           0     46.3385     8.18106
11          51     122.066     200.688           0     44.5235     7.10752
11          52       121.4     201.433           0     44.9257      6.2775
11          53     120.724     202.168           0     49.7769     5.77478
11          54     120.035     202.891           0     56.6859     5.69043
11          55     119.335     203.604           0     59.6791     6.11261
11          56     118.619       204.3           0     63.7287     6.35024
11          57     117.883     204.976           0     68.5638     6.42586
11          58     117.132     205.634           0     69.9838     6.45064
11          59     116.364     206.273           0      73.436     6.15966
11          60      115.58     206.892           0     78.6628     6.05832
11          61     114.793     207.508           0     80.5908     6.28099
11          62     114.018     208.138           0     82.5303     6.10412
11          63     113.266     208.796           0     75.5618     5.97252
11          64     112.542     209.484           0     68.9795     5.67809
11          65     111.841     210.195           0     66.2162     5.58732
11          66     111.156     210.922           0     65.9651     5.28904
11          67     110.475     211.653           0     64.6329     5.50663
11          68     109.793     212.383           0     64.5954     6.24243
11          69     109.121     213.122           0     63.6687     8.60234
11          70     108.483     213.891           0     62.1623     12.1202
11          71     107.907     214.706           0     61.2551      15.786
11          72     107.372      215.55           0     61.7538     19.1695
11          73     106.842     216.397           0     65.2362     21.0891
11          74     106.283     217.225           0     70.1461     23.1163
11          75     105.689     218.028           0     75.6624     24.2627
11          76     105.088     218.825           0     80.7505     25.4586
11          77     104.519     219.647           0     83.2037     25.5682
11          78      104.02     220.512           0     87.7442     22.3251
11          79     103.603      221.42           0     85.0602     14.7779
11          80     103.236     222.349           0     83.5532      9.3442
11          81     102.833     223.263           0     83.7603     13.0498
11          82     102.305      224.11           0     82.7121     24.3108
11          83     101.604     224.822           0     78.8018     23.4766
11          84     100.784     225.393           0     70.9838      16.293
11          85     99.9153     225.886           0      66.828     12.5162
11          86      99.045     226.376           0     66.8816     10.9309
11          87     98.2002     226.909           0     73.6177     10.3953
11          88     97.3921     227.496           0      82.252      9.1282
11          89     96.6241     228.135           0     93.5441     7.35491
11          90     95.8984     228.822           0     104.482      5.5731
11          91     95.2266     229.561           0     111.461     3.89811
11          92     94.6045     230.342           0     117.207     3.18373
11          93     94.0221     231.154           0     128.875     2.77414
11          94     93.4628     231.981           0     134.515     3.19494
11          95      92.901     232.807           0     146.184     4.47459
11          96     92.3315     233.628           0     155.187      8.2713
11          97     91.7711     234.455           0     168.985     19.1706
11          98     91.2833     235.327           0     176.247     35.1351
11          99     90.9313     236.261           0      170.77     28.5506
11         100     90.6805     237.228           0     144.269     18.1581
11         101     90.4462     238.199           0     117.003     14.0986
11         102     90.1865     239.164           0     99.3392     12.6453
11         103     89.8987     240.121           0     94.8848     13.4206
11         104     89.5747     241.065           0     97.2518     15.2357
11         105     89.1833     241.984           0     101.561      17.358
11         106     88.6755     242.845           0     99.9523     17.3672
11         107     88.0603     243.632           0     93.6834     16.4191
11         108     87.3855     244.368           0     85.7698     17.4883
11         109     86.6946     245.089           0     82.6141     18.5496
11         110     86.0208     245.827           0     81.7345      19.864
11         111     85.3753     246.589           0     84.2456       20.87
11         112     84.7515     247.369           0     89.4896     22.2729
11         113     84.1456     248.163           0     94.4161     24.0868
11         114     83.5477     248.964           0     94.2951     27.9148
11         115      82.938     249.755           0     93.5202     38.7652
11         116     82.2622     250.491           0     85.9451     64.1917
11         117     81.4539     251.077           0     76.4356     85.4858
11         118     80.5242     251.443           0     59.7886     79.1786
11         119     79.5374     251.598           0     45.4647     41.6949
11         120     78.5386     251.608           0     40.1163     12.6357
11         121     77.5438     251.518           0     42.2812     3.78613
11         122     76.5599     251.346           0     48.0325      1.1776
11         123     75.5912     251.102           0     55.5103    0.437472
11         124     74.6345     250.815           0     58.1712    0.532561
11         125     73.6838     250.508           0     59.7838    0.590136
11         126      72.739     250.184           0     64.3275      0.6283
11         127     71.8001     249.843           0       67.91    0.560031
11         128     70.8631     249.497           0     69.7071     0.48985
11         129     69.9291     249.142           0     74.5467    0.550652
11         130     68.9995     248.777           0     74.9896    0.458699
11         131       68.07     248.411           0     70.6667    0.386332
11         132     67.1453     248.033           0     68.1198    0.407196
11         133     66.2294     247.634           0     59.7325    0.212746
11         134     65.3215     247.218           0     57.2366     0.22242
11         135     64.4211     246.785           0     58.5849     0.22078
11         136     63.5199     246.355           0     62.5875    0.550088
11         137     62.6158      245.93           0     70.1256     1.84515
11         138     61.7069     245.516           0     70.1988     3.95189
11         139     60.8034     245.089           0     72.4471     7.70805
11         140     59.9292     244.606           0     67.4762     10.9302
11         141     59.1156     244.027           0      64.699     12.8921
11         142     58.4055     243.324           0     65.0257     20.8674
11         143     57.7818     242.544           0     85.5999     42.0139
11         144      57.178     241.748           0     124.279      64.182
11         145     56.4699     241.044           0     156.916     56.3523
11         146     55.5745     240.601           0     150.655     35.1391
11         147     54.6265     240.286           0     119.576     33.3355
11         148     53.7064     239.897           0     85.4018     25.7401
11         149     52.8352     239.409           0     62.3203     9.51831
11         150     52.0016     238.858           0     54.1555      2.5786
11         151     51.1839     238.285           0      51.417    0.908797
11         152     50.3731     237.701           0     50.1919    0.598222
11         153     49.5626     237.117           0      50.421    0.507061
11         154     48.7579     236.525           0     49.2727    0.590897
11         155     47.9637      235.92           0     51.2826     0.53012
11         156     47.1836     235.296           0     48.1628    0.615395
11         157     46.4133      234.66           0     44.6017    0.638449
11         158     45.6367     234.032           0      41.146     0.63769
11         159      44.832      233.44           0     34.3078     0.60827
11         160     43.9697     232.936           0      27.288    0.488318
11         161      43.031     232.594           0     16.4787     0.26137
11         162     42.0875     232.266           0     8.65934    0.176408
11         163     41.1494     231.923           0     4.50899    0.175801
11         164     40.2143     231.572           0     2.00025   0.0588161
#1
12           0     108.538     226.357           0     12.4788     28.6557
12           1     109.542     226.443           0     10.6055     15.6448
12           2     110.531     226.243           0     6.75636     18.8578
12           3     111.429     225.785           0     2.89653     14.6175
12           4     112.235      225.18           0     1.55343     10.3324
12           5     113.033     224.564           0     1.61144     7.73355
12           6      113.83     223.946           0     2.81111      6.1726
12           7      114.63     223.334           0     7.51975     5.20323
12           8     115.426     222.715           0      12.943     4.81274
12           9     116.203     222.073           0     19.5222     4.69209
12          10     116.952     221.397           0     23.9829     5.20921
12          11      117.67      220.69           0       27.32     5.99915
12          12     118.368     219.963           0     28.6083      6.8865
12          13     119.067     219.237           0     27.7818     7.12696
12          14     119.794     218.537           0     25.6185      7.7272
12          15     120.566      217.89           0     23.4743     7.98748
12          16     121.392     217.312           0     22.3475     7.95293
12          17     122.269     216.813           0     22.2053       7.492
12          18     123.187     216.397           0     23.8238     7.44029
12          19     124.136     216.059           0     28.1693     7.13203
12          20     125.109     215.794           0     32.4368     5.89423
12          21     126.098     215.599           0     36.3734     4.27372
12          22     127.097     215.465           0     40.2651     2.73015
12          23     128.103     215.387           0     42.4302     1.41738
12          24      129.11     215.354           0     44.5837    0.462924
12          25     130.118     215.355           0     47.0961    0.231187
12          26     131.126     215.387           0     48.4005    0.131617
12          27     132.132     215.447           0     49.6714     0.11419
12          28     133.137      215.53           0     50.6103     0.14927
12          29      134.14     215.631           0     51.7001     0.11953
12          30     135.142     215.744           0     53.6377   0.0705933
12          31     136.143     215.861           0     55.8358   0.0552672
12          32     137.145     215.972           0     57.6618   0.0226934
12          33     138.149     216.066           0     57.3469   0.0353892
12          34     139.154     216.142           0     56.6086   0.0567572
12          35      140.16     216.201           0     55.4621   0.0680484
12          36     141.168     216.246           0      54.524    0.104875
12          37     142.175     216.284           0     54.3449     0.24003
12          38     143.182     216.323           0     54.5032    0.411895
12          39      144.19     216.363           0       55.36    0.559402
12          40     145.197       216.4           0     57.7918     1.08337
12          41     146.205     216.431           0     60.5469     4.86827
12          42     147.213     216.459           0     63.3582     12.5011
12          43      148.22     216.479           0     70.2457     18.4519
12          44     149.229     216.492           0     81.1029     20.3783
12          45     150.236     216.509           0     94.0748     19.1245
12          46     151.242     216.581           0     102.219     23.1838
12          47      152.23      216.78           0     98.0828      34.532
12          48     153.178     217.124           0     83.3539     33.0026
12          49     154.093     217.547           0     68.1619     21.4019
12          50     155.002     217.984           0     64.8918      16.436
12          51     155.929      218.38           0     69.6381     20.0673
12          52     156.889     218.685           0      79.721     36.0438
12          53     157.887     218.832           0      79.162     46.1702
12          54     158.895     218.816           0     62.3666     33.5792
12          55       159.9     218.734           0     42.6864     26.2654
12          56     160.905     218.657           0     32.8234     23.1251
12          57     161.912     218.613           0     31.6474     20.6483
12          58     162.917     218.535           0     31.5346     19.4659
12          59     163.916     218.399           0     27.7349      17.762
12          60     164.911     218.234           0     20.4332     16.4769
#1
13           0     208.739     213.418           0     124.207     76.4679
13           1     209.087     212.478           0     108.248     74.4372
13           2     209.416     211.531           0     77.9698     67.8689
13           3     209.721     210.576           0     52.7861     58.4549
13           4     210.038     209.625           0      39.182     43.9588
13           5     210.438     208.706           0     32.0535     26.3389
13           6     210.977      207.86           0     27.7988     14.2515
13           7     211.654     207.121           0     23.4666     11.0216
13           8     212.433      206.49           0     19.9873     10.7817
13           9     213.276     205.946           0     19.2127     10.6261
13          10     214.162     205.477           0      20.861     10.9348
13          11     215.075     205.064           0     24.8898      11.035
13          12     216.007     204.695           0     27.7137      12.677
13          13     216.948     204.348           0     30.4798     15.7116
13          14     217.887     203.996           0     34.5412     20.0813
13          15     218.812     203.611           0     39.3045     24.4081
13          16     219.713     203.171           0     47.4728     26.7112
13          17     220.573     202.655           0     58.6333     27.8742
13          18      221.38     202.061           0     73.1982     31.4689
13          19     222.139     201.406           0     93.9352      39.474
13          20     222.866     200.716           0     116.099     47.0409
13          21     223.578      200.01           0     129.795     46.9301
13          22      224.29     199.304           0     121.475     37.7002
13          23     225.014     198.611           0     97.8929     25.9964
13          24     225.754     197.934           0     70.5726     17.4804
13          25     226.507     197.272           0     49.7715     13.4529
13          26     227.278     196.631           0     38.0044      12.387
13          27      228.07     196.017           0     33.7664     12.0726
13          28     228.887     195.435           0     31.6489     9.99418
13          29     229.717     194.873           0     29.1992     6.15095
13          30     230.551     194.317           0     25.2203     3.63169
13          31     231.378     193.751           0     25.9186     2.37486
13          32       232.2     193.177           0     31.5408     1.57081
13          33     233.016     192.593           0     36.2485     1.23484
13          34      233.83     192.009           0     42.9023     1.28564
13          35     234.648      191.43           0     44.7994     1.43061
13          36     235.472     190.858           0     48.0204     1.66208
13          37       236.3     190.292           0     48.5991     1.66954
13          38     237.129     189.729           0     48.5862     1.75997
13          39      237.96     189.168           0     49.0587     1.78398
13          40     238.789     188.605           0     48.8563     1.84708
13          41     239.616     188.038           0      51.008     1.87023
13          42     240.438     187.464           0     50.7529     1.85233
13          43     241.255     186.882           0      52.595     2.06895
13          44     242.065     186.293           0     52.1493     2.20333
13          45     242.873     185.698           0     50.0425     2.14723
13          46     243.681     185.105           0     47.6703     2.07958
13          47     244.491     184.514           0     43.7953     2.25668
13          48       245.3     183.922           0     43.0412     2.90542
13          49     246.104     183.323           0     42.6868     3.52409
13          50     246.895     182.707           0     45.4699     4.62581
13          51     247.666     182.067           0     50.8846     6.10292
13          52     248.413     181.398           0     59.1186     7.98669
13          53     249.139     180.707           0     71.5115      10.986
13          54     249.861     180.011           0     88.5675     15.4991
13          55     250.597      179.33           0     102.943     21.5347
13          56     251.352     178.671           0     119.457     27.7181
13          57     252.127     178.035           0      137.11     32.3816
13          58     252.914     177.414           0     139.648     36.5434
13          59     253.705     176.798           0     142.107     42.2118
13          60     254.485     176.168           0     144.426     51.8478
13          61     255.238     175.506           0     146.419     60.6395
13          62     255.962     174.812           0     146.285      62.789
13          63     256.671     174.104           0     131.677     62.1144
13          64     257.388     173.403           0     111.696     59.3461
13          65     258.118     172.716           0     93.0771      49.933
13          66     258.853     172.034           0     81.1789     36.2795
13          67      259.58     171.343           0     74.5384     25.5604
13          68     260.295     170.641           0     78.2073     19.0995
13          69     261.002      169.93           0     89.7109     15.4394
13          70     261.704     169.214           0     91.4832     14.2024
13          71     262.404     168.497           0     89.5754     13.7847
13          72     263.103     167.778           0     88.6401      14.418
13          73     263.794     167.051           0     87.5615     14.1124
13          74     264.471     166.312           0     86.2877     13.0142
13          75     265.139     165.564           0      91.588     12.3707
13          76     265.808     164.818           0     100.235     11.9474
13          77     266.496     164.089           0      110.28     12.7909
13          78     267.213     163.388           0     117.884      15.061
13          79     267.962     162.721           0     124.124     19.1477
13          80     268.739     162.088           0     125.703     24.1696
13          81     269.539     161.483           0     124.585     28.6197
13          82     270.359     160.907           0     130.269     31.6554
13          83     271.201     160.364           0       132.8     33.1946
13          84     272.066     159.857           0     138.227     34.6348
13          85     272.955     159.393           0     134.782     35.1462
13          86     273.861     158.963           0     131.201     36.4336
13          87     274.772     158.545           0     122.877     37.0932
13          88     275.682     158.123           0      121.77     37.9048
13          89     276.581     157.681           0     121.268     37.2022
13          90     277.466      157.21           0     124.781      36.161
13          91     278.333     156.706           0     127.137     33.2607
13          92     279.189     156.185           0     130.516     29.9234
13          93     280.063     155.693           0     129.699     27.5838
13          94     280.992     155.317           0     117.236     30.6758
13          95     281.976     155.122           0     88.4104     36.9278
13          96     282.977     155.073           0     56.3755     41.8459
13          97      283.98     155.077           0     41.1463     40.0207
13          98     284.982     155.055           0     40.8371     33.5914
13          99     285.982     154.976           0     46.6993     27.4221
13         100     286.975     154.844           0     50.7814     19.8466
13         101     287.962     154.669           0     52.2375     12.9214
13         102     288.945     154.468           0     53.0019     7.06056
13         103     289.925     154.257           0     55.0713     3.94405
13         104     290.905     154.046           0     57.4178     3.26371
13         105     291.886      153.84           0     55.0172      2.8926
13         106      292.87     153.646           0     51.2764     3.06648
13         107     293.855     153.462           0      48.806     3.23284
13         108     294.841     153.281           0     48.3761     3.29989
13         109     295.828     153.107           0     51.4859     3.49478
13         110     296.818     152.947           0     55.0464     3.99448
13         111     297.812     152.812           0     58.2347     5.11724
13         112     298.808     152.706           0     60.3831     6.43758
13         113     299.808     152.623           0     60.2934     8.14443
13         114     300.808     152.555           0     58.4057     9.95556
13         115     301.809     152.497           0     56.7896     11.4919
13         116      302.81     152.443           0     55.3895     13.1979
13         117     303.811     152.387           0      55.724      15.147
13         118     304.811     152.321           0     57.9505     18.0742
13         119     305.809     152.229           0     62.0924     23.1807
13         120       306.8     152.076           0      71.501     33.1607
13         121     307.766     151.808           0     84.8283     38.9651
13         122      308.67     151.373           0     92.7295     29.3648
13         123     309.478      150.78           0     89.8523     28.3674
13         124     310.237     150.126           0     78.1189     38.5396
13         125     311.035     149.519           0     63.5766     53.6794
13         126      311.91     149.029           0     52.0822     57.1451
13         127      312.85      148.68           0     49.0587     43.9586
13         128     313.833     148.485           0      52.101     29.2471
13         129     314.836     148.467           0     55.6305     20.2953
13         130     315.826      148.62           0     56.8172      17.647
13         131      316.79     148.897           0     57.5632     17.2403
13         132     317.734     149.235           0     58.8908     18.1643
13         133     318.678      149.57           0     61.4975     21.0251
13         134      319.64     149.854           0     61.3336     23.6363
13         135     320.619     150.072           0     59.6459      25.102
13         136     321.606     150.248           0     58.3539     24.9274
13         137     322.593     150.419           0      58.682      24.296
13         138     323.575     150.624           0     60.1535      23.625
13         139     324.541     150.892           0     62.4967     23.0269
13         140     325.485      151.23           0     64.1531     22.5003
13         141     326.405     151.627           0     66.0162     21.4854
13         142     327.303     152.073           0     69.3082     20.6108
13         143     328.176     152.567           0     69.9367     19.3752
13         144      329.02     153.108           0     71.3256     17.5522
13         145      329.83     153.698           0      69.049     15.5651
13         146     330.613     154.325           0     68.6957       12.48
13         147      331.38     154.969           0     71.0055     8.81894
13         148     332.146     155.616           0     75.8708     5.86829
13         149     332.918     156.256           0     84.0077     3.68052
13         150     333.705     156.878           0     90.6166     2.53318
13         151     334.511     157.474           0      90.523     2.74489
13         152     335.342     158.034           0     92.0807     3.94138
13         153     336.214      158.53           0     91.1531     7.37679
13         154     337.142     158.907           0     92.8289     16.9518
13         155     338.113     159.156           0     90.3921     27.1532
13         156     339.099     159.338           0     85.4959      25.872
13         157     340.083     159.531           0      80.079     20.2561
13         158     341.054     159.779           0     78.1052      15.268
13         159     342.007     160.091           0     80.0919     12.5305
13         160     342.943      160.45           0     80.7441     13.3623
13         161     343.863     160.849           0     82.6763     18.4382
13         162      344.76     161.296           0     77.7811     23.1681
13         163      345.64     161.778           0     71.4902     25.6871
13         164     346.521     162.255           0     68.9908     27.6285
13         165     347.454     162.622           0     72.2961     30.1559
13         166     348.353     163.065           0      82.734     27.1114
13         167      349.17     163.646           0     94.2276     17.7783
13         168     349.861     164.373           0     102.886     20.2277
#1
14           0     5.96187     343.238           0     1.96187           0
14           1     6.96514     343.149           0     4.75115           0
14           2     7.96736      343.05           0     11.5774  0.00491351
14           3     8.96822     342.937           0     22.4638   0.0115312
14           4     9.96684     342.806           0     38.4795   0.0292335
14           5     10.9623     342.653           0     57.2178   0.0800509
14           6     11.9577     342.499           0     68.9944    0.137412
14           7     12.9517     342.337           0     75.0488    0.152977
14           8     13.9438     342.163           0     77.8131    0.176219
14           9     14.9332     341.975           0     79.5623    0.198037
14          10     15.9226     341.786           0     75.7051    0.132278
14          11     16.9139     341.608           0     72.5413    0.132003
14          12     17.9076     341.444           0      71.173    0.189429
14          13     18.9029      341.29           0     70.7538    0.190723
14          14     19.8997     341.146           0     72.0783    0.187879
14          15     20.8988     341.018           0     74.5936    0.154525
14          16     21.9005     340.914           0     74.5908    0.127107
14          17     22.9049     340.839           0     74.7823   0.0420544
14          18      23.911     340.792           0     75.2105    0.128322
14          19     24.9178     340.764           0     74.4459    0.154916
14          20     25.9248     340.746           0     74.4393    0.156901
14          21     26.9319     340.737           0     73.4397    0.157883
14          22     27.9391     340.733           0     72.6461    0.158323
14          23     28.9463      340.73           0      71.622    0.158816
14          24     29.9534     340.718           0      71.466      0.0825
14          25       30.96     340.687           0     71.4815   0.0793051
14          26     31.9655     340.629           0     72.1054    0.149509
14          27     32.9689     340.541           0     73.0402    0.190544
14          28     33.9685     340.418           0     74.6856    0.194383
14          29     34.9627     340.257           0     75.9184    0.201156
14          30     35.9495     340.055           0     77.2458    0.232908
14          31     36.9289     339.821           0     73.1495    0.247866
14          32     37.9055     339.574           0     67.9674    0.263771
14          33     38.8814     339.325           0     66.1607    0.165031
14          34     39.8561     339.071           0     67.9418    0.225528
14          35     40.8322     338.823           0     66.5132    0.217179
14          36     41.8145     338.601           0     65.1274    0.114253
14          37     42.8022     338.404           0     65.2708   0.0400072
14          38     43.7927     338.221           0     65.8562   0.0415971
14          39     44.7848     338.048           0     65.8047    0.101042
14          40     45.7797     337.891           0     62.4474     0.52454
14          41     46.7801     337.774           0     58.5021     1.93019
14          42     47.7817     337.668           0     58.1174     6.36706
14          43     48.7754     337.503           0     66.5252     15.3674
14          44     49.7356       337.2           0     85.1969     21.1238
14          45     50.6265      336.73           0     98.7097     27.3431
#1
15           0     52.2945     346.459           0     2.75913     2.45856
15           1     52.0762     345.485           0     7.48384     3.65162
15           2     51.8542     344.513           0     14.9654      4.3549
15           3     51.6426     343.539           0     24.5981     4.54396
15           4     51.4539     342.559           0      36.422     4.14907
15           5     51.2869     341.576           0     48.1516      3.3336
15           6     51.1251     340.592           0     58.6956     3.46164
15           7     50.9921     339.603           0     69.6945     11.0646
15           8     50.9207     338.609           0     82.7067     29.6839
15           9      50.981     337.613           0     97.0856     25.1482
15          10     51.2239     336.646           0     102.475     7.65033
15          11     51.6144     335.728           0     102.066     4.58436
15          12     52.0766     334.844           0     99.7755     5.14122
15          13      52.554     333.969           0     90.5124     5.34158
15          14      53.031     333.093           0     83.2578      5.9722
15          15     53.5159     332.221           0     73.3572     6.30462
15          16     54.0048     331.352           0      66.742     7.61922
15          17     54.4822     330.476           0     62.1749     8.97126
15          18     54.9311     329.586           0     59.6312       10.84
15          19     55.3275     328.671           0     56.7863     12.1863
15          20     55.6619     327.731           0     55.5348     13.8779
15          21      55.927      326.77           0     55.3877     15.6083
15          22     56.1151      325.79           0      54.913     17.2936
15          23     56.2384       324.8           0     56.2084     19.0862
15          24     56.3204     323.806           0     59.4791     22.2015
15          25     56.3876     322.811           0     71.0149      28.615
15          26      56.451     321.816           0     106.278     39.7034
15          27     56.4803     320.819           0     167.638     61.1171
15          28     56.3635     319.829           0      188.68     64.8069
15          29     56.1062     318.865           0     163.476     51.6041
15          30     55.8877     317.892           0     135.289      32.122
15          31     55.7712     316.901           0     121.404     21.3402
15          32     55.7658     315.904           0      113.74     20.3933
15          33     55.8557     314.911           0     108.293     21.6893
15          34     56.0053     313.925           0     105.928     22.8971
15          35      56.166     312.941           0     104.655     24.3253
15          36     56.2931     311.951           0     106.367     28.2181
15          37     56.3736     310.957           0     108.505     34.1523
15          38     56.4254     309.961           0     108.105     38.7351
15          39     56.5032     308.967           0     102.624      38.519
15          40     56.6662     307.983           0     91.4184     37.7846
15          41     56.9402     307.024           0     78.1406     40.8294
15          42     57.3105     306.098           0     64.6981     44.6797
15          43     57.7427     305.199           0      60.937     46.6381
15          44     58.2073     304.317           0      65.655     46.7302
15          45     58.6599     303.428           0      76.664     43.3995
15          46      59.066     302.517           0     91.7593     39.1427
15          47     59.4024     301.578           0     101.613     35.0288
15          48     59.6803      300.62           0      110.09     33.9558
15          49     59.9317     299.655           0      118.51      33.821
15          50     60.1732     298.688           0     120.874     34.1079
15          51     60.4171      297.72           0     121.957     34.9235
15          52      60.679     296.758           0     124.857      35.322
15          53     60.9501     295.798           0         129     34.9039
15          54     61.1787     294.828           0     127.121     34.3267
15          55     61.3281     293.841           0     125.246     34.6168
15          56     61.3852     292.846           0     122.479      34.758
15          57     61.3775     291.848           0     117.977     34.4616
15          58      61.385     290.851           0     112.722     33.7481
15          59     61.5041     289.861           0     106.313     33.6749
15          60     61.7943     288.907           0     97.5174      33.177
15          61      62.248     288.019           0     85.6874     32.1301
15          62     62.8184       287.2           0     74.9472     31.1527
15          63     63.4415     286.422           0     74.6009     30.4306
15          64     64.0521     285.633           0     82.1051      32.741
15          65     64.5761     284.785           0     90.8313     38.2496
15          66     64.9586     283.864           0     96.5025     38.6214
15          67     65.1803     282.891           0     95.1147     37.8726
15          68     65.3224     281.904           0     90.0705     40.1388
15          69     65.4777     280.919           0     83.4763      41.677
15          70     65.6935     279.945           0       76.25     42.0234
15          71     65.9506     278.981           0     69.8324      42.706
15          72     66.2003     278.016           0     60.9364     43.2812
15          73       66.42     277.043           0     52.9245     42.5478
15          74     66.6312     276.068           0     47.3669     40.8975
15          75     66.8835     275.103           0     49.2717     38.9457
15          76     67.2308     274.169           0     55.4729     39.2086
15          77     67.7153     273.297           0      63.019     41.0115
15          78     68.3293     272.511           0     68.1107     40.7211
15          79      69.012     271.784           0     74.0019     43.4185
15          80     69.6878      271.05           0     79.1561     46.7301
15          81     70.2802     270.248           0     81.1807     42.3494
15          82     70.7416     269.364           0     78.8466     38.3174
15          83     71.1136     268.438           0     75.3394     39.7464
15          84     71.4674     267.506           0     72.2968     39.6567
15          85     71.8746     266.596           0      73.582     36.8576
15          86     72.3541     265.721           0     73.4382      35.559
#1
16           0     58.9738     302.718           0     89.0273     44.0931
16           1     59.8638     303.169           0     81.7325     61.6757
16           2     60.6014     303.842           0     69.5064     42.6395
16           3     61.2059     304.636           0     61.3143     41.3641
16           4     61.7071     305.499           0     57.4785     43.5627
16           5     62.0542     306.434           0      56.768     46.6581
16           6     62.2843     307.406           0     54.1132     48.7123
16           7     62.4637     308.387           0     52.4494      50.551
16           8     62.6414     309.369           0     49.8989      51.709
16           9     62.8499     310.345           0     45.3221       51.04
16          10     63.0981     311.312           0      38.988     47.5651
16          11     63.3733     312.271           0     33.0286     43.6383
16          12     63.6663     313.225           0     36.4873      39.782
16          13     63.9771     314.174           0     57.1853     38.3913
16          14     64.2907     315.121           0      88.747     41.8338
16          15     64.5843     316.075           0     116.123     49.8466
16          16     64.8634     317.033           0     131.057     62.9406
16          17     65.1483      317.99           0     134.728     72.8619
16          18     65.4428     318.943           0     133.807     64.7515
16          19     65.7163     319.903           0     122.144     52.6039
16          20     65.9159     320.881           0     97.7926     43.8637
16          21     66.0164     321.874           0     73.9698     35.0052
16          22     66.0385     322.872           0      63.039     25.4369
16          23     66.0284      323.87           0     60.1258     20.2538
16          24     66.0387     324.868           0     58.0377     17.6051
16          25     66.1001     325.864           0     54.8079     15.7436
16          26     66.2081     326.856           0     51.3615     14.1207
16          27     66.3375     327.846           0     48.0614     12.4983
16          28     66.4596     328.836           0     45.8737      11.062
16          29     66.5625     329.829           0     46.2448     9.04498
16          30     66.6494     330.823           0     48.5309     6.82702
16          31     66.7424     331.817           0     51.0291     4.85693
16          32      66.876     332.806           0     52.3578     3.65586
16          33     67.0855     333.781           0     52.3826     3.53126
16          34     67.3853     334.733           0     51.7156     5.84603
16          35     67.7438     335.665           0     56.4733     14.8065
16          36     68.0834     336.603           0     67.8567     29.1892
16          37     68.3147     337.574           0     81.3918     34.1775
16          38     68.4254     338.566           0     89.0622     35.9415
16          39     68.5493     339.556           0     86.2507     42.0598
16          40     68.8156     340.518           0     72.6981      33.786
16          41     69.2027     341.438           0      55.613     22.8365
16          42     69.6374     342.336           0     43.6471     19.1239
16          43     70.0858     343.228           0     39.7499     18.7326
16          44     70.5608     344.106           0     42.2576     19.0434
16          45     71.0651     344.967           0     44.0031     19.6659
16          46     71.5898     345.816           0     44.4433     20.4838
16          47     72.1059      346.67           0     45.0587     23.5355
16          48     72.5979     347.538           0     51.5871     30.5617
16          49     73.0639     348.421           0     66.1507     38.1439
16          50      73.526     349.305           0     86.5218     42.1573
16          51     74.0191     350.173           0     103.106     41.0857
16          52     74.5551     351.015           0     100.379     34.2218
16          53     75.0753     351.867           0     81.5857     22.0746
16          54     75.5089     352.766           0     58.1214     14.2264
16          55     75.8308      353.71           0     43.2138     12.2347
16          56     76.0448     354.685           0     35.8022     10.1016
16          57      76.174     355.675           0     34.6181     8.27475
16          58     76.2519      356.67           0     37.6788     6.85944
16          59     76.3036     357.666           0     43.6646     5.59968
16          60     76.3406     358.664           0     50.6459     4.25844
16          61     76.3702     359.661           0     58.2902     3.42301
16          62     76.4103     360.658           0     65.6094     2.94424
16          63     76.4814     361.654           0     71.5847      2.7024
16          64     76.5995     362.645           0     77.9843     2.14334
16          65     76.7749     363.627           0     88.2676     1.95211
16          66     77.0087     364.598           0     105.662     2.04176
16          67     77.2801     365.558           0     119.699     2.42568
16          68     77.5698     366.513           0     132.048     3.49544
16          69     77.8802     367.462           0     140.009      5.2492
16          70     78.2169     368.401           0     132.516     7.09303
16          71     78.5649     369.337           0     117.104     8.61404
16          72     78.9151     370.271           0     102.428     10.7306
16          73      79.254      371.21           0     84.4262     13.0292
16          74       79.59      372.15           0     71.5315     17.2812
16          75     79.9786     373.069           0     63.4081     24.2268
16          76      80.472     373.936           0     53.9391     28.9787
16          77     81.0902      374.72           0     47.5073     24.3067
16          78     81.8052     375.416           0     43.9629     14.2438
16          79     82.5881     376.035           0     46.1658     8.90937
16          80     83.4093     376.602           0     50.9411     8.77167
16          81     84.2361     377.161           0     58.8503     9.19627
16          82     85.0307     377.765           0     65.1142     11.4753
16          83     85.7494     378.457           0       65.44      18.386
16          84     86.3763     379.234           0     60.3347     22.6259
16          85     86.9563     380.046           0     51.7974     21.4801
16          86     87.5562     380.844           0     41.9475     20.7433
16          87     88.2052     381.602           0     40.0163     22.6726
16          88     88.9042     382.314           0     49.4939     26.1823
16          89     89.6354     382.994           0     69.4158     29.7929
16          90     90.3668     383.673           0     85.3935     37.4783
16          91     91.0439     384.406           0      96.305     45.0307
16          92     91.6245     385.217           0     100.363     45.3067
16          93     92.1028     386.093           0     107.757     43.3686
16          94     92.5169     387.001           0      117.53     43.6707
16          95     92.9032     387.922           0     128.428     45.3542
16          96     93.3115     388.832           0     132.916     45.9487
16          97     93.7783     389.714           0     133.079     45.3064
16          98     94.3216     390.552           0     129.708     44.2676
16          99     94.9251     391.347           0     128.505     46.2648
16         100     95.5746     392.104           0     133.428     55.4694
16         101     96.2653     392.825           0     145.309     76.5146
16         102     97.0195     393.478           0     157.903     102.666
16         103     97.8535     394.026           0         167     93.2647
16         104     98.7413     394.482           0     166.609     55.0521
16         105     99.6444     394.907           0     168.909     35.4885
16         106     100.536     395.355           0     166.904     28.6409
16         107     101.394     395.866           0     165.839     27.0173
16         108     102.188     396.471           0     154.658     24.8156
16         109     102.908     397.161           0     138.876       24.68
16         110     103.573     397.905           0     109.116     24.8755
16         111     104.211     398.673           0     86.1476     24.4287
16         112     104.861     399.431           0     73.7331     20.9985
16         113     105.539     400.163           0     68.6334     15.3791
16         114     106.238     400.875           0     67.6418     9.58738
16         115     106.936     401.588           0     69.3501     5.21939
16         116     107.618     402.317           0     72.1712     2.53481
16         117      108.29     403.054           0     75.9221     2.24999
16         118     108.963     403.792           0     76.9545     3.14186
16         119     109.651     404.514           0      73.483     3.91476
16         120     110.365     405.212           0     72.1953     4.99784
16         121       111.1     405.887           0     72.2278     5.98818
16         122     111.847     406.548           0     70.6341     6.59498
16         123     112.607     407.195           0      71.959     6.97564
16         124     113.377     407.831           0     74.0703     7.21457
16         125     114.145     408.468           0      75.097     7.49399
16         126     114.907     409.113           0     76.6429     7.69393
16         127     115.661     409.766           0     71.1836     7.86327
16         128     116.407      410.43           0     63.6541     7.87118
16         129     117.147     411.099           0     56.7478      7.5775
16         130      117.88     411.776           0     50.0551     7.45671
16         131     118.608     412.459           0     46.3573     6.93767
16         132     119.336     413.141           0     47.3851     6.04838
16         133     120.072     413.816           0     50.1312     4.82305
16         134     120.817      414.48           0     51.6483     3.76563
16         135     121.577     415.126           0     52.8685     3.26161
16         136     122.348      415.76           0     51.8354     3.27258
16         137     123.122      416.39           0     50.9388      3.8259
16         138     123.894     417.023           0     50.6555     4.39599
16         139     124.664     417.658           0     48.7589     5.00953
16         140     125.433     418.293           0     49.0838     5.44663
16         141     126.206     418.925           0     50.2534     5.96411
16         142     126.984      419.55           0     48.9612     6.73085
16         143     127.773     420.162           0     46.5856      7.6091
16         144     128.573     420.758           0     42.2844       8.574
16         145     129.377     421.349           0     39.2046     9.50121
16         146     130.175     421.948           0     39.9574     10.0174
16         147     130.957     422.569           0      42.468     10.2218
16         148      131.72     423.212           0     45.2378     10.0579
16         149     132.471      423.87           0     46.6245      11.384
16         150     133.216     424.534           0     45.3288     15.0242
16         151     133.968     425.189           0     44.4074     21.5151
16         152     134.735     425.828           0      43.101     29.1788
16         153     135.513     426.453           0     42.7769     33.0907
16         154     136.291     427.078           0     43.0858      31.473
16         155     137.053     427.722           0     41.8338      26.879
16         156     137.792     428.393           0     39.5318     21.6335
16         157     138.517     429.079           0     39.4463     17.1268
16         158     139.251     429.755           0     41.6447     14.5238
16         159     140.025     430.386           0     44.3168     14.8624
16         160     140.863     430.927           0     43.8741     17.4084
16         161     141.765     431.356           0     38.5847     25.0947
16         162     142.704     431.693           0     35.3644     33.0866
16         163     143.649     432.014           0     38.9156     38.1524
16         164     144.557     432.429           0     52.1473     39.7546
16         165     145.357     433.025           0      70.582     35.9975
16         166     145.953     433.825           0     86.8942     30.6521
16         167     146.312     434.757           0     91.7906       33.74
16         168     146.557     435.724           0     92.1222     40.5448
16         169     146.879     436.669           0     89.2447     44.2386
16         170     147.414     437.511           0     81.2088     31.6747
16         171     148.158     438.176           0     70.7096      25.793
16         172     149.021     438.678           0     58.1975     29.4012
16         173     149.897     439.155           0     53.2621     35.5971
16         174     150.833     439.502           0     64.5891     42.1482
16         175     151.804     439.734           0     84.5532     52.7508
16         176     152.797     439.836           0     95.2295     56.1262
#1
17           0     118.001     387.503           0     2.00137     1.34748
17           1     118.699     388.225           0     2.69941     1.68657
17           2     119.391     388.953           0     3.39076     2.06208
17           3      120.08     389.683           0     4.08036     2.20548
17           4      120.77     390.414           0     4.35574     2.44992
17           5     121.452     391.151           0     4.45154     2.83658
17           6     122.108     391.911           0     5.10815     2.93776
17           7     122.758     392.677           0     5.75769     3.10149
17           8     123.403     393.447           0     5.73323     3.25905
17           9     124.044      394.22           0     6.04357     3.37252
17          10     124.679     394.998           0     6.67916     3.52406
17          11     125.313     395.777           0           7     3.51337
17          12     125.945     396.557           0     6.96922     3.64301
17          13     126.577     397.337           0           7      3.6438
17          14     127.208     398.119           0     7.20785     3.58105
17          15     127.835     398.904           0     7.83456     3.51641
17          16     128.451     399.697           0     8.45091     3.47019
17          17     129.055     400.499           0     9.55392     3.61197
17          18     129.646     401.311           0      10.847     3.84098
17          19     130.229     402.129           0     12.3871     4.13378
17          20     130.804     402.952           0     14.5215     4.41135
17          21      131.37     403.782           0     16.4408     4.60836
17          22     131.926     404.618           0     17.8975     4.63956
17          23     132.471     405.462           0     18.6879     4.88189
17          24     133.003     406.313           0     19.6845     4.95619
17          25      133.52     407.175           0     18.8322     4.79474
17          26      134.02     408.046           0     18.8901      4.5234
17          27     134.495      408.93           0      17.105      4.3217
17          28      134.95     409.826           0     16.1331      4.4431
17          29      135.39     410.728           0          16     4.61826
17          30     135.829     411.632           0     17.1552     5.18394
17          31     136.281     412.528           0     19.2052     6.18509
17          32     136.756     413.413           0     21.5826     7.41334
17          33     137.256     414.284           0     23.6415     8.34659
17          34      137.78     415.141           0     25.9209     8.73429
17          35     138.322     415.987           0     27.2998     8.87538
17          36     138.875     416.825           0     29.4216     8.73892
17          37     139.434     417.659           0     30.1381     8.79733
17          38     139.996     418.491           0     31.4836     8.97006
17          39     140.559     419.323           0     32.0379     9.36479
17          40     141.122     420.155           0     32.9156     10.0276
17          41     141.683     420.987           0     33.6662     11.2595
17          42     142.241     421.823           0     33.0063     12.5839
17          43     142.792     422.662           0     33.2493     13.6549
17          44     143.339     423.505           0     33.3308     14.3456
17          45     143.886     424.347           0      34.115     14.9991
17          46     144.438     425.186           0     34.7019     15.8096
17          47     144.978     426.033           0     36.9636     17.7373
17          48     145.474     426.906           0     40.0516     20.5608
17          49      145.89      427.82           0     46.3716     24.6244
17          50       146.2     428.775           0     52.8061     29.1743
17          51     146.393     429.761           0     59.2567     32.4975
17          52     146.481     430.761           0     65.5294     35.3051
17          53     146.501     431.765           0     72.3587     36.9038
17          54     146.475     432.769           0     80.1419     36.6287
17          55     146.456     433.773           0     87.4131      34.962
17          56      146.48     434.777           0     91.7358     35.6725
17          57     146.566     435.778           0     92.0963     40.6113
17          58     146.703     436.773           0     88.6794     46.9867
#1
18           0     187.878     189.174           0     72.3414     18.9941
18           1     188.878       189.1           0     68.8893     21.1841
18           2     189.881     189.091           0     62.3665     25.3682
18           3     190.883     189.136           0     53.4911     27.2284
18           4     191.882     189.227           0     45.7144     27.2607
18           5     192.867     189.417           0     46.5908     26.5905
18           6     193.826     189.711           0     56.0728     20.5325
18           7     194.765     190.066           0     70.6121      15.036
18           8     195.704     190.418           0     80.8098     15.0142
18           9     196.661     190.719           0       83.37     17.8648
18          10     197.636     190.955           0     75.5032     19.7617
18          11     198.619     191.153           0      59.222     22.0896
18          12     199.604     191.347           0     44.7704      25.771
18          13     200.587     191.543           0     39.1593     28.4941
18          14     201.572     191.734           0     43.0186     28.3995
18          15      202.56      191.91           0     52.6766     26.1916
18          16     203.551     192.068           0     60.1121     24.8014
18          17     204.544     192.209           0     59.8287     26.6199
18          18     205.538      192.34           0     54.2023     30.5017
18          19     206.534     192.465           0     46.7951     33.4535
18          20      207.53     192.578           0     41.0077     34.2896
18          21     208.529     192.675           0     38.6822      32.743
18          22     209.528     192.759           0     40.9074     28.3518
18          23     210.528      192.84           0     46.2865     22.7317
18          24     211.527     192.933           0      55.889     16.7982
18          25     212.524     193.044           0     68.0269     10.6849
18          26      213.52     193.168           0     79.6541     8.22232
18          27     214.518     193.261           0      87.931     9.97016
18          28      215.52     193.212           0     90.1882     16.5194
18          29     216.471      192.89           0      80.065     27.8905
18          30     217.322     192.359           0     58.7551      34.798
18          31     218.118     191.749           0     40.1356     28.6848
18          32     218.916     191.142           0     28.2239     21.8247
18          33     219.745     190.577           0     24.8573     18.0117
18          34     220.602     190.054           0     26.9429     14.4408
18          35     221.465     189.544           0     27.6109      11.391
18          36     222.302     188.991           0     33.1696     9.30342
18          37     223.082      188.36           0      34.102     6.99963
18          38     223.802     187.661           0     34.6843     3.33981
18          39     224.498     186.939           0     36.9089     3.27512
18          40     225.222     186.244           0      34.774     4.78183
18          41     225.987     185.596           0     31.4089     4.52256
18          42     226.791     184.996           0     26.6051     2.07525
18          43     227.621     184.432           0     21.8188      1.4263
18          44     228.464     183.888           0     19.7809     1.85437
18          45      229.31      183.35           0     18.1328     2.34919
18          46     230.153     182.806           0     17.7121     2.66524
18          47      230.99     182.252           0     17.7428      2.8873
18          48     231.819     181.688           0     16.7561     2.74149
18          49     232.641     181.112           0     15.9684      2.4257
18          50     233.454     180.525           0     15.5023     2.54155
18          51     234.262      179.93           0     15.6534     2.30876
18          52     235.067     179.333           0     15.6449     2.21134
18          53     235.875     178.738           0     15.9346     2.30824
18          54     236.688     178.149           0     17.0673     2.33069
18          55     237.504     177.566           0     16.7804     2.19753
18          56      238.32     176.983           0      17.314     1.90236
18          57     239.125     176.385           0     18.8177     2.03322
18          58     239.911     175.761           0     21.0181     2.95847
18          59     240.672     175.107           0     24.4364     5.46243
18          60     241.424     174.444           0     27.6886     9.73565
18          61       242.2     173.807           0      32.209     14.9523
18          62     243.033     173.248           0     36.8324     16.9082
18          63     243.931     172.802           0     40.0601     17.1338
18          64     244.875     172.462           0     43.1625     19.0572
18          65     245.841     172.193           0     46.1685     22.9196
18          66     246.828      172.01           0     48.6343     28.3211
18          67     247.823     171.887           0     51.1496     36.0616
18          68      248.82     171.776           0     52.3327     49.6123
#1
19           0     201.439     184.798           0     29.0264     23.8336
19           1     202.427     184.873           0       35.61     21.5805
19           2     203.414     184.972           0     43.6063     20.0874
19           3     204.394     185.122           0     52.6672     19.9858
19           4     205.363     185.328           0     62.4177     21.3121
19           5      206.32     185.587           0     72.0581     23.7679
19           6     207.249     185.934           0     78.6511     29.4688
19           7     208.121     186.406           0     75.1501     33.7131
19           8     208.915     186.999           0     66.5145     29.5279
19           9     209.635      187.68           0     51.9276     24.2766
19          10     210.286     188.427           0      40.415      23.385
19          11     210.879     189.222           0      33.859     22.2959
19          12     211.433     190.044           0     34.1188     19.7185
19          13      211.99     190.864           0     41.8574      14.667
19          14     212.608     191.639           0      56.479     11.0381
19          15     213.323     192.326           0     71.7169     10.1355
19          16     214.129     192.903           0     86.2592     10.5142
19          17      214.98     193.412           0     90.4483     11.6482
19          18     215.825      193.93           0     91.4886     14.7319
19          19     216.631     194.506           0     79.0665      16.825
19          20     217.402      195.13           0      63.806     16.3197
19          21     218.162     195.766           0     49.2469     15.4696
19          22     218.939     196.382           0     43.8971     16.4856
19          23     219.742     196.963           0     51.3044     19.2709
19          24      220.56     197.524           0     65.7043     23.0413
19          25     221.377     198.084           0     87.4665      27.003
19          26     222.181     198.664           0     108.804     31.9764
19          27     222.951     199.289           0     124.836     38.0762
19          28     223.667     199.975           0     130.181     41.9582
19          29     224.318     200.722           0     123.061     38.0218
19          30     224.922     201.508           0     108.264     30.0058
19          31      225.51     202.306           0     87.5271     21.7256
19          32     226.103       203.1           0     68.6245     15.2856
19          33     226.709     203.885           0     49.9233     13.2226
19          34     227.321     204.665           0     35.8787     14.1697
19          35     227.928     205.449           0     29.1972     16.1369
19          36     228.534     206.233           0     30.4975     17.1048
19          37     229.116     207.036           0      39.023     16.9733
19          38     229.656     207.867           0     50.8739     17.3069
19          39     230.122     208.742           0     57.5489     13.9816
#1
20           0      248.67     159.727           0     94.3166     34.1639
20           1     249.627     159.411           0     87.6898     34.3553
20           2     250.607     159.176           0     69.4073      28.966
20           3     251.597     158.988           0     50.7608     21.2878
20           4     252.591     158.821           0     36.7455     12.5279
20           5     253.586     158.663           0     29.2565     5.61403
20           6     254.578     158.483           0     25.5325     3.23655
20           7     255.561     158.265           0     23.4061     3.68382
20           8     256.533     157.998           0     21.9279     6.35564
20           9     257.492     157.689           0      20.039     8.94185
20          10     258.443     157.354           0     19.7692     10.5042
20          11     259.389     157.007           0     22.9159     11.8295
20          12     260.336     156.662           0     29.5899     12.9123
20          13     261.284     156.322           0     42.0664     14.6423
20          14     262.233     155.983           0     58.9592     17.0678
20          15      263.18     155.636           0     68.4804     19.9593
20          16     264.121     155.276           0     71.6957       23.03
20          17     265.056     154.901           0     69.3561     26.5275
20          18      265.99     154.523           0     60.1429     30.1642
20          19     266.928     154.155           0     54.5384     34.6581
20          20     267.873     153.803           0     49.6482     39.5893
20          21     268.824     153.469           0     48.0287     44.8646
20          22     269.781     153.154           0     50.3116     49.2331
20          23     270.745     152.862           0     54.6657     51.9313
20          24     271.715     152.588           0     60.3406     53.5471
20          25     272.682     152.304           0     67.2381     53.8075
20          26     273.637     151.983           0     71.5305      53.069
20          27     274.581      151.63           0     66.9433      52.739
20          28     275.515     151.251           0     59.7445     53.3777
20          29     276.449     150.874           0     52.3124     54.4124
20          30     277.394     150.523           0     48.0744     56.2363
20          31      278.35     150.205           0     49.8814     58.1471
20          32     279.316     149.917           0     54.2016     55.4444
20          33     280.287     149.646           0     59.4439     46.1558
20          34     281.249     149.348           0     67.4921     32.0682
20          35     282.184     148.971           0     78.5648      23.255
20          36     283.063     148.479           0     86.6882     19.9574
20          37      283.85      147.85           0     90.5078     14.5118
20          38     284.567     147.141           0     80.6979     11.5218
20          39     285.283     146.432           0     69.8038     11.6338
20          40     286.056     145.785           0     63.8158     12.4965
20          41     286.908     145.248           0      61.555     12.7216
20          42      287.82     144.818           0     62.9268     12.3285
20          43     288.764     144.466           0     64.3111     11.6477
20          44     289.725     144.162           0     67.3782     11.5082
20          45     290.695     143.891           0     69.7448      12.281
20          46     291.676      143.66           0     69.3127     13.3181
20          47     292.668      143.48           0     67.6514     14.2469
20          48     293.665     143.337           0     65.8858     15.0751
20          49     294.664     143.206           0     65.1785     15.5485
20          50     295.663     143.067           0     64.9137     15.7564
20          51      296.66     142.922           0     64.4791     15.6163
20          52     297.658     142.784           0     63.4738     13.9389
20          53     298.659     142.665           0     62.5559     11.7826
20          54     299.661     142.558           0     61.0099     9.84994
20          55     300.663     142.455           0     59.5798     8.69772
20          56     301.665     142.347           0     58.1775     8.26566
20          57     302.665     142.225           0     57.2836     8.86696
20          58     303.667     142.116           0     57.9331     12.1862
20          59     304.672     142.037           0     60.7072     20.5721
20          60      305.68     142.029           0     67.1723     31.4595
20          61     306.684     142.112           0     78.0339     43.0729
#1
21           0         292          65           0          94     5.67866
21           1     292.103     65.9974           0     89.1164     5.87333
21           2     292.011     66.9958           0     83.0473     8.39503
21           3     291.691     67.9461           0     75.4177     16.2946
21           4     291.206     68.8235           0     66.8601     24.5428
21           5     290.758     69.7208           0     58.9001     28.2644
21           6     290.321     70.6229           0      53.501     30.3234
21           7     289.915     71.5397           0     50.0379     29.3632
21           8     289.576     72.4834           0     47.4631     28.0425
21           9     289.302      73.448           0      47.123     27.1731
21          10     289.088     74.4276           0     48.7778     28.0897
21          11     288.923     75.4165           0     50.5906     31.4875
21          12     288.769     76.4073           0     54.3681     40.6785
21          13     288.559     77.3877           0     65.4813     48.9323
21          14     288.242     78.3391           0      85.703     47.2035
21          15     287.882     79.2747           0     105.971     49.2827
21          16     287.694     80.2595           0     105.063     68.3051
21          17     287.801     81.2564           0      74.316     59.8722
21          18      288.01      82.237           0      43.692     48.7429
21          19     288.132     83.2322           0     29.1336     45.2162
21          20     288.071      84.233           0     25.8618     38.8628
21          21     287.825     85.2051           0     29.9222     29.2416
21          22     287.449     86.1346           0      42.736     23.1567
21          23     287.004     87.0329           0     66.4953     19.8866
21          24     286.556     87.9302           0     85.6523     17.3963
21          25     286.158     88.8502           0     94.4302     15.9648
21          26     285.831      89.798           0     90.0561      14.912
21          27     285.569     90.7661           0     79.4417     14.6094
21          28     285.355     91.7456           0     72.4048     14.3688
21          29     285.176     92.7322           0     70.3523     13.9296
21          30     285.036      93.725           0     71.4328     13.9605
21          31     284.948     94.7238           0     72.4883     14.2537
21          32     284.927     95.7263           0     73.4344     14.7222
21          33     284.974     96.7279           0     73.8778     15.2956
21          34      285.08     97.7249           0     73.4192     15.9922
21          35     285.226     98.7169           0     72.1858     16.2161
21          36     285.396      99.705           0     71.5482      15.687
21          37     285.582      100.69           0     72.2216     14.8488
21          38     285.787     101.672           0     74.3737     14.4248
21          39      286.02     102.647           0     76.4939     14.6946
21          40      286.29     103.613           0     75.0678     16.0005
21          41     286.598     104.567           0      74.428     18.4577
21          42     286.945     105.508           0     75.7933     21.7297
21          43      287.33     106.433           0     76.9707     25.0307
21          44     287.755     107.342           0     80.7997     28.2774
21          45     288.229     108.225           0     85.0156     30.2976
21          46     288.766     109.072           0     88.7543     28.9835
21          47     289.373      109.87           0     88.0389     22.8192
21          48     290.037     110.622           0     84.4202     15.4416
21          49     290.736     111.341           0     78.6501      9.8815
21          50     291.452     112.042           0     74.7494     6.53825
21          51     292.168     112.744           0     68.0918      5.4147
21          52     292.873     113.457           0     62.0436     5.68088
21          53     293.567     114.181           0     57.2557     6.13971
21          54     294.247     114.917           0     55.3624     6.46099
21          55     294.916     115.664           0     54.9386     6.55422
21          56     295.573     116.422           0     53.2618     6.47551
21          57     296.216     117.192           0     51.5454     5.90088
21          58     296.837     117.978           0     48.5225     5.20015
21          59     297.435     118.783           0     42.6686     4.38329
21          60      298.01     119.605           0     40.7256     3.92505
21          61     298.569     120.437           0     36.4052     4.19981
21          62     299.121     121.274           0     34.9924     5.75956
21          63      299.67     122.113           0     35.8335     9.53869
21          64     300.217     122.954           0     43.4721     15.8674
21          65      300.75     123.803           0     55.0322     23.2465
21          66     301.256     124.668           0     68.4778     26.2391
21          67     301.728     125.553           0     78.2855     23.8144
21          68     302.173     126.451           0     78.8705     20.4956
21          69     302.609     127.354           0     69.4632     17.9456
21          70     303.046     128.257           0     58.7252     15.4185
21          71     303.483     129.159           0     46.6463     12.0373
21          72     303.914     130.065           0     39.4668     8.64686
21          73     304.332     130.976           0     34.3999     5.55608
21          74     304.727     131.898           0     32.7267     3.54928
21          75     305.095      132.83           0      32.805     2.43574
21          76     305.438     133.773           0     33.0396     1.62638
21          77     305.759     134.722           0     35.0574     1.39094
21          78     306.061     135.678           0     38.7924     1.33661
21          79     306.345      136.64           0     41.1293     2.12071
21          80     306.616     137.606           0     44.1068     4.93095
21          81     306.883     138.572           0     49.5766      12.529
21          82     307.157     139.537           0     58.6104     23.8924
21          83     307.457     140.493           0      71.807     29.8173
21          84     307.797     141.437           0     85.1095     26.2948
21          85     308.161     142.371           0     90.7111     20.5681
21          86     308.505     143.313           0      89.263     18.5005
21          87     308.788     144.274           0     87.5783     19.9078
21          88     308.995     145.256           0     86.7013      24.695
21          89     309.135     146.248           0     84.9775     31.5857
21          90     309.219     147.248           0     83.4625     36.1084
21          91     309.262     148.249           0     81.9517     36.2096
21          92     309.274     149.252           0     82.5919     34.8169
21          93     309.267     150.255           0     86.7037     37.9084
21          94     309.256     151.257           0     94.1966     46.3258
21          95     309.256      152.26           0      96.709     50.8769
21          96     309.271     153.262           0     87.0625     45.8996
21          97     309.286     154.265           0     70.3186     34.9623
21          98     309.281     155.268           0     57.6527     22.7471
21          99     309.239     156.269           0     51.6019     13.2756
21         100     309.145     157.268           0     50.3645     8.20198
21         101     308.993     158.259           0     49.6797     6.15047
21         102     308.789     159.241           0     48.0156     5.10307
21         103     308.545     160.213           0      49.478     4.32644
21         104     308.274     161.178           0     51.6942     4.44954
21         105     307.987     162.139           0     55.1926     4.74319
21         106     307.696     163.099           0     55.9357     4.52713
21         107     307.408     164.059           0     57.6836     4.26378
21         108     307.122      165.02           0       61.19     3.83687
21         109     306.838     165.982           0     64.1232     3.83269
21         110     306.553     166.943           0     67.7028      3.6822
21         111     306.258     167.901           0     72.6836     3.30075
21         112     305.936     168.851           0     77.6543     2.87768
21         113     305.581     169.789           0     75.4581     2.57146
21         114     305.188     170.711           0     73.2281     2.29134
21         115     304.756     171.616           0     68.6703     2.20111
21         116     304.297     172.507           0     64.8973     2.49634
21         117     303.818     173.388           0     65.1829     2.78481
21         118     303.327     174.263           0     65.7783     2.90263
21         119      302.82     175.128           0     67.8689     2.66651
21         120     302.296     175.982           0     65.3773       2.985
21         121     301.746     176.821           0     61.7212     3.88022
21         122     301.166     177.639           0     58.9415     4.12398
21         123     300.552     178.431           0     55.4607     4.44807
21         124      299.91     179.202           0     55.8927     4.63917
21         125     299.247     179.954           0     56.7326     4.66658
21         126      298.57     180.693           0     56.1542      4.1247
21         127     297.889     181.429           0     56.6808      3.5039
21         128     297.211     182.168           0     56.0992     2.41636
21         129     296.542     182.915           0     54.8202     1.95242
21         130     295.886     183.673           0     53.8412     1.27297
21         131     295.239     184.439           0     53.7353     1.69142
21         132     294.589     185.203           0     57.5942     3.55771
21         133     293.919     185.948           0     66.2046     6.48801
21         134     293.206     186.654           0     68.6368     9.54211
21         135     292.437     187.298           0     67.3185      10.284
21         136     291.614      187.87           0     62.7699     9.10424
21         137     290.753     188.384           0     54.1101     8.30835
21         138     289.867     188.853           0      46.958     8.46024
21         139     288.968     189.296           0     40.7108     10.1666
21         140     288.065     189.734           0     38.5064      13.826
21         141     287.171     190.187           0     41.2955     19.9132
21         142     286.292     190.668           0     48.8561     28.8145
21         143     285.431     191.182           0     60.2907     38.2703
21         144     284.584     191.719           0     70.5741     44.9354
21         145     283.738     192.257           0     76.8723     47.8341
21         146     282.874     192.767           0     76.6638      45.803
21         147     281.987     193.234           0     70.7126     37.3543
21         148     281.081     193.663           0     61.9303     26.2598
21         149     280.169     194.079           0     52.7377     16.4754
21         150     279.258     194.499           0     42.6809     9.68843
21         151     278.352     194.928           0     36.7156     5.64057
21         152      277.45     195.366           0     31.4259     2.96995
21         153     276.549     195.807           0     28.8386     1.42858
21         154     275.651     196.253           0     25.8582     0.47087
21         155     274.756     196.705           0      22.592    0.182696
21         156      273.87     197.173           0     19.9837    0.105639
21         157     272.995     197.664           0     17.3345    0.350589
21         158     272.138     198.184           0     17.9445     2.39875
21         159     271.303     198.739           0      23.224     8.77603
21         160     270.496     199.334           0     34.8902     18.4128
21         161     269.733     199.985           0     52.5427     23.9697
21         162     269.031     200.701           0     68.7837     21.2826
21         163     268.384     201.467           0      74.494     19.6629
21         164     267.736     202.232           0     71.7651     23.5048
21         165     267.035     202.949           0      60.609     25.8665
21         166     266.282     203.611           0     46.5783     20.6424
21         167     265.506     204.246           0     37.5513     14.8121
21         168     264.739     204.891           0     32.6615     11.6392
21         169     264.007     205.577           0     29.8444     10.7413
21         170      263.33     206.316           0     28.2626     11.0977
21         171     262.723     207.115           0     26.5255     11.9746
21         172     262.205     207.973           0     25.0321     13.4331
21         173      261.75     208.866           0     26.4837     16.9513
21         174     261.375     209.796           0     32.0568     28.1504
21         175     261.125     210.767           0     35.1439     32.6614
#1
22           0      35.601     292.377           0     1.99763           0
22           1     35.8763      291.42           0     5.12625   0.0202098
22           2     36.1408     290.459           0      10.397    0.033756
22           3     36.3786     289.492           0     19.0304     0.11549
22           4     36.5854     288.518           0     30.7108    0.187884
22           5     36.8046     287.546           0     42.4534    0.206378
22           6      37.017     286.573           0     50.5542    0.219605
22           7     37.2351     285.601           0     51.5888    0.241768
22           8     37.4604      284.63           0     51.9006     0.22938
22           9     37.6983     283.663           0     52.8221    0.174593
22          10     37.9536       282.7           0     54.5127    0.237529
22          11     38.2194      281.74           0     53.0673    0.194674
22          12     38.4896     280.782           0     51.8957    0.144331
22          13     38.7715     279.826           0      52.753    0.169281
22          14     39.0689     278.876           0     54.0528    0.224256
22          15     39.3746     277.927           0     51.4289    0.120569
22          16     39.6883     276.982           0     51.7444    0.126446
22          17     40.0145     276.041           0     54.7557     0.13285
22          18     40.3476     275.102           0     52.1896   0.0553737
22          19     40.6788     274.163           0     52.8399    0.068525
22          20     41.0157     273.225           0     55.5924    0.164575
22          21     41.3529     272.288           0     52.5963    0.109158
22          22     41.6867      271.35           0     51.9838   0.0893155
22          23     42.0242     270.412           0     53.1493    0.136033
22          24     42.3601     269.475           0     49.5312    0.103828
22          25     42.6924     268.536           0     48.7859   0.0980688
22          26     43.0284     267.598           0     50.7108    0.104654
22          27     43.3614     266.659           0     48.9177   0.0276852
22          28      43.684     265.717           0     50.5585    0.065793
22          29     44.0037     264.773           0     55.1887    0.141097
22          30     44.3203     263.829           0     54.3235    0.102744
22          31     44.6305     262.882           0     54.7481    0.126531
22          32      44.947     261.938           0     56.4374    0.153566
22          33     45.2819         261           0     54.3077    0.106755
22          34     45.6323     260.067           0     52.8505    0.149045
22          35     45.9988     259.141           0     55.7051    0.181089
22          36     46.3729     258.218           0     53.7048    0.120053
22          37     46.7547     257.298           0     56.4909    0.205988
22          38     47.1501     256.383           0     59.5903    0.325944
22          39     47.5544     255.473           0     60.6771    0.281538
22          40     47.9755      254.57           0     64.7228    0.300604
22          41     48.4141     253.676           0     61.4435    0.164261
22          42     48.8592     252.785           0     61.1329    0.235743
22          43     49.3054     251.894           0     56.4042    0.203762
22          44     49.7342     250.995           0       54.65    0.178883
22          45     50.1458     250.088           0     52.8941    0.120439
22          46     50.5343     249.171           0     49.6239   0.0281092
22          47     50.9119     248.249           0     50.9574    0.106436
22          48     51.2972     247.331           0     49.3812   0.0774593
22          49     51.6995     246.419           0     50.4586    0.128348
22          50     52.1447     245.528           0     54.1022     0.72977
22          51     52.6473     244.668           0     58.1276     2.46956
22          52     53.2158      243.85           0     68.3309     8.50429
22          53     53.8336     243.069           0     83.9745     22.2671
22          54     54.4906      242.32           0     106.965      40.104
22          55     55.1836     241.605           0     134.663      48.864
22          56     55.9131     240.927           0     160.039     44.1328
22          57      56.687     240.299           0     161.841     37.9709
22          58     57.4886     239.708           0     150.133     31.6516
22          59     58.3108     239.146           0     128.228     24.6498
22          60     59.1503      238.61           0     101.211     17.6987
22          61      60.022     238.128           0     83.6569     14.6698
22          62     60.9228     237.702           0     75.1743     13.7348
22          63     61.8443     237.324           0     77.6107     14.8783
22          64     62.7694     236.955           0     88.2152     17.5386
22          65     63.6895     236.573           0     93.7425     20.2894
22          66     64.6012     236.172           0     102.568     22.3172
22          67     65.4985      235.74           0     105.911     23.0817
22          68     66.3864     235.288           0     109.841     23.3634
22          69     67.2596     234.809           0     116.562     22.6769
22          70     68.1226     234.311           0     121.803     21.7368
22          71       68.97     233.788           0     128.744     20.2916
22          72     69.8149      233.26           0     132.472     18.4699
22          73     70.6701     232.749           0     135.255     15.5957
22          74     71.5564     232.295           0     134.209     10.9745
22          75     72.4704     231.899           0     132.011     6.34815
22          76     73.4111     231.571           0     118.846     3.36389
22          77     74.3711     231.306           0     108.351     2.46774
22          78     75.3377     231.065           0     99.4028     2.44206
22          79     76.2917     230.778           0     87.1474     3.29401
22          80       77.19     230.348           0     76.1974     7.36182
22          81     77.9449     229.698           0     65.5451     25.7128
22          82     78.5427     228.901           0     53.9666     39.0844
22          83     79.1273     228.095           0     54.7151      34.883
22          84      79.822     227.381           0     53.9017     31.6701
22          85     80.6178     226.782           0     52.9585     28.1485
22          86      81.471     226.268           0     51.9069      21.924
22          87     82.3433     225.787           0     53.6147     13.7296
22          88     83.2201     225.314           0     56.7698      6.4036
22          89     84.0925     224.833           0     62.8478     2.04737
22          90     84.9619     224.347           0     65.6708    0.766009
22          91     85.8284     223.856           0     68.3994    0.602532
22          92     86.6945     223.364           0     66.4295    0.855098
22          93     87.5586     222.868           0     66.7884     1.13342
22          94      88.425     222.377           0     64.7489     2.75051
22          95     89.2951     221.892           0     66.4615     4.70682
22          96     90.1733     221.422           0     64.8917     7.30803
22          97     91.0584     220.965           0     66.3057     10.2365
22          98     91.9505     220.521           0     61.5084     12.4903
22          99     92.8463     220.086           0     61.1321     14.4402
22         100     93.7387     219.643           0     57.3067     15.2236
22         101     94.6281     219.195           0     56.1778     15.4957
22         102     95.5137     218.739           0     55.0619     15.4436
22         103     96.4017     218.287           0     54.9349     15.7386
22         104     97.2909     217.839           0     56.3201     17.4536
22         105     98.1845     217.399           0     56.4196     20.9769
22         106     99.0814     216.965           0     59.5202     27.2085
22         107     99.9819     216.539           0     58.4051     34.2113
22         108     100.879     216.107           0     62.4446     38.5256
22         109     101.761     215.643           0      65.024     36.7949
22         110     102.619     215.137           0     69.1928     31.4909
22         111     103.463     214.608           0     70.4369     27.8677
22         112     104.335     214.127           0     73.9798     27.6264
22         113     105.295      213.86           0     73.6177     32.1962
22         114     106.291      213.87           0     68.0866     38.9038
22         115     107.252     214.134           0     62.4145     47.9646
22         116     108.163     214.535           0     61.1155     22.5521
#1
23           0     266.717     235.038           0     63.8876     37.8103
23           1     267.723     234.955           0      67.486     27.1461
23           2     268.732     234.911           0     71.5117     19.3027
23           3     269.741     234.868           0     73.7927     15.4427
23           4     270.745     234.762           0     69.7114     16.0961
23           5     271.723     234.512           0     60.9219     16.0224
23           6     272.656     234.127           0     49.6039      16.413
23           7     273.558     233.673           0     39.0313     15.2409
23           8     274.461     233.222           0     33.7813     12.7579
23           9      275.39     232.826           0     33.0546     11.0049
23          10     276.353     232.522           0     35.0655     10.6499
23          11     277.343     232.322           0      39.016     12.6153
23          12     278.348     232.231           0     42.7344     18.4591
23          13     279.358     232.243           0     47.3331     25.2863
23          14     280.362     232.352           0     57.2406      35.594
23          15     281.353     232.544           0     75.3482     46.4115
23          16      282.33       232.8           0     99.6538     55.3029
23          17     283.298     233.085           0     118.986     62.2725
23          18     284.268     233.365           0     120.221     61.4694
23          19     285.242     233.631           0     104.092     51.4763
23          20     286.216     233.899           0     80.9005     36.7909
23          21     287.184     234.185           0     60.7752     24.5284
23          22     288.149     234.481           0     48.9716     17.2733
23          23     289.118     234.768           0     42.1053     13.2928
23          24     290.097     235.015           0     38.4929     10.2309
23          25      291.09     235.194           0     34.0792     8.49513
23          26     292.097     235.277           0     31.4374     9.35455
23          27     293.106     235.245           0     31.2639     12.5032
23          28     294.104     235.093           0     26.5765     12.4806
23          29     295.084      234.85           0     26.0687     7.10062
23          30     296.049     234.554           0     25.1201     4.62676
23          31     297.006     234.231           0     26.3195     4.15385
23          32     297.957     233.894           0     29.5392     4.44524
23          33     298.908     233.553           0     35.1319     7.40495
23          34     299.862     233.223           0     50.4173     14.8365
23          35     300.831     232.939           0     72.0581     26.6517
23          36     301.824     232.756           0     89.3115     34.1348
23          37     302.833     232.726           0      89.385     29.0962
23          38     303.837     232.831           0     72.3137     22.7451
23          39     304.831     233.013           0     46.4455     22.7152
23          40     305.818     233.222           0     21.9061     26.9622
23          41     306.805     233.438           0     9.01571     30.6977
23          42     307.789     233.665           0     6.14179     31.2758
23          43     308.768     233.909           0     10.3304     29.4316
23          44     309.743     234.174           0     16.9788     26.4771
23          45     310.711      234.46           0     23.4026     22.9028
23          46     311.679     234.745           0     28.6068     20.1086
23          47     312.628     235.091           0     28.1024     18.8467
23          48     313.553     235.496           0     24.8976     18.3117
23          49     314.465      235.93           0     21.6126     18.5435
#1
24           0     63.8009     236.531           0     94.8651     97.6282
24           1     63.6087     235.551           0     80.4106     93.4472
24           2     63.2499     234.619           0     51.7187      69.411
24           3     62.8712     233.695           0     37.0989     41.2104
24           4     62.6575      232.72           0     41.4404     39.2445
24           5     62.7226     231.723           0     50.1112     45.9373
24           6     63.0863     230.793           0     56.0412     47.0181
24           7     63.6465     229.966           0     57.4203     45.5897
24           8     64.2894     229.202           0     57.7322     44.1564
24           9     64.9452     228.448           0     59.6552     41.9097
24          10     65.5922     227.688           0     59.2819     37.6096
24          11     66.2262     226.916           0      61.566     29.0842
24          12     66.8446     226.132           0     63.6991     19.2874
24          13     67.4538      225.34           0     61.5406     11.2839
24          14     68.0584     224.545           0     62.0737     6.43172
24          15     68.6683     223.754           0     58.7687     4.28632
24          16     69.2935     222.976           0     58.3648     3.23983
24          17     69.9287     222.205           0     56.9478     2.54479
24          18     70.5751     221.444           0     54.0029     1.85233
24          19     71.2386     220.697           0     54.1193     1.38072
24          20     71.9268     219.973           0     56.4323    0.887264
24          21      72.649     219.284           0      56.101    0.725043
24          22     73.4059     218.632           0     58.0031    0.543758
24          23     74.1974     218.023           0     63.3493    0.513582
24          24     75.0179     217.453           0     63.0413    0.532409
24          25     75.8573     216.912           0     65.7445    0.416607
24          26     76.7049     216.384           0     63.2168    0.363334
24          27     77.5483     215.849           0     63.0985    0.428486
24          28     78.3811     215.298           0     60.8824     0.44877
24          29     79.1941     214.718           0     60.0655    0.406179
24          30      79.988     214.112           0     62.0316    0.379977
24          31     80.7595     213.478           0     60.1672    0.409006
24          32     81.5093     212.818           0     61.0044    0.432594
24          33     82.2374     212.134           0     61.6372    0.419185
24          34     82.9447     211.429           0     60.2632     0.40419
24          35     83.6477      210.72           0     57.3895    0.391621
24          36     84.3626     210.022           0     58.1259    0.305727
24          37     85.0974     209.346           0     58.5883    0.449989
24          38     85.8582     208.699           0     60.8197    0.427502
24          39     86.6494     208.089           0     65.8485    0.430998
24          40     87.4588     207.504           0     66.4571    0.553064
24          41     88.2722     206.925           0     69.2598    0.868419
24          42     89.0787     206.336           0     68.7031     1.17664
24          43     89.8726      205.73           0     69.4834     1.85673
24          44     90.6508     205.104           0     72.5124     2.68582
24          45     91.3968      204.44           0     75.6954       3.527
24          46     92.0986     203.729           0     81.9263     3.84069
24          47     92.7621     202.982           0     88.1086      3.5498
24          48     93.4107     202.223           0     93.9709     2.91371
24          49     94.0542     201.459           0     100.245     2.36187
24          50     94.6974     200.695           0     100.224      2.2514
24          51     95.3428     199.933           0     99.8284     2.26186
24          52     95.9828     199.166           0     100.997     1.99235
24          53      96.614     198.392           0     98.7082     2.08433
24          54     97.2377     197.612           0     102.211     2.06937
24          55     97.8525     196.825           0     108.286     1.99562
24          56     98.4678     196.039           0     110.611     2.06656
24          57     99.0938      195.26           0     113.147     1.85727
24          58     99.7429     194.501           0     109.971     1.78049
24          59     100.433     193.779           0     107.049     1.37456
24          60     101.166     193.101           0     102.032     1.08193
24          61      101.93     192.458           0     88.0474    0.892936
24          62     102.725     191.854           0     78.2618    0.606426
24          63     103.541     191.277           0     71.6261    0.643093
24          64     104.364     190.712           0     72.5504    0.738628
24          65     105.196     190.159           0     78.0409    0.997238
24          66     106.031      189.61           0     82.5632     1.30626
24          67     106.877     189.081           0     87.2316     1.73037
24          68     107.748     188.591           0     84.3302     2.07094
24          69     108.658     188.181           0     82.9689     2.69893
24          70     109.611     187.882           0     78.4355     3.16451
24          71     110.593     187.697           0     69.1629     3.77888
24          72     111.581     187.551           0      58.063     3.90995
24          73     112.558     187.342           0       44.44     3.82915
24          74     113.501     187.016           0     30.0791     3.26113
24          75       114.4      186.58           0     17.9643     2.35653
24          76     115.258     186.068           0      9.9498     1.68152
24          77     116.082     185.505           0     4.88606     1.36312
24          78     116.883     184.908           0     3.11723     0.96503
24          79     117.657     184.276           0     3.65672     1.28643
24          80     118.406     183.616           0      4.7899     1.05521
24          81     119.138     182.937           0     6.39397     1.00802
24          82     119.868     182.255           0     8.57928     1.42867
24          83     120.619     181.596           0     9.28453     1.65877
24          84     121.408     180.984           0     10.6146     1.65764
24          85     122.242     180.435           0     10.9936     1.65404
24          86     123.111     179.943           0     10.8826     1.58928
24          87     124.001      179.49           0     9.48827     1.68877
24          88     124.899     179.052           0     8.10633      1.9877
24          89     125.795     178.611           0     7.38182     2.40026
24          90     126.679     178.147           0     7.25315      4.3574
24          91     127.539     177.639           0     13.1244     10.2977
24          92     128.358     177.067           0     26.3535      18.913
24          93     129.101     176.399           0      42.993     14.9319
24          94      129.71     175.608           0     55.4327     2.20643
24          95     130.163     174.718           0     61.2036    0.804143
24          96     130.502     173.779           0     60.5561    0.580161
24          97     130.814      172.83           0      59.864    0.644975
24          98     131.167     171.896           0     57.9657    0.720501
24          99     131.585     170.989           0     54.3793    0.629438
24         100     132.078      170.12           0     54.2512    0.761355
24         101     132.633      169.29           0     51.7025     1.06271
24         102     133.236     168.494           0     52.8038     1.37356
24         103      133.87     167.722           0     55.7329     1.76282
24         104     134.527      166.97           0     58.9741     2.29047
24         105     135.195     166.227           0     61.6811     2.82733
24         106     135.861     165.483           0     62.3086     3.80849
24         107     136.522     164.735           0     61.5811     5.59253
24         108     137.179     163.982           0          63     9.56506
24         109      137.83     163.225           0     61.3696     15.9458
24         110     138.496      162.48           0     59.2454     22.9351
24         111     139.202     161.774           0     58.8024      29.064
24         112     139.973     161.139           0      58.963     33.9339
24         113     140.812     160.598           0     58.7364     41.4142
24         114     141.669     160.085           0      69.484     49.3241
24         115     142.454     159.467           0     86.2247     43.1275
24         116     143.041     158.659           0      102.16      36.958
24         117     143.379     157.719           0     103.919     36.4099
24         118     143.596     156.744           0     106.909     32.8028
24         119     143.809     155.768           0     112.986     29.1376
24         120     144.057     154.801           0     120.541     26.5777
24         121     144.326     153.839           0     121.428       24.36
24         122     144.606     152.881           0     124.409     22.4341
24         123     144.904     151.927           0     129.212     21.4755
24         124     145.215     150.978           0      126.87     20.4771
24         125     145.522     150.028           0     121.555     19.4746
24         126     145.823     149.076           0     120.786     18.3378
24         127     146.115      148.12           0     119.696     18.0066
24         128     146.389      147.16           0     117.922     18.2207
24         129     146.651     146.196           0      118.91     18.1611
24         130      146.92     145.234           0     122.334     18.1963
24         131     147.207     144.278           0     120.893     18.2409
24         132     147.517     143.328           0     117.813     18.4518
24         133     147.861     142.391           0     118.175     18.8779
24         134     148.243     141.468           0     115.794     19.5846
24         135     148.644     140.554           0     114.562     20.3798
24         136     149.056     139.643           0     118.333     21.0662
24         137     149.461     138.731           0     118.009     21.8446
24         138     149.862     137.816           0     123.232     23.0165
24         139     150.258     136.899           0      122.18     23.9228
24         140     150.636     135.975           0     118.649     24.6276
24         141     150.985     135.039           0     113.103     24.1843
24         142     151.291     134.088           0     99.7922     22.0978
24         143     151.564     133.128           0     91.3916     19.5109
24         144     151.852     132.171           0     89.7472     19.0058
24         145     152.202     131.236           0      90.995     20.1505
24         146     152.644      130.34           0     94.6442     21.6328
24         147     153.238     129.538           0      100.46     22.6748
24         148     154.037     128.938           0     100.996     24.7992
24         149     155.002     128.678           0     96.6558      25.415
24         150     155.999     128.633           0      104.16     30.4139
24         151     156.997     128.597           0     127.923     33.5071
#1
25           0         165         121           0          54      45.476
25           1     164.664     120.058           0     72.0362     47.8036
25           2     164.733      119.06           0     76.9316     30.7604
25           3     165.267     118.214           0     66.6099     34.0097
25           4     166.035     117.573           0      47.757     51.0624
25           5     166.871     117.023           0     30.2492     59.0922
25           6     167.701     116.464           0      20.725     56.9623
25           7     168.494     115.855           0     19.9267      52.224
25           8     169.242      115.19           0     25.0298     46.8844
25           9     169.945     114.478           0     32.7416     41.1353
25          10     170.609      113.73           0     38.4857      37.037
25          11     171.246     112.958           0     42.9783     33.4634
25          12     171.862      112.17           0     45.6326     31.8857
25          13     172.461     111.368           0       45.64     31.8793
25          14     173.049     110.559           0      45.368     33.4886
25          15     173.631     109.745           0     41.0338     36.3284
25          16     174.206     108.927           0     37.9881     38.6048
25          17     174.761     108.094           0     37.1586     40.9582
25          18      175.28     107.239           0     41.4953     43.3686
25          19     175.746     106.353           0      51.765     45.2865
25          20     176.142     105.435           0     64.9648     47.0417
25          21     176.457     104.485           0     76.3185     47.7337
25          22     176.732     103.523           0     83.1104     46.7551
25          23     177.048     102.574           0     82.4451       42.05
25          24       177.5     101.681           0     71.8165     37.5144
25          25     178.117     100.894           0     55.9292     34.5441
25          26     178.848      100.21           0      39.979     32.1623
25          27     179.636      99.595           0     36.0114     29.4207
25          28     180.462     99.0293           0     46.1577     26.2182
25          29     181.325     98.5247           0        57.9      21.779
25          30     182.225     98.0867           0     70.4432     17.9522
25          31     183.152       97.71           0     72.8028     14.6725
25          32     184.096     97.3793           0     72.6901     11.7893
25          33     185.047      97.069           0     74.9829     8.81757
25          34     186.002     96.7705           0      71.928     5.96641
25          35     186.964     96.4946           0     68.5292     4.05222
25          36      187.93     96.2336           0     67.2086      2.6948
25          37     188.898     95.9825           0     66.9503     1.61359
25          38     189.868     95.7356           0     60.3368     1.04634
25          39     190.838     95.4934           0     54.6271    0.943947
25          40     191.808     95.2456           0     50.4874    0.782176
25          41     192.775     94.9909           0       48.58     0.51357
25          42     193.745     94.7462           0     45.9161    0.404314
25          43     194.723     94.5345           0     47.1576    0.515031
25          44      195.71     94.3693           0      51.472    0.701319
25          45     196.704      94.253           0     57.3469      1.0404
25          46     197.701     94.1821           0     63.4967     1.47057
25          47     198.701     94.1484           0     68.9192     1.95604
25          48     199.702     94.1428           0     71.2318     3.01387
25          49     200.702     94.1584           0     70.1229     4.97813
25          50     201.702     94.2016           0     67.0801     8.03769
25          51     202.698     94.2955           0     63.1675     11.8734
25          52     203.684     94.4658           0     62.1139     16.2244
25          53     204.651     94.7225           0     70.2322     22.5692
25          54     205.599     95.0427           0     93.1683     34.7944
25          55     206.544     95.3693           0     123.379     44.9687
25          56     207.505     95.6479           0     144.841     44.1562
25          57     208.476     95.8886           0     139.668     45.1024
25          58     209.437     96.1664           0     110.552     36.0866
25          59     210.377     96.5112           0     84.7518     15.3513
25          60     211.279      96.944           0     77.1722     4.99637
25          61     212.119     97.4865           0     75.2423      2.6486
25          62     212.894     98.1199           0     77.2488     1.47487
25          63     213.626     98.8011           0     73.3558    0.709238
25          64     214.336     99.5061           0     70.4772    0.400605
25          65     215.029     100.228           0     71.3868    0.332701
25          66     215.708     100.963           0     71.6518    0.270214
25          67     216.364     101.718           0      73.357    0.314672
25          68     216.978     102.508           0     78.2271    0.384715
25          69     217.533     103.341           0     76.7288    0.401199
25          70     218.009      104.22           0      78.118    0.519381
25          71     218.392     105.145           0     68.7577    0.424199
25          72      218.69       106.1           0     61.4879    0.421963
25          73     218.941     107.068           0     58.3819    0.420617
25          74     219.174     108.041           0      56.827    0.430779
25          75     219.404     109.015           0     57.6262    0.655954
25          76     219.641     109.987           0     60.5207    0.844846
25          77     219.886     110.957           0     63.8687     1.01053
25          78     220.126     111.928           0     65.1195     1.35413
25          79     220.331     112.907           0     64.6076     1.46638
25          80     220.482     113.896           0      64.453     1.40864
25          81     220.568     114.893           0     63.4251     1.14032
25          82     220.601     115.893           0     61.6197    0.870843
25          83     220.603     116.894           0     59.6245    0.688283
25          84     220.588     117.894           0     57.9324    0.687766
25          85     220.566     118.894           0     56.2982    0.643416
25          86     220.542     119.894           0     54.2956    0.880993
25          87     220.513     120.894           0     50.8842     1.16899
25          88     220.474     121.894           0     46.8972     1.25404
25          89     220.408     122.892           0     42.8378     1.38689
25          90     220.299     123.887           0     38.4857     1.56067
25          91     220.141     124.875           0     34.3764     1.74584
25          92     219.945     125.856           0     30.3877     1.92627
25          93     219.735     126.834           0     26.3105     2.01681
25          94     219.537     127.815           0     23.4696     1.98936
25          95     219.365       128.8           0     21.3991     2.03959
25          96      219.22      129.79           0     20.0356     2.26824
25          97     219.104     130.784           0     18.3278     2.45337
25          98     219.019     131.781           0     16.4195     2.57375
25          99     218.963      132.78           0     15.1834      3.0883
25         100     218.942      133.78           0     13.4269     3.81892
25         101     218.953     134.781           0     12.1828      4.3137
25         102     218.987      135.78           0     10.4362     4.77212
25         103     219.039      136.78           0     9.22038     5.05767
25         104      219.11     137.778           0     8.22243     5.32815
25         105     219.204     138.774           0           8     5.36702
25         106     219.324     139.767           0      7.2331     5.35175
25         107      219.47     140.757           0     6.24337       5.066
25         108     219.643     141.742           0           6     4.63289
25         109      219.86     142.719           0     5.28132     3.82109
25         110     220.025     143.706           0     4.29449     2.71087
25         111     220.129     144.701           0     3.29945     2.29753
25         112     220.199     145.699           0     2.30142     2.23928
#1
26           0     161.032      482.18           0     53.2372     9.44062
26           1     161.538      483.05           0     44.1435     9.03623
26           2     162.148      483.85           0     41.0984     14.9778
26           3     162.881     484.539           0     42.5113     13.6535
26           4       163.7     485.124           0     48.2375     7.50697
26           5      164.46     485.783           0      56.112     4.23174
26           6     165.199     486.466           0      64.557     1.51025
26           7     165.939     487.148           0     68.9166     0.75284
26           8     166.688     487.819           0     66.9123    0.477879
26           9      167.44     488.487           0     65.4994    0.895329
26          10     168.189     489.159           0     68.2033     1.92309
26          11     168.933     489.837           0     69.5685     3.80766
26          12     169.674     490.517           0     69.8894     5.80039
26          13     170.426     491.185           0     72.0021     7.44414
26          14     171.192     491.837           0     72.6234     9.00496
26          15     171.964     492.483           0     69.9325      10.504
26          16     172.737     493.126           0     68.1311     11.6183
26          17     173.513     493.767           0     66.1895     10.0439
26          18     174.291     494.405           0      66.588     8.01019
26          19     175.074     495.037           0     70.3358     4.48675
26          20     175.862     495.663           0     68.7218     2.33771
26          21     176.661     496.273           0     67.9938     2.15153
26          22     177.483     496.853           0     68.9698     2.95935
26          23     178.333     497.392           0     69.2025     4.13009
26          24     179.223     497.862           0     74.6214     4.89449
26          25     180.157     498.235           0     82.1476     5.88002
26          26     181.129     498.495           0     97.3855     10.1073
26          27     182.121     498.664           0     125.804     13.4077
26          28     183.122     498.768           0     154.291      15.063
26          29     184.123     498.862           0     165.173     20.6414
26          30     185.106     499.075           0     150.086     33.4607
26          31      186.04     499.451           0      106.05     30.8767
26          32     186.933     499.913           0     65.9928     19.6089
26          33     187.817     500.395           0     52.5808     13.8032
26          34     188.704     500.869           0     55.8775     12.6087
26          35     189.601     501.325           0     62.7218     13.5445
26          36     190.513      501.75           0     69.2903     16.5362
26          37      191.44     502.142           0     71.4407     20.6167
26          38     192.383     502.491           0     68.6674     24.1765
26          39     193.338     502.806           0     65.2562     26.7362
26          40     194.304      503.09           0     60.4783     27.7561
26          41     195.278      503.34           0     52.9436     26.8472
26          42     196.261     503.557           0      44.722     23.1869
26          43     197.251     503.735           0     33.9908     17.0371
26          44     198.247     503.873           0     22.0316     9.68963
26          45     199.248      503.98           0     11.0128     3.84655
26          46      200.25     504.069           0      4.4314    0.801206
26          47     201.252     504.155           0     4.65004    0.282919
26          48     202.253     504.255           0     18.8753     1.60678
26          49     203.253     504.367           0     56.7038     5.03492
26          50     204.255     504.458           0     98.5957     9.58032
26          51     205.261     504.492           0     123.493     12.5567
26          52     206.266     504.459           0     119.881     15.7311
26          53     207.271     504.405           0     100.904     21.6396
26          54     208.276     504.366           0     83.9533     26.2891
26          55     209.282      504.35           0      74.171     26.7077
26          56     210.288     504.349           0     71.6763     26.1083
26          57     211.294     504.357           0     74.3373     26.8141
26          58       212.3     504.352           0      82.691     25.8653
26          59     213.305     504.292           0     98.1021     19.3067
26          60     214.297     504.125           0     115.853     9.50141
26          61     215.261     503.837           0     123.081     6.71548
26          62     216.203     503.485           0     118.527     11.5414
26          63     217.149     503.142           0     111.653     20.3092
26          64     218.113     502.852           0       103.3     33.5175
26          65     219.088     502.605           0     99.3305     48.6117
26          66     220.059     502.343           0      96.798      52.042
26          67     221.008     502.008           0     86.8887     48.4923
26          68     221.937     501.621           0      69.951     50.9123
26          69     222.872     501.251           0     63.5389     44.4355
26          70     223.831     500.945           0      71.531     33.3264
26          71     224.813     500.729           0     86.5554     39.4882
26          72     225.808      500.58           0     97.7134     50.4242
26          73       226.8      500.41           0      96.538     46.5548
26          74     227.774     500.157           0      82.568     33.6521
26          75     228.733     499.853           0     62.8173     24.8529
26          76     229.693     499.552           0     48.8928     18.2973
26          77     230.676     499.337           0     46.8895     19.1076
26          78      231.61     498.965           0     52.6371     16.2884
26          79     232.447     498.406           0     61.0908     10.0544
26          80     233.171     497.707           0     72.9875      10.457
#1
27           0     228.089     510.276           0     88.3794     20.7915
27           1     228.989     509.834           0     78.0851     34.0212
27           2     229.794     509.237           0      62.337     25.7643
27           3     230.481     508.507           0     51.6183     24.1692
27           4     231.059     507.688           0     46.2555     26.1261
27           5     231.618     506.856           0     43.0564     27.3232
27           6     232.096     505.975           0     41.4333     28.2312
27           7     232.492     505.054           0     38.5486     29.9029
27           8     232.809     504.103           0     39.0199     32.3423
27           9     233.051     503.131           0      42.385     35.5927
27          10      233.21     502.141           0     45.2791     40.7137
27          11     233.301     501.143           0     50.2435     45.7523
27          12     233.372     500.143           0     55.6045     45.1033
27          13     233.496     499.148           0     62.4586     31.0678
27          14      233.75     498.179           0     73.8133     17.9508
27          15     234.173      497.27           0     87.2473     12.4953
27          16     234.747     496.448           0      96.554     12.1599
27          17     235.424     495.709           0     101.269     14.8693
27          18     236.145     495.013           0     108.406     21.7265
27          19     236.862     494.312           0     115.946     28.3334
27          20     237.548     493.581           0     131.734     26.6012
27          21     238.176       492.8           0     146.954     18.3048
27          22     238.736     491.968           0     147.299     14.4507
27          23     239.284     491.129           0     134.002     18.3256
27          24     239.907     490.345           0     113.436     28.8569
27          25     240.641     489.662           0     88.9897     33.8473
27          26      241.46     489.084           0     66.8735     28.3528
27          27     242.325     488.578           0     51.9396     24.6546
27          28     243.206       488.1           0     47.5338     24.2018
27          29     244.068     487.587           0     49.2347     23.7483
27          30     244.884     487.005           0     52.3982     23.0322
27          31     245.646     486.354           0     49.6499     22.2003
27          32      246.37     485.661           0     47.6609     21.3742
27          33     247.072     484.945           0     47.4061     20.4514
27          34     247.757     484.213           0      46.236     18.4276
27          35     248.429      483.47           0     45.7813     16.1906
27          36     249.092     482.718           0      46.744     13.2711
27          37     249.748      481.96           0     46.3634     9.99676
27          38     250.402     481.201           0     46.1979     7.05229
27          39     251.054     480.439           0     49.5558     4.58474
27          40     251.699     479.672           0     52.9525     3.42448
27          41     252.343     478.904           0     57.0672     2.59264
27          42     252.984     478.133           0       59.36     2.40182
27          43     253.617     477.356           0     54.5024     2.19986
27          44     254.236     476.568           0     50.0667     2.40347
27          45     254.828     475.759           0     46.1037     3.76661
27          46     255.374     474.918           0     45.5467      6.6526
27          47     255.839      474.03           0      52.847     10.0591
27          48     256.199     473.095           0     64.7356     14.2845
27          49      256.49     472.136           0     81.2148     20.7788
27          50     256.834     471.194           0     92.1533      18.427
27          51     257.337     470.327           0     89.1847     10.2568
27          52     257.961     469.543           0     81.7909     14.3913
27          53     258.606     468.775           0     79.3045     22.0813
27          54     259.185     467.957           0     83.1783     24.6876
27          55     259.597     467.043           0     87.3907      22.359
27          56     259.767     466.056           0     92.4899     22.6013
27          57     259.744     465.053           0     114.984     38.8705
27          58     259.683     464.053           0     161.384     70.4665
27          59     259.717     463.051           0     182.281     81.2626
27          60     259.827     462.055           0     158.109      77.606
27          61      259.89     461.054           0     115.913     65.3366
27          62     259.889     460.052           0     87.0163     42.8912
27          63     259.865      459.05           0     78.1169     30.4173
27          64     259.871     458.048           0     88.9229     27.6283
27          65     259.944     457.048           0     115.157     27.2855
27          66     260.078     456.055           0     140.718     26.7902
27          67     260.177     455.057           0     142.055     25.8053
27          68     260.111     454.057           0     114.783     21.9223
27          69      259.91     453.075           0     76.7108     15.5522
27          70     259.667     452.102           0     47.6669     12.0576
27          71     259.448     451.124           0     34.8955     15.1205
27          72     259.286     450.135           0     30.6244     22.4884
27          73     259.197     449.137           0     28.5109     28.5738
27          74     259.176     448.135           0      27.582     32.6557
27          75     259.194     447.132           0     27.5871     36.8152
27          76      259.21      446.13           0     29.3189     40.9459
27          77     259.187     445.128           0     34.6945     42.8738
27          78     259.073     444.132           0     40.9872     44.4998
27          79     258.808     443.166           0     45.5633     46.2059
27          80     258.343     442.277           0      47.672     49.7619
27          81     257.678     441.527           0     50.9722     58.3231
27          82     256.873     440.931           0     60.7103     70.8471
27          83     256.069     440.331           0     82.6384     83.1796
27          84      255.32     439.666           0     106.049     78.7873
27          85     254.619     438.949           0     118.154     76.0678
#1
28           0     239.173     486.808           0     85.5446     29.0426
28           1     239.591     485.897           0     73.3985     35.9969
28           2     240.058     485.011           0     64.6609     42.3534
28           3     240.552     484.138           0      57.185     42.5842
28           4     241.043     483.265           0     54.4978     38.8017
28           5     241.453      482.35           0     51.8463      34.071
28           6     241.827      481.42           0     54.1706     27.6752
28           7     242.191     480.486           0      56.382     22.0763
28           8     242.554     479.552           0     56.5316      16.819
28           9     242.929     478.622           0     57.7524     13.3822
28          10     243.321       477.7           0     53.2294       10.81
28          11     243.724     476.782           0      47.606     9.70763
28          12     244.129     475.865           0     41.1457     8.44768
28          13     244.524     474.944           0     35.4307      8.5116
28          14     244.903     474.016           0     37.2834      9.6292
28          15      245.25     473.076           0     44.8354      10.747
28          16      245.55      472.12           0     60.0554     13.6697
28          17     245.787     471.146           0     78.0609     24.5094
28          18     245.944     470.156           0     92.3673     43.0191
28          19     246.014     469.156           0     104.969      50.269
28          20     246.001     468.154           0     122.215     60.9596
28          21     245.949     467.153           0     144.608     86.9479
28          22     245.939      466.15           0     165.296     104.906
28          23     246.083     465.159           0     178.312     74.0769
28          24     246.428     464.217           0     185.958     59.1537
28          25     246.925     463.347           0     191.896     55.9822
28          26     247.416     462.473           0     175.288     64.6635
28          27     247.782      461.54           0     140.142     79.6872
28          28     248.012     460.565           0     95.6116      61.323
28          29     248.172     459.575           0     63.4326     36.6858
28          30     248.326     458.585           0     55.7533     21.4337
28          31     248.495     457.597           0     69.5408      15.202
28          32     248.676     456.611           0     93.8806     13.9863
28          33     248.881      455.63           0     116.188     13.0117
28          34     249.145     454.663           0     126.135     10.7319
28          35     249.495     453.724           0      124.13     7.52203
28          36     249.925     452.818           0     121.175     7.68782
28          37     250.399     451.935           0     113.203     10.0887
28          38     250.878     451.055           0     112.553     15.4335
28          39     251.321     450.156           0     108.117     19.6344
28          40     251.676     449.218           0     105.241     23.0534
28          41     251.906     448.243           0     106.413     26.1278
28          42     251.998     447.245           0     113.247     30.5809
28          43     252.009     446.242           0     125.478     44.5073
28          44     252.111     445.245           0     128.096     39.5313
28          45     252.429     444.295           0     112.586     20.7846
28          46     252.866     443.393           0     94.7725     15.6005
28          47     253.309     442.494           0     84.7088     17.3767
28          48     253.707     441.574           0     89.1211     20.8982
28          49     254.065     440.638           0     103.305     23.2016
28          50     254.393      439.69           0     112.977     23.8696
28          51     254.692     438.734           0     118.076     23.3524
28          52     254.974     437.772           0      118.37     23.0755
28          53     255.253     436.809           0     109.853      23.003
28          54     255.524     435.844           0     100.829     22.7033
28          55     255.796      434.88           0        94.3     22.1889
28          56     256.083     433.919           0     89.1153     22.1567
28          57     256.385     432.964           0     84.3345       21.68
28          58      256.68     432.006           0     81.0129     20.5978
28          59      256.95      431.04           0     78.9852     19.1527
28          60     257.192     430.068           0     76.5588     17.7516
28          61     257.409     429.089           0     73.4137      16.692
28          62     257.615     428.108           0     69.2034     16.3382
28          63     257.837     427.131           0     63.6971     16.3406
28          64     258.086      426.16           0     58.3416     17.1361
28          65      258.35     425.193           0       52.78     17.8282
28          66     258.613     424.226           0     50.2624     18.3695
28          67      258.86     423.255           0     51.1771     18.5674
28          68     259.081     422.277           0      54.065     18.8471
28          69     259.272     421.293           0     57.5567      18.782
28          70     259.429     420.303           0     61.3582     18.5366
28          71     259.564      419.31           0     64.8956     18.1928
28          72      259.69     418.316           0     67.3688     18.0535
28          73      259.83     417.323           0     69.3539     18.0874
28          74     260.005     416.336           0     70.6515     18.5073
28          75     260.225     415.358           0     71.0484      18.298
28          76     260.468     414.386           0     70.2295     17.4856
28          77     260.698      413.41           0     68.8208     16.4984
28          78     260.882     412.425           0     68.3718     16.1235
28          79     261.015     411.432           0     71.2498     17.5234
28          80     261.112     410.434           0     79.9407     19.9427
28          81     261.196     409.435           0       97.22     23.2025
28          82     261.283     408.437           0     120.103     25.5233
28          83     261.385      407.44           0     141.814     26.4454
28          84     261.528     406.448           0     156.064     24.8311
28          85     261.753     405.471           0     160.988     21.1016
28          86      262.09     404.527           0     155.642     17.1944
28          87     262.513     403.618           0     138.039     14.0867
28          88     262.995     402.739           0     125.812     13.8896
28          89     263.517     401.884           0     107.623     15.2332
28          90      264.04     401.029           0     94.7931     16.9429
28          91     264.538     400.159           0     77.8655     17.8549
28          92     265.018     399.279           0     65.8756     18.0822
28          93     265.502     398.402           0     53.3984     17.1279
28          94      266.01     397.537           0     46.0941     15.5794
28          95     266.551     396.694           0     41.5518     14.0704
28          96     267.126     395.872           0     40.6528     12.7627
28          97     267.726      395.07           0     39.9683     10.9979
28          98     268.341     394.278           0      39.905     9.70772
28          99      268.96      393.49           0     39.4692      8.5479
28         100     269.565     392.691           0     37.7625     7.65778
28         101     270.143     391.872           0     34.6339     7.16492
28         102     270.681     391.026           0     32.7427     6.70133
28         103     271.174     390.154           0     31.4547     6.87094
28         104     271.615     389.254           0     29.0894     6.77346
28         105     272.003      388.33           0     26.9875     6.82906
28         106      272.34     387.385           0      23.751      6.7116
28         107     272.646     386.431           0     21.5082      6.7583
28         108     272.932      385.47           0     19.8375     6.63234
28         109     273.192     384.502           0     17.8897     6.38056
28         110     273.409     383.524           0     16.7509     6.37054
28         111     273.567     382.534           0     16.4998     6.27548
28         112     273.651     381.535           0     16.7663     6.58099
28         113     273.655     380.533           0     17.5922     6.94325
28         114     273.585     379.533           0     19.5713     7.28937
28         115     273.445     378.541           0     24.3602     8.25688
28         116     273.222     377.564           0     35.2546     10.1793
28         117     272.909     376.611           0     52.5853     14.2149
28         118     272.536     375.681           0     69.0236     18.5822
28         119     272.176     374.745           0     77.8962     20.3468
28         120     271.945      373.77           0     77.5571     17.2193
28         121     271.901     372.769           0     71.0733     13.6401
28         122      272.01     371.773           0       68.08      14.516
28         123     272.218     370.792           0     73.4229     20.2102
28         124     272.499      369.83           0     85.4642     23.5319
28         125     272.853     368.892           0     101.612     22.0207
28         126     273.282     367.986           0     110.856     16.6818
28         127     273.756     367.103           0      112.17     12.2601
28         128     274.241     366.226           0     108.136     9.44313
28         129     274.701     365.335           0     101.944      8.2293
28         130     275.119     364.425           0     97.4301     8.79835
28         131     275.486     363.492           0     90.2396     9.81495
28         132     275.806     362.542           0     85.3526     11.7164
28         133     276.091     361.581           0     81.5545     13.9512
28         134     276.341      360.61           0     78.8362     16.1329
28         135     276.552     359.631           0     81.6576     18.6193
28         136     276.734     358.645           0     87.2523      20.643
28         137     276.946     357.665           0     93.5324     21.9449
28         138     277.304     356.729           0     92.5604     25.6521
28         139     277.919     355.938           0     83.3511      35.671
28         140     278.719     355.334           0     64.3037     33.0613
28         141     279.575     354.812           0     49.0435     25.1017
28         142     280.389     354.228           0     40.8439     23.3245
28         143      281.05     353.475           0     37.3033     24.4951
28         144     281.439     352.551           0     32.3264     26.3702
28         145     281.539     351.554           0     27.7039     27.4343
28         146      281.41      350.56           0     24.5186      27.482
28         147     281.156      349.59           0     26.4196      25.539
28         148     280.893     348.623           0     30.5087     25.4369
28         149     280.728     347.634           0     34.4627     26.8906
28         150      280.74     346.632           0      38.008     27.7709
28         151     280.968     345.656           0     40.9779      23.038
28         152     281.395     344.749           0     42.4081     12.8973
28         153     281.961     343.922           0     42.9907      10.194
28         154     282.592     343.143           0     42.9152     12.0645
28         155     283.229     342.369           0      43.204     15.8139
28         156     283.837     341.573           0     45.4591     22.4065
28         157     284.403     340.746           0     48.9728     30.7004
28         158     284.923     339.889           0     53.1118     36.2489
28         159     285.394     339.004           0     57.1691     35.5048
28         160      285.81     338.092           0     61.8898     30.3285
28         161     286.149     337.149           0      66.703     24.8114
28         162     286.387     336.175           0      71.207     22.7688
28         163      286.51      335.18           0     76.2285     22.2713
28         164     286.511     334.178           0     85.2256     23.0986
28         165     286.404     333.182           0     103.699     27.8677
28         166      286.19     332.202           0     126.111     37.0414
28         167     285.891     331.246           0     137.518     45.7822
28         168     285.591     330.289           0     129.007     49.1638
28         169      285.36     329.314           0     108.798     42.1658
28         170     285.212     328.323           0     91.1987      31.883
28         171     285.142     327.323           0     82.2702     25.4695
28         172     285.142      326.32           0     80.8709     21.8078
28         173     285.201      325.32           0     84.4704     19.4975
28         174     285.303     324.323           0     92.2925       17.41
28         175     285.434     323.329           0     101.664     15.2485
28         176     285.575     322.337           0     110.656     13.1377
28         177     285.708     321.343           0     116.768     10.9797
28         178     285.828     320.348           0      117.86     8.92676
28         179     285.952     319.354           0     113.301     7.50684
28         180     286.112     318.364           0      102.61     7.72982
28         181      286.33     317.386           0     89.6037     10.5566
28         182     286.611     316.424           0     78.7905      14.704
28         183      286.94     315.477           0      72.751     17.9705
28         184     287.282     314.535           0     69.2635     20.4131
28         185     287.604     313.586           0      70.374     23.4979
28         186     287.889     312.625           0     75.6118     26.5706
28         187     288.136     311.653           0     83.0785     30.4488
28         188     288.363     310.677           0     92.5036     35.7657
28         189     288.587       309.7           0     101.612     40.9436
28         190     288.801     308.721           0      107.23     45.8318
28         191     288.991     307.737           0      107.89     47.7935
28         192     289.154     306.748           0     102.543     45.4275
28         193     289.311     305.758           0     95.7648      38.854
28         194      289.48      304.77           0     90.0105     30.6634
28         195     289.666     303.785           0     83.9693     23.6421
28         196     289.869     302.804           0      78.958     18.9727
28         197     290.081     301.824           0     73.6397     15.5077
28         198     290.297     300.845           0     69.9341     13.0791
28         199     290.525     299.869           0     71.7312     12.0631
28         200     290.768     298.897           0      79.301     13.0115
28         201     291.012     297.925           0     86.8176     15.1908
28         202     291.252     296.952           0     84.7847     18.2042
28         203     291.481     295.976           0     80.3109     20.9063
28         204     291.696     294.997           0     72.3578      23.582
28         205     291.883     294.012           0      62.652     25.7643
28         206     292.029      293.02           0     53.9817     31.0147
28         207     292.158     292.026           0     45.8742     39.8503
#1
29           0         140         264           0          29     36.2818
29           1     140.611     263.205           0     27.5214     36.2645
29           2     141.337     262.513           0     25.6253      34.209
29           3     142.133     261.903           0     25.0174     32.6831
29           4      142.94     261.309           0     24.5902     32.8677
29           5     143.743     260.708           0     21.3924     34.7949
29           6     144.521     260.076           0     17.8323     36.2066
29           7     145.281     259.421           0     15.0286     37.9876
29           8      146.03     258.755           0     13.8258     37.2647
29           9     146.785     258.095           0     12.0568     35.2989
29          10     147.546     257.442           0      11.366     34.3027
29          11     148.311     256.794           0     11.7243     33.3514
29          12     149.086     256.158           0     12.4345     32.4126
29          13     149.874     255.538           0     11.5903     32.2599
29          14     150.678     254.938           0     11.3537     33.1784
29          15     151.499     254.363           0     9.32568     34.1408
29          16     152.326     253.796           0     8.13252     34.9294
29          17     153.153     253.229           0     6.50164     34.5788
29          18     153.971     252.648           0     4.61687     33.9067
29          19     154.765     252.036           0     5.74251      33.395
29          20     155.522     251.379           0     5.84649     32.5694
29          21     156.236     250.675           0     8.42853     31.3509
29          22     156.917     249.939           0     12.0841     29.0117
29          23     157.587     249.193           0     16.1335     26.2944
29          24     158.254     248.444           0     22.3172      22.973
29          25     158.933     247.706           0     29.0759     19.0448
29          26     159.643     246.998           0     37.5217     15.1901
29          27     160.391     246.331           0     44.0352     12.4757
29          28     161.167     245.695           0     47.7538     10.4696
29          29     161.957     245.079           0     50.1266     9.73045
29          30     162.755     244.471           0     50.2668     9.42988
29          31     163.556     243.867           0     51.4603     9.26373
29          32     164.362     243.271           0     50.4359      9.4279
29          33      165.18     242.691           0     49.2887     9.41813
29          34     166.024      242.15           0     45.2677     10.6047
29          35     166.909     241.679           0     43.0017     12.6124
29          36     167.841     241.309           0     40.8318     14.4213
29          37      168.81     241.053           0     39.2964     16.3177
29          38     169.799     240.883           0     36.6514      18.195
29          39     170.793     240.754           0     34.6223      19.182
29          40     171.787     240.621           0     32.0987     19.0365
29          41     172.774     240.444           0     29.8963     18.4678
29          42     173.745     240.193           0     30.8513     18.0858
29          43     174.692     239.866           0     32.7346     17.7209
29          44     175.621     239.487           0     32.5091     17.9837
29          45     176.538     239.082           0     34.0301     18.6994
29          46     177.446     238.658           0     33.3121     19.1649
29          47     178.345     238.212           0     33.3494     20.8741
29          48     179.226     237.734           0     31.9791     21.8656
29          49     180.082     237.211           0     31.3467     23.2545
29          50     180.898     236.629           0     29.1964     25.4393
29          51     181.655     235.972           0     29.1779     27.3327
29          52     182.332     235.232           0      28.485     29.7492
29          53     182.926     234.424           0      31.154     33.2026
29          54     183.484     233.591           0     38.4091     35.1271
29          55     184.089     232.791           0      52.997     27.9343
29          56     184.816     232.101           0      71.207     23.3673
29          57     185.673     231.581           0      81.305     35.1667
29          58     186.603     231.207           0     89.0946     35.0648
29          59     187.557     230.897           0     93.6187     26.1921
29          60     188.513     230.593           0     91.9785     18.4534
29          61      189.46     230.264           0     89.2216     13.1266
29          62     190.397     229.907           0     80.8495     9.87916
29          63     191.333      229.55           0      65.329     6.84785
29          64      192.28      229.22           0     54.1673      4.9608
29          65     193.246     228.949           0     46.0361     4.01872
29          66     194.233     228.772           0     39.6613     5.37968
29          67     195.234     228.718           0     35.5321     9.20485
29          68     196.234     228.787           0     34.3187     14.6383
29          69     197.223     228.951           0     36.5022     20.6952
29          70     198.203     229.163           0     39.9598     25.6049
29          71     199.184     229.372           0     46.6786     30.3721
29          72     200.175     229.522           0      56.062     32.1466
29          73     201.177     229.558           0      64.099     27.6227
29          74     202.173      229.44           0     67.4022     22.6571
29          75     203.142     229.181           0     64.3759       20.36
29          76     204.089     228.854           0     55.6131     20.4077
29          77     205.047     228.557           0     43.5843      19.269
29          78     206.033     228.377           0     32.9327     17.6129
29          79     207.036     228.365           0     23.7017     18.9569
29          80     208.027     228.519           0     17.8564     22.9345
29          81     208.993     228.785           0     14.0229     24.9489
29          82     209.948     229.092           0     11.9098     22.6309
29          83      210.91     229.376           0      9.5452     20.4944
29          84     211.889     229.591           0     8.86437     19.0587
29          85     212.883     229.724           0      8.5321     18.0493
29          86     213.883     229.786           0      9.6449     17.3641
29          87     214.886     229.813           0     11.2534     17.2471
29          88     215.888      229.82           0     10.5711      18.381
29          89     216.891     229.812           0     9.87932     19.6409
29          90     217.894     229.788           0     10.4926     22.2875
29          91     218.894     229.727           0     14.9251     25.8703
29          92     219.885     229.574           0     26.0192     34.4926
29          93     220.834     229.249           0     43.8011     33.8322
29          94     221.652      228.67           0     57.3024      25.094
29          95     222.237     227.857           0     70.8122     38.5798
29          96     222.555     226.906           0     87.4366     33.2668
29          97     222.699     225.914           0     120.376     35.1137
29          98     222.899     224.931           0     169.642     65.3004
29          99     223.538      224.16           0     179.546     56.5086
29         100     224.514     223.929           0     150.295     45.6262
29         101     225.516     223.906           0      119.56     42.0475
29         102     226.519     223.886           0     95.8127     42.9426
29         103      227.52      223.83           0     77.9381     42.8202
29         104      228.52     223.755           0     65.5891     37.9967
29         105      229.52     223.684           0      55.703     29.1158
29         106     230.521     223.622           0     46.8969     19.5068
29         107     231.521     223.551           0     40.2106     10.8064
29         108     232.517     223.434           0     37.7262     6.91239
29         109     233.497     223.223           0     41.7542     7.66391
29         110     234.435     222.868           0     50.9776     18.9161
29         111     235.306     222.372           0     61.7672     28.0723
#1
30           0     65.2995         282           0      90.701      61.623
30           1     64.3491     281.703           0     87.8452     65.8304
30           2     63.4657     281.243           0     84.9359     61.3909
30           3     62.7055       280.6           0      80.647     57.2498
30           4     62.0852     279.821           0      73.897      51.874
30           5     61.5189     279.002           0     65.0914     41.6499
30           6     61.0611     278.118           0     59.3938     30.1205
30           7     60.7798     277.163           0     56.8576     23.8844
30           8      60.697     276.171           0     55.5254     22.9932
30           9     60.7853     275.179           0     54.5095     22.2637
30          10     61.0014     274.207           0     53.4005     21.9378
30          11     61.3041     273.258           0     49.1656     22.3828
30          12     61.6591     272.328           0      48.662     23.7077
30          13     62.0676      271.42           0     52.8119     25.5193
30          14     62.5403     270.543           0     53.3957     27.2279
30          15     63.0855      269.71           0     55.3522     28.4281
30          16     63.7119     268.936           0      52.255     29.2236
30          17     64.4064     268.223           0     50.5431     30.1678
30          18     65.1443     267.554           0     52.2879     31.5609
30          19     65.9185     266.928           0     57.3057     33.0685
30          20     66.7366      266.36           0     60.2627     34.5797
30          21     67.6062     265.875           0     66.6524     35.5353
30          22     68.5458     265.546           0     70.5535     36.3919
30          23     69.5342     265.424           0     72.0618     37.9615
30          24     70.5298     265.438           0     71.1087     38.7675
30          25     71.5236     265.377           0      71.998     27.0541
30          26     72.4694     265.065           0     73.3896     10.1018
30          27     73.2924     264.505           0     72.7996     18.8912
30          28     73.9963     263.801           0     76.9669     26.4459
30          29     74.6526     263.052           0     79.8916       29.38
30          30     75.3562     262.347           0      80.362     30.5786
30          31     76.1653     261.767           0      76.208     30.9278
30          32     77.0595     261.329           0     67.5253     33.5858
30          33      77.993     260.982           0     61.9508     41.3741
30          34     78.9346     260.658           0     69.4121     50.1643
30          35     79.8581     260.286           0     99.6195     48.5883
30          36     80.7389     259.821           0     142.353     36.7232
30          37     81.5703     259.274           0     180.391      30.093
30          38     82.3773      258.69           0     203.298     33.1336
30          39     83.2099     258.144           0      213.97     42.6063
30          40      84.095     257.688           0     214.419     52.1412
30          41     85.0237     257.329           0     212.543     50.5777
30          42      85.971     257.022           0      210.81     41.7615
30          43      86.925     256.736           0     199.882     34.2348
30          44       87.88     256.455           0     185.906     33.0621
30          45     88.8264     256.145           0     171.617      35.463
30          46     89.7493     255.771           0     148.538     38.9065
30          47     90.6405     255.327           0     124.817     38.8249
30          48     91.4997     254.824           0     107.861     35.3241
30          49     92.3416     254.292           0     95.3657     30.2477
30          50     93.1772     253.751           0     89.2495     24.9617
30          51     94.0212     253.222           0      84.722     19.7693
30          52     94.8713     252.704           0     79.1124     15.0617
30          53     95.7208     252.184           0     71.7995     11.3773
30          54     96.5467     251.628           0     61.6437     8.73853
30          55     97.3394     251.025           0     53.3263     7.43449
30          56     98.1001     250.383           0     45.6035     7.46417
30          57     98.8449     249.722           0     42.8358     7.35202
30          58     99.5962     249.069           0     44.9352     6.72539
30          59     100.369     248.441           0     49.4441     6.57694
30          60     101.168     247.846           0     56.5507     6.87351
30          61     101.989     247.283           0     58.8238      6.8268
30          62     102.816     246.729           0     51.8695      6.0644
30          63     103.633     246.159           0      37.183     4.80832
30          64     104.429      245.56           0     20.4955     3.62285
30          65     105.209     244.943           0     8.44667     2.13864
30          66     105.983     244.315           0     2.68685    0.996513
30          67     106.753     243.684           0     2.39767    0.494143
30          68     107.523     243.052           0     5.40846    0.264081
30          69     108.295     242.424           0      10.123    0.484891
30          70      109.07     241.799           0     16.8277     1.35067
30          71      109.85     241.179           0     21.7084     2.31602
30          72     110.629     240.559           0     23.9059     3.26945
30          73     111.397     239.926           0     24.4105     4.57955
30          74     112.141     239.264           0     22.3125     5.92369
30          75     112.858     238.573           0     20.9603     7.90142
30          76     113.573      237.88           0     21.0175     11.5593
30          77     114.331     237.234           0     22.0967     16.9921
30          78     115.178     236.711           0     23.5779      18.689
30          79     116.119     236.386           0     24.0357     13.9062
30          80     117.108     236.269           0     22.5147      10.652
30          81     118.104     236.269           0     20.4472     9.08388
30          82       119.1     236.268           0     17.8737     9.10129
30          83     120.091     236.171           0     16.6629     10.4909
30          84     121.062     235.954           0     14.8319     10.8606
30          85      122.01     235.648           0     12.9766     9.51471
30          86     122.957      235.34           0     10.4546     7.22433
30          87     123.886      234.98           0     7.32396     4.79957
30          88     124.802      234.59           0     4.51408     2.28098
30          89     125.715     234.193           0     1.99383    0.545015
#1
31           0     209.969     305.638           0     10.6197     9.43882
31           1     210.696     304.953           0     14.1545     7.89842
31           2     211.416      304.26           0     17.5122     6.14963
31           3     212.121     303.552           0     20.6111      5.3642
31           4     212.802     302.821           0     23.4799     5.61506
31           5     213.456     302.065           0     26.1847     7.58906
31           6     214.092     301.294           0      30.991     11.2238
31           7      214.73     300.525           0     37.2197     15.2311
31           8     215.404     299.788           0     45.4056     16.6318
31           9      216.14     299.111           0     53.2029     15.3236
31          10     216.937     298.508           0     55.3659     13.7794
31          11     217.766     297.952           0     54.8987     13.7439
31          12     218.596     297.394           0     49.9562     15.7816
31          13     219.399       296.8           0     46.4407      16.947
31          14     220.164     296.157           0     44.9575     18.0792
31          15     220.887     295.467           0     47.4749     21.3059
31          16     221.567     294.735           0     54.0027      24.804
31          17     222.213     293.972           0     62.2361     25.5632
31          18     222.842     293.196           0     65.5494     26.4153
31          19     223.492     292.437           0     61.0809     24.6697
31          20     224.182     291.715           0     51.2069     15.8415
31          21     224.909     291.029           0     37.8912     6.57119
31          22     225.659     290.368           0     28.9307     1.70194
31          23     226.424     289.725           0     25.3286    0.412295
31          24     227.201     289.098           0      25.524    0.483766
31          25      227.99     288.484           0     24.9895     1.01959
31          26     228.787     287.882           0     23.9692     1.88407
31          27     229.588     287.284           0     23.7918     4.08545
31          28     230.389     286.687           0     24.5941     7.18526
31          29     231.193     286.093           0     26.6848     11.3744
31          30     231.998     285.502           0     27.4949     15.5331
31          31     232.801     284.907           0     30.4223     17.9138
31          32     233.585     284.288           0      34.551     15.7343
31          33     234.323     283.613           0      40.301     9.86434
31          34     234.978     282.859           0     48.2125     4.76782
31          35     235.524     282.022           0     54.5564     2.41153
31          36     235.957     281.121           0     61.9394     1.85674
31          37     236.305     280.185           0     63.0368     1.52979
31          38     236.627     279.239           0     61.4171     2.19066
31          39     237.014     278.317           0     58.7973     5.20753
31          40     237.525     277.459           0     51.1839      11.396
31          41     238.157     276.685           0     45.8839     16.5917
31          42     238.874     275.989           0     45.1645     17.9563
31          43     239.631     275.337           0      50.164     18.3565
31          44     240.395     274.693           0     57.3833     19.7427
31          45      241.14     274.026           0     63.3968      23.024
31          46     241.843     273.317           0     59.9971     26.3713
31          47     242.497     272.562           0     51.0727     25.1352
31          48     243.108     271.771           0     39.6531     18.1644
31          49     243.679     270.951           0     29.6701     11.0847
31          50     244.205     270.101           0     25.0955     6.53883
31          51     244.676      269.22           0     24.0924     4.14672
31          52     245.095     268.312           0     25.5333     2.84702
31          53     245.479      267.39           0     27.0076     1.67142
31          54     245.854     266.464           0     30.5394     1.28548
31          55     246.253     265.547           0     33.6045    0.904235
31          56     246.708     264.658           0      36.092    0.978351
31          57     247.257     263.823           0     36.0636     1.32274
31          58     247.916     263.072           0     32.2701     1.33645
31          59     248.666     262.412           0     26.8262    0.958825
31          60     249.467     261.815           0      24.029    0.494984
31          61     250.284     261.239           0     26.7153     1.89254
31          62      251.08     260.635           0     33.5242     8.23432
31          63     251.806     259.948           0     39.8858     12.3983
31          64     252.398     259.143           0     43.0506      13.932
31          65      252.82     258.237           0     43.9717     17.8035
31          66     253.109     257.281           0     46.1878     18.0538
31          67     253.354     256.312           0     52.2585     18.5576
31          68     253.636     255.354           0     63.3553     19.9548
31          69     254.005     254.425           0     79.3608     22.4546
31          70      254.47     253.541           0     92.7505     29.6318
31          71     254.972     252.677           0     99.2614     34.8188
31          72      255.41     251.778           0     94.8532     34.9664
31          73     255.727     250.831           0     81.2816     31.1566
31          74     255.949     249.856           0     64.0804     27.1942
31          75     256.136     248.875           0     51.4943     24.4117
31          76     256.339     247.896           0     44.8388     20.7778
31          77     256.577     246.926           0     40.0324     15.7212
31          78     256.843     245.963           0     35.5264     11.1538
31          79      257.12     245.002           0     31.5303     7.76764
31          80     257.389      244.04           0      27.725     5.71093
31          81     257.644     243.074           0     26.3661     5.19654
31          82     257.902     242.109           0     31.9783     9.02282
31          83     258.222     241.162           0      40.914      19.011
31          84     258.686     240.277           0      51.098     34.6065
31          85     259.356     239.536           0     56.5574     33.9671
31          86     260.206      239.01           0     58.7558     21.1951
31          87     261.139     238.653           0     56.4315     19.7949
31          88     262.092     238.351           0     54.6385     22.4667
31          89     263.022     237.986           0     53.9109     29.7392
31          90      263.88     237.475           0     51.8821     37.0872
31          91     264.626      236.81           0     51.6032     33.4347
31          92     265.233     236.017           0     53.9051     31.5929
31          93     265.712     235.139           0     57.0738     37.5914
#1
32           0     241.297     275.157           0     54.0211     12.3996
32           1     242.286     274.944           0      52.358     8.80937
32           2     243.294      275.02           0     44.4573     13.2442
32           3     244.262     275.314           0     35.6941     9.34698
32           4     245.192     275.712           0     30.6839     4.08354
32           5     246.095     276.166           0     28.2791     1.66456
32           6     246.996     276.625           0     26.6268    0.769878
32           7       247.9     277.079           0     25.7596    0.538189
32           8     248.804     277.533           0     23.5987    0.429706
32           9     249.705     277.992           0     23.9763    0.407244
32          10     250.603     278.457           0     22.1979    0.144393
32          11       251.5     278.924           0      23.657     1.21426
32          12     252.401     279.384           0     28.7117     5.26463
32          13     253.309     279.828           0      42.601     12.8634
32          14     254.234     280.239           0     66.5093     25.7733
32          15      255.19     280.566           0      93.013      50.673
32          16     256.175     280.795           0     119.651     82.7411
32          17     257.168     280.991           0      141.47      96.683
32          18     258.135     281.287           0     143.922     92.0792
32          19     259.062     281.691           0     127.961     81.1736
32          20     259.998     282.074           0     99.6925     69.6078
32          21     260.973     282.342           0     76.9411     54.1205
32          22     261.979     282.446           0     70.4686     40.7716
32          23     262.986     282.354           0     70.6994     24.5092
32          24     263.949     282.044           0     70.9531      14.666
32          25     264.829     281.546           0     65.7008     11.9358
32          26     265.624     280.921           0     61.8135      9.8431
32          27     266.353     280.221           0     59.5108     7.60593
32          28     267.038     279.477           0     60.8169     5.89383
32          29     267.701     278.713           0     60.1137     4.69578
32          30     268.362     277.948           0     56.9169     3.43229
32          31     269.027     277.185           0     47.7621     2.58076
32          32     269.705     276.435           0     33.8183     1.90441
32          33     270.408     275.709           0     24.2879     1.43825
32          34     271.147     275.018           0     18.4359     1.18808
32          35     271.928     274.376           0     15.7764    0.851558
32          36     272.747     273.782           0     15.3054    0.632226
32          37     273.589     273.221           0     16.6956    0.641884
32          38     274.434     272.666           0     18.3903     1.16465
32          39     275.265     272.089           0      19.911     1.70316
32          40     276.064      271.47           0     19.4095     2.68452
32          41     276.825     270.803           0     18.5721     4.55362
32          42     277.545     270.093           0     17.0846     7.97574
32          43      278.23     269.349           0     16.3383     13.7396
32          44     278.898      268.59           0     18.0029      19.104
#1
33           0     351.573     250.823           0      1.9338           0
33           1       351.2     249.887           0      6.0085           0
33           2     350.809      248.96           0     13.0932   0.0676621
33           3     350.381     248.049           0     24.6736    0.151556
33           4     349.917     247.155           0     39.0319    0.357934
33           5     349.517     246.231           0     48.1546    0.521828
33           6     349.121     245.305           0      55.911    0.756528
33           7     348.699     244.391           0     58.6664    0.841675
33           8     348.255     243.488           0     60.3614     1.11039
33           9     347.798     242.591           0     61.7195     1.29014
33          10     347.349      241.69           0     62.8077     1.39864
33          11     346.913     240.782           0     66.3901     1.51754
33          12     346.494     239.867           0     67.1395     2.02628
33          13     346.078      238.95           0     71.2624     4.41764
33          14     345.641     238.043           0     68.5409     9.87901
33          15      345.16     237.159           0     64.2852     20.4571
33          16     344.627     236.305           0     57.9959     31.7883
33          17     344.059     235.473           0     56.6878     34.9931
33          18      343.48      234.65           0     58.4852      28.192
33          19     342.882      233.84           0     66.4988     15.5177
33          20     342.246      233.06           0     70.2765       5.033
33          21     341.551     232.331           0     66.9411       1.743
33          22     340.805     231.656           0     60.2979     1.67254
33          23     340.019     231.025           0     51.1024     1.95785
33          24     339.211     230.426           0     38.2604     2.24793
33          25      338.39     229.843           0     32.0835     2.31539
33          26     337.567     229.263           0     30.1195     2.33432
33          27     336.752     228.672           0     33.7339     2.21216
33          28     335.951     228.062           0     42.7082     1.94156
33          29     335.171     227.426           0     53.1137     2.18055
33          30     334.405     226.772           0     64.7761     3.61574
33          31     333.636     226.123           0     79.6936     5.35016
33          32     332.863     225.477           0     91.1199     7.00041
33          33     332.095     224.827           0     103.661     8.13626
33          34     331.331     224.172           0     112.191     8.81603
33          35     330.568     223.514           0     115.777      9.8403
33          36     329.781     222.886           0     115.284     14.0747
33          37     328.947     222.322           0     101.203     22.9192
33          38     328.068     221.831           0     82.0882     26.4445
33          39     327.166     221.385           0     67.5969     19.8857
33          40     326.264     220.939           0     66.4028     13.3399
33          41     325.377     220.461           0     74.0705     12.0781
33          42     324.524     219.927           0     91.0665     15.0716
33          43     323.723     219.317           0     102.435     16.3462
33          44     322.996      218.62           0     108.682     12.5563
33          45     322.312     217.882           0     99.2783     8.95479
33          46     321.609     217.161           0      84.577     8.67924
33          47     320.848     216.502           0     67.2116     12.1821
33          48     320.021     215.929           0     48.4448     17.0478
33          49     319.144     215.434           0     28.8465     18.5348
33          50     318.241     214.989           0     17.8817      14.876
33          51     317.333     214.554           0     12.8857     9.70237
33          52     316.432     214.105           0     11.9405     6.31939
33          53     315.545     213.628           0      12.455     4.34042
33          54     314.671     213.129           0     13.2444     4.01001
33          55     313.802     212.621           0     13.8768     4.61044
33          56     312.926     212.124           0     13.8023     5.58577
33          57     312.037     211.652           0     13.3722     6.30868
33          58     311.135     211.205           0     13.1071     6.60277
33          59     310.226     210.771           0          13     6.76121
33          60     309.316      210.34           0     12.3163     6.46614
33          61     308.413     209.897           0     11.3093     5.85721
33          62     307.536     209.402           0     9.47359       4.943
33          63     306.628     208.967           0     7.22273     3.56069
33          64     305.693     208.592           0     4.85435     2.30732
33          65     304.749     208.245           0      1.9867      1.4053
#1
34           0     318.575     229.997           0      2.0033     1.75448
34           1      318.87     229.047           0      2.9528     2.31233
34           2     319.168     228.099           0     4.65141     2.73467
34           3     319.467     227.151           0     6.62854     3.17088
34           4     319.773     226.205           0     9.82123     3.36365
34           5     320.134     225.278           0     14.8038     3.51707
34           6     320.528     224.365           0     21.8709     4.05895
34           7     320.952     223.466           0     30.9817      6.1381
34           8     321.407     222.581           0     40.0122     9.68383
34           9     321.885      221.71           0     53.6038     18.4464
34          10     322.349      220.83           0     71.7991     35.7526
34          11     322.703     219.901           0       94.86     42.1079
34          12       322.8     218.912           0     107.808     20.1306
34          13     322.611     217.936           0     101.642     12.2889
34          14     322.346     216.977           0     86.8593     9.90473
34          15      322.16         216           0     68.8869     10.1694
34          16     322.102     215.008           0     50.5349     10.6268
34          17      322.13     214.014           0     37.6576     9.43337
34          18     322.183     213.021           0     32.7323     7.95393
34          19     322.217     212.027           0     32.5654     6.51058
34          20     322.219     211.033           0     35.2524     5.41988
34          21     322.191     210.039           0     39.8648     4.66902
34          22     322.143     209.046           0     43.8289     4.32518
34          23     322.077     208.054           0     48.0991     4.23454
34          24     321.984     207.064           0     51.7594      4.9325
34          25     321.849     206.079           0     53.5285     6.52984
34          26     321.635     205.108           0      54.813     9.42215
34          27     321.309     204.169           0     56.4665     12.4443
34          28     320.854     203.284           0     57.3547     11.5742
34          29     320.276     202.476           0     55.7735     8.06222
34          30     319.599     201.747           0      52.736     5.97123
34          31     318.861     201.081           0      48.204      5.5694
34          32     318.101      200.44           0     40.5788     5.16841
34          33     317.347     199.791           0      31.817     4.69397
34          34     316.619     199.114           0     23.9885     3.85705
34          35     315.928     198.399           0     18.4394     3.00613
34          36     315.274     197.651           0     15.7335     2.42708
34          37     314.647     196.879           0     15.0854     2.45366
34          38     314.037     196.094           0     16.7455       2.489
34          39     313.442     195.297           0     17.7846     3.57112
34          40      312.88     194.477           0      19.063     5.25225
34          41      312.41     193.601           0     19.5899     7.36589
34          42     311.904     192.745           0     19.8404     10.0084
34          43     311.358     191.914           0     19.5869     15.1141
34          44     310.802      191.09           0     19.1077     20.5455
#1
35           0      323.26     206.241           0     36.8839     26.0765
35           1     323.635     205.326           0     30.1215     25.0627
35           2     324.278     204.574           0      21.798     20.4961
35           3     325.094     204.014           0     14.4074     7.08645
35           4     325.991     203.597           0     10.6625     2.67237
35           5     326.933     203.295           0     9.95252     2.33069
35           6     327.893     203.054           0     11.6757     4.52731
35           7     328.862     202.859           0     16.1361     9.62841
35           8      329.84     202.704           0     25.8768     18.1417
35           9     330.821     202.582           0       40.41     29.1231
35          10     331.807     202.494           0     58.4507     40.0274
35          11     332.795     202.444           0     72.5597     45.9485
35          12     333.784     202.444           0     77.2271     41.0856
35          13     334.771      202.51           0     67.4203     28.9455
35          14     335.754     202.627           0     52.1863     15.8907
35          15     336.731     202.779           0     44.6493     6.90673
35          16     337.703     202.966           0     48.6247     2.15834
35          17      338.67     203.175           0     54.0288    0.402785
35          18     339.636      203.39           0     58.3389    0.176909
35          19       340.6      203.61           0     62.1964    0.166674
35          20     341.561     203.845           0     65.6718    0.242232
35          21     342.516     204.104           0     67.2735    0.576626
35          22     343.464     204.388           0     65.9172    0.668272
35          23     344.404     204.697           0     66.8062    0.687001
35          24     345.335     205.031           0      69.269    0.915195
35          25      346.26     205.382           0     66.7598     0.76996
35          26     347.182     205.741           0     68.2844    0.754715
35          27       348.1     206.109           0     68.2149    0.717634
35          28      349.02     206.474           0     63.4023    0.558157
35          29     349.938     206.842           0     60.0983     0.79194
35          30     350.849     207.229           0     53.6917     0.96439
35          31     351.753     207.631           0     50.1055     1.26714
35          32     352.646     208.057           0     57.5713     2.08068
35          33     353.528     208.504           0     75.3187     6.19311
35          34     354.401     208.971           0     112.839     17.8101
35          35     355.255      209.47           0     144.788     36.3488
35          36     356.037     210.076           0     179.486     33.6496
35          37     356.658     210.846           0     169.245     15.7251
35          38     357.146     211.707           0     143.328     10.6431
35          39     357.639     212.565           0     103.887     15.3242
35          40     358.261     213.333           0     71.3145     36.3093
35          41     359.047     213.935           0     44.0031     31.7421
35          42     359.912     214.415           0     35.5012     9.17402
35          43     360.823     214.801           0     42.9099     3.86723
35          44     361.777     215.061           0     52.3198     5.09832
#1
36           0     91.7493     500.284           0     17.5221     13.0672
36           1     92.5139     500.934           0      31.044     11.4682
36           2     93.3127     501.542           0     46.2859     2.77569
36           3     94.1975     502.016           0      59.686     1.02931
36           4     95.1586     502.305           0     60.5581     1.00966
36           5     96.0716     502.722           0     54.5543     1.59149
36           6     96.9661     503.177           0     44.6693     2.23302
36           7     97.8536     503.646           0     34.6568     2.62408
36           8     98.7383      504.12           0     27.6124     3.27896
36           9     99.6145     504.609           0     29.1013     6.99899
36          10     100.457     505.154           0     34.7381     11.7197
36          11     101.232     505.792           0     39.5842     15.7003
36          12     101.908     506.534           0     44.7754      15.445
36          13     102.474     507.363           0     52.8229     15.3892
36          14     102.945     508.249           0     66.2301     17.9232
36          15     103.362     509.162           0     82.0199     23.3159
36          16     103.762     510.083           0     100.754     31.4358
36          17     104.155     511.006           0     116.176     44.2255
36          18     104.493     511.951           0     120.285     64.0777
36          19     104.714      512.93           0     115.558     78.2365
36          20     104.815     513.929           0      104.47     70.4196
36          21     104.843     514.932           0     91.5669     60.2051
36          22     104.824     515.936           0     81.1262      52.596
36          23     104.753     516.937           0     73.6997     44.4652
36          24       104.6     517.929           0     71.3138     35.5972
36          25      104.34     518.898           0     73.9496     31.0843
36          26     103.964     519.829           0     80.6813     28.6432
36          27       103.5     520.719           0     90.3444     26.2221
36          28     102.986     521.581           0     110.111     25.3702
36          29     102.491     522.454           0     132.496     26.5388
36          30     102.063     523.362           0     155.064      27.869
36          31     101.728     524.308           0     154.958     26.9983
36          32     101.434     525.268           0     143.003     25.8212
36          33     101.102     526.215           0     135.687     25.7951
36          34     100.705     527.136           0     136.852     24.6955
36          35     100.271     528.042           0     150.296     20.3069
36          36     99.8296     528.943           0      170.42     16.5481
36          37     99.4171     529.858           0     174.623     12.9267
36          38     99.0351     530.786           0     178.223     10.1507
36          39     98.6666      531.72           0     169.466      6.8795
36          40      98.319     532.661           0     168.675     5.18265
36          41     97.9843     533.608           0     178.867     4.68661
36          42     97.6699     534.561           0     177.569     4.25332
36          43     97.3896     535.524           0     177.522     4.37398
36          44     97.1273     536.493           0     177.557     4.16458
36          45     96.8703     537.463           0     172.559     4.49561
36          46     96.6271     538.437           0     165.174     5.49312
36          47     96.3856     539.411           0      159.63     6.37274
36          48     96.0998     540.373           0     154.264     7.92725
36          49     95.6937     541.291           0      141.99     12.0266
36          50     95.1025     542.102           0     128.004     20.7562
36          51     94.3285     542.741           0     108.821      40.251
36          52     93.4696     543.261           0     99.4384     52.9816
36          53     92.6127     543.783           0      101.99     50.3114
36          54     91.8432     544.428           0     100.218      47.434
36          55     91.2082     545.205           0     81.4388     45.0761
36          56     90.6827      546.06           0     60.4251     43.3879
36          57     90.2502     546.966           0     52.7051     40.5147
36          58     89.8883     547.902           0     52.4518     37.4927
36          59     89.5937     548.861           0     52.2068     33.6715
36          60      89.351     549.835           0     54.7727     29.2535
36          61     89.1509     550.819           0      57.936     24.6795
36          62     88.9878     551.809           0     60.6656     20.4086
36          63     88.8659     552.805           0     60.5465     17.1146
36          64     88.7867     553.806           0     59.7901     14.4176
36          65     88.7465     554.809           0     59.4789     12.2701
36          66      88.737     555.812           0     59.4219     10.2717
36          67     88.7471     556.816           0     58.6666     8.65343
36          68     88.7726     557.819           0     59.2687     8.02742
36          69     88.8149     558.822           0     59.7046     8.19743
36          70     88.8828     559.823           0     59.9867     8.88487
36          71     88.9836     560.822           0     60.0035     9.94807
36          72     89.1228     561.816           0     57.7876     10.9474
36          73     89.3048     562.803           0     55.2651     12.0258
36          74     89.5315     563.781           0     53.9585      13.283
36          75     89.8081     564.746           0     55.9808     14.5514
36          76     90.1368     565.694           0     59.7982     15.8334
36          77     90.5127     566.625           0     62.9429     17.5021
36          78     90.9497     567.528           0        69.2     18.8793
36          79     91.4841     568.378           0      67.778     20.0925
36          80     92.1437     569.134           0     65.6637     21.0462
36          81     92.9371     569.749           0     59.6048     20.0366
36          82     93.8443     570.178           0      56.453     18.9949
36          83       94.82     570.413           0     56.8507     19.4466
36          84     95.8195     570.504           0     62.0333     22.9705
36          85      96.823     570.522           0     69.6453     27.5445
36          86     97.8266     570.536           0      76.415     24.6263
36          87     98.8296     570.573           0     78.5242     14.5314
36          88     99.8325     570.613           0     75.6994     7.57777
36          89     100.836     570.615           0     72.5685     5.87474
36          90     101.839     570.564           0     72.0789     7.35482
36          91     102.839      570.49           0     74.5314     12.7551
36          92     103.842     570.442           0      79.425       19.03
36          93     104.846     570.448           0     83.9692     22.0251
36          94     105.848     570.495           0      89.167     24.3432
36          95     106.851     570.525           0     94.7457     27.7307
36          96     107.854     570.469           0     94.9542     26.0922
36          97     108.844     570.306           0     85.8544     21.3985
36          98     109.821     570.076           0     71.5114     19.1173
36          99     110.794      569.83           0     55.8614     17.8954
36         100     111.774     569.615           0      45.438     12.1093
36         101     112.765     569.455           0     43.5932     4.52521
36         102     113.764     569.358           0     46.4371     2.91825
36         103     114.767     569.317           0     49.1931     6.51441
36         104      115.77     569.297           0     52.8927     14.8853
36         105     116.773     569.249           0     59.6067     24.5792
36         106     117.766     569.107           0     68.4134     22.3311
36         107     118.731      568.83           0     75.1158     9.57773
36         108     119.655     568.437           0     81.4808     3.90127
36         109     120.546     567.975           0     92.1761     3.55782
36         110     121.426     567.493           0     97.1585     4.08313
36         111     122.313     567.023           0     105.041     5.42557
36         112     123.211     566.575           0     101.239     6.03098
36         113     124.109     566.126           0     97.5858     6.22806
36         114     124.973     565.615           0     85.1671     5.44122
36         115     125.765     564.999           0     70.1006     4.61712
36         116     126.448     564.264           0     53.1927     4.99586
36         117     127.014     563.434           0     44.0196     8.26081
36         118     127.459     562.535           0     40.9548     12.7621
36         119     127.783     561.585           0     42.5037     16.3198
36         120     128.008     560.607           0     46.1762     17.5678
36         121     128.174     559.617           0     49.2917     17.4667
36         122     128.325     558.625           0     52.1011     17.9904
36         123     128.496     557.636           0     53.9179     19.0736
36         124       128.7     556.653           0     55.3347      20.936
36         125     128.939     555.678           0     55.5157     23.1709
36         126       129.2     554.709           0     53.4447     25.7412
36         127     129.454     553.738           0     50.1639     27.1225
36         128      129.75     552.779           0     46.4771      27.287
36         129     130.009      551.81           0     43.0037     25.9302
36         130     130.242     550.833           0     37.0724     24.5725
36         131     130.467     549.855           0     30.5077     24.6577
#1
37           0     101.195     306.013           0     50.7648     42.8029
37           1     101.456     305.049           0     55.8186     41.8447
37           2     101.745     304.092           0     62.7533     39.3994
37           3     102.069     303.147           0      72.432     36.5489
37           4     102.417      302.21           0     82.0079      33.111
37           5     102.803     301.289           0     93.8161     28.9113
37           6     103.161     300.356           0     107.528     24.6195
37           7     103.453       299.4           0     120.321     22.2552
37           8     103.668     298.424           0     133.447      21.735
37           9     103.844      297.44           0     145.686     21.6564
37          10     104.055     296.464           0     150.334     22.0514
37          11     104.357     295.511           0     136.142     21.9869
37          12      104.71     294.576           0     114.541     22.7479
37          13     105.045     293.635           0     95.7485     24.6072
37          14      105.31     292.671           0     82.9922     27.5244
37          15     105.497      291.69           0     80.0888     30.7146
37          16     105.668     290.705           0     85.3225     32.5433
37          17     105.917     289.737           0     94.3751     34.9397
37          18     106.328     288.827           0     96.9618     36.2437
37          19     106.916     288.018           0      94.957     35.8981
37          20      107.63      287.32           0     85.8529     36.9065
37          21     108.411     286.696           0     82.5693      39.193
37          22     109.214     286.101           0     86.9965     41.5978
37          23     109.985     285.466           0     98.6423     38.6903
37          24     110.629     284.701           0     112.179      24.753
37          25     111.038      283.79           0     118.832     14.8419
37          26     111.222     282.807           0     117.861     12.3187
37          27      111.31     281.812           0     119.006     12.6451
37          28     111.402     280.817           0     123.784     14.2303
37          29      111.54     279.827           0     131.503     16.5147
37          30      111.74     278.848           0     140.677     20.8004
37          31     112.024      277.89           0     148.981     36.2564
37          32     112.407     276.967           0     150.589     56.5906
37          33     112.897     276.097           0     155.314     54.3643
37          34     113.488      275.29           0     158.212     38.4984
37          35      114.16     274.551           0     163.627     31.4344
37          36     114.891     273.869           0     169.796     33.9303
37          37     115.669     273.242           0     168.595     36.2487
37          38     116.466      272.64           0     167.315     35.0914
37          39     117.236     272.003           0      169.49     36.3118
37          40     117.862     271.224           0     162.223     55.2305
37          41     118.245     270.301           0     147.458     69.6922
37          42     118.468     269.327           0      133.44     58.2398
37          43     118.677      268.35           0     130.213     46.8491
37          44     118.967     267.393           0     135.325     32.5718
37          45     119.352     266.472           0     138.639     21.3089
37          46     119.812     265.584           0     144.542     15.9253
37          47     120.317     264.722           0     146.716     13.5596
37          48     120.846     263.874           0     147.314     13.1959
37          49     121.393     263.038           0     143.211      15.397
37          50     121.974     262.225           0     144.909     20.2624
37          51     122.614     261.457           0     153.903     25.2423
37          52     123.336     260.766           0     173.556       25.81
37          53     124.143     260.178           0     196.256     24.5556
37          54     125.004      259.67           0     199.981     27.1012
37          55     125.853     259.143           0     182.873      34.056
37          56     126.633     258.519           0     149.644     41.0746
37          57     127.348     257.821           0     121.384     42.1485
37          58     128.035     257.095           0     103.338     42.3665
37          59     128.751     256.398           0     93.2399     39.8229
37          60     129.545     255.791           0     88.4838      37.784
37          61     130.444     255.356           0     85.0348     36.8826
37          62     131.427     255.172           0      82.359     36.8192
37          63     132.422     255.256           0     81.3002     51.2732
37          64      133.37     255.573           0     85.0745     61.0109
37          65     134.236     256.072           0     90.2401     57.1156
37          66     135.058      256.64           0     89.0468     61.6903
37          67      135.95      257.09           0     83.0701     84.2807
37          68     136.936     257.252           0     78.9953     57.2157
37          69     137.913     257.041           0     81.5862     52.2513
37          70      138.78     256.546           0     84.7351     48.3047
37          71     139.565     255.926           0     93.4031     44.5203
37          72     140.323     255.275           0      101.75     40.2954
37          73     141.075     254.618           0     108.416     37.9428
37          74     141.834     253.968           0     108.861     37.7496
37          75     142.612      253.34           0     100.759     39.7151
37          76     143.408     252.736           0     97.2395      41.539
37          77     144.224      252.16           0     95.5841     40.8823
37          78     145.051     251.599           0      90.754      38.755
37          79     145.889     251.054           0     89.9278     35.9177
37          80      146.73     250.515           0     86.0511      32.718
37          81     147.578     249.985           0     91.5323      31.718
37          82     148.428     249.461           0     89.3305      32.072
37          83     149.277     248.933           0     92.6601     35.5513
37          84     150.123     248.402           0     87.9634     38.7403
37          85     150.973     247.877           0     86.4773     45.5886
37          86     151.845     247.388           0     78.6016     54.9705
37          87     152.744     246.953           0     74.0355     60.5753
37          88     153.673     246.584           0     65.8544     53.4222
37          89     154.626     246.282           0     61.4186     40.0969
37          90     155.591     246.026           0     61.3977     33.0786
37          91     156.564     245.795           0     59.4498     28.8573
37          92     157.533     245.554           0     58.3455     25.4614
37          93     158.491     245.267           0     58.5931     22.6665
37          94     159.425     244.913           0      59.061     20.7376
37          95     160.327     244.483           0     57.3134     18.8966
37          96     161.196      243.99           0     57.9696     18.2627
37          97     162.037      243.45           0     58.5029     16.9399
37          98      162.86     242.883           0     59.3411     15.4409
37          99     163.673     242.301           0     55.5195     14.5623
37         100     164.473     241.703           0     52.8145     14.4009
37         101     165.255     241.081           0     50.4891     15.2807
37         102     166.011     240.428           0     48.4133     17.9139
37         103     166.737     239.741           0     48.0547     21.2288
37         104     167.423     239.014           0     48.5564     26.9255
37         105     168.067      238.25           0     47.7163     32.6315
37         106      168.66     237.446           0     42.9434     37.5632
37         107     169.203     236.607           0     37.9024     40.6161
37         108     169.709     235.745           0     35.1388     42.2249
37         109     170.218     234.885           0     38.5427     42.3166
37         110     170.739     234.032           0     49.3299     38.3339
37         111     171.278     233.191           0     59.5631     32.4416
37         112     171.798     232.338           0     60.2872     27.7718
#1
38           0     46.4397     320.944           0     66.5762     26.3245
38           1     47.4411     320.859           0     63.0679     29.3725
38           2     48.4459     320.843           0     59.1322     24.5132
38           3     49.4508     320.857           0     56.4024     17.5608
38           4     50.4557     320.851           0      58.999       19.81
38           5     51.4584     320.783           0     69.4388     26.1171
38           6     52.4526     320.636           0     88.3323      27.166
38           7     53.4328     320.415           0     115.995     30.3774
38           8       54.41      320.18           0     149.071     46.0995
38           9     55.4012     320.014           0     178.576     73.4147
38          10     56.4048     319.962           0     192.425     79.9117
38          11     57.4098     319.969           0     187.789     64.5722
38          12     58.4138     319.926           0     155.518     40.9166
38          13     59.4127     319.816           0     104.323      18.647
38          14     60.4071      319.67           0     63.8975      6.4008
38          15     61.3973     319.498           0     50.3985     5.54547
38          16     62.3796     319.286           0     58.8231     17.4659
38          17     63.3576     319.055           0     88.6744     36.1913
38          18     64.3463     318.875           0      121.86     50.1947
38          19     65.3513     318.877           0     134.458     42.9165
38          20     66.3346     319.085           0     122.412     48.2619
38          21      67.301     319.361           0     108.991     56.5859
38          22     68.2516     319.687           0     106.928     52.2587
38          23     69.1686     320.098           0     107.168     38.8186
38          24     70.0709      320.54           0     94.3306      29.873
38          25     71.0133     320.889           0     68.4721     27.6678
38          26     71.9998     321.081           0     37.6817     17.3809
38          27     73.0023     321.151           0     17.6876     3.84685
38          28     74.0072     321.165           0     13.5597    0.404321
38          29     75.0121     321.175           0     21.4806     2.86153
38          30     76.0163     321.214           0     36.4388     7.86715
38          31      77.019     321.282           0     54.1044      10.207
38          32     78.0209     321.361           0     66.0378     9.24027
38          33     79.0239     321.422           0     71.5637     7.07805
38          34     80.0288     321.436           0     70.8021     5.24269
38          35     81.0328     321.393           0     63.9058     4.18132
38          36     82.0344      321.31           0      54.807     2.96732
38          37     83.0331     321.198           0     47.9215     2.26081
38          38     84.0285      321.06           0     46.5967     1.64905
38          39     85.0193     320.892           0     49.3281     1.16912
38          40     86.0034     320.688           0     52.7548    0.764094
38          41     86.9738     320.427           0     53.3815    0.484094
38          42     87.9208      320.09           0     49.0747     1.05767
38          43     88.8414     319.687           0     37.5708     3.74602
38          44     89.7395     319.236           0     29.4113     8.33414
38          45      90.611     318.736           0     25.6093     15.4419
38          46     91.4565     318.193           0     26.8251     22.6093
38          47     92.2792     317.615           0     29.3221     28.2399
38          48      93.088     317.019           0     31.8536     31.4422
#1
39           0     123.769     344.329           0     1.95614           0
39           1     124.725     344.051           0     5.76299   0.0462782
39           2     125.669     343.732           0     11.4172    0.122622
39           3     126.578     343.325           0     19.6196    0.320717
39           4     127.437     342.822           0     27.6793    0.373428
39           5     128.321     342.362           0     33.6175    0.495944
39           6      129.19     341.876           0      38.522    0.484469
39           7     130.038     341.355           0     39.5738    0.505984
39           8     130.866     340.802           0     40.0859    0.551285
39           9     131.683     340.233           0     38.7926    0.581203
39          10     132.494     339.654           0     37.8101    0.581578
39          11     133.303     339.074           0     38.1126    0.502852
39          12     134.111     338.492           0     36.2762    0.511644
39          13     134.923     337.915           0      37.468    0.573017
39          14     135.742     337.348           0     36.2935    0.592669
39          15     136.566     336.789           0      36.794    0.553974
39          16     137.395     336.238           0      37.434    0.592914
39          17     138.226     335.689           0     38.9514     0.79618
39          18     139.061     335.147           0      41.213    0.826824
39          19       139.9     334.609           0     41.7254    0.948039
39          20     140.739     334.074           0     43.0978    0.870905
39          21     141.576     333.534           0     42.0895     0.99776
39          22     142.411     332.991           0     43.5365    0.953464
39          23     143.245     332.447           0     42.1703    0.876467
39          24     144.079     331.903           0     43.1613    0.721559
39          25     144.911     331.356           0     41.1861    0.581962
39          26     145.738     330.801           0      40.298    0.668204
39          27     146.556     330.233           0     37.7921    0.726768
39          28      147.36     329.645           0      34.605    0.594141
39          29     148.149     329.037           0     32.3388    0.491659
39          30     148.923     328.411           0     28.4011    0.472881
39          31     149.684     327.769           0     25.2052    0.419346
39          32     150.434     327.114           0     23.4325    0.391331
39          33     151.166     326.438           0     22.2406    0.386732
39          34     151.873     325.737           0     22.7067    0.412734
39          35     152.551     325.008           0     24.6277    0.482931
39          36     153.197      324.25           0     29.3447      0.6867
39          37      153.81     323.465           0     35.8963     2.06753
39          38     154.391     322.656           0     43.8411     5.75623
39          39      154.93     321.819           0     54.8971     12.6298
39          40     155.401     320.942           0     64.9673     17.6751
39          41     155.762     320.013           0     73.2349      12.748
39          42     155.997     319.046           0     77.8355     6.15073
39          43     156.135     318.059           0     73.9675     2.93904
39          44     156.229     317.068           0      67.772     1.81171
39          45     156.319     316.076           0     61.8145     1.36658
39          46     156.423     315.086           0     57.4743     1.23395
39          47     156.554     314.099           0     54.7845     1.39682
39          48     156.733     313.119           0     56.4367      1.5255
39          49     156.995     312.158           0     61.3317     2.07063
39          50     157.378     311.239           0     63.7402     2.39615
39          51     157.908     310.396           0     68.1804      2.5288
39          52     158.575     309.656           0     69.7819       2.132
39          53     159.344     309.024           0     75.4152      1.9047
39          54     160.181     308.484           0     77.6437     2.18297
39          55     161.062      308.02           0     84.6454     3.57543
39          56     161.976     307.625           0     82.4333     6.18028
39          57     162.919     307.303           0     83.0209     10.3764
39          58     163.883     307.054           0     85.2686     13.6409
39          59     164.863     306.879           0     84.8419     13.6753
39          60     165.855     306.785           0     83.5758     11.4392
39          61      166.85     306.757           0     81.6025     10.0309
39          62     167.846     306.759           0     78.9779     10.2977
39          63     168.842     306.752           0     76.8274     12.3265
39          64     169.837     306.712           0     74.8377     14.6211
39          65     170.829     306.633           0     73.1135     15.4354
39          66      171.82     306.527           0     72.5373     15.3118
39          67     172.811      306.43           0     71.2707      17.024
39          68     173.805      306.38           0     69.0838     22.6336
39          69     174.801     306.408           0      65.716     28.6016
39          70     175.792     306.507           0     60.6521     28.7201
39          71     176.778     306.641           0     53.9125     25.3182
39          72     177.767     306.758           0     46.0072     21.7572
39          73     178.761     306.819           0     38.8081      19.447
39          74     179.757     306.803           0     32.6234     18.2412
39          75     180.749     306.713           0     28.2866     17.4363
39          76     181.732     306.553           0     27.4324     17.4534
39          77       182.7     306.322           0     28.7465     18.1782
39          78     183.651     306.027           0     32.5001     19.7809
39          79     184.595     305.709           0      36.492      21.083
39          80     185.499      305.29           0     42.4759     22.2211
39          81     186.345     304.766           0     48.4909     24.1508
39          82     187.135     304.159           0     51.0458          21
#1
40           0     304.813     275.266           0     115.391     101.667
40           1     303.903     275.675           0     102.934     82.7674
40           2     302.968     276.024           0     71.8564     61.7738
40           3     302.012     276.311           0     42.7874      35.273
40           4     301.049     276.571           0     30.9544     15.9531
40           5      300.09     276.848           0     31.5561      6.2118
40           6     299.161      277.21           0     37.3877     3.60181
40           7     298.283     277.685           0     43.2174     3.20159
40           8     297.468     278.261           0     48.4008     3.43095
40           9     296.702       278.9           0     53.0576     4.47814
40          10     295.953     279.559           0     55.8768     8.08114
40          11     295.176     280.186           0     54.5671     15.8404
40          12     294.347      280.74           0     49.4615     22.8666
40          13     293.477     281.229           0     42.6676      22.893
40          14     292.606     281.716           0     40.3698     26.7743
40          15     291.799     282.303           0     45.1002     34.5747
40          16     291.147     283.058           0     48.7149     36.6043
40          17     290.713     283.956           0     47.9044     30.8119
40          18     290.492     284.929           0     51.7966     27.7194
40          19     290.329     285.914           0     63.0641     33.5558
40          20     290.057     286.874           0     73.5152     35.7926
40          21     289.556     287.737           0     78.2159     29.2574
40          22     288.831     288.422           0     77.1943     34.8953
40          23     287.999     288.972           0     73.8839     37.6413
40          24     287.143     289.486           0     71.6594     36.3579
40          25     286.317     290.046           0     75.2509     33.8203
40          26     285.556     290.691           0     77.4301       33.18
40          27     284.881     291.426           0     77.5629     34.7928
40          28     284.282     292.223           0     69.4827     34.6657
40          29     283.714     293.044           0     56.3294     31.7898
40          30     283.139     293.859           0     43.6788     26.1382
40          31     282.524     294.645           0     35.3515     19.2158
40          32     281.853     295.383           0     31.7801     12.5872
40          33      281.12      296.06           0     30.8661     8.41601
40          34     280.334     296.675           0     29.4498     5.67897
40          35     279.513     297.242           0     27.6891     3.30744
40          36     278.674     297.781           0     22.6971     2.14723
40          37     277.832     298.317           0     14.8051     2.54181
40          38     276.994     298.859           0     5.67193     4.40813
#1
41           0     284.719     290.619           0     75.0949     23.4773
41           1     283.716      290.64           0     61.3905     23.2165
41           2     282.727     290.474           0     41.0571      23.973
41           3     281.769      290.18           0     25.7127     21.4383
41           4      280.82     289.854           0     19.3937     18.0853
41           5     279.856     289.578           0     17.6995     13.0236
41           6      278.87     289.395           0     16.9507     7.57037
41           7     277.871     289.307           0       14.91     4.20429
41           8     276.869     289.301           0     11.5414     2.75927
41           9     275.869     289.378           0     10.2435     2.16547
41          10     274.884     289.569           0      10.287     1.88935
41          11     273.934     289.888           0     10.5269     1.88526
41          12     273.034     290.331           0     12.2373     1.92592
41          13     272.206     290.897           0     16.6019     2.02649
41          14     271.466     291.573           0     20.4816     2.11302
41          15     270.814     292.335           0     26.0007      2.6185
41          16     270.226     293.148           0     34.5012     4.51404
41          17     269.663     293.978           0     47.0965      7.7069
41          18     269.086     294.798           0     64.4094     11.9875
41          19     268.486     295.601           0     79.1437     18.9437
41          20     267.874     296.396           0     91.4858     29.4014
41          21     267.263     297.191           0     96.3671     40.5076
41          22     266.647     297.982           0     91.9529     51.6848
41          23     265.997     298.746           0     79.0074     52.4419
41          24      265.28     299.447           0     61.7213     34.9848
41          25      264.49     300.064           0     49.0912     20.9764
41          26     263.639     300.596           0     41.7062     17.5274
41          27     262.757     301.072           0     41.0591     21.8275
41          28      261.88     301.559           0      47.766     27.9607
41          29      261.07      302.15           0     57.3345     24.0924
41          30     260.407     302.902           0     60.3133     18.7252
41          31     259.909     303.773           0     60.5503     14.2043
41          32     259.494     304.685           0     56.1108     8.93964
41          33     259.062      305.59           0     54.8435     7.51626
41          34      258.55     306.453           0     51.9155     7.22274
41          35     257.947     307.254           0     50.9607     7.12261
41          36     257.268     307.992           0     48.9822     7.14048
41          37     256.538      308.68           0      46.387     7.06484
41          38     255.781     309.337           0      45.629     7.92213
41          39     255.015     309.985           0     46.8953      9.3464
41          40     254.256      310.64           0     46.7615     11.1157
41          41      253.51     311.311           0      48.174      12.994
41          42     252.782         312           0     50.7818     15.4807
41          43     252.069     312.705           0     51.7941     18.7036
41          44     251.364     313.419           0      50.444     21.2071
41          45     250.662     314.135           0     48.5531     22.2212
41          46     249.973     314.863           0      44.976     23.2032
41          47     249.317     315.621           0      40.206     25.2681
41          48     248.717     316.425           0     37.6281      28.679
41          49     248.181     317.273           0     36.2162     31.9139
41          50     247.674     318.137           0     36.8284     33.7829
41          51     247.107     318.965           0     41.5105     30.0853
41          52     246.403     319.679           0     46.8869     24.8985
41          53     245.578     320.249           0     49.3953     25.1884
41          54     244.711     320.753           0     49.3219     31.1199
41          55     243.897     321.338           0     45.1387     36.2994
41          56      243.22     322.078           0     36.6362     40.8726
41          57     242.713     322.943           0     27.3136     47.4875
41          58     242.335     323.872           0     24.1669     42.0402
41          59     242.018     324.824           0     26.5775     32.6734
41          60     241.697     325.773           0     29.1141     25.2022
41          61     241.338      326.71           0     31.4101      20.229
41          62     240.946     327.633           0     34.0794     16.7833
41          63     240.546     328.553           0     34.7937     15.0114
41          64     240.149     329.474           0     36.6711     14.6738
41          65     239.761     330.398           0     36.8835     14.4954
41          66     239.388     331.329           0     37.0191     13.8457
41          67     239.026     332.264           0     38.5777     12.5184
41          68     238.675     333.204           0     36.9485     10.2557
41          69     238.337     334.148           0     37.2244     8.68309
41          70     238.008     335.095           0     38.9425     7.22038
41          71     237.688     336.045           0     38.0287     5.35617
41          72     237.367     336.996           0     37.6303     4.41882
41          73     237.039     337.943           0     38.7182     3.96356
41          74     236.705     338.889           0     37.0953     4.14652
41          75     236.377     339.836           0     34.8695     5.62854
41          76     236.074     340.792           0     33.8989      7.5035
41          77     235.814     341.761           0     33.3967     9.14052
41          78     235.602     342.741           0     32.5037     10.8405
41          79     235.433     343.729           0     32.2514     11.6213
41          80     235.279      344.72           0     31.5215     11.3568
41          81      235.24     345.722           0     31.2805     11.6419
41          82     235.351     346.719           0     32.5986     15.4151
41          83     235.613     347.687           0     33.6876     14.1565
#1
42           0     267.856     312.298           0     35.8443     19.4304
42           1       268.8     312.635           0     34.1249     19.4477
42           2     269.775     312.867           0     27.4326     12.3007
42           3     270.772     312.972           0     22.0363     10.9578
42           4     271.773     312.947           0     20.8275     11.1976
42           5     272.769     312.834           0     23.8346     10.2376
42           6     273.751     312.634           0     29.6917     10.5245
42           7     274.709     312.339           0     36.6129     11.8938
42           8     275.626     311.934           0     43.5922     15.0793
42           9     276.487     311.422           0     47.0358     20.5177
42          10       277.3     310.835           0     52.0761      32.467
42          11     278.104     310.237           0     61.0201     43.9169
42          12     278.947     309.695           0     68.6465     39.1841
42          13     279.857     309.275           0     69.2356     24.2389
42          14     280.819     308.996           0     61.5976     17.3499
42          15     281.808     308.828           0     50.3618       17.18
42          16     282.806     308.738           0     42.9454      20.123
42          17     283.807     308.703           0     44.3647     26.2381
42          18      284.81       308.7           0     55.2804     35.2798
42          19     285.812     308.696           0     71.4947     46.0446
42          20     286.813      308.66           0     88.4864     54.1404
42          21     287.812      308.58           0     100.856     57.7318
42          22     288.808      308.47           0     107.471     58.8357
42          23     289.806     308.375           0     104.292     57.9692
42          24     290.807      308.33           0     87.4659     47.1398
42          25     291.809     308.345           0     65.8102     26.7643
42          26     292.809     308.413           0     50.0153     11.2021
42          27     293.803     308.546           0     46.4503     8.62007
42          28     294.777     308.783           0     51.5277     18.4729
42          29     295.707     309.154           0     60.4913     39.5508
42          30     296.566     309.671           0     68.6174     57.6481
42          31     297.334     310.315           0     74.7743     49.4587
42          32     298.009     311.056           0     78.9078     39.5154
42          33     298.594     311.869           0     79.4833     36.8367
42          34     299.071     312.751           0     78.9261        36.3
42          35     299.411     313.694           0     76.3366      34.506
42          36     299.601     314.678           0     73.7041     30.0551
42          37      299.66     315.678           0     71.6038      25.224
42          38     299.651      316.68           0     72.0601     22.9855
42          39     299.685     317.682           0     75.2149     26.6352
42          40     299.898     318.661           0     78.9817     39.5774
42          41     300.393     319.533           0     75.7666     51.0809
42          42     301.107     320.236           0     65.6185     44.9203
42          43     301.911     320.834           0     51.3201     30.5975
42          44     302.725     321.419           0     37.5167     15.2772
42          45     303.515     322.036           0     28.2891     5.61559
42          46     304.272     322.693           0     30.8775     2.16327
42          47     304.985     323.397           0     55.7328     2.75881
42          48     305.631     324.163           0      86.695     11.2417
42          49     306.211     324.981           0     107.618      17.199
42          50      306.75     325.826           0     110.407     15.6667
42          51     307.293     326.668           0      110.72     14.4952
42          52     307.851       327.5           0     112.659     15.0644
42          53     308.434     328.315           0     113.766     16.4569
42          54     309.041     329.112           0     117.408     17.8621
42          55      309.68     329.885           0     110.988     18.6024
42          56     310.334     330.644           0     104.372     18.3717
42          57     310.983     331.408           0     101.665     16.5356
42          58     311.603     332.195           0     99.3328     14.1539
42          59     312.156     333.031           0      106.92     10.8416
42          60     312.577     333.941           0     112.249     10.3778
42          61     312.864     334.901           0     118.801     11.5272
42          62     313.138     335.865           0     121.833     14.5642
42          63     313.619     336.744           0     116.054     32.5994
42          64     314.411     337.358           0     96.8722     78.5525
42          65     315.337     337.742           0     72.2572     68.0701
42          66     316.273       338.1           0     58.8697     48.1321
42          67      317.15     338.585           0     52.9901     41.9123
42          68     317.928     339.218           0     50.0042     38.6387
42          69     318.624     339.939           0     48.6957     31.9758
42          70     319.286     340.691           0     52.6391     23.3543
42          71     319.948     341.444           0     61.9564     14.4833
42          72     320.631     342.176           0        67.9     6.79904
42          73     321.346      342.88           0     69.2649     2.54256
42          74     322.071     343.571           0     65.1053    0.924513
42          75     322.793     344.266           0     60.0523    0.521633
42          76     323.502     344.974           0     57.9081    0.488092
42          77     324.192     345.702           0     56.4774    0.601264
42          78     324.863     346.446           0     55.4652    0.553184
42          79     325.524     347.199           0     53.6898    0.668647
42          80     326.174     347.962           0     54.3267    0.873243
42          81     326.803     348.742           0     55.8837     1.05066
42          82       327.4     349.547           0     57.8038     1.21687
42          83     327.951     350.384           0     63.2381     1.05972
42          84     328.444     351.257           0     63.2675    0.825521
42          85     328.873     352.163           0     64.6162     0.88943
42          86     329.236     353.097           0     62.0243    0.632783
42          87     329.532     354.054           0     58.9308    0.483279
42          88     329.775     355.027           0     59.4719    0.328392
42          89     329.968      356.01           0     63.6501    0.230835
42          90     330.102     357.003           0     66.9928    0.239288
42          91     330.154     358.004           0      70.474    0.259768
42          92     330.107     359.005           0     73.7182    0.246044
42          93     329.954     359.996           0     74.3079    0.273691
42          94     329.708     360.967           0      69.975    0.365021
42          95     329.394     361.919           0     67.4495     0.40024
42          96     329.031     362.853           0     69.4636    0.454672
42          97     328.628     363.771           0     67.3491    0.494316
42          98     328.192     364.673           0     71.5782    0.670755
42          99     327.715     365.555           0     75.3494    0.807149
42         100     327.202     366.416           0     79.8274    0.881869
42         101     326.644     367.248           0     81.5812     1.11573
42         102     326.047     368.053           0     84.1769     1.04283
42         103     325.413     368.829           0     76.8619    0.952664
42         104     324.761      369.59           0     71.5112    0.715643
42         105     324.103     370.346           0     68.2174    0.539457
42         106     323.438     371.096           0     67.6819    0.683843
42         107     322.769     371.843           0     71.8982    0.979109
42         108     322.103     372.592           0     78.0596     1.30199
42         109      321.43     373.334           0     83.2323     1.88591
42         110     320.728     374.049           0     91.6039     2.25005
42         111      319.98     374.716           0     95.2922     3.16328
42         112     319.176     375.315           0     94.8445     4.20541
42         113     318.326     375.845           0     95.2638     9.33342
42         114     317.484     376.389           0     98.2215     30.4143
42         115      316.74     377.061           0     106.812     50.1437
42         116      316.23     377.923           0     112.259     20.6872
42         117     315.954     378.887           0     118.275     10.3488
42         118     315.724     379.862           0      122.04     11.6937
42         119     315.308     380.774           0     118.875     25.6203
42         120     314.629     381.511           0     102.898      55.222
42         121      313.82     382.103           0     84.4745     53.7826
42         122     313.007     382.689           0     72.8901     42.6875
42         123     312.261     383.358           0     68.4205     36.8069
42         124     311.598      384.11           0     66.2916     32.5559
42         125     311.003     384.916           0     66.8129     27.0443
42         126     310.439     385.744           0     62.4958     21.9165
42         127     309.879     386.576           0     61.2942     17.7285
42         128     309.315     387.404           0     58.3737     14.7878
42         129     308.738     388.224           0     58.5011     12.0808
42         130      308.15     389.035           0     61.7707     9.96083
42         131     307.541     389.831           0      64.582     7.87578
42         132     306.915     390.614           0      69.913     5.96626
42         133     306.277     391.387           0     71.6695     4.49752
42         134     305.625     392.148           0     75.5057     3.61603
42         135     304.965     392.902           0     82.7238     3.10604
42         136     304.301     393.653           0      82.814     3.34374
42         137     303.628     394.395           0     83.6708     3.97127
42         138     302.946     395.129           0     86.0922     4.54511
42         139     302.252     395.852           0     82.3951     5.24897
42         140     301.549     396.567           0     79.2087     5.77409
42         141     300.843     397.278           0     80.3445     6.20125
42         142     300.136     397.989           0      83.509     5.99834
42         143     299.432     398.702           0     80.7734     5.04001
42         144     298.737     399.424           0     81.1153      3.6142
42         145     298.049     400.153           0     83.3095     2.44203
42         146     297.358     400.878           0     80.0307     2.04896
42         147     296.657     401.596           0     76.5577     2.92146
42         148     295.928     402.283           0     75.9207     4.57479
42         149     295.131      402.89           0     72.5742     5.65271
42         150     294.247     403.364           0     65.4633      6.5576
42         151     293.302     403.695           0     65.7508      12.338
42         152     292.346     403.998           0     89.5841     37.4764
42         153      291.45     404.447           0     114.983     52.6954
42         154     290.726      405.14           0     127.677     25.8011
42         155     290.117     405.936           0     124.315     24.5534
42         156     289.354     406.586           0     98.7388     64.9186
42         157     288.433     406.981           0     70.4365     77.2768
42         158     287.458     407.213           0       63.42      32.345
42         159     286.467     407.359           0     72.2725     9.99586
42         160     285.469     407.455           0     79.4406     3.32668
42         161     284.469     407.526           0     82.8368     1.07875
42         162     283.469     407.587           0     83.0093    0.387817
42         163     282.468     407.643           0     80.9403    0.227598
42         164     281.468     407.693           0     78.0928    0.280957
42         165     280.466     407.737           0     74.6166    0.412644
42         166     279.465     407.776           0     70.3072    0.485155
42         167     278.463     407.817           0     67.1774    0.555247
42         168     277.462     407.865           0     66.5089    0.552601
42         169     276.462     407.923           0     68.1102    0.534869
42         170     275.462      407.99           0     72.0084    0.511593
42         171     274.463      408.07           0     74.1729    0.585836
42         172     273.465     408.166           0     72.6653     0.72776
42         173     272.472     408.296           0     66.9487    0.753501
42         174     271.486     408.479           0     57.4639    0.719481
42         175     270.515     408.725           0     46.7893     1.13459
42         176     269.558     409.023           0     37.8046     3.16916
42         177     268.613     409.356           0     27.8467     7.27107
42         178     267.673     409.707           0     22.9102     15.2718
42         179     266.736     410.062           0     23.4072     25.9955
42         180     265.792     410.396           0     26.8513     38.3881
42         181     264.831     410.682           0     36.2281     57.6888
42         182     263.862     410.939           0     49.7264      80.468
42         183     262.875     411.112           0     63.1799     101.658
42         184     261.889     411.291           0     70.3169     94.2906
42         185     260.927     411.574           0     70.3947     75.0663
#1
43           0     296.956     254.725           0      88.791     47.3487
43           1     296.964     255.724           0     77.3024     50.1021
43           2     297.181       256.7           0     53.7911     34.8648
43           3     297.486     257.652           0     36.2392     25.3821
43           4     297.802       258.6           0     30.1214     16.5638
43           5     298.162     259.533           0     29.5999     10.5975
43           6     298.585     260.439           0      28.466     6.71571
43           7     299.104     261.293           0     27.3835     5.88081
43           8     299.731     262.072           0     26.0547     5.71023
43           9     300.444     262.772           0     24.2062     5.59421
43          10     301.197      263.43           0     29.6597     6.57524
43          11     301.926     264.113           0     45.1934     14.6261
43          12     302.556     264.889           0     64.4495     24.1992
43          13     303.003     265.783           0     83.9715     22.6973
43          14     303.238     266.755           0     96.2773     16.0138
43          15     303.332      267.75           0     105.261      11.996
43          16     303.391     268.748           0     108.377     10.6643
43          17       303.5     269.742           0     108.129     11.8478
43          18     303.685     270.724           0     110.165     15.0477
43          19     303.927     271.694           0     113.665     20.2965
43          20     304.184      272.66           0     114.541     28.3673
43          21     304.418     273.632           0     113.242     40.1133
43          22     304.645     274.606           0     113.917     50.5138
43          23       304.9     275.572           0     115.953      54.455
43          24     305.201     276.525           0     112.202     50.9946
43          25     305.535     277.468           0     106.264     43.9316
43          26     305.884     278.404           0     102.459     39.0472
43          27     306.229     279.342           0     98.7596     36.1659
43          28     306.532     280.295           0      97.269     33.2534
43          29     306.759     281.269           0     99.2603     28.7734
43          30     306.902     282.258           0     102.713     24.7241
43          31     306.966     283.256           0     106.895     21.6938
43          32     306.956     284.255           0     110.888     20.1175
43          33     306.869     285.251           0     114.175      20.322
43          34     306.703     286.237           0     116.317     21.3667
43          35     306.459     287.206           0     119.099     21.7054
43          36     306.159      288.16           0     123.266     22.3569
43          37     305.841     289.108           0     125.343     25.1153
43          38     305.528     290.057           0     125.352     29.5699
43          39     305.217     291.007           0     124.903      32.752
43          40       304.9     291.955           0      124.31      33.679
43          41     304.583     292.903           0     123.814     31.5195
43          42      304.28     293.856           0     125.505     24.9269
43          43     303.989     294.812           0     133.559     18.0356
43          44     303.682     295.764           0     135.661     13.9801
43          45     303.359     296.709           0     141.734     12.8195
43          46     303.052     297.661           0     151.153     13.3271
43          47     302.801     298.628           0     151.631     13.6048
43          48     302.599     299.607           0     148.734     14.6337
43          49     302.388     300.584           0     145.083     15.0281
43          50     302.109     301.544           0     144.762     15.9575
43          51      301.75     302.477           0     143.094     17.3218
43          52      301.33     303.385           0     141.801     20.4662
43          53     300.899     304.286           0      135.17     25.1171
43          54     300.517      305.21           0     114.279     30.6342
43          55     300.219     306.165           0     93.1915     35.5308
43          56      300.01     307.142           0     81.1387      41.126
43          57      299.88     308.133           0     76.1331     46.4491
43          58     299.829     309.131           0     77.2629     46.7631
43          59     299.862     310.131           0     79.2611     41.7495
43          60      299.98     311.123           0     81.1208     37.2524
43          61     300.167     312.105           0     81.5777     35.3884
43          62     300.381     313.082           0     80.4361     32.8604
43          63     300.552     314.067           0     78.3891     29.2197
43          64     300.608     315.065           0     76.0863     24.6759
43          65     300.505     316.059           0     73.9799     20.6313
43          66      300.24     317.023           0     73.8119     18.8519
43          67     299.836     317.937           0     76.4617     20.9845
43          68     299.314      318.79           0     79.6235     28.0881
43          69     298.706     319.583           0     79.8715     24.3398
43          70     298.052      320.34           0     76.7458     16.8476
43          71     297.399     321.096           0     71.6223      12.203
43          72     296.774     321.876           0     66.7051     10.2781
43          73     296.187     322.686           0     63.9197     9.59173
43          74     295.631     323.516           0     63.3171     10.4465
43          75     295.086     324.354           0     63.8234     12.2642
43          76     294.527     325.183           0     63.5073      15.651
43          77     293.929     325.984           0     64.6064     20.2967
43          78     293.267     326.733           0     62.5552     25.8403
43          79     292.533     327.411           0     59.9237     28.2259
43          80     291.733     328.011           0     57.0714     25.3316
43          81     290.885      328.54           0      50.903      25.532
43          82      290.01     329.023           0     47.9811     32.6573
43          83     289.124     329.487           0     53.9186     42.0927
43          84     288.236     329.945           0     75.7645     50.9332
43          85     287.337     330.384           0     106.862     60.7711
43          86     286.409     330.755           0     130.982     73.2666
43          87     285.442     331.006           0     137.142     74.1656
43          88     284.456     331.172           0     120.466     63.9136
43          89     283.469     331.333           0     97.8568     50.3189
43          90     282.485      331.51           0     78.7263     38.6145
43          91       281.5      331.68           0     62.6645      30.347
43          92     280.511     331.821           0     48.2821     23.5776
43          93     279.518     331.941           0     36.0396     18.3132
43          94     278.528     332.075           0     25.7295     14.7733
43          95     277.546     332.265           0     18.8368     12.5217
43          96     276.586     332.544           0     15.4469     11.4858
43          97     275.665     332.931           0     14.3804     11.2356
43          98     274.792     333.418           0     14.3036     9.88055
43          99     273.955     333.966           0     15.9729     8.77468
43         100     273.133     334.534           0     18.2562     7.13455
43         101      272.29     335.072           0     20.7398     7.96813
43         102     271.417     335.558           0     21.5577     13.8573
43         103     270.523     336.005           0      21.512     19.9569
#1
44           0     159.706     532.486           0     25.0094     19.9746
44           1     159.585     531.494           0     31.6232     15.9397
44           2     159.468     530.502           0     40.7755     14.8656
44           3     159.378     529.507           0     52.5999     13.9373
44           4      159.32     528.509           0     64.6309     12.6726
44           5      159.27     527.511           0     75.7364     11.1659
44           6     159.229     526.513           0     86.0803      9.0195
44           7     159.231     525.513           0      94.981     6.78525
44           8      159.28     524.515           0     100.194     5.34943
44           9     159.365      523.52           0     102.336     4.64423
44          10     159.469     522.526           0      100.89     4.36592
44          11     159.582     521.533           0     96.6241     4.32164
44          12     159.709     520.542           0     90.7466     4.18295
44          13     159.877     519.557           0     81.9964     5.00084
44          14     160.128      518.59           0     71.4414     7.95325
44          15     160.499     517.662           0     62.1366     13.7601
44          16     161.002     516.798           0     56.7963     22.7476
44          17     161.597     515.995           0     57.1978     30.9382
44          18     162.231     515.224           0     60.8679     36.3123
44          19     162.839      514.43           0     64.9504     43.1639
44          20     163.352     513.573           0     67.0234     45.8578
44          21     163.717     512.643           0     67.0801     38.3716
44          22     163.936     511.668           0     64.4786     32.7446
44          23     164.068     510.677           0     60.1133     30.2406
44          24      164.19     509.685           0     55.0403     25.3512
44          25     164.359       508.7           0     51.2389     17.7647
44          26     164.601     507.731           0     49.8312     12.2916
44          27     164.913     506.782           0     54.3996     11.2952
44          28     165.282     505.853           0     63.5717     12.4085
44          29     165.707     504.949           0     75.4251     13.6411
44          30     166.198     504.078           0     79.4285      12.449
44          31     166.744     503.241           0     65.8212     9.10907
44          32     167.311     502.418           0     47.2115     8.21474
44          33     167.863     501.585           0     33.4885     7.41146
44          34      168.37     500.724           0     26.7457     5.86581
44          35     168.806     499.825           0     24.0186      3.2731
44          36     169.183       498.9           0     21.7257     1.31685
44          37     169.547     497.969           0     18.6969       1.755
44          38      169.97     497.064           0     17.8844     3.31612
44          39     170.475     496.202           0     17.8998     7.79616
44          40     171.008     495.356           0     24.8451     20.0382
44          41     171.475     494.473           0     40.4059     38.0261
44          42     171.749     493.512           0     58.6805     21.1945
44          43     171.783     492.513           0     69.2885     8.77693
44          44     171.783     491.514           0     66.3841     13.3137
44          45     172.021     490.543           0     48.5106     34.4196
44          46     172.497     489.665           0     26.0141     22.5915
44          47     173.082     488.855           0     13.0058     5.73481
44          48     173.688      488.06           0     9.78121     1.36274
44          49     174.268     487.246           0     9.38209    0.483783
44          50     174.816     486.411           0     10.4051     0.29614
44          51     175.348     485.565           0     10.9549     0.48679
44          52     175.882      484.72           0     12.1285     1.12735
44          53     176.437     483.889           0     13.9483     2.40485
44          54     177.022      483.08           0     21.4659     4.66828
44          55     177.635      482.29           0     38.8425     7.26886
44          56     178.245     481.499           0     66.5746     9.50292
44          57     178.796     480.665           0     92.7935     11.3341
44          58     179.229     479.764           0     99.4994     10.7367
44          59     179.542     478.816           0       90.58     9.24453
44          60     179.807     477.852           0     79.6529     7.32717
44          61      180.07     476.888           0     69.1331     4.75456
44          62     180.346     475.928           0     59.5181     2.43681
44          63     180.642     474.973           0     54.5838     1.24101
44          64      180.96     474.026           0     54.7278     1.15089
44          65     181.302     473.087           0     54.2379     1.06159
44          66      181.67     472.158           0     56.7666     1.03121
44          67     182.065      471.24           0     60.0847     1.25912
44          68      182.48     470.331           0     60.4998      1.2898
44          69     182.901     469.425           0     63.3975      1.4545
44          70     183.309     468.513           0     60.6575     1.24341
44          71     183.685     467.587           0      54.336     1.05411
44          72     184.028     466.648           0     43.1129    0.823836
44          73     184.346     465.701           0     27.0462    0.677378
44          74     184.655     464.751           0      15.366    0.378531
44          75     184.975     463.804           0     9.62784    0.359752
44          76     185.324     462.867           0     7.71914    0.250199
44          77     185.711     461.946           0     8.06077    0.184707
44          78     186.141     461.044           0     9.77151     0.30951
44          79     186.609     460.161           0     11.7618    0.331951
44          80     187.116       459.3           0     15.8452     0.42491
44          81     187.655     458.459           0     21.0507    0.820744
44          82     188.213      457.63           0     29.2539     1.62179
44          83     188.764     456.797           0     37.6958     2.48427
44          84     189.279      455.94           0     42.8368     3.07352
44          85     189.724     455.045           0      40.827     2.75966
44          86     190.092     454.116           0     32.5534     1.96171
44          87       190.4     453.166           0     22.6574     1.28489
44          88     190.673     452.204           0     16.9511     1.04024
44          89     190.941     451.242           0     16.6686     1.30353
44          90     191.229     450.285           0     20.6741     2.27041
44          91     191.554      449.34           0     28.2718     2.84323
44          92      191.92      448.41           0     37.2116     3.84434
44          93      192.32     447.494           0     43.3501     4.36043
44          94     192.746      446.59           0     48.8688     5.19048
44          95     193.189     445.695           0     52.9689     5.95057
44          96     193.637     444.802           0     54.6741     6.10496
44          97     194.078     443.905           0     56.5264     6.16368
44          98     194.497     442.997           0     54.9911     5.80145
44          99     194.891     442.079           0     53.5754     5.23929
44         100     195.264     441.152           0      49.617     4.23191
44         101     195.626     440.221           0     46.6648     2.92694
44         102     195.988      439.29           0     46.2236     1.84498
44         103     196.353     438.359           0     43.3165     1.20137
44         104     196.721      437.43           0     43.1867     1.03322
44         105     197.098     436.505           0     45.0511     1.05109
44         106     197.484     435.583           0     47.1437     1.05848
44         107     197.885     434.668           0     52.5653    0.956386
44         108      198.31     433.763           0     54.7269    0.934514
44         109     198.747     432.865           0     54.7831    0.835218
44         110      199.18     431.964           0      50.665    0.751394
44         111     199.595     431.055           0      43.682    0.420679
44         112     199.998     430.141           0     37.8405    0.440981
44         113     200.405     429.228           0     31.8687    0.194709
44         114     200.818     428.318           0     29.6195    0.403146
44         115     201.229     427.408           0     28.9399    0.813394
44         116     201.624     426.489           0     29.2524     1.44307
44         117     201.993     425.561           0     31.3994     1.97728
44         118      202.33      424.62           0     31.7162     2.20792
44         119     202.634     423.668           0     32.8117     2.13906
44         120     202.916      422.71           0     34.8236     1.70161
44         121     203.186     421.748           0     35.3485      1.2796
44         122     203.456     420.785           0     34.8352     1.30782
44         123     203.746     419.829           0     34.2333     2.27768
44         124     204.071     418.884           0     33.5517     4.61596
44         125     204.439     417.955           0     32.0411     5.80562
44         126     204.847     417.043           0     31.5316      6.3823
44         127     205.289     416.147           0     30.3553     6.52496
44         128     205.747     415.259           0     30.4183     6.65345
44         129     206.211     414.374           0     31.5271     6.82488
44         130     206.669     413.485           0     33.0355     7.01901
44         131     207.116     412.592           0     35.5415      7.3524
44         132     207.548     411.691           0     35.0623     7.43147
44         133     207.972     410.786           0     35.6451     7.47526
44         134     208.397     409.882           0     33.6168     7.43741
44         135     208.833     408.982           0      33.464     6.95175
44         136     209.284     408.091           0     32.1086     6.61339
44         137     209.743     407.203           0       30.93     6.22107
44         138     210.208     406.319           0     31.3942     6.19409
44         139     210.677     405.436           0     32.3029     6.19996
44         140     211.147     404.554           0      35.485     6.40528
44         141     211.612      403.67           0     37.8281     6.59358
44         142     212.079     402.786           0     42.8755     7.56397
44         143     212.554     401.907           0     45.4677     8.77049
44         144     213.049     401.039           0     52.6148     11.0228
44         145     213.564     400.183           0     60.1059      14.601
44         146     214.071     399.322           0     70.4802     20.2873
44         147     214.532     398.435           0     77.4932     24.0228
44         148     214.933      397.52           0     81.9892     24.8664
44         149     215.302     396.591           0     78.3367     24.0781
44         150     215.684     395.668           0     73.2176     21.2557
44         151      216.11     394.764           0     68.6918     15.3689
44         152     216.571     393.877           0     63.3322     8.57223
44         153     217.056     393.004           0     62.5529       4.423
44         154     217.551     392.136           0     59.0328     2.52135
44         155     218.057     391.274           0     59.5747     1.87882
44         156     218.577      390.42           0      57.561      1.5001
44         157     219.108     389.574           0     59.5476     1.32097
44         158     219.642     388.729           0     60.6782      1.3071
44         159     220.166     387.879           0     62.8259      1.3618
44         160      220.67     387.016           0      61.329      2.3828
44         161     221.158     386.144           0     59.4948      5.9226
44         162     221.645     385.271           0     56.5965      10.588
44         163     222.151     384.409           0     54.9962     15.7891
44         164     222.689     383.567           0     52.8564     21.3217
44         165      223.26     382.748           0     53.6127     27.4439
44         166     223.849      381.94           0     56.6816     33.2551
44         167     224.425     381.124           0     60.2686     36.2529
44         168     224.944      380.27           0     64.6866     33.5585
44         169     225.381     379.371           0     66.7269     27.6367
44         170     225.746     378.441           0     67.7464     23.8033
44         171     226.091     377.503           0     67.0939     22.3771
44         172     226.469     376.578           0     63.8315     21.3751
44         173     226.914     375.683           0     60.4299     21.5383
44         174     227.428     374.827           0      57.846     22.1114
44         175     227.994     374.003           0     56.9936     23.3926
44         176     228.592     373.203           0     56.4349     24.9175
44         177     229.212     372.419           0     57.4042     27.0232
44         178     229.853     371.652           0     58.1943     29.1948
44         179     230.524     370.912           0     58.3919     30.9835
44         180     231.233     370.207           0     57.4387     32.5654
44         181     231.979     369.542           0     56.0133     33.1515
44         182     232.762     368.922           0     55.1822      32.427
44         183      233.58     368.347           0     54.5974     31.4312
44         184     234.427     367.818           0     54.5464      31.572
44         185     235.298     367.329           0     54.8717     32.3307
44         186     236.185     366.869           0     55.9173     33.2848
44         187     237.081     366.425           0     56.6339     33.6697
44         188     237.982     365.993           0     58.9406     32.8828
44         189     238.895     365.587           0     59.2394     30.7951
44         190      239.83     365.236           0     60.6415     26.7811
44         191     240.791     364.959           0     61.0686      22.143
44         192     241.767     364.744           0     59.6624     19.1528
44         193     242.744     364.537           0     58.3865     16.3922
44         194     243.707     364.271           0     58.4384     14.2371
44         195      244.64     363.912           0     59.0161      13.897
44         196     245.542     363.483           0     56.1488     14.5215
44         197     246.434     363.033           0     55.0276     15.5241
44         198      247.34      362.61           0     51.6609     16.0342
44         199     248.281     362.274           0      48.372     14.8986
44         200     249.258     362.065           0     44.4514     11.6093
44         201     250.253     361.975           0     39.9242     9.05304
44         202     251.252     361.956           0     35.8153     7.07798
44         203     252.252     361.961           0     31.8379        5.42
44         204     253.251     361.976           0     27.6641     3.59499
44         205     254.249     362.019           0     22.6628     1.71625
44         206     255.243     362.119           0     17.0335    0.464622
44         207     256.226     362.301           0      10.434   0.0866019
44         208     257.184     362.584           0     6.34152     1.82951
44         209     258.105     362.972           0     12.3551     12.9654
44         210     258.971      363.47           0     26.9226     18.9001
44         211     259.724     364.127           0     42.5345     31.9003
44         212     260.278     364.959           0     55.8956     36.4227
44         213     260.659     365.883           0     69.8615     26.0857
44         214     260.889     366.855           0     88.2141     23.9765
44         215     260.981      367.85           0     105.361     26.6088
#1
45           0     273.636     347.675           0     68.2911      55.254
45           1     272.785       348.2           0     63.1234     63.4616
45           2     271.985       348.8           0     53.9106     52.2932
45           3      271.24     349.467           0     47.5939     42.0127
45           4     270.563     350.203           0     49.7068     40.0766
45           5     269.969     351.008           0     58.9859     40.6481
45           6     269.482     351.881           0     62.9811     40.6946
45           7     269.074     352.794           0     69.8656     39.4064
45           8     268.726     353.731           0     72.6011     36.2227
45           9     268.421     354.684           0     76.5871      31.974
45          10     268.137     355.642           0     83.3714     27.7042
45          11     267.853     356.601           0     89.6965     25.0464
45          12     267.548     357.554           0     96.6635     22.9904
45          13     267.192     358.488           0     106.006     21.5779
45          14     266.766     359.393           0     108.837       20.55
45          15     266.285      360.27           0     104.007     20.4602
45          16     265.788     361.137           0     93.0649     20.0459
45          17     265.326     362.024           0     77.6997      20.043
45          18     264.926     362.941           0     68.0653     21.1895
45          19     264.572     363.876           0     62.9271     23.3624
45          20     264.214      364.81           0     65.5687     27.2724
45          21     263.787     365.714           0     74.1683      27.037
45          22     263.255     366.561           0     84.5926     22.7041
45          23     262.631     367.342           0     96.2312     17.8714
45          24      261.97     368.092           0     108.011      13.145
45          25     261.351     368.877           0     110.279     8.78924
45          26     260.858     369.748           0     103.389     6.36653
45          27     260.492     370.678           0     89.3169     4.33631
45          28     260.181     371.629           0      80.307     3.51807
45          29     259.861     372.576           0     78.6288     2.83327
45          30     259.498     373.508           0     82.8227      1.8394
45          31     259.082     374.417           0     95.7733     2.58692
45          32     258.624     375.306           0     106.038     3.39668
45          33     258.129     376.175           0     117.551     4.56471
45          34     257.604     377.026           0     119.217     4.74737
45          35     257.059     377.864           0     118.153     4.68003
45          36     256.503     378.696           0     110.963     4.08214
45          37     255.939     379.521           0     111.039     3.77584
45          38     255.354     380.332           0     111.464     3.94759
45          39     254.725      381.11           0     115.299     4.25589
45          40     254.032     381.831           0     116.021     6.23822
45          41     253.271      382.48           0     113.494     9.84354
45          42     252.467     383.074           0     118.683     14.8318
45          43     251.661     383.666           0     128.614     19.4161
45          44     250.909     384.325           0     142.017     22.1918
45          45     250.296     385.115           0     143.736     26.1831
45          46     249.866     386.018           0     131.276     31.4868
45          47     249.547     386.965           0     117.034      34.792
45          48     249.197     387.902           0     112.542     41.0024
45          49     248.704     388.772           0     116.213     50.2569
45          50     248.028     389.509           0     123.964     40.8734
45          51     247.199     390.069           0     131.114     30.9493
45          52     246.296     390.498           0     131.555     29.5546
45          53       245.4     390.941           0     130.941     32.2541
45          54     244.587     391.524           0      115.87      36.799
45          55     243.899      392.25           0     97.4443     40.8297
45          56      243.31     393.058           0      80.681     35.2146
45          57     242.778     393.905           0     72.3577     26.1624
45          58     242.267     394.764           0     68.1112      20.764
45          59     241.765     395.629           0     67.8858     18.0769
45          60     241.273     396.499           0     69.8164     17.5157
45          61     240.794     397.377           0     72.6253     17.4982
45          62     240.322     398.259           0     73.6672     16.1974
45          63     239.842     399.136           0     72.9096     14.2351
45          64     239.338         400           0          71     11.5583
45          65     238.797     400.841           0     70.3352     9.44651
45          66     238.223      401.66           0     71.7854     7.37498
45          67     237.615     402.453           0     76.7429     5.73259
45          68     236.973     403.221           0     88.6061     5.50008
45          69     236.303     403.963           0     103.106      6.4564
45          70       235.6     404.673           0     113.956     7.09176
45          71     234.881     405.369           0      125.35     8.71115
45          72     234.174     406.076           0     131.644     11.6925
45          73     233.511     406.825           0     125.628     16.9613
45          74     232.908     407.622           0     117.461      21.234
45          75     232.347      408.45           0     105.585     20.9187
45          76     231.802     409.289           0     99.0586     17.4885
45          77     231.255     410.126           0     95.2987     15.3513
45          78     230.688      410.95           0     94.2533     15.0963
45          79     230.086     411.748           0     94.8382      18.047
45          80     229.425     412.498           0     91.5652     24.8493
45          81     228.696     413.183           0     86.7679     32.5183
45          82     227.918     413.812           0     77.8795     34.9988
45          83     227.118     414.412           0     67.2046     29.9908
45          84     226.311     415.001           0     60.2321     21.7489
45          85     225.507     415.597           0     54.7121     15.0707
45          86     224.722     416.216           0     54.5324     10.2744
45          87      223.96     416.864           0     56.5261     7.24714
45          88     223.219     417.535           0     58.6199      5.4181
45          89     222.483     418.212           0     60.9869     4.45824
45          90     221.745     418.887           0     62.0338     4.15911
45          91     221.015      419.57           0     60.3849     3.87522
45          92     220.291     420.261           0     58.3475     3.51834
45          93     219.569     420.952           0     57.0014     3.22342
45          94     218.842     421.638           0     53.8929     3.23513
45          95     218.096     422.305           0     51.3196     3.21682
45          96     217.316      422.93           0     49.0735     3.08226
45          97     216.496     423.503           0     43.9758     3.14663
45          98      215.64      424.02           0     39.3377     2.86557
45          99     214.759     424.492           0     31.3354     2.30172
45         100     213.862     424.934           0     25.1538      1.8827
45         101     212.961     425.369           0      18.714     1.41387
45         102     212.065     425.812           0     13.6474     1.13433
45         103     211.191     426.298           0     9.86258    0.745795
45         104       210.3     426.753           0     6.92201    0.408118
45         105     209.389     427.164           0     5.16122    0.547017
45         106     208.466     427.549           0     3.67595     3.16968
#1
46           0     263.993     401.116           0     96.1635      66.934
46           1     263.132       400.6           0     86.2903     59.5146
46           2     262.426     399.886           0     66.3441      38.327
46           3     261.807     399.094           0     51.9231     34.1958
46           4     261.164     398.323           0     42.7294     31.7088
46           5     260.384      397.69           0     36.3299     27.2993
46           6      259.51     397.195           0     31.5488     22.5443
46           7     258.588     396.797           0     26.8613     17.7776
46           8     257.655     396.424           0     22.8328     13.3296
46           9     256.741     396.007           0     21.9965     9.49337
46          10     255.875     395.499           0     21.7503     6.19298
46          11     255.076      394.89           0     24.7644     4.85971
46          12     254.348     394.198           0     30.7647     5.77148
46          13     253.675     393.452           0     42.7836     8.53424
46          14     253.028     392.684           0     62.5615     11.7337
46          15     252.364     391.931           0     82.2519     18.6716
46          16     251.634      391.24           0     95.4392     33.6826
46          17     250.814      390.66           0     102.596     53.8224
46          18     249.903     390.238           0     109.785     72.9578
46          19      248.92     390.029           0     121.373      72.111
46          20     247.917     390.065           0     128.699     36.7425
46          21     246.932     390.264           0     131.231     27.6468
46          22     245.948     390.463           0     131.658      29.833
46          23     244.945     390.525           0     126.436      37.762
46          24      243.95     390.388           0      112.71      48.276
46          25     242.988       390.1           0     96.7162     49.1129
46          26     242.048     389.746           0     80.8442     44.9317
46          27     241.111     389.385           0      68.528     38.5426
46          28     240.163     389.051           0      60.939     29.5022
46          29     239.198     388.773           0     54.9485     19.9704
46          30     238.216     388.566           0     52.1693     13.1082
46          31      237.22     388.434           0     52.4711     7.90236
46          32     236.219      388.35           0     54.4469       3.555
46          33     235.218     388.266           0     58.6963     3.50611
46          34     234.226      388.11           0     62.6006     5.13359
46          35     233.267     387.812           0     62.6578     5.88542
46          36     232.374     387.351           0     63.7845     6.63548
46          37     231.573     386.745           0     70.4313     9.32121
46          38      230.87     386.028           0     81.0304     14.1025
46          39      230.25     385.238           0     82.6909     19.7063
46          40     229.651     384.431           0     75.1627     26.2887
46          41     229.011     383.658           0     63.0053      28.615
46          42     228.297     382.951           0     52.6112      28.301
46          43     227.588     382.239           0     49.7109     33.8323
46          44     226.896     381.512           0     53.3139     42.0585
46          45     226.212     380.776           0     59.9645      47.837
#1
47           0     200.889     392.162           0     30.8325      28.261
47           1     200.397     393.034           0     31.5485     27.5814
47           2     199.904     393.906           0     31.7813     27.4468
47           3     199.402     394.772           0     29.8729     26.5257
47           4     198.888     395.632           0     28.9501     25.6061
47           5      198.42     396.517           0     26.9086     24.1534
47           6     197.951     397.402           0     26.4129     23.0506
47           7     197.473     398.282           0     24.9766     22.2049
47           8     196.988     399.158           0     25.9692       21.72
47           9     196.494     400.029           0     26.0007     21.5545
47          10     196.001     400.901           0     27.7965     21.4734
47          11     195.511     401.774           0     27.7794      21.374
47          12     195.022     402.648           0     29.2248     21.5734
47          13     194.522     403.515           0     29.0355     21.0143
47          14     194.009     404.376           0     30.7213     20.1947
47          15     193.482     405.227           0     31.8428     19.0615
47          16     192.943     406.071           0     34.9735     17.8353
47          17      192.39     406.906           0      36.897     17.0419
47          18     191.826     407.733           0     39.0254     16.3982
47          19     191.248     408.551           0     38.5005     17.3068
47          20     190.647     409.352           0     37.9608     19.3632
47          21     190.016      410.13           0     38.1176     21.1459
47          22     189.347     410.875           0      39.284     19.3391
47          23     188.651     411.595           0     39.7171     15.4587
47          24     187.941     412.302           0     40.3016     11.9413
47          25     187.232     413.008           0     41.0006     9.95241
47          26     186.541     413.733           0     42.5292     8.78394
47          27     185.886     414.491           0      44.603     8.12103
47          28     185.277     415.286           0     46.7807     7.56751
47          29     184.712     416.113           0     49.0171     6.85888
47          30     184.183     416.963           0     51.1839     6.06885
47          31     183.681      417.83           0     52.6123     5.81349
47          32     183.194     418.704           0     55.5673     6.09285
47          33     182.708      419.58           0     59.0086     6.83851
47          34     182.211      420.45           0     63.8721     8.19542
47          35     181.687     421.303           0     68.0816     10.4157
47          36     181.134     422.138           0     71.9415     11.7388
47          37     180.556     422.956           0     69.1944     11.7896
47          38     179.972     423.769           0     63.6585     10.9263
47          39     179.393     424.586           0     54.8982     10.0763
47          40     178.828     425.413           0     50.6411     8.98408
47          41     178.283     426.253           0      49.004      8.5723
47          42     177.763     427.109           0     50.5467     8.31374
47          43     177.278     427.985           0     52.1275     9.02691
47          44     176.839     428.885           0     52.7471     10.1429
47          45     176.466     429.815           0     52.9568      12.193
47          46     176.168     430.771           0     54.0452     15.3474
47          47     175.945     431.747           0     56.3149      18.168
47          48     175.775     432.734           0     57.0582     19.5437
47          49     175.614     433.722           0     56.8425     18.9739
47          50     175.417     434.704           0     55.3703     18.3332
47          51     175.158     435.671           0     54.4694      18.028
47          52     174.841     436.621           0     52.1979     18.0031
47          53     174.489     437.559           0     49.1484     17.4732
47          54     174.127     438.492           0     48.5618     16.7871
47          55     173.771     439.428           0     47.9158     15.9277
47          56     173.438     440.373           0     48.4651     15.1115
47          57     173.133     441.327           0     50.9483     13.9984
47          58     172.842     442.285           0     52.2326     12.6694
47          59     172.554     443.244           0     52.4083      10.646
47          60     172.257     444.201           0     54.2218     8.39841
47          61     171.944     445.152           0     55.4802     6.56985
47          62     171.611     446.096           0     53.1494     4.87002
47          63     171.254     447.032           0     50.6173     3.95732
47          64     170.878      447.96           0     47.3661     3.29546
47          65     170.494     448.885           0     41.8932     2.66501
47          66      170.12     449.814           0      37.475     2.44103
47          67     169.761     450.749           0     33.1081     1.87268
47          68     169.415     451.689           0      30.102     2.00029
47          69     169.073      452.63           0     30.3261      2.4337
47          70     168.731     453.571           0     31.2631     2.66677
47          71     168.388     454.512           0      34.575     3.53568
47          72     168.039      455.45           0      39.541     3.67285
47          73      167.68     456.385           0     41.3367     3.09558
47          74     167.317     457.319           0     42.8159     2.59411
47          75     166.951     458.251           0     44.7205     1.86473
47          76     166.593     459.186           0     44.2687     1.21584
47          77      166.25     460.127           0     46.0942     1.12999
47          78     165.914      461.07           0     48.5096      1.1205
47          79     165.579     462.014           0     48.1513      1.1536
47          80     165.228     462.952           0     49.0086     1.52422
47          81     164.852      463.88           0     49.1555     1.86954
47          82      164.46     464.801           0     49.1597      1.9807
47          83     164.064     465.721           0     55.4416     3.91011
47          84     163.692     466.651           0     61.6774     9.94422
47          85     163.375     467.601           0      67.705     18.9218
47          86     163.131     468.572           0     69.2012     20.3458
47          87     162.945     469.556           0     62.8344     17.4441
47          88      162.78     470.544           0     50.6331     17.8499
47          89     162.599     471.529           0     40.1761     20.0517
47          90      162.38     472.506           0     35.2966     22.6921
47          91     162.116     473.472           0     34.1327     24.5744
47          92     161.805     474.424           0     33.8639      24.903
47          93     161.463     475.365           0     37.4687     23.8602
47          94     161.104       476.3           0      47.688     20.8765
47          95     160.752     477.238           0     60.2636     16.9065
47          96     160.452     478.193           0     74.8732     14.4296
47          97     160.254     479.175           0     84.8761     12.6289
47          98     160.173     480.173           0     82.9059     8.91036
47          99     160.157     481.174           0     69.2689     6.08534
47         100     160.131     482.175           0     56.0536     6.98458
47         101      160.02     483.171           0     47.7704     14.9058
47         102     159.799     484.147           0     40.6024     28.1098
47         103     159.492       485.1           0      35.651     30.5247
47         104     159.148     486.041           0     33.4976     21.6024
47         105     158.817     486.986           0     32.6404      13.556
47         106     158.523     487.943           0     32.4525     8.93839
47         107     158.264     488.911           0     33.8375     6.85419
47         108     158.025     489.883           0     35.7178     6.32044
47         109     157.799     490.859           0     35.2848     6.96424
47         110     157.589     491.838           0     35.8004     7.99629
47         111     157.392      492.82           0     37.3182     8.08718
47         112       157.2     493.803           0     41.6511     8.13406
47         113     157.034      494.79           0     49.2171     8.33212
47         114     156.924     495.786           0     53.8237     7.89436
47         115     156.864     496.785           0     58.1688     7.03995
47         116     156.843     497.787           0     56.7003     7.30248
47         117     156.833     498.788           0     49.8281     7.47734
47         118     156.804     499.789           0     41.0733     8.41216
47         119     156.739     500.788           0     33.0614     11.3668
47         120      156.65     501.786           0      26.861     14.6895
47         121     156.564     502.783           0     21.9885      17.107
47         122     156.514     503.784           0     17.4632     18.4074
47         123     156.519     504.785           0     14.9114     18.5744
47         124     156.585     505.784           0     15.1989     18.6552
47         125     156.707     506.778           0     20.0565     19.0385
47         126     156.866     507.767           0     30.7298     20.0928
47         127     157.049     508.752           0     44.4363     22.3134
47         128     157.255     509.731           0     54.0731     25.0814
47         129     157.492     510.704           0     56.7196     27.2115
47         130     157.778     511.664           0     54.9684     28.8398
47         131     158.115     512.607           0     51.6993     31.1029
47         132     158.455     513.549           0     49.0357     33.4004
47         133     158.742     514.509           0     48.5042     34.2818
47         134     159.039     515.465           0     50.4336     33.3595
47         135     159.332     516.422           0     54.1622     29.5462
47         136     159.594     517.389           0     60.2153     23.4263
#1
48           0     236.415     234.693           0     119.876     51.7481
48           1     237.411     234.646           0     96.3288       52.11
48           2     238.408     234.676           0     80.5709     50.7054
48           3       239.4     234.781           0      71.433      41.352
48           4     240.387     234.921           0     66.9932      29.451
48           5     241.375     235.052           0     63.1865      19.109
48           6     242.366     235.161           0     57.8941      11.223
48           7     243.359      235.26           0     51.3752     6.53065
48           8      244.35     235.368           0     44.9254     4.34603
48           9     245.339     235.496           0     39.1406     4.41843
48          10     246.325     235.644           0     34.5545     5.98608
48          11     247.311      235.79           0     33.0705     10.9476
48          12     248.304     235.886           0     37.2426     23.5516
48          13     249.301     235.873           0     47.6503     33.2097
48          14     250.285     235.714           0     61.1741     25.7753
48          15      251.25     235.463           0     73.7094     28.9547
48          16     252.227     235.263           0     81.8178      39.147
48          17     253.224     235.281           0     82.3244     25.2591
48          18     254.178     235.571           0     77.5211     11.9475
48          19     255.055     236.045           0     71.1664     15.2108
48          20     255.873     236.616           0     62.7003     20.1925
48          21     256.669     237.216           0     57.6794     22.0576
48          22     257.489     237.783           0     55.6861      24.835
48          23     258.373     238.245           0     55.9012     32.1912
48          24     259.326     238.537           0      56.635     33.4659
48          25     260.318     238.641           0     57.0012     25.0991
48          26     261.315     238.614           0     56.0683     23.3073
48          27     262.311     238.565           0     54.7795     25.0034
48          28     263.306     238.621           0     53.5037     26.7901
48          29     264.271     238.873           0     51.6198     29.8378
48          30     265.156     239.333           0     47.9733     34.6701
48          31     265.944     239.943           0     44.2332     34.5512
48          32     266.681     240.615           0     41.1723     30.5659
48          33     267.448     241.252           0     38.0914     27.7511
48          34     268.284     241.795           0     35.3588     25.9722
48          35     269.176     242.242           0     35.0266     23.8833
48          36     270.089     242.641           0     34.5659     19.6191
48          37     270.988     243.073           0     43.6633     14.6615
48          38     271.844     243.585           0      50.904     12.2994
48          39     272.654     244.165           0     59.1245     13.7075
48          40     273.454     244.761           0      67.805     18.2656
48          41     274.287     245.309           0     77.3203     34.6131
48          42     275.183     245.747           0     85.1781     47.9436
48          43     276.123     246.078           0     88.9287     43.4108
48          44     277.068     246.397           0     82.6886     41.4114
48          45      277.98     246.801           0     70.3881     37.7243
48          46     278.848     247.291           0     53.5085     24.9099
48          47     279.702     247.806           0     43.1086     13.9653
48          48     280.574     248.289           0     40.1599     9.25001
48          49     281.483     248.699           0     40.9977      7.7203
48          50     282.419     249.044           0     42.3482     9.59039
48          51      283.36     249.373           0     42.4073     15.0732
48          52     284.285     249.746           0     50.2151      22.676
48          53      285.18     250.186           0     67.0312     29.2768
48          54     286.054     250.665           0     88.0164     37.8983
48          55     286.929     251.144           0     105.362     45.7137
48          56      287.81      251.61           0       108.6     48.2838
48          57      288.67     252.115           0     98.5678      48.016
48          58      289.49     252.681           0     78.7713     43.0513
48          59     290.301     253.262           0     65.5093     32.9576
48          60     291.145     253.793           0      64.264     24.2463
48          61     292.049     254.214           0      71.938     17.0535
48          62     293.002     254.507           0     80.5547     11.4032
48          63     293.986     254.668           0     91.2058     9.44893
48          64     294.981      254.73           0     99.2348      9.0548
48          65     295.978     254.738           0     98.4499     9.60786
48          66     296.975     254.729           0     88.6241     13.0981
48          67     297.972     254.724           0     71.4791     15.1228
48          68     298.969     254.734           0     56.3981     14.7577
48          69     299.967     254.742           0     45.5848     12.3903
48          70     300.964     254.743           0     40.6593     8.68948
48          71     301.961     254.754           0     42.1942     5.54735
48          72     302.957     254.783           0     50.5513     5.32389
48          73     303.953     254.833           0     63.8753     10.2272
48          74     304.948     254.902           0     84.5629      20.901
48          75      305.94     255.005           0     113.246     35.6029
48          76     306.921     255.183           0     131.337     45.4674
48          77     307.858     255.523           0     135.864     32.4162
48          78     308.694     256.067           0     131.406     14.5873
48          79     309.418     256.752           0     121.092      10.524
48          80     310.021     257.547           0     114.313     14.3883
48          81     310.476     258.434           0     104.647     31.6483
48          82     310.775     259.385           0     96.8459     39.7807
48          83     310.978     260.361           0     91.3961     37.3629
48          84      311.16     261.342           0     87.4364      38.506
48          85     311.368     262.317           0     86.9413     38.8625
48          86     311.627      263.28           0     89.1456     33.6892
48          87     311.937     264.227           0     93.2673     25.7056
48          88     312.284     265.162           0     95.7024     19.0154
48          89     312.627     266.098           0     99.6862     13.8418
48          90     312.938     267.046           0       106.7     11.8188
48          91     313.189     268.011           0     112.517     11.0242
48          92     313.354     268.994           0     120.305      11.931
48          93     313.397      269.99           0     129.908     12.7223
48          94     313.287     270.981           0     136.308     13.8894
48          95     312.975     271.929           0     135.668     14.0537
48          96     312.488     272.798           0     119.079     16.0891
48          97     311.906     273.608           0     98.9075     20.9032
48          98     311.282     274.386           0     79.3754     28.6416
48          99     310.634     275.144           0     68.4843     38.6602
48         100     309.958     275.877           0     66.1706      48.917
48         101     309.232      276.56           0     70.0778     58.7762
48         102     308.452     277.181           0     76.0992     72.1423
48         103     307.647      277.77           0     84.3795     83.7041
48         104     306.865     278.389           0     94.1307        76.7
48         105     306.144     279.077           0     99.8147     74.5188
#1
49           0     78.6709     372.507           0     63.8185     24.1386
49           1     78.3087     373.442           0     54.9021     24.7769
49           2     77.8422     374.331           0     50.8628     24.3654
49           3      77.305     375.178           0      50.068     14.6159
49           4     76.7632     376.022           0     48.1757     7.69651
49           5     76.2856     376.905           0     45.6947     4.32024
49           6     75.9099     377.835           0     45.6999     2.56896
49           7     75.6509     378.804           0     42.6843     1.46879
49           8     75.4845     379.793           0     41.2001    0.774361
49           9     75.3821     380.791           0     39.6038    0.321836
49          10     75.3174     381.793           0     39.1136    0.190945
49          11     75.2699     382.795           0     38.9756    0.135643
49          12     75.2244     383.797           0     38.3053     0.11687
49          13     75.1704     384.799           0     38.1821    0.110225
49          14     75.1071       385.8           0     38.3789   0.0808589
49          15      75.037     386.801           0     38.7482   0.0276979
49          16     74.9596     387.801           0     37.9401   0.0198805
49          17     74.8781     388.801           0     37.3663   0.0484056
49          18     74.8022     389.801           0     37.1695   0.0519231
49          19     74.7371     390.803           0     37.1595   0.0662145
49          20     74.6852     391.805           0     36.5044   0.0403952
49          21     74.6457     392.807           0     36.5773   0.0445391
49          22     74.6213      393.81           0     36.6213   0.0474218
49          23     74.6099     394.813           0     36.6099   0.0487704
49          24     74.6065     395.816           0     36.6065   0.0491844
49          25     74.6067      396.82           0     36.6067   0.0491585
49          26     74.6084     397.823           0     36.6084   0.0489481
49          27     74.6109     398.826           0     36.6109    0.172124
49          28     74.6135     399.829           0     36.6135    0.390377
49          29     74.6135     400.833           0     37.1244    0.564196
49          30     74.6046     401.836           0     37.5397     0.64827
49          31     74.5858     402.839           0     38.4248    0.781576
49          32     74.5591     403.842           0     39.7721      1.0131
49          33     74.5279     404.845           0     41.2905     1.07186
49          34     74.4849     405.847           0     42.7682     1.33096
49          35     74.4265     406.849           0     44.8217     1.67278
49          36     74.3533     407.849           0     46.6916     2.01756
49          37     74.2618     408.848           0     47.8407     2.18335
49          38     74.1492     409.845           0     49.7153     2.05393
49          39     74.0191      410.84           0     51.6742     1.86961
49          40     73.8775     411.833           0     51.1014     2.05936
49          41     73.7327     412.826           0     49.9653     2.31573
49          42     73.5834     413.818           0      49.538     2.64294
49          43     73.4262     414.809           0     49.2009     2.91832
49          44     73.2585     415.798           0      49.662     3.07416
49          45     73.0823     416.786           0     51.1803     3.04957
49          46     72.9072     417.773           0     51.3804     3.30724
49          47     72.7456     418.764           0      50.862     3.75724
49          48     72.5977     419.756           0     50.5473     4.24328
49          49     72.4571     420.749           0     50.9281     4.78477
49          50     72.3165     421.743           0     51.4047     5.37016
49          51     72.1731     422.736           0     53.2235     6.08008
49          52     72.0272     423.728           0     55.4514     7.30424
49          53     71.8897     424.722           0      55.136     9.21535
49          54     71.7732     425.718           0     54.7382     11.3634
49          55     71.6813     426.717           0     54.1463      13.406
49          56     71.6115     427.718           0     53.6743     15.0811
49          57     71.5625      428.72           0     53.1573     15.7708
49          58     71.5307     429.723           0     52.2769     15.4514
49          59     71.5138     430.726           0     51.6269     14.4623
49          60     71.5132     431.729           0     51.4868      13.966
49          61      71.528     432.733           0      51.472     14.4785
49          62     71.5574     433.735           0     51.1171     16.0554
49          63     71.5983     434.738           0      51.145     18.2201
49          64     71.6475      435.74           0     51.2949     20.3181
49          65     71.7073     436.741           0     51.7218      21.974
49          66     71.7818     437.742           0     52.5456     23.2879
49          67     71.8809      438.74           0     54.5896     24.7509
49          68     72.0192     439.734           0      56.546     26.2978
49          69     72.2053      440.72           0     56.3156     27.8827
49          70       72.45     441.693           0     56.5471     29.1489
49          71     72.7778     442.641           0     57.4414      30.329
49          72     73.2029      443.55           0     58.2163      31.708
49          73     73.7505      444.39           0     59.0176     34.1991
49          74     74.3806     445.171           0      62.785     37.6123
49          75     75.0253      445.94           0     68.8772     39.8284
49          76     75.6368     446.735           0     75.6629     39.3535
#1
50           0      85.886     391.364           0     28.2215     26.8116
50           1     85.8243     392.362           0     27.8345     19.9902
50           2     85.7583     393.359           0      28.993     15.2143
50           3     85.6757     394.355           0     30.8528     13.7986
50           4     85.5648     395.349           0     32.7814     15.1509
50           5     85.4359      396.34           0     34.9145     18.1193
50           6     85.2628     397.324           0     38.4914     19.6813
50           7      85.075     398.306           0     43.3236     19.2058
50           8     84.8899     399.288           0     45.9005     18.7121
50           9     84.7206     400.273           0     47.0348     18.2337
50          10     84.5697     401.261           0     46.8419     17.9401
50          11     84.4284     402.251           0     45.4273     18.2096
50          12     84.2892      403.24           0     43.6836     18.7537
50          13     84.1506      404.23           0     42.7967     19.6182
50          14     84.0162     405.221           0     42.8633     21.0813
50          15     83.8925     406.212           0     42.6952     23.0024
50          16      83.781     407.206           0      44.027     24.9616
50          17     83.6795       408.2           0     45.5671     26.5159
50          18     83.5857     409.195           0     47.9761     27.8665
50          19     83.4906      410.19           0     49.5911     29.1353
50          20     83.3808     411.184           0     50.0287     30.1888
50          21     83.2591     412.176           0     49.4376     31.5247
50          22     83.1426     413.168           0     48.9539     32.9499
50          23     83.0455     414.163           0     49.7614     33.9618
50          24     82.9739      415.16           0      51.466     34.5413
50          25     82.9194     416.158           0      55.388     34.5116
50          26      82.877     417.157           0     60.0697      33.643
50          27     82.8388     418.156           0     64.4553     32.1316
50          28     82.8013     419.154           0     69.0656     30.7295
50          29     82.7423     420.152           0     71.8281     29.5631
50          30     82.6297     421.145           0     73.6835     28.5011
50          31     82.4496     422.128           0     74.0129      26.244
50          32     82.2049     423.097           0     74.4928     22.6164
50          33     81.9053     424.051           0     73.6841     19.7896
50          34       81.56     424.989           0     73.4317     16.5945
50          35     81.1878     425.917           0     74.3846     15.2635
50          36     80.8244     426.848           0     76.0386     14.9675
50          37     80.5156     427.798           0     78.1291     15.8277
50          38     80.2975     428.774           0     79.0521     16.8303
50          39     80.1857     429.767           0     76.1496      16.413
50          40     80.1507     430.766           0     70.1158     15.0565
50          41     80.1459     431.765           0     64.0814      13.259
50          42     80.1561     432.765           0     60.3931     11.7293
50          43     80.1981     433.764           0     60.2162     11.7879
50          44     80.2909     434.759           0     62.4034     12.9279
50          45     80.4176      435.75           0     65.3108     15.4289
50          46     80.5176     436.745           0     68.2249     20.4478
50          47     80.4994     437.744           0     70.1156     25.3075
50          48     80.2816     438.719           0     69.7648     21.2923
50          49     79.8489      439.62           0     67.2485     16.7575
50          50     79.2705     440.436           0     63.7048     17.7449
50          51     78.6485     441.218           0     62.0042     20.8672
50          52     78.0631     442.028           0     63.6811     26.5191
50          53     77.5651     442.895           0     65.1215     30.9569
50          54     77.1557     443.806           0     69.3823     31.1351
50          55     76.8254      444.75           0     72.7694     28.8206
50          56     76.5763     445.718           0     75.6101     25.1443
50          57     76.4155     446.704           0     78.2358     22.5618
50          58     76.3366     447.701           0          79     22.1366
50          59     76.3009       448.7           0     77.1118       24.44
50          60     76.2385     449.697           0     74.3133     28.8457
50          61     76.0749     450.683           0     70.5195     33.4803
50          62     75.7749     451.637           0     66.5583     34.9533
50          63     75.3697      452.55           0     64.1291     32.7105
50          64     74.9412     453.453           0     64.1976     28.8081
50          65     74.5889     454.389           0     66.7636     25.8985
50          66     74.3881     455.368           0      70.019     24.7695
50          67     74.3855     456.367           0     71.0758     24.5447
50          68     74.5786     457.348           0     69.2897     24.7221
50          69     74.9285     458.284           0      68.082     25.4346
50          70     75.3939     459.169           0      67.739     26.3488
50          71     75.9272     460.014           0     68.9272     28.5714
50          72     76.4912     460.839           0     69.3332      30.636
50          73     77.0558     461.664           0     70.0183     32.1079
50          74     77.5964     462.505           0     70.8973     32.6061
50          75     78.1028     463.366           0     71.4657     31.3146
50          76      78.574     464.248           0     70.2148     29.8995
50          77     79.0158     465.144           0     69.8263     28.1494
50          78     79.4411     466.049           0     68.5747     26.9358
50          79     79.8558     466.958           0     69.6463     26.1512
50          80     80.2554     467.875           0     71.0658     25.6505
50          81     80.6394     468.797           0      75.051     25.7933
50          82      80.994     469.732           0      79.896     25.6891
50          83     81.2934     470.685           0     81.7943     25.0176
50          84     81.5271     471.657           0     80.2447     24.1259
50          85        81.7     472.642           0     74.7157     22.7528
50          86     81.8245     473.633           0     68.5618     21.5412
50          87     81.9129     474.629           0     67.8549     20.8742
50          88     81.9755     475.627           0     75.0969     21.0213
50          89      82.011     476.625           0     87.6719     21.5324
50          90     82.0077     477.625           0     101.048     22.5273
50          91     81.9715     478.624           0     111.226     24.2081
50          92     81.9513     479.623           0     117.495     26.4848
50          93     82.0504     480.618           0     117.896     25.5901
50          94     82.3703     481.565           0     102.929     18.6074
50          95     82.8851     482.421           0     80.8013     14.6133
50          96     83.5017     483.208           0     64.8692     15.5727
50          97     84.1275     483.987           0     67.5845     18.0516
50          98     84.6755     484.823           0     88.8194     19.6945
50          99     85.0799     485.737           0     107.706     20.2039
50         100     85.3168     486.708           0     114.185      20.315
50         101     85.4841     487.694           0     113.287     19.2901
50         102     85.6911     488.672           0     109.672     16.7487
50         103     85.9738      489.63           0     106.975     14.6782
50         104      86.316     490.569           0     101.841     13.4123
50         105     86.7022     491.491           0     97.8819     13.4681
50         106     87.1256     492.397           0     95.5007     13.6436
50         107     87.5703     493.292           0     95.1903     13.0686
50         108     87.9717     494.207           0     101.417     12.3675
50         109     88.1757     495.186           0     103.176     13.7914
50         110     88.0383     496.176           0     90.0523     16.3453
50         111     87.6769     497.107           0     70.3326      17.056
50         112     87.2801     498.025           0     57.0191     14.9238
50         113     86.9684     498.974           0     53.9735     12.9316
50         114     86.7798     499.956           0     54.2857     13.4406
50         115     86.6849     500.951           0     57.2074     14.5448
50         116     86.6498      501.95           0     59.8168     15.5831
50         117     86.6447     502.949           0     61.8328     13.3343
50         118     86.6498     503.949           0     62.8983     8.30002
50         119     86.6546     504.948           0     62.9638     3.50685
50         120     86.6572     505.948           0     62.9717     1.03323
50         121     86.6603     506.947           0     62.9808    0.268116
50         122     86.6684     507.947           0     62.0583    0.124489
50         123     86.6868     508.946           0      61.764    0.117859
50         124     86.7148     509.945           0     61.8594    0.136588
50         125     86.7626     510.944           0      62.546    0.121915
50         126     86.8281     511.941           0     63.5861    0.106088
50         127     86.9081     512.937           0     64.1789   0.0669982
50         128     87.0029     513.932           0      65.897   0.0275981
50         129     87.1061     514.927           0     64.9234   0.0737556
50         130     87.2035     515.921           0     64.3398    0.102232
50         131     87.2888     516.917           0     63.3024    0.159163
50         132     87.3584     517.914           0     63.1774    0.172715
50         133     87.4134     518.912           0      62.775    0.173015
50         134     87.4535     519.911           0     63.0526    0.125557
50         135     87.4801      520.91           0     63.4767    0.179287
50         136     87.4929      521.91           0     63.9682    0.188429
50         137      87.496     522.909           0     64.4589    0.188004
50         138     87.4888     523.909           0     65.4197    0.241733
50         139     87.4731     524.908           0     66.0054    0.313514
50         140     87.4521     525.907           0     66.0958    0.618707
50         141     87.4273     526.906           0     66.6645     1.12292
50         142     87.3991     527.906           0     66.4412     1.43399
50         143     87.3712     528.905           0     66.1792     1.51407
50         144     87.3471     529.904           0     65.3608     1.62918
50         145     87.3247     530.903           0     64.4733     1.94607
50         146     87.3051     531.902           0     62.6697     2.38814
50         147     87.2644     532.901           0     59.0734     3.09963
50         148     87.2366       533.9           0     51.6152     3.84132
50         149     87.2276       534.9           0     40.0656     4.77686
50         150     87.2337     535.899           0     25.7638     6.52691
50         151     87.2456     536.899           0     13.9209     10.1699
#1
51           0     227.184     471.791           0     100.842     64.5562
51           1     227.034     470.793           0     101.917      67.174
51           2     226.974     469.786           0     102.197     60.8723
51           3     227.006     468.778           0     103.414     55.8174
51           4     227.073     467.771           0     104.953     52.0433
51           5     227.097     466.763           0     104.311     49.3068
51           6     226.998     465.759           0     96.1252     36.4352
51           7     226.816     464.767           0     77.3895     19.9532
51           8      226.63     463.776           0      56.076     9.55971
51           9     226.499     462.775           0     39.4186     3.91088
51          10     226.453     461.768           0     29.6693     1.04986
51          11     226.498      460.76           0     26.1386     1.07585
51          12     226.622     459.759           0     24.0363     1.20426
51          13     226.821      458.77           0     20.2695     1.14899
51          14     227.085     457.797           0     17.4575     1.26173
51          15     227.401     456.839           0     16.1293     1.53303
51          16     227.755     455.894           0     17.8816     1.81038
51          17     228.137      454.96           0     22.8736     3.12948
51          18     228.548     454.039           0     32.9288       4.478
51          19     229.026     453.151           0     46.2604     5.81486
51          20     229.621     452.337           0     57.3204     6.39463
51          21     230.353     451.643           0     64.3442      6.0884
51          22     231.195     451.087           0      69.129     5.80478
51          23     232.099      450.64           0     68.0979     5.66826
51          24      233.03     450.252           0     67.9771     6.09342
51          25     233.965     449.873           0     69.0522     7.09136
51          26     234.894     449.481           0     67.3973     8.32601
51          27     235.814     449.067           0      68.309     9.53555
51          28     236.732     448.649           0     65.9582      10.054
51          29     237.657     448.246           0      65.857     9.84794
51          30     238.594     447.872           0     66.4803     8.96472
51          31     239.547     447.544           0     66.0784     7.49677
51          32     240.512     447.248           0     69.4257     5.78587
51          33      241.48     446.964           0     74.4692     4.13644
51          34     242.449     446.683           0     73.0721     3.43062
51          35     243.414      446.39           0     72.1551     4.90739
51          36     244.369     446.067           0     72.5659     9.27865
51          37     245.319     445.726           0     68.7587     14.7766
51          38     246.276     445.408           0     69.6742     20.4822
51          39      247.25     445.147           0     77.5873     25.4323
51          40     248.246     444.985           0     90.2336     27.0731
51          41     249.254      445.03           0     104.482     31.8138
51          42     250.254     445.157           0     117.487     52.1728
51          43     251.246      445.34           0     126.355     82.2683
51          44     252.232     445.552           0     125.962     94.6315
#1
52           0     215.542     322.631           0     68.2069     38.7004
52           1     216.363     322.062           0     76.3155     34.4794
52           2     217.184     321.492           0     77.4501     31.7036
52           3     217.978     320.885           0     75.0019     31.1974
52           4     218.722     320.218           0      65.286     31.4534
52           5     219.389     319.474           0     54.4121     26.5449
52           6     219.958     318.652           0     44.8922     16.0083
52           7     220.413     317.763           0     36.6667     6.58421
52           8     220.748     316.821           0     31.8698     1.87101
52           9     220.974     315.848           0      29.735    0.802114
52          10     221.105     314.857           0     28.6993     1.59994
52          11     221.153     313.859           0     29.1177     3.47079
52          12     221.148     312.859           0     32.3856      7.5584
52          13     221.145      311.86           0      37.285     13.2524
52          14     221.222     310.864           0     42.2968     13.1082
52          15     221.449     309.891           0      47.355     5.28226
52          16     221.845     308.973           0     52.2241     1.88785
52          17     222.367     308.121           0     53.9356     1.77786
52          18     222.957     307.314           0      56.747     3.56921
52          19     223.577      306.53           0     58.9942     6.72234
52          20     224.215     305.761           0     66.9492     10.8466
52          21     224.868     305.005           0     80.2177     15.1192
52          22     225.549     304.273           0     88.4254     16.6909
52          23     226.275     303.587           0     88.6521     16.2029
52          24     227.058     302.967           0     79.1913     19.7161
52          25     227.893     302.417           0     55.1492     23.5011
52          26     228.772     301.941           0     33.7986     18.1733
52          27     229.681     301.526           0     18.9013     8.60243
52          28     230.612     301.164           0      12.574     3.33673
52          29     231.554     300.831           0     11.2531     2.54316
52          30     232.497     300.499           0     16.7235     3.44401
52          31     233.436     300.156           0     28.1063     4.89357
52          32     234.377      299.82           0     39.4142     6.99856
52          33     235.336     299.539           0     46.7489     12.8564
52          34     236.317     299.351           0     47.9961     18.6816
52          35     237.311     299.249           0     44.6968     16.9327
52          36     238.308     299.178           0     40.8515     9.64271
52          37     239.303     299.088           0     39.9587     3.74961
52          38     240.296      298.97           0     40.8057     1.44511
52          39     241.289     298.862           0     39.8137     1.69398
52          40     242.288     298.823           0     37.4192     2.68954
52          41     243.285     298.887           0          34     3.75235
52          42      244.27     299.057           0     31.4364     5.30732
52          43     245.238     299.302           0     31.1687     8.17464
52          44     246.199     299.576           0     37.0074     13.1051
52          45     247.165     299.835           0     47.7373     20.2059
52          46     248.143     300.039           0     58.7798     27.3255
52          47     249.136      300.15           0     63.8165     27.8053
52          48     250.135     300.154           0       63.84     22.0114
52          49     251.132     300.075           0     58.6475     17.5316
52          50     252.122     299.941           0     50.7906     16.1538
52          51     253.103     299.753           0     42.9487     17.6166
52          52     254.071     299.501           0     36.8998     20.4746
52          53     255.023       299.2           0     35.2601     24.3216
52          54     255.978     298.906           0     37.7363     26.4135
52          55     256.964     298.744           0     45.9441     29.2135
52          56     257.951     298.904           0     52.0768     33.6353
52          57     258.814     299.406           0     51.2149     18.1168
52          58     259.576     300.053           0     49.9316     17.5314
52          59     260.347     300.689           0     51.0048      32.788
#1
53           0     257.404     297.583           0     51.8036     32.0058
53           1     257.979     296.753           0     60.2467     31.2332
53           2     258.468     295.869           0      61.729     31.5373
53           3     258.911     294.961           0     60.6176     36.9299
53           4     259.355     294.054           0     54.3789     42.5435
53           5     259.769     293.132           0     54.2879     44.4327
53           6     260.077     292.171           0     60.3768      33.955
53           7      260.17     291.165           0     68.6452     23.9062
53           8     259.964     290.176           0     78.7466     24.7324
53           9     259.498      289.28           0      88.511     35.5344
53          10     258.891     288.472           0     103.753     46.9702
53          11     258.256     287.686           0     120.645     55.0364
53          12     257.715     286.833           0     133.349     52.8602
53          13     257.404     285.873           0     134.764     40.3159
53          14     257.342     284.864           0     128.506     36.0035
53          15     257.416     283.857           0     123.618     38.5162
53          16     257.542     282.855           0     126.548     44.2738
53          17     257.693     281.856           0     137.279     50.8315
53          18     257.858     280.859           0     147.619     50.6072
53          19      258.01     279.861           0     146.073     40.9633
53          20     258.128     278.858           0     123.333     26.7893
53          21     258.222     277.852           0     97.0677     15.4585
53          22     258.299     276.845           0     79.1828       8.566
53          23     258.369     275.837           0      68.282     5.04592
53          24      258.43     274.829           0      60.929     3.99906
53          25     258.483      273.82           0     56.4946     4.45463
53          26     258.531     272.811           0     53.4724     5.40049
53          27     258.581     271.803           0     51.1895     6.65547
53          28     258.641     270.794           0     50.4145     8.47347
53          29     258.712     269.787           0     52.7943     11.3342
53          30     258.752     268.777           0     58.7512     17.0741
53          31     258.681      267.77           0     64.3872     27.6972
53          32     258.423     266.793           0     63.8885     28.9713
53          33     258.007     265.873           0     55.5816     16.4258
53          34     257.545     264.974           0     36.7694     9.64061
53          35     257.107     264.064           0     21.1922     8.03508
53          36     256.698     263.141           0     16.7377     8.50987
53          37     256.269     262.226           0       23.07     10.1259
53          38     255.756     261.356           0     33.5713     12.2178
53          39       255.1     260.588           0     41.7227     19.1426
53          40     254.291     259.983           0     46.0098     33.3172
53          41     253.378     259.552           0      45.034     43.3047
53          42     252.416     259.241           0     43.0083     48.4158
#1
54           0     166.788     232.077           0     72.1865     55.7095
54           1     166.636     231.086           0     70.7768     44.7097
54           2      166.68     230.083           0     57.7769     33.7563
54           3     166.911     229.107           0     47.9006      31.118
54           4     167.291     228.179           0     46.8448     30.5131
54           5     167.792     227.309           0     52.7816     31.5065
54           6     168.414     226.522           0     63.3178      31.463
54           7      169.14     225.829           0     75.6189       27.65
54           8      169.94     225.224           0     85.6642     22.6415
54           9     170.779     224.673           0     89.1954     18.5121
54          10     171.625     224.134           0     90.5785     15.8717
54          11      172.46     223.578           0     86.2679     13.9803
54          12     173.275     222.993           0     83.1195     12.1561
54          13     174.082     222.396           0     81.5105     11.2355
54          14     174.902     221.818           0     85.5936     11.1882
54          15      175.76     221.297           0     91.0542     11.5879
54          16     176.657     220.849           0     94.9789     11.8434
54          17     177.581     220.457           0     92.2359     14.4321
54          18     178.504     220.065           0     88.6177     22.2426
54          19     179.411     219.636           0     80.7155     33.8536
54          20     180.299     219.167           0     79.0784     40.2033
54          21     181.169     218.668           0     81.6711     39.5254
54          22     182.028     218.151           0     88.5225     35.6776
54          23     182.878     217.618           0     92.7958     31.7323
54          24     183.721     217.073           0     97.7782     30.5943
54          25      184.55     216.507           0     94.4669     30.9778
54          26     185.359     215.914           0     92.4566     33.3587
54          27     186.142     215.286           0     85.7249     37.3194
54          28     186.892     214.621           0     80.3408      41.592
54          29     187.611     213.921           0     76.8607     46.2242
54          30     188.292     213.184           0      74.485     50.7946
54          31     188.934     212.412           0     74.2264     54.1945
54          32     189.552     211.622           0     73.1626     56.7473
54          33     190.164     210.827           0     75.1184     57.1412
54          34     190.785     210.039           0      77.697      56.278
54          35     191.428     209.269           0     79.1325     55.5661
54          36     192.086     208.511           0     81.6054     54.7036
54          37     192.748     207.757           0     81.3263     53.8713
54          38     193.407     207.001           0     80.7778     52.2744
54          39      194.05     206.231           0     79.3625     50.6113
54          40     194.664     205.437           0     75.2455     49.0482
54          41     195.237     204.613           0     74.5664      42.828
54          42     195.767     203.761           0     74.9265      30.504
54          43     196.275     202.896           0     75.6283     18.4132
54          44      196.78     202.029           0     78.5174       9.806
54          45     197.295     201.168           0     76.1217     4.44023
54          46     197.791     200.296           0     68.7045     2.07414
54          47     198.223     199.391           0     57.1752     2.00085
54          48     198.508     198.429           0     44.0768      3.6178
54          49     198.558     197.426           0      32.548     4.86426
54          50     198.358     196.443           0     22.0113     9.73459
54          51     198.004     195.504           0     16.0151     20.1985
54          52     197.614      194.58           0     20.3284     24.5786
54          53     197.268     193.638           0     36.2592     24.5534
54          54     196.995     192.673           0     58.8743     23.2072
54          55     196.824     191.684           0     76.5861     24.3551
54          56     196.766     190.682           0     82.9554     16.0609
#1
55           0     57.4921     343.444           0     8.03973     7.14618
55           1     58.4046     343.052           0     11.8775     4.31615
55           2     59.3144     342.654           0     16.9304     2.55149
55           3     60.2203     342.247           0     23.1705     1.37394
55           4     61.1253     341.838           0     29.5824    0.863182
55           5     62.0371     341.445           0     35.3239     0.57307
55           6     62.9607      341.08           0     41.0993    0.597805
55           7     63.8916     340.734           0     48.9886     1.20182
55           8     64.8251     340.395           0     61.5896     4.93588
55           9     65.7572     340.053           0     78.6303     16.3713
55          10     66.6746     339.673           0     86.0809     28.7827
55          11     67.5623     339.228           0     90.2714     34.7954
55          12     68.4098      338.71           0     89.7003     40.1743
55          13     69.2363     338.159           0     88.1045     46.7992
55          14     70.0748     337.627           0     86.2151      47.761
55          15     70.9472     337.153           0     82.7318     42.0999
55          16     71.8514     336.742           0     70.6075     36.3081
55          17     72.7733     336.373           0     53.7168     30.4473
55          18     73.6992     336.014           0     42.7001     23.9194
55          19      74.621     335.645           0     43.6237     18.9635
55          20     75.5333     335.253           0     59.8859     16.6829
55          21     76.4378     334.843           0     77.4466     14.2165
55          22     77.3357     334.419           0     80.3646     9.56336
55          23     78.2175     333.962           0     68.2719      4.6484
55          24     79.0861     333.481           0     43.1442     1.88406
55          25     79.9511     332.993           0     24.6719     1.83308
55          26     80.8183     332.509           0     15.5197     3.25447
55          27     81.6931     332.039           0      13.265     5.52285
55          28     82.5773     331.587           0     12.2481     7.75857
55          29     83.4695     331.151           0     11.4596     10.5671
#1
56           0     292.698     143.498           0     67.6028     53.0365
56           1     292.579     142.505           0     61.7698     50.9462
56           2     292.523     141.507           0     49.5692     39.4097
56           3     292.559     140.508           0     38.1785     32.4425
56           4     292.717     139.521           0     30.6609     27.9375
56           5     293.006     138.564           0     27.5469     23.1712
56           6     293.407     137.648           0     27.1663     17.2199
56           7     293.869     136.761           0     30.2596     10.7604
56           8     294.344     135.882           0      33.847     6.07894
56           9     294.803     134.994           0     36.4077      3.6774
56          10     295.242     134.095           0     36.4936      2.5648
56          11     295.676     133.195           0      34.865     1.89714
56          12     296.132     132.305           0     33.8271     2.12206
56          13     296.638     131.443           0      31.481     2.91294
56          14     297.206      130.62           0     30.2375     4.48641
56          15     297.839     129.847           0     30.0794     6.38911
56          16     298.532     129.126           0     32.1354      9.0369
56          17      299.27     128.451           0     37.3544     13.2675
56          18     300.026     127.797           0     47.1068     19.8106
56          19     300.769     127.129           0     63.2175     24.6993
56          20     301.455     126.401           0     75.3607     20.3986
56          21      302.06     125.605           0     80.4004      16.637
56          22     302.636     124.788           0     68.5185     18.4512
56          23     303.255     124.003           0     52.7113     19.2181
56          24      303.94     123.275           0     39.1238     10.6561
56          25     304.672     122.594           0     32.7074     3.00983
56          26     305.434     121.946           0     31.9017     1.03311
56          27     306.214     121.321           0     32.7632     1.19494
56          28     307.004     120.709           0     34.4071     1.21625
56          29     307.801     120.105           0     33.5903     1.00631
56          30     308.608     119.515           0     29.4013    0.918867
56          31     309.426      118.94           0     26.4317    0.672765
56          32     310.252     118.378           0     23.4357    0.478966
56          33     311.088     117.828           0     23.6438    0.426064
56          34     311.934     117.297           0     24.9449     0.61471
56          35     312.792     116.784           0     27.2342    0.651209
56          36     313.663     116.292           0     28.7826    0.598082
56          37     314.541     115.814           0     31.3009    0.664349
56          38     315.422     115.341           0     34.3266    0.786114
56          39     316.294     114.852           0     40.7714     1.09273
56          40     317.147     114.332           0     48.9816     1.22731
56          41     317.969     113.762           0     56.0356     1.41546
56          42     318.751      113.14           0     55.1871     1.38618
56          43     319.495     112.471           0     47.0962     1.41132
56          44     320.217      111.78           0     39.3276     1.27629
56          45      320.94      111.09           0     33.9639     1.11196
56          46     321.679     110.417           0     29.1979    0.987241
56          47      322.44     109.768           0     25.8157    0.937114
56          48     323.219     109.141           0     20.9079    0.712088
56          49     324.013     108.534           0     14.0696    0.424268
56          50     324.821     107.946           0       8.532     0.21477
56          51     325.636     107.366           0     4.36054   0.0717171
56          52     326.456     106.794           0     1.97644    0.069439
#1
57           0     294.425     241.942           0     27.4427     25.9371
57           1     295.426     241.852           0     24.8081     17.8558
57           2     296.429     241.788           0     19.1234      12.125
57           3     297.434     241.756           0     16.2741      9.2051
57           4     298.439     241.756           0     18.4787     8.39481
57           5     299.444     241.747           0     21.7656     8.95572
57           6     300.449     241.735           0     26.3063     10.6844
57           7     301.454     241.713           0     35.4964     13.1579
57           8     302.458     241.671           0     52.9419     17.1414
57           9     303.462      241.61           0     75.8732       22.83
57          10     304.465     241.549           0     96.8627     27.2277
57          11      305.47     241.529           0     107.131      26.866
57          12     306.474     241.586           0     104.901     27.0834
57          13     307.472     241.703           0     95.6659     31.0962
57          14     308.468     241.841           0      84.396     35.2552
57          15     309.466     241.964           0     73.6652     35.5743
57          16     310.467     242.048           0     63.0112     28.3228
57          17     311.472     242.084           0     54.1946     17.1112
57          18     312.477     242.077           0     49.5853     10.6527
57          19     313.481     242.038           0     51.1587     10.0273
57          20     314.486     242.087           0     58.2484     9.95119
57          21     315.468       242.3           0     67.3284     8.58891
57          22     316.391     242.697           0     74.6001     12.9108
#1
58           0     314.465      235.93           0     21.6126     6.74474
58           1      314.96      236.81           0     19.0056     15.0318
58           2      315.41     237.714           0     20.3462     18.1669
58           3     315.744     238.667           0     28.7043     20.7795
58           4     315.961     239.653           0     44.0677     27.1893
58           5     316.194     240.635           0      60.798     30.8837
58           6     316.517     241.592           0     72.6523     22.1741
58           7     316.986     242.486           0      78.885     11.8072
58           8     317.566     243.313           0     80.0698      6.7498
58           9     318.193     244.104           0     84.3788     5.89992
58          10     318.817     244.898           0     86.3753     6.63407
58          11     319.403      245.72           0     85.3403       7.256
58          12     319.925     246.585           0      84.491     6.58956
58          13      320.35       247.5           0     81.6734     4.81567
58          14     320.647     248.465           0     79.0508     4.26397
58          15     320.799     249.464           0      75.478     3.71396
58          16      320.81     250.473           0     70.4916     3.41788
58          17     320.696     251.476           0     65.5594     3.12986
58          18     320.476     252.462           0     62.0244     2.78132
58          19     320.158      253.42           0     61.7297     2.30464
58          20     319.742      254.34           0     64.5216     2.11683
58          21     319.222     255.206           0     71.0939     1.86759
58          22     318.585     255.989           0      77.464     1.63549
58          23     317.838     256.668           0     75.4374     1.68204
58          24     317.016     257.254           0     67.7784      2.3946
58          25     316.131     257.741           0     57.6054     5.37694
58          26     315.192     258.112           0     52.6979       15.25
58          27     314.203     258.318           0     52.4788     29.2912
58          28     313.195     258.368           0     62.5874     42.0689
58          29     312.196     258.222           0     81.5268     40.6951
58          30     311.258     257.848           0     100.766     51.0568
#1
59           0     217.815     355.691           0     40.1277     39.5397
59           1      218.81     355.674           0     36.7588     29.8053
59           2     219.805     355.654           0     30.6411     23.0477
59           3       220.8     355.619           0     25.8758      18.935
59           4     221.794     355.567           0     22.6178     14.7044
59           5     222.789     355.583           0     20.8812     9.99736
59           6     223.784     355.562           0     20.5617     8.51806
59           7     224.772     355.442           0     20.1005     11.0052
59           8     225.736     355.192           0     19.8584     14.9466
59           9     226.657     354.814           0     19.9945     15.0897
59          10     227.526      354.33           0     22.2543     12.3294
59          11     228.346     353.766           0     27.1779     8.92558
59          12     229.126     353.147           0     34.8181      5.9045
59          13     229.875     352.492           0     43.9359     3.88086
59          14     230.606     351.816           0     53.2309     2.68533
59          15     231.331     351.134           0     60.5887     1.81135
59          16     232.055     350.451           0     63.2976     1.35964
59          17     232.778     349.767           0     61.8255    0.757077
59          18     233.514     349.097           0     55.9066    0.839496
59          19     234.269     348.449           0     46.6812     1.30837
59          20     235.062     347.847           0     38.7148     3.16846
59          21     235.907     347.321           0     30.9058     7.85456
59          22     236.805     346.892           0      25.149     14.3385
59          23     237.743     346.559           0     19.8706     17.8174
59          24     238.701      346.29           0     17.5111     17.3556
59          25     239.661     346.027           0      18.287      16.932
59          26      240.61     345.727           0     21.2274      17.648
59          27     241.543     345.378           0     26.3138     17.9199
59          28     242.459     344.991           0     32.8211     17.4851
59          29     243.368     344.585           0     36.4569     17.4197
59          30     244.272     344.168           0     40.2198     17.8821
59          31     245.174     343.747           0     42.5313     18.4667
59          32     246.073     343.321           0     42.3601     18.8184
59          33     246.966      342.88           0     43.5895     19.0754
59          34     247.845     342.414           0     44.3685     18.2621
59          35     248.702     341.908           0     47.8208     16.1553
59          36     249.534     341.362           0      50.362      12.658
59          37      250.33     340.764           0     55.0106     8.50923
59          38     251.075     340.104           0     59.3921     4.64035
59          39     251.748     339.371           0     57.3952     2.62024
59          40     252.343     338.573           0     52.7802     1.98319
59          41     252.865     337.725           0     47.1301     1.51074
59          42     253.335     336.848           0     41.0026      1.1541
59          43     253.775     335.955           0     37.7144     1.00067
59          44     254.211      335.06           0     37.3171    0.995061
59          45     254.659     334.172           0      37.641    0.889171
59          46     255.128     333.294           0     38.5169    0.724662
59          47     255.619     332.428           0     38.1704    0.629343
59          48     256.131     331.575           0     39.0475    0.498042
59          49     256.658      330.73           0     38.8942    0.309987
59          50     257.196     329.893           0     40.0837    0.358977
59          51     257.731     329.053           0     41.4627    0.315078
59          52      258.25     328.204           0     43.4377    0.264585
59          53     258.745     327.341           0     44.9704    0.351991
59          54      259.22     326.466           0     44.3428    0.914226
59          55      259.67     325.578           0     40.2774     2.37916
59          56     260.089     324.675           0     34.4521     4.99132
59          57     260.457     323.751           0     26.2041     7.98303
59          58     260.762     322.803           0     22.6278      11.635
59          59     261.016     321.841           0     25.4667     15.9798
59          60     261.277      320.88           0     35.2662     18.9751
59          61     261.648     319.957           0     47.2184     15.4374
59          62     262.191     319.122           0     53.2418     7.16008
59          63     262.869     318.394           0      53.155     3.25124
59          64     263.595     317.713           0     49.3695     1.52573
59          65     264.314     317.025           0     45.0952     0.90444
59          66     265.002     316.305           0     42.9903    0.686502
59          67     265.662     315.561           0     40.1911     1.41136
59          68     266.298     314.795           0     39.7026     1.78136
59          69     266.901     314.003           0      39.893     2.39092
59          70     267.438     313.165           0     38.5515     4.32592
59          71     267.868     312.268           0     35.7454     9.25364
59          72     268.195     311.327           0     31.7252     13.9448
59          73     268.472     310.372           0     28.2914     15.0204
59          74     268.768     309.421           0     26.8288     13.9487
59          75     269.127     308.493           0     25.9869     12.7022
59          76     269.569     307.601           0     24.9724     13.1528
59          77     270.084     306.749           0     26.4606     17.3716
59          78     270.636     305.921           0     33.4838     26.0382
59          79     271.183      305.09           0     51.8297     40.5203
59          80     271.679     304.227           0     72.4471      55.306
59          81     272.103     303.326           0     81.5695     64.8221
#1
60           0     156.129     423.361           0     1.95524     0.65578
60           1     156.131      424.36           0     5.66911     2.85641
60           2     156.119     425.359           0     11.4343     5.24161
60           3     156.069     426.356           0      19.512        8.56
60           4     155.945     427.347           0      28.611     10.9806
60           5     155.739     428.324           0     34.4447     11.6863
60           6     155.435     429.276           0     37.6227     12.1734
60           7     155.079     430.209           0     41.2429     14.3365
60           8     154.711     431.137           0     44.1837     17.1867
60           9     154.363     432.073           0     48.8798     20.6819
60          10     154.052     433.022           0     55.6888     24.2468
60          11     153.776     433.982           0     60.0086     28.6735
60          12      153.54     434.952           0     63.7695     32.9669
60          13     153.338      435.93           0     68.3255     36.6299
60          14     153.164     436.914           0     74.3751       39.14
60          15      153.01     437.901           0     82.2025       40.12
60          16      152.88     438.891           0     88.2583     39.5144
60          17     152.793     439.886           0     95.6102     35.1499
60          18     152.759     440.884           0     101.405      28.798
60          19     152.756     441.882           0     102.049     25.3706
60          20     152.734     442.881           0     95.4712     26.8695
60          21     152.641     443.875           0     80.9568     28.9235
60          22      152.46     444.857           0     64.5616      27.938
60          23     152.209     445.824           0     54.3451     26.4723
60          24     151.922     446.781           0     53.5563     27.0073
60          25     151.627     447.735           0      58.758     29.3084
60          26     151.326     448.687           0     67.5457     32.7207
60          27     151.006     449.633           0     75.1225     35.5357
60          28      150.66      450.57           0     74.5956     36.1464
60          29      150.32     451.509           0     72.6623     36.1584
60          30     150.049      452.47           0     73.1792     36.7527
60          31     149.953     453.464           0     76.2229      37.768
60          32     150.143     454.444           0     80.2664     40.4211
60          33     150.645     455.308           0     81.5709     46.8138
60          34     151.303     456.059           0     83.0022     57.1236
60          35     151.919     456.846           0     81.1757     63.9281
60          36     152.309     457.765           0     71.5864      40.353
60          37     152.444     458.754           0     57.2418     30.7011
60          38     152.393     459.752           0     47.1376     29.7809
60          39     152.205     460.732           0     53.9217     31.4527
60          40     151.937     461.695           0     85.4378     42.1589
60          41     151.704     462.666           0     133.439     62.1495
60          42     151.743     463.663           0     168.108     59.5513
60          43     152.229     464.535           0     173.707     38.5752
60          44     152.889     465.285           0     170.322     26.2358
60          45      153.49     466.083           0     155.084     20.3527
60          46     153.899     466.994           0     128.064      20.536
60          47     154.138     467.963           0     98.9225     22.3315
60          48      154.27     468.953           0     86.6866     20.9703
60          49     154.322     469.951           0     87.2905      16.777
60          50     154.279     470.948           0     91.2355     14.4927
60          51     154.111     471.933           0     89.8105     14.9861
60          52     153.821     472.889           0     82.2524     17.8179
60          53     153.461      473.82           0      72.762     20.8569
60          54     153.081     474.744           0     67.5628     23.3452
60          55      152.72     475.675           0     64.0584     24.1873
60          56     152.399      476.62           0      63.155     25.1422
60          57     152.112     477.577           0     63.0253     24.7139
60          58      151.85     478.541           0      58.427      22.911
60          59     151.608     479.509           0      50.668     19.9324
60          60      151.38     480.482           0     44.1001     16.4141
60          61     151.157     481.455           0     40.0339     12.2183
60          62     150.934     482.429           0     37.7286     9.40742
60          63     150.711     483.402           0     36.2465     7.14519
60          64      150.48     484.374           0     36.5335     5.68502
60          65     150.237     485.343           0      39.074      4.8197
60          66     149.993     486.311           0     42.5868     4.09517
60          67     149.757     487.281           0     44.2516     4.21766
60          68     149.528     488.253           0     47.3796     4.61025
60          69       149.3     489.226           0     51.4988     5.18533
60          70     149.075     490.199           0     56.0264     5.75516
60          71     148.856     491.173           0     58.0393     5.98696
60          72     148.651     492.151           0     56.7108     6.85415
60          73     148.461     493.131           0     55.3569     8.27888
60          74     148.291     494.115           0     54.8023     9.34581
60          75     148.129     495.101           0     55.3644     9.88035
60          76     147.969     496.086           0     56.2985     11.6221
60          77     147.834     497.076           0     51.1976     12.8975
60          78     147.699     498.066           0     51.1574     13.6708
60          79     147.526     499.049           0     52.0207     14.3505
60          80     147.302     500.022           0     53.1174     15.2539
60          81      147.03     500.983           0     55.7854     16.6518
60          82      146.74     501.939           0     59.4164     17.5022
60          83     146.481     502.903           0     65.4043     16.6933
60          84     146.297     503.885           0     73.5809     14.3404
60          85     146.213      504.88           0     81.7866     10.3088
60          86     146.212     505.879           0     89.7601     5.98413
60          87      146.25     506.877           0     98.1701     4.85801
60          88     146.294     507.874           0     105.683     4.42374
60          89     146.325     508.873           0     110.761     3.96666
60          90     146.342     509.871           0     114.454     3.54274
60          91     146.352      510.87           0     117.444     3.89086
60          92     146.366     511.868           0     119.445     4.24994
60          93     146.395     512.867           0     120.313     4.84238
60          94     146.459     513.863           0     118.467      5.8229
60          95     146.573     514.855           0     113.534     6.97993
60          96     146.737     515.841           0     105.936     6.86945
60          97     146.927     516.821           0     97.8821     5.69396
60          98     147.105     517.804           0     86.8994     4.46799
60          99     147.235     518.794           0     75.6164     2.86112
60         100      147.31      519.79           0     68.6443     1.81223
60         101     147.365     520.787           0     67.7486     1.47189
60         102     147.445     521.783           0     70.3609     1.72433
60         103     147.599     522.769           0      72.493     2.16911
60         104     147.871      523.73           0     73.3547     2.98209
60         105     148.265     524.648           0     69.0498     3.59493
60         106     148.731     525.531           0     64.7896     3.91725
60         107     149.204      526.41           0     64.0327     4.95409
60         108      149.62     527.319           0     66.1486     6.85014
60         109     149.945     528.263           0     71.5296     9.72761
60         110     150.187     529.232           0     74.7588     11.1078
60         111     150.398     530.208           0      75.473     12.3373
60         112     150.642     531.176           0     72.2419     12.2036
60         113     150.951     532.126           0     64.0026     11.5523
60         114     151.305      533.06           0     55.9976     10.3932
60         115     151.669      533.99           0     55.3337     10.1648
60         116     152.027     534.922           0     63.3944     10.2327
60         117     152.355     535.865           0     73.6242     8.74619
60         118     152.607     536.832           0     79.1482     6.44588
60         119     152.736     537.822           0     77.9589      7.7889
60         120     152.751     538.821           0     72.7827     13.7144
60         121     152.697     539.818           0      68.103     21.9004
60         122      152.62     540.814           0     66.8756     28.5002
60         123     152.549      541.81           0     68.8869     33.0065
60         124     152.496     542.807           0     73.9528     36.0946
60         125     152.455     543.805           0     80.4472     36.7385
60         126      152.39     544.801           0     84.7684     31.3766
60         127      152.23     545.787           0     82.9329     18.7161
60         128     151.933     546.741           0     71.4744     14.6138
60         129     151.516     547.648           0     51.7437     23.5226
60         130      151.03     548.521           0     38.8654     33.9233
60         131     150.516     549.377           0     33.9755     42.3736
60         132     150.009     550.237           0     36.4337     47.3052
60         133     149.534     551.116           0      40.041     49.3079
60         134     149.103     552.017           0     42.6391     49.2395
60         135     148.713     552.936           0     39.2936     48.9759
60         136     148.365     553.872           0     32.7797     49.1311
60         137     148.058     554.822           0     27.7934     48.2308
60         138      147.79     555.784           0     24.5106       48.28
60         139     147.565     556.757           0     25.4171     49.5555
60         140     147.409     557.744           0     28.5478      51.006
60         141      147.38     558.742           0     32.1654     53.3442
60         142     147.555     559.726           0     33.6781     57.3343
60         143     147.968     560.634           0     34.0018     64.9893
60         144     148.555     561.443           0     40.7729     77.4889
60         145      149.18     562.221           0     54.3993     78.4687
60         146     149.724     563.059           0     68.3947      54.547
60         147     150.104     563.982           0     68.9593     39.8968
60         148     150.368     564.946           0     60.9684     39.6096
60         149     150.594     565.918           0     51.9031     43.8411
60         150     150.785     566.899           0     44.6733     46.3729
60         151     150.898     567.891           0      40.164     46.5375
60         152     150.897      568.89           0     36.9295     45.8892
60         153     150.776     569.881           0     33.4605     45.8836
60         154      150.55     570.854           0     30.0218      45.253
60         155     150.232     571.801           0     25.9232       44.39
60         156     149.838     572.718           0      23.103      42.958
60         157     149.387     573.609           0      23.032     40.7281
60         158     148.901     574.482           0     27.4485     35.8763
60         159     148.396     575.343           0     34.0854     30.6612
60         160     147.879     576.198           0     43.5287     28.5759
60         161     147.355     577.048           0      53.244     32.0652
60         162      146.82     577.891           0     64.9078     38.7835
60         163     146.281     578.732           0     74.5886     44.6665
60         164     145.746     579.575           0     83.2759     42.1559
60         165     145.229      580.43           0      88.794     32.6197
60         166     144.736     581.298           0      93.089     21.9789
60         167     144.275     582.184           0     96.3158     16.0067
60         168     143.852     583.089           0     101.142     15.3444
60         169     143.473     584.013           0     102.558     15.2294
60         170     143.134     584.952           0     105.179     15.3032
60         171      142.83     585.904           0     102.293     13.9103
60         172     142.555     586.863           0     95.6543     13.4289
60         173     142.287     587.826           0     88.9034     13.8295
60         174      142.02     588.788           0     84.9873     14.7531
60         175      141.77     589.755           0     80.6024     16.3651
60         176     141.552     590.729           0     85.1707     17.9635
60         177     141.364      591.71           0     97.4002     19.4091
60         178     141.195     592.695           0     114.607     20.3635
60         179     141.039     593.681           0     133.716     20.5275
60         180     140.896     594.669           0     143.943     20.3779
60         181     140.771      595.66           0     149.443     19.9284
60         182     140.664     596.653           0     152.918      19.834
60         183     140.572     597.648           0     154.222     19.7649
60         184     140.487     598.643           0     151.985     19.7403
60         185     140.399     599.637           0     145.859     19.2287
60         186     140.303     600.632           0     136.095     18.7304
60         187     140.196     601.624           0     125.708     17.6377
60         188      140.08     602.616           0     116.597     16.2035
60         189     139.971     603.609           0     107.299     14.9263
60         190     139.885     604.604           0     97.3359     14.0612
60         191     139.837     605.602           0     90.9008     13.3037
60         192     139.828       606.6           0     87.9407     12.5292
60         193      139.85     607.599           0     89.1214     11.6896
60         194     139.878     608.597           0     91.7268     10.9646
60         195     139.866     609.596           0     92.5565     11.1514
60         196     139.778      610.59           0     90.4004     12.4697
60         197     139.594     611.572           0     85.5479     15.1195
60         198     139.324     612.534           0     81.0465     19.8037
60         199     139.003     613.479           0     80.0122     25.2335
60         200     138.689     614.427           0     75.8821     29.8678
60         201     138.419     615.389           0     74.5711     33.6952
60         202     138.212     616.366           0     74.6297     35.9109
60         203     138.067     617.354           0     74.4459     36.1055
60         204     137.969     618.348           0     72.8978     34.1696
60         205     137.899     619.344           0     70.5117     30.5712
60         206     137.837     620.341           0     69.0861     26.1584
60         207     137.772     621.337           0     67.1691     21.7465
60         208     137.698     622.333           0     64.0569     17.7413
60         209     137.616     623.329           0     60.0732     14.6728
60         210     137.527     624.323           0     55.5731     11.9673
60         211     137.436     625.318           0     51.3337     9.64028
60         212     137.349     626.313           0     48.4221     7.52562
60         213     137.268     627.308           0     47.5757     5.81778
60         214     137.193     628.304           0     48.3331     4.46859
60         215     137.124       629.3           0     50.5735      3.7306
60         216     137.064     630.297           0     52.9994     3.27372
60         217     137.012     631.295           0     55.1726     2.97664
60         218     136.963     632.292           0     55.6442     3.18633
60         219     136.918      633.29           0     55.2895     3.54377
60         220     136.877     634.288           0     54.7639     3.93918
60         221     136.843     635.286           0      53.902     4.50342
60         222     136.819     636.284           0     53.5026     5.34634
60         223     136.785     637.282           0     52.2043     6.46675
60         224     136.778     638.281           0     49.2045     7.94602
60         225     136.811     639.279           0     42.0893     9.83056
60         226     136.875     640.276           0     30.8024     11.4625
60         227     136.952     641.271           0     17.9329     12.6023
#1
61           0     40.2802      327.59           0      1.9197           0
61           1      40.982     326.864           0     5.48083   0.0542766
61           2     41.6731     326.129           0     12.2647    0.203155
61           3     42.3441     325.374           0      20.366    0.435498
61           4     42.9857     324.595           0     30.6925    0.683701
61           5     43.5973     323.792           0     39.0655     1.64211
61           6     44.1955     322.979           0     48.1153     3.37747
61           7     44.7916     322.164           0     55.9787     7.37265
61           8     45.3666     321.334           0     63.4838      13.662
61           9     45.8494     320.447           0     66.7458     22.8072
61          10     46.1792     319.493           0     62.4659     35.4859
61          11     46.3948     318.507           0     55.0623     34.1061
61          12     46.5857     317.516           0     51.1383     24.5881
61          13     46.8154     316.533           0     52.4621     18.6876
61          14      47.096     315.563           0     57.1365     16.6031
61          15     47.4031     314.601           0     60.8743     17.2999
61          16     47.7184     313.642           0     67.8046     19.0083
61          17     48.0422     312.686           0     76.7846     20.5313
61          18     48.3806     311.735           0     78.7402     22.0966
61          19     48.7568     310.798           0     81.2307     24.1752
61          20     49.2008     309.891           0     76.7071     26.4954
61          21     49.7026     309.015           0     64.2863     30.4179
61          22     50.2379     308.159           0     50.2795     36.4506
61          23     50.7748     307.305           0     41.8342     42.5556
61          24     51.2983     306.441           0     40.8531     44.4834
61          25     51.7857     305.557           0     44.4687     39.8676
61          26     52.2271     304.649           0     49.5417     31.1649
61          27     52.6118     303.716           0     53.0863     26.9327
61          28      52.951     302.765           0     57.2928     28.9646
61          29     53.2752     301.809           0     58.7481     33.7784
61          30     53.6139     300.858           0     60.0494     38.1625
61          31     54.0295     299.938           0     65.0435      40.227
61          32     54.6075      299.11           0     66.2527      40.171
61          33     55.3909     298.474           0     67.8493     44.2337
61          34     56.3393     298.128           0     69.4659       62.08
61          35     57.3446     298.036           0     75.4007     70.4439
61          36     58.3541     298.045           0     89.2036     77.4565
61          37     59.3633     298.018           0     109.311     82.2283
61          38     60.3669     297.909           0     121.718     89.3099
#1
62           0      127.85     274.622           0     107.475     56.6679
62           1     127.324     275.472           0     99.3127     56.4306
62           2     126.825     276.339           0     85.7419     41.3678
62           3     126.296     277.187           0     72.0863     23.9535
62           4     125.719     278.004           0     67.5837     11.6347
62           5     125.152     278.827           0     70.7691     4.70797
62           6     124.586     279.651           0      75.673      2.4441
62           7     124.035     280.486           0     83.4607     1.46259
62           8     123.503     281.332           0     84.3286     1.86635
62           9     122.987     282.188           0     90.4613     2.22762
62          10     122.483     283.052           0     88.8587     2.72292
62          11     121.993     283.924           0     93.5232     3.33042
62          12     121.517     284.803           0     88.7208     3.62725
62          13      121.05     285.686           0     90.1111     4.41464
62          14     120.574     286.566           0     87.3416     5.84006
62          15     120.084     287.438           0     90.4614      8.8414
62          16     119.571     288.295           0     88.0702     13.4074
62          17     119.024     289.133           0     89.8166     18.7166
62          18     118.431     289.937           0      82.162     24.8971
62          19     117.795     290.709           0     78.9292     31.0518
62          20     117.141     291.465           0      79.492     35.7041
62          21     116.503     292.235           0     86.0319     35.4943
62          22     115.931     293.055           0      99.045      32.693
62          23      115.46     293.937           0     105.678     29.8769
62          24     115.091     294.866           0     115.454     27.5856
62          25     114.783     295.817           0     120.716     24.8136
62          26     114.519     296.781           0     123.054      22.926
62          27     114.285     297.753           0     124.971     21.6641
62          28      114.06     298.727           0     125.609     20.5469
62          29     113.822     299.698           0     119.883     20.0619
62          30     113.558     300.663           0     111.815     20.7481
62          31     113.251     301.614           0     104.603       21.57
62          32      112.87     302.539           0     98.7872     22.6711
62          33     112.391     303.416           0     93.2564      23.604
62          34     111.802     304.224           0     93.3658     25.0022
62          35     111.118     304.953           0     93.6032      28.257
62          36     110.393     305.642           0     94.0693     33.6039
62          37     109.702     306.364           0     102.116     36.0424
62          38     109.118     307.176           0     115.319     31.2404
62          39      108.72     308.093           0     123.906     26.4957
62          40     108.544     309.077           0     127.504     23.7484
62          41     108.517     310.076           0     127.882     20.1494
62          42     108.512     311.076           0     125.908     17.9763
62          43     108.452     312.074           0     124.243     17.1185
62          44     108.316     313.065           0     121.757     16.8114
62          45     108.118     314.045           0     118.809     16.5342
62          46     107.888     315.018           0     114.119      17.918
62          47     107.636     315.985           0     107.975      21.507
62          48     107.336     316.939           0     102.614     26.9662
62          49     106.972      317.87           0     97.4775     34.0787
62          50     106.556     318.779           0     87.1892     39.5442
62          51     106.121      319.68           0     79.0302     43.2509
62          52     105.695     320.584           0     69.9409     46.8675
62          53     105.303     321.504           0     63.9854     49.5624
62          54     104.948     322.438           0     62.2367     50.3703
62          55     104.623     323.384           0     61.0708     48.7926
62          56      104.33      324.34           0     63.0261     44.3241
62          57     104.057     325.302           0     67.4581     38.4991
62          58     103.797     326.267           0     68.5298     32.2378
62          59     103.552     327.236           0     67.1342     26.4213
62          60     103.309     328.206           0     65.2314     21.8607
62          61      103.04     329.169           0     64.1002     18.9449
62          62     102.729     330.119           0     59.0896     17.8771
62          63     102.377     331.055           0     56.9646     17.7858
62          64     101.991     331.977           0     58.9072     18.0452
62          65     101.591     332.894           0     60.4069     18.5834
62          66     101.195     333.812           0     65.3703     19.2921
62          67     100.807     334.733           0     67.4191     19.0717
62          68      100.42     335.655           0     61.8006     18.1299
62          69     100.027     336.574           0     50.3974     16.6227
62          70     99.6321     337.493           0     35.0606     14.3609
62          71     99.2598     338.421           0     26.4005     12.3896
62          72     98.9231     339.362           0     23.4631     10.5488
62          73     98.6289     340.317           0     22.6649     9.12127
62          74     98.3783     341.285           0     23.4208     8.17961
62          75     98.1679     342.263           0     24.7149     7.28029
62          76     97.9925     343.247           0     26.4733     6.36081
62          77     97.8437     344.236           0      27.923     5.98192
62          78     97.7029     345.225           0     28.4729     5.86314
62          79     97.5451     346.213           0     28.4292       5.811
62          80     97.3561     347.194           0      27.667     5.45648
62          81     97.1345     348.169           0     26.3693     4.98277
62          82      96.891     349.139           0     24.4251     4.21199
62          83     96.6353     350.106           0     22.4625     3.66977
62          84     96.3663     351.069           0     20.9932     3.34713
62          85      96.075     352.025           0     21.8213     3.07789
62          86     95.7571     352.973           0     23.6896     2.83618
62          87     95.4065     353.909           0     26.8436     3.07453
62          88      95.032     354.836           0     31.2003     3.96925
62          89     94.6658     355.766           0     32.2761     6.35074
62          90     94.3573     356.717           0      30.666     10.4347
62          91     94.1579     357.697           0     25.7068     12.9458
62          92     94.0959     358.695           0     19.0387     10.4937
62          93     94.1626     359.693           0     13.4869     6.19284
62          94     94.3268     360.679           0     11.0859     3.52028
62          95     94.5452     361.654           0      13.113     3.47072
62          96     94.7678     362.629           0     18.5538      4.9684
62          97     94.9411     363.614           0     25.9072     7.47925
62          98     95.0207      364.61           0     32.6707     9.44425
62          99     94.9847      365.61           0     37.3404     10.8394
62         100     94.8371     366.598           0     40.0126     11.7876
62         101     94.6024      367.57           0     42.2303     13.3638
62         102     94.3048     368.525           0      44.924     15.2749
62         103     93.9631     369.464           0     47.2404     17.2993
62         104     93.5934     370.393           0     44.8735     18.6763
62         105     93.2048     371.314           0     41.2731     18.9889
62         106     92.7982     372.228           0      37.088     17.9853
62         107     92.3587     373.126           0     34.4442     16.9255
62         108     91.8442     373.983           0     36.1456     17.5771
62         109     91.2078     374.754           0     39.1991     25.2404
62         110     90.4471     375.403           0     41.6211     37.8609
62         111     89.6011     375.936           0     44.8725     40.0072
62         112     88.7213     376.411           0     47.5402     35.8199
62         113     87.8908     376.967           0     54.4442     34.0635
62         114     87.0097      377.44           0     60.8044     33.2943
62         115     86.0689     377.778           0     66.5233      24.733
62         116     85.0954     378.006           0     66.1561     29.5681
#1
63           0       108.3     317.287           0     93.9315     35.6114
63           1     108.841     318.134           0     77.3539     32.0221
63           2     109.473     318.915           0     58.2733     31.1667
63           3     110.147      319.66           0      43.335     25.1589
63           4     110.785     320.436           0     39.5067     20.5352
63           5     111.321     321.286           0     40.2654     18.6907
63           6      111.71     322.213           0     43.5923       17.07
63           7     111.986     323.179           0     48.0183     14.8459
63           8     112.185     324.164           0      47.796     12.1843
63           9     112.357     325.154           0     47.6378      9.2029
63          10     112.534     326.143           0     48.0195     6.26626
63          11     112.732     327.128           0     48.9185     3.80546
63          12     112.951     328.109           0     50.5881      2.0148
63          13     113.182     329.087           0     49.9719    0.982907
63          14     113.423     330.062           0     50.0994    0.502925
63          15     113.673     331.035           0     49.9979    0.137632
63          16     113.936     332.005           0     51.4807    0.083852
63          17     114.212     332.971           0     49.7265    0.130829
63          18      114.49     333.937           0      48.004   0.0774071
63          19     114.766     334.903           0     48.5363 0.000415461
63          20     115.039      335.87           0      49.664   0.0609638
63          21     115.302      336.84           0     48.8507   0.0618091
63          22     115.555     337.812           0     48.9646   0.0153271
63          23     115.809     338.784           0     49.6539           0
63          24     116.076     339.753           0      50.371   0.0788297
63          25     116.362     340.716           0     48.5901   0.0746378
63          26     116.665     341.674           0     49.0036  0.00911535
63          27     116.985     342.627           0     50.8711    0.167941
63          28      117.31     343.577           0     48.7476    0.480556
63          29     117.633     344.529           0     48.2593    0.951762
63          30     117.954     345.481           0     49.6352     1.30867
63          31      118.27     346.435           0     48.5325      1.0838
63          32     118.579     347.391           0     48.8323     0.63867
63          33     118.888     348.347           0     51.4822    0.322534
63          34     119.202     349.302           0     51.6498    0.216739
63          35     119.514     350.257           0     51.5077   0.0969276
63          36     119.825     351.212           0     52.9407   0.0645061
63          37     120.131     352.169           0     53.0218    0.373757
63          38     120.423     353.131           0     51.9628     0.56117
63          39     120.699     354.097           0     51.5822    0.915392
63          40      120.96     355.067           0     51.6053     1.30253
63          41     121.205     356.042           0     49.6867     1.95923
63          42     121.436      357.02           0     47.5281     2.65875
63          43     121.659         358           0     46.6362     3.30156
63          44      121.89     358.977           0     46.2619     3.95457
63          45     122.144      359.95           0     45.0102     4.58267
63          46     122.434     360.912           0     41.2944     5.15681
63          47     122.779     361.855           0      39.497     5.55957
63          48     123.188     362.773           0     36.7732     5.52555
63          49      123.64     363.671           0     35.4015     5.19643
63          50     124.106     364.561           0     37.2334     4.87537
63          51     124.556     365.459           0     38.6138      4.4159
63          52     124.975     366.373           0     42.5466     4.08543
63          53     125.352     367.304           0     42.8717     3.43113
63          54     125.692     368.249           0     42.8279     2.83548
63          55     126.008     369.203           0      42.321     2.31102
63          56     126.305     370.163           0     37.6931     1.65981
63          57     126.583     371.129           0     32.5358     1.08638
63          58     126.826     372.104           0     26.0819    0.600568
63          59     127.062     373.081           0     19.1935    0.270449
63          60     127.304     374.056           0     11.7316   0.0510658
63          61     127.559     375.028           0     5.34556           0
63          62     127.821     375.998           0      2.0068           0
#1
64           0     173.579     519.664           0      103.34     15.6605
64           1     174.527     519.314           0     80.3736     14.0919
64           2     175.519     519.119           0     50.6755     16.4827
64           3     176.528     519.058           0     25.8328     15.0458
64           4     177.538     519.075           0     13.6614     10.3469
64           5     178.547     519.128           0     13.1318     5.35518
64           6     179.556     519.196           0     17.6695     3.04472
64           7     180.565     519.252           0     22.9953     2.56678
64           8     181.574     519.302           0     27.2931     2.43229
64           9     182.584     519.353           0     29.8144      2.0582
64          10     183.592     519.423           0     30.5774     1.52603
64          11     184.596     519.535           0     30.7838     1.27812
64          12     185.592     519.709           0     33.6152     2.09413
64          13     186.576      519.94           0     43.1583     5.88841
64          14     187.556     520.187           0     58.1224     13.4283
64          15      188.55     520.372           0     72.3639     26.3485
64          16     189.559     520.419           0     79.7697     33.5395
64          17     190.566     520.329           0     82.8476     37.3555
64          18     191.562     520.161           0     86.9671      43.148
64          19     192.556     519.978           0     92.6544     48.2393
64          20     193.556      519.83           0      95.359     51.7252
64          21     194.564     519.753           0     95.0243     52.3878
64          22     195.574     519.765           0     91.4241     49.7427
64          23      196.58     519.868           0     86.0503     45.2816
64          24     197.572     520.059           0     80.0415     42.8016
64          25     198.538     520.358           0     72.6772     44.4886
64          26      199.47     520.748           0     67.8296     46.8411
64          27     200.361     521.225           0      64.397     47.5153
64          28     201.209     521.775           0     62.7276     48.3982
64          29     202.024     522.373           0     64.0333     44.2204
#1
65           0     203.609     523.607           0     63.0663     53.3528
65           1     204.398     524.218           0     56.6195      30.871
65           2     205.114     524.912           0     49.6685     13.9326
65           3     205.721     525.704           0     48.0368     8.12381
65           4     206.196      526.58           0     48.9492     7.35472
65           5      206.52     527.524           0     51.1552     7.32543
65           6     206.669      528.51           0     54.1904     6.97771
65           7     206.678     529.507           0     55.3823     6.60187
65           8      206.56     530.498           0     55.3421     6.73759
65           9     206.314     531.465           0     54.7348     6.80211
65          10     205.935     532.387           0     54.2208     7.15713
65          11     205.429     533.246           0     50.1161     6.92152
65          12     204.804     534.024           0     48.7284     6.03584
65          13     204.081      534.71           0     46.7529     5.40043
65          14     203.274     535.298           0      46.409     5.35261
65          15     202.403     535.782           0     47.8489     5.89703
65          16     201.483     536.168           0     49.2585     6.65625
65          17     200.527     536.453           0     49.4781     7.88369
65          18     199.548     536.643           0     50.5439     10.1105
65          19     198.555     536.742           0     51.3352      13.599
65          20     197.558     536.761           0     51.5401     20.5878
65          21     196.561      536.73           0     56.2774     35.1314
65          22     195.565     536.673           0     75.3456     56.3646
65          23     194.571     536.588           0     115.832     77.6271
65          24     193.584     536.448           0     169.327     99.1833
65          25     192.614     536.215           0      213.24     114.779
65          26     191.662     535.918           0     233.928     115.188
65          27     190.683     535.725           0     235.155     104.452
65          28     189.699     535.887           0     222.923     89.1677
65          29     188.841     536.395           0     188.689     73.9076
65          30     188.085     537.045           0     145.242     69.0992
65          31     187.336     537.705           0      106.73     71.0368
65          32     186.532     538.295           0     80.4997     73.1937
65          33     185.681     538.816           0     63.5992     67.8993
65          34     184.818     539.315           0     55.1318     60.0186
65          35     183.968     539.837           0     56.1364     52.9411
65          36     183.148     540.404           0     56.4042     45.2529
65          37     182.352     541.005           0     57.6099     37.0636
65          38     181.571     541.626           0     55.7511     30.6615
65          39     180.797     542.255           0     56.4662     28.6161
65          40     180.023     542.885           0     57.2026     31.6743
65          41      179.25     543.514           0     55.7719     37.3131
65          42     178.475     544.143           0      57.287     38.9852
65          43     177.697     544.766           0     57.8961      35.688
65          44     176.914     545.385           0     58.3455     29.0767
65          45     176.115     545.982           0     60.5132      19.362
65          46     175.289     546.541           0     58.0455     9.69884
65          47     174.433     547.052           0      55.514      4.5434
65          48     173.551     547.518           0     46.3638     2.18652
65          49     172.653     547.953           0     41.1085     2.14525
65          50     171.752     548.381           0      37.518     2.48163
65          51     170.866     548.838           0     42.3631     2.35761
65          52     170.014     549.357           0     51.9064     3.02775
65          53     169.216     549.956           0     62.3141     10.2732
65          54     168.484     550.633           0     63.0486     24.5539
65          55     167.801      551.36           0     59.8957     37.0176
65          56     167.132     552.099           0     54.4873     41.8872
65          57      166.49     552.863           0     56.3406     34.3901
65          58     165.946     553.699           0     62.5597     19.7198
65          59     165.578     554.626           0     70.5833     20.5737
#1
66           0     128.178     456.021           0     48.9084     26.5441
66           1     128.669      456.89           0      68.472     35.1762
66           2     129.172     457.754           0     80.1975     39.3075
66           3     129.731     458.582           0     83.9639     41.5437
66           4     130.374     459.347           0     83.0669     44.3041
66           5     130.952     460.162           0     82.0763     39.0312
66           6     131.459     461.022           0     85.9379     27.9239
66           7     131.846     461.944           0     99.0344      16.114
66           8     132.081     462.915           0      115.02     7.50605
66           9     132.181     463.909           0     127.605     4.65849
66          10     132.189     464.908           0     135.484     3.67971
66          11     132.144     465.906           0     134.893     3.15986
66          12     132.073     466.903           0     126.799     2.55509
66          13     131.987     467.898           0     111.523     2.77774
66          14     131.902     468.893           0     94.6612     5.24749
66          15     131.822     469.889           0     82.1848     10.5866
66          16     131.731     470.884           0     74.6706     17.8624
66          17     131.601     471.875           0     67.1032     23.9494
66          18     131.423     472.858           0     60.4683     28.2006
66          19     131.213     473.835           0     55.2588     30.0979
66          20     131.001     474.811           0     51.7508     31.8576
66          21     130.815     475.793           0      49.614      33.448
66          22     130.662      476.78           0     47.4367     35.0734
66          23     130.533     477.771           0     46.2292     37.2331
66          24     130.418     478.763           0     46.8888     39.1232
66          25     130.311     479.757           0     48.4206     41.1924
66          26     130.215     480.751           0      47.371     43.9156
66          27     130.116     481.745           0     47.1988     46.8473
66          28     130.021      482.74           0     47.8552     49.6456
66          29     129.946     483.736           0     44.1429     52.6634
66          30     129.852     484.731           0     43.5038     55.8935
66          31     129.728     485.722           0     47.0091     57.5401
66          32     129.555     486.706           0     54.4082     55.9272
66          33     129.304     487.673           0     61.4313     46.5628
66          34     128.962     488.612           0     63.8336     34.6987
66          35     128.564     489.528           0     59.2486     29.9954
66          36     128.162     490.443           0     53.2902     28.5525
66          37     127.801     491.375           0     48.3273     27.2747
66          38     127.507      492.33           0     46.3255     26.6129
66          39     127.278     493.302           0     47.1825     25.8857
66          40     127.095     494.284           0     51.2706     24.8533
66          41     126.938     495.271           0     57.7272     23.9065
66          42      126.79     496.259           0      64.188     23.8383
66          43     126.629     497.245           0     68.8107     24.1055
66          44     126.446     498.227           0     68.2164     23.3588
66          45     126.266      499.21           0     62.2594     21.1998
66          46     126.134       500.2           0     54.2618     19.1945
66          47     126.089     501.198           0      49.843     18.2015
66          48     126.151     502.195           0     51.7932     17.2292
66          49     126.336     503.177           0     58.5294     15.6278
66          50     126.647     504.127           0     66.1144     15.3318
66          51     127.064     505.035           0      71.066     17.1775
66          52     127.524     505.921           0      72.007     17.4142
66          53     127.931     506.834           0     71.0208     17.1495
66          54     128.219     507.791           0     67.7917     14.9535
66          55     128.408     508.772           0     68.8583     15.0042
66          56     128.559     509.759           0     69.2239     18.4173
66          57     128.721     510.745           0       65.51     24.6091
66          58     128.913     511.726           0     60.1981     31.3245
66          59     129.118     512.704           0     54.1679     35.6773
66          60      129.32     513.682           0     51.2293     39.1551
66          61     129.507     514.663           0      53.336     42.5372
66          62     129.663      515.65           0     57.3714     46.6783
66          63     129.772     516.643           0     60.7265     51.6864
66          64     129.825     517.641           0     62.7055     56.6295
66          65     129.841      518.64           0     64.5879     60.3267
66          66     129.872     519.639           0      68.042     62.5504
66          67     129.989     520.631           0       72.48     58.3166
66          68      130.26     521.593           0     75.2737     45.1953
66          69     130.702     522.488           0     77.1718     33.7095
66          70     131.274     523.308           0     79.5583      29.722
66          71     131.902     524.084           0     85.6447      26.514
66          72     132.526     524.864           0     93.0274     19.5994
66          73     133.074       525.7           0     105.134     10.9632
66          74     133.495     526.606           0     114.016     5.66437
66          75     133.784     527.562           0     122.363     3.67787
66          76     133.993      528.54           0     128.952     2.82966
66          77     134.176     529.522           0     127.905     2.57947
66          78     134.358     530.504           0     129.519     2.46115
66          79     134.539     531.487           0     136.268     2.47599
66          80      134.71     532.471           0     148.761      2.9922
66          81     134.863     533.458           0     163.398     3.49544
66          82     135.007     534.447           0     173.142     4.10677
66          83     135.153     535.435           0     167.575     3.63525
66          84     135.305     536.423           0     154.439     3.02354
66          85     135.464     537.409           0     140.449     3.00495
66          86     135.633     538.394           0     131.295     3.53199
66          87     135.814     539.376           0     128.766     4.11914
66          88     136.006     540.357           0     131.604     4.93226
66          89       136.2     541.337           0     131.079     5.94451
66          90      136.39     542.318           0     132.332     7.10503
66          91     136.582     543.298           0     134.233     7.68609
66          92     136.776     544.279           0     136.309      7.7087
66          93     136.962      545.26           0     138.431     7.70376
66          94     137.118     546.247           0     133.063     7.92261
66          95     137.222     547.241           0     123.991     8.57525
66          96     137.268     548.239           0     110.951      9.4157
66          97     137.253     549.238           0     93.5821     10.7121
66          98     137.185     550.234           0     77.0368     12.6265
66          99     137.069     551.227           0     67.3324     14.6668
66         100     136.923     552.215           0     63.4922     17.1349
66         101     136.769     553.202           0     64.0822     19.8001
66         102     136.634     554.192           0     66.8179     22.0499
66         103     136.531     555.186           0     68.9282     23.7116
66         104     136.463     556.183           0     67.1951     24.1324
66         105     136.426     557.181           0     62.8681     23.3356
66         106     136.406      558.18           0     57.6851     22.4185
66         107     136.388     559.179           0      54.249      21.941
66         108     136.359     560.178           0     53.9324     21.9726
66         109     136.315     561.176           0     55.6115     22.0538
66         110     136.252     562.173           0     57.2492     21.8255
66         111     136.174     563.169           0     59.0666     21.1916
66         112     136.073     564.163           0     60.6928     20.7432
66         113     135.946     565.154           0     62.5865     20.6809
66         114     135.801     566.143           0      62.635     20.1208
66         115     135.648      567.13           0     63.4223     18.9905
66         116     135.492     568.117           0     64.8462      17.291
66         117     135.341     569.104           0     68.2532     15.0947
66         118     135.196     570.093           0     71.7581     13.4449
66         119      135.07     571.084           0     74.3755     12.5232
66         120     134.971     572.078           0     75.5319     12.9004
66         121     134.898     573.075           0     72.8685     15.4828
66         122     134.848     574.072           0     69.5808      20.436
66         123     134.819     575.071           0     66.5349     26.9788
66         124     134.814      576.07           0     63.7421     32.7678
66         125     134.839     577.069           0     61.8983     34.0518
66         126     134.896     578.066           0     60.2959     31.5665
66         127     134.975     579.062           0     59.7419     26.3798
66         128     135.053     580.058           0      58.739     20.5319
66         129     135.105     581.056           0     59.3178     17.3609
66         130     135.104     582.055           0      58.424     17.4669
66         131     135.033     583.052           0     57.8276     18.9735
66         132     134.901     584.042           0     57.4578     19.6346
66         133     134.743     585.029           0     58.3006     19.3922
66         134     134.588     586.016           0     60.6298     18.7093
66         135     134.444     587.004           0     63.6817     18.2208
66         136      134.31     587.994           0     67.4333     18.3294
66         137     134.177     588.985           0     71.3602     19.5477
66         138      134.04     589.974           0     75.4455     22.2882
66         139       133.9     590.964           0     76.9161     25.9545
66         140     133.759     591.953           0      77.229     29.6381
66         141     133.621     592.942           0     74.9477     32.4332
66         142     133.487     593.932           0     73.5768     34.4238
66         143     133.358     594.923           0     72.3215     36.1593
66         144     133.233     595.914           0     72.1999      37.109
66         145     133.108     596.905           0     72.8448     37.1697
66         146     132.981     597.896           0     73.7653     36.0387
66         147     132.848     598.887           0     71.6911     33.8797
66         148     132.707     599.876           0     69.3836     30.8135
66         149      132.56     600.864           0     65.9406      27.758
66         150     132.409     601.852           0     63.1646     25.0948
66         151     132.258     602.839           0     62.3616     22.6586
66         152     132.112     603.828           0     62.1074     20.5409
66         153     131.981     604.818           0     62.7813     18.8384
66         154     131.868     605.811           0     61.7577     17.7729
66         155     131.771     606.805           0     60.5037     17.1598
66         156     131.689     607.801           0     58.7203     16.8048
66         157     131.619     608.798           0     56.3113     16.7365
66         158     131.558     609.795           0     53.1975     16.7832
66         159     131.502     610.792           0     50.1218     17.0857
66         160      131.45      611.79           0     49.1944     18.2175
66         161     131.393     612.787           0     50.4793     19.8462
66         162     131.316     613.784           0     53.6907     21.5426
66         163     131.209     614.777           0     57.5727     22.3364
66         164      131.07     615.766           0     61.5216     21.9618
66         165     130.905     616.752           0     62.7994     20.2426
66         166     130.723     617.734           0     62.5255     18.4361
66         167     130.532     618.715           0     63.0859     16.9683
66         168     130.325     619.692           0     63.9331     15.4306
66         169     130.095     620.664           0     65.7826     13.3817
66         170     129.841     621.631           0     65.6897     11.1506
66         171     129.577     622.594           0     64.4381     9.49711
66         172      129.31     623.557           0     64.2105     8.61045
66         173     129.041     624.519           0     65.0651     9.10296
66         174     128.777     625.483           0     61.4834     11.5825
66         175     128.532     626.451           0      57.687     15.8163
66         176      128.31     627.425           0      56.148     19.8996
66         177     128.109     628.404           0     57.4228     22.7019
66         178     127.933     629.388           0     59.1115     25.0195
66         179     127.792     630.377           0      60.244     25.4165
66         180     127.693     631.371           0     62.0132     25.1105
66         181     127.634     632.368           0     64.0405     24.5986
66         182     127.604     633.367           0     66.5147     24.2917
66         183     127.591     634.366           0     69.6121     24.3446
66         184     127.592     635.365           0      72.937     25.0747
66         185     127.606     636.364           0     75.7571     26.2344
66         186     127.637     637.363           0     77.7804     27.8211
66         187     127.699      638.36           0     79.2313     28.7122
66         188     127.806     639.353           0     79.6929     25.2866
66         189      127.96      640.34           0     79.4398     17.4204
66         190     128.145     641.322           0     75.4292     9.85472
66         191     128.335     642.303           0     72.0519     5.18416
66         192     128.517     643.285           0     70.0793      2.3859
66         193     128.691     644.269           0     69.6199     1.01034
66         194     128.867     645.253           0     70.6359    0.430439
66         195     129.051     646.235           0     71.1161     0.34846
66         196     129.239     647.216           0     68.9452    0.473341
66         197     129.432     648.196           0     68.8207    0.597719
66         198     129.633     649.175           0     69.9288    0.751568
66         199      129.84     650.152           0      71.167    0.728742
66         200     130.037     651.132           0      68.394    0.399887
66         201     130.208     652.116           0     57.8054    0.416705
66         202     130.339     653.107           0       44.01    0.424356
66         203     130.457     654.099           0     28.5518    0.323231
66         204     130.644      655.08           0     13.7147    0.108094
66         205     130.902     656.045           0     5.91216   0.0338639
66         206     131.198         657           0     2.00097           0
#1
67           0     104.999       253.1           0     16.7985     15.1266
67           1     105.997      253.07           0     18.8534     13.0054
67           2     106.995     253.044           0      20.856     13.0447
67           3     107.993      253.04           0     23.8173     14.5855
67           4      108.99     253.076           0     26.7408      15.961
67           5     109.985     253.156           0     31.1474     16.8838
67           6     110.973     253.294           0     34.3089     16.7366
67           7     111.961     253.439           0     36.8876     14.5939
67           8     112.953     253.553           0     40.3844     9.76262
67           9     113.949     253.606           0       43.08     5.00468
67          10     114.947      253.58           0     43.5581     3.51701
67          11      115.94      253.48           0     42.1259     7.59453
67          12     116.926     253.328           0     39.8685     16.1602
67          13     117.902     253.117           0     38.7711     27.8089
67          14     118.852     252.811           0     37.8468     37.1084
67          15     119.747     252.368           0     41.4942     36.4815
67          16     120.531     251.751           0     46.9654      24.182
67          17     121.135     250.956           0      50.524     16.1871
67          18     121.522     250.036           0     46.1442      8.4359
67          19     121.759     249.067           0     41.5928     2.88214
67          20     121.906      248.08           0     34.3574     1.34292
67          21     122.013     247.087           0     27.5454     1.49369
67          22     122.101     246.093           0     21.2384     1.75465
67          23     122.165     245.097           0     17.0427     2.08991
67          24     122.186     244.099           0     14.0938     2.24035
67          25     122.133     243.103           0     12.1915     2.49876
67          26     121.979     242.116           0     11.9589     2.72803
67          27       121.7     241.158           0     11.6529     3.11958
67          28     121.291     240.248           0     11.8241      4.0007
67          29      120.76     239.402           0     12.5012     5.00962
67          30     120.129      238.63           0     13.6929     6.34361
67          31     119.421     237.925           0     15.6962     7.99532
67          32     118.667     237.272           0      18.122      9.8984
67          33     117.894     236.641           0     20.5712     12.3043
67          34     117.123     236.007           0     22.7469     14.7111
67          35      116.37     235.351           0     24.2595     16.1258
67          36     115.635     234.677           0     25.1181     15.8717
67          37     114.906     233.995           0     26.0009     14.1474
67          38     114.164     233.327           0     27.1248     12.5144
67          39     113.404     232.681           0     28.9772     11.0138
67          40     112.623     232.059           0      31.214     9.29956
67          41     111.822     231.463           0     33.2649     7.81093
67          42     111.005      230.89           0     35.8797     6.11604
67          43     110.171     230.342           0     36.4332     4.51056
67          44     109.321     229.819           0     37.8805     3.40738
67          45     108.455     229.323           0     38.5776     2.55373
67          46     107.578     228.846           0     38.7596     2.15515
67          47     106.704     228.364           0      36.769      2.0804
67          48     105.853     227.843           0     35.2516     1.86993
67          49      105.04     227.263           0      37.014     2.56254
67          50     104.278     226.619           0      46.187     6.54373
67          51     103.566     225.919           0     61.5133     18.9966
67          52     102.894     225.181           0     77.1605     37.2251
67          53     102.235     224.432           0     82.0965     58.9834
#1
68           0     229.411     412.506           0     91.5148     46.1393
68           1     229.917     413.378           0     86.3044     45.8065
68           2     230.383     414.271           0     76.4838     36.3149
68           3     230.803     415.187           0     71.9987     28.3162
68           4     231.139     416.137           0     71.7221     23.0608
68           5     231.337     417.125           0     71.2433     19.5726
68           6      231.43     418.128           0     70.5151     15.9491
68           7     231.464     419.136           0     69.6459      12.382
68           8     231.458     420.143           0     66.2246     9.03976
68           9     231.419      421.15           0     61.4112     6.76598
68          10     231.359     422.156           0     56.4475     4.97631
68          11     231.276      423.16           0     51.2121      3.7687
68          12     231.173     424.163           0     45.8022     3.12383
68          13     231.038     425.161           0     42.1989     2.83832
68          14     230.856     426.152           0     37.7224     2.94604
68          15     230.615      427.13           0     34.1674     3.12094
68          16     230.294     428.086           0     31.3919     3.35006
68          17     229.874     429.002           0     28.2418      3.7589
68          18     229.346      429.86           0     24.4804     4.19883
68          19      228.72     430.649           0     21.3131     4.90352
68          20     228.012     431.367           0     19.3997     5.49268
68          21     227.246     432.021           0     18.5081     6.07851
68          22     226.443      432.63           0     18.6302     6.57131
68          23     225.619      433.21           0     19.2105     6.87342
68          24     224.782     433.771           0     19.7213     7.18912
68          25     223.934     434.315           0     20.2701     7.39222
68          26     223.074     434.841           0     20.6934      7.2884
68          27     222.204     435.349           0     21.2778     6.89771
68          28     221.325     435.842           0     21.7346     6.57592
68          29     220.438     436.319           0     22.3186     6.14131
68          30     219.547      436.79           0     23.1475     5.70436
68          31     218.661     437.269           0     23.8222     5.02923
68          32     217.788     437.773           0     23.9517     4.37416
68          33     216.937     438.312           0     23.6879     3.84728
68          34     216.118     438.899           0      23.101     3.32711
68          35     215.342     439.542           0     21.4295     3.22957
68          36     214.616     440.241           0     20.7036      3.1677
68          37     213.946     440.994           0     20.9997     3.47947
68          38     213.339     441.798           0     19.9321     4.13315
68          39     212.792     442.644           0     18.6381     4.38893
68          40       212.3     443.523           0     17.3201     4.22591
68          41     211.855     444.427           0     16.4895      3.7252
68          42     211.448     445.349           0      15.494     3.23507
68          43     211.073     446.285           0     14.3578     3.10337
68          44     210.725      447.23           0     12.3279     2.52815
68          45     210.398     448.183           0     10.8169     2.24092
68          46     210.088     449.142           0     9.84555      1.8737
68          47     209.787     450.104           0     8.70516      1.5491
68          48     209.489     451.066           0           8     1.45039
68          49     209.189     452.028           0     7.99466     1.18074
68          50     208.885     452.989           0     7.99872     1.27788
68          51     208.579     453.949           0     8.94885     1.20909
68          52     208.265     454.907           0      11.479     1.27457
68          53     207.953     455.864           0     14.6277     1.60037
68          54     207.663     456.829           0     18.9347     2.59471
68          55     207.425     457.809           0     23.8503     4.56747
68          56     207.269     458.804           0       28.41     6.90431
68          57     207.226     459.811           0     31.7555     8.64488
68          58     207.312     460.815           0     34.7611     9.41155
68          59     207.518     461.801           0     35.7939     9.62477
68          60     207.799     462.769           0     34.4624     9.46714
68          61     208.111     463.727           0     29.3556     8.73384
68          62      208.49      464.66           0     21.7356     7.49093
68          63     208.905     465.579           0     13.5053     6.41332
68          64     209.321     466.497           0     6.53774     5.34319
#1
69           0     155.758     320.016           0     73.1929     27.8792
69           1      156.62     320.536           0      66.081     19.1521
69           2      157.46     321.092           0     53.5389     10.8872
69           3     158.305      321.64           0     41.7281     5.35482
69           4     159.158     322.175           0     36.5109     2.78066
69           5     159.945     322.803           0      34.714      1.7947
69           6     160.673     323.499           0     33.5103     1.05817
69           7     161.347     324.247           0     33.9184    0.766392
69           8     161.968      325.04           0     35.7938    0.478143
69           9     162.541     325.868           0     35.7851    0.383983
69          10     163.078      326.72           0      36.657    0.407773
69          11     163.589     327.587           0     35.5467    0.397911
69          12     164.081     328.466           0     36.1553    0.362752
69          13     164.552     329.356           0     34.4913    0.165666
69          14     164.998     330.259           0     35.9895    0.203788
69          15     165.411     331.177           0     35.6717    0.185668
69          16     165.779     332.115           0     38.0879    0.173605
69          17     166.092     333.072           0     41.5492   0.0872428
69          18     166.333      334.05           0     42.4162    0.153034
69          19     166.501     335.043           0     44.0214     0.16766
69          20     166.608     336.044           0     44.8241    0.215125
69          21     166.674     337.049           0     45.0075    0.185735
69          22     166.726     338.054           0     44.8888    0.104828
69          23      166.78      339.06           0     44.8854    0.108626
69          24     166.852     340.064           0     45.0919    0.081109
69          25     166.948     341.067           0     45.5795   0.0426526
69          26     167.061     342.067           0     45.4579   0.0384133
69          27     167.184     343.067           0     44.7343   0.0655012
69          28     167.308     344.066           0     44.4543    0.137572
69          29     167.421     345.067           0     44.1859    0.159136
69          30     167.516     346.069           0     44.5223    0.128571
69          31     167.591     347.074           0     45.1823    0.169801
69          32     167.642     348.079           0     45.3072    0.171011
69          33     167.675     349.086           0     45.6999    0.166108
69          34     167.693     350.093           0     45.6804    0.163499
69          35     167.704       351.1           0     44.8154    0.162052
69          36     167.706     352.107           0     44.7188    0.161713
69          37     167.699     353.113           0      43.716    0.162817
69          38     167.676      354.12           0     42.9467    0.166208
69          39     167.637     355.126           0     42.1477    0.172103
69          40     167.579     356.132           0     41.0053    0.159224
69          41     167.498     357.136           0     39.8651    0.129354
69          42     167.391     358.137           0     39.1103    0.166777
69          43     167.258     359.135           0     38.8636      0.1036
69          44     167.105      360.13           0     39.2403    0.047821
69          45     166.949     361.125           0     39.4847    0.117145
69          46     166.804     362.122           0     38.0436     0.20192
69          47      166.68     363.121           0     37.5928    0.193059
69          48     166.582     364.123           0     36.5104    0.181998
69          49     166.519     365.128           0     35.9334    0.223978
69          50     166.504     366.135           0     35.2253    0.379736
69          51     166.565      367.14           0     33.1544    0.576828
69          52     166.736     368.133           0     30.8306    0.848077
69          53     167.048      369.09           0     27.2697     1.35567
69          54     167.507     369.986           0     21.9973     1.88615
69          55     168.093     370.806           0     18.9358     2.20114
69          56     168.785     371.537           0     18.1574     2.29857
69          57     169.566     372.173           0     19.1959      2.1131
69          58     170.416     372.713           0     21.0197     1.83973
69          59     171.317     373.162           0     22.9923     1.74173
69          60     172.258     373.522           0     24.1795     1.41431
69          61     173.225     373.803           0     25.3658     1.25525
69          62     174.207     374.025           0     25.9252     1.01429
69          63     175.196     374.216           0     25.1986    0.944125
69          64     176.184     374.411           0     23.7781    0.787937
69          65     177.164     374.641           0     21.6721    0.806211
69          66     178.128     374.933           0     19.6169    0.978478
69          67     179.058      375.32           0     15.8864     1.05059
69          68      179.92      375.84           0     12.4936     1.11885
69          69      180.79     376.347           0     8.17016    0.864214
69          70     181.674     376.829           0      4.2199    0.557039
69          71     182.558     377.312           0      1.9928    0.305802
#1
70           0     318.634      149.56           0     61.3892     32.4583
70           1     318.951     150.514           0     62.4132      42.754
70           2     319.302     151.454           0     61.2576     43.6323
70           3     319.719     152.368           0     60.4765     39.1384
70           4     320.243     153.225           0     59.8391     33.1027
70           5     320.992     153.894           0     56.9264     31.3602
70           6     321.786      154.51           0     54.0233     33.3478
70           7     322.502     155.214           0     51.4261     36.9495
70           8     323.032     156.067           0     46.4586     37.8054
70           9     323.336     157.025           0     38.5068     33.7634
70          10     323.483     158.018           0     31.9694       24.01
70          11     323.586     159.018           0     28.4065     14.6496
70          12     323.726     160.012           0     27.9967      8.9614
70          13     323.938     160.994           0     27.9387     5.82579
70          14     324.213      161.96           0     27.5659     3.63526
70          15     324.525     162.915           0     26.0809     2.58427
70          16     324.852     163.865           0     25.7446     1.91807
70          17     325.182     164.813           0     24.9367     1.62564
70          18      325.51     165.763           0     24.5051     1.43598
70          19     325.835     166.713           0     24.7177     1.45417
70          20     326.158     167.664           0     25.4537     1.26112
70          21     326.472     168.618           0     26.4034     1.15015
70          22      326.77     169.577           0     27.8524     1.12468
70          23      327.05     170.542           0     29.4196     1.14937
70          24     327.312     171.512           0     29.6949     1.06571
70          25     327.561     172.485           0     30.0588     1.18202
70          26     327.797     173.461           0     30.8669     1.29372
70          27     328.022      174.44           0     31.4925     1.48095
70          28     328.238     175.421           0     30.2032     1.71007
70          29     328.454     176.402           0     29.3264     1.79009
70          30      328.68     177.381           0     28.4973     1.92994
70          31     328.919     178.356           0     27.8325     1.94704
70          32     329.169     179.329           0     26.9465     1.97959
70          33      329.42     180.302           0     25.5318     2.29712
70          34     329.668     181.275           0      25.577     2.38311
70          35     329.913     182.249           0     25.7822      2.0478
70          36     330.151     183.225           0     25.9574     1.85041
70          37     330.384     184.202           0     26.9728     2.10286
70          38     330.621     185.178           0     29.3089     2.32905
70          39     330.867     186.152           0     34.0342     2.50794
70          40     331.116     187.125           0     38.1707     2.48442
70          41     331.354     188.101           0     41.0714     2.49576
70          42     331.569     189.082           0     41.9386     2.09321
70          43     331.761     190.068           0     39.9952     1.33391
70          44     331.938     191.057           0     36.4651    0.690052
70          45     332.109     192.046           0     31.3433    0.540116
70          46     332.265     193.039           0     26.3362    0.448785
70          47       332.4     194.034           0     22.9796      0.3916
70          48     332.513     195.032           0     22.5293    0.364899
70          49     332.611     196.032           0     23.3365    0.552983
70          50     332.703     197.032           0     27.3951     1.67407
70          51     332.809     198.031           0     36.8444     3.62167
70          52     332.954     199.025           0     51.1577     7.01209
70          53     333.139     200.012           0     66.5582     9.65809
70          54      333.33     200.998           0     75.9782     12.1099
70          55      333.46     201.994           0     78.3652     22.8338
70          56     333.479     202.998           0     73.9655     34.8187
70          57      333.41         204           0     68.5884     25.9235
70          58     333.298     204.998           0     65.1131     12.5203
70          59     333.167     205.994           0     64.9993     5.05849
70          60     333.025     206.989           0     65.7737     2.18415
70          61     332.869     207.981           0     62.0038     1.29872
70          62     332.702     208.971           0     57.5971     1.21853
70          63      332.52     209.959           0     54.6052     1.31549
70          64     332.326     210.945           0     52.1507      1.3092
70          65     332.116     211.927           0     53.1479     1.40604
70          66     331.893     212.906           0      54.125      1.6589
70          67     331.658     213.883           0     53.8137     2.34242
70          68     331.413     214.857           0     53.1834     3.12218
70          69     331.152     215.827           0     50.8361     4.43626
70          70     330.884     216.795           0     46.3242     7.84716
70          71     330.617     217.763           0      42.202     14.2255
70          72      330.36     218.734           0     43.2401     24.9745
70          73     330.124      219.71           0     52.7151     38.8911
70          74     329.958     220.701           0     72.4017     43.5048
70          75     329.948     221.706           0     97.1989     25.4022
70          76     330.141     222.691           0     114.082     12.6131
70          77     330.402     223.661           0     115.223      12.316
70          78     330.456     224.664           0     99.1452     23.7779
70          79     330.195     225.634           0     69.0018     37.2747
70          80     329.751     226.535           0     42.8657     23.4024
70          81     329.248     227.404           0     26.6968     11.6641
70          82     328.751     228.277           0     17.4793     5.76929
70          83     328.284     229.166           0     12.0216     3.21479
70          84      327.85     230.072           0     8.77785     2.15388
70          85     327.443      230.99           0     7.45243     1.55868
70          86     327.053     231.916           0     6.08842     1.20192
70          87     326.677     232.847           0     4.82931    0.762493
70          88      326.31     233.783           0     4.06748    0.350921
70          89     325.956     234.723           0     3.92489   0.0256613
70          90     325.616     235.667           0     3.07683           0
70          91     325.289     236.617           0           3   0.0385778
70          92     324.987     237.575           0     2.99467    0.380074
70          93     324.658     238.524           0     3.70366    0.703056
70          94     324.291     239.459           0     5.30198     1.55981
70          95     323.899     240.384           0      6.3224     5.64436
#1
71           0     143.967     644.869           0     2.60991     2.25441
71           1     144.439     643.987           0     8.43969     4.01964
71           2     144.891     643.096           0     20.1321     4.50176
71           3     145.283     642.176           0     34.2879     4.52635
71           4     145.611     641.231           0      47.101     3.79162
71           5     146.007     640.313           0     58.4524     2.47566
71           6     146.398     639.393           0       61.55    0.973749
71           7       146.8     638.477           0     65.5463    0.727543
71           8     147.216     637.568           0     67.4336    0.629613
71           9      147.64     636.663           0     69.5426     0.69849
71          10     148.068     635.759           0     75.9642     1.07298
71          11     148.477     634.847           0     80.1468     1.11436
71          12     148.849     633.919           0     91.0247     1.56232
71          13     149.163      632.97           0     101.077     1.89409
71          14     149.408         632           0     113.405     2.42703
71          15     149.625     631.024           0     140.337     2.83795
71          16     149.893     630.061           0     170.644     3.06526
71          17     150.285     629.141           0     179.679     3.72307
71          18     150.771     628.267           0     178.473     4.79529
71          19     151.314     627.428           0     171.076     5.46812
71          20     151.874       626.6           0     170.335     5.30552
71          21      152.45     625.782           0     171.182     4.50514
71          22     153.028     624.966           0     187.071     3.33703
71          23     153.617     624.158           0     186.386     2.40964
71          24     154.222     623.363           0     190.304     2.12409
71          25     154.847     622.582           0     188.773     1.98713
71          26     155.511     621.835           0     176.376      2.0663
71          27     156.178      621.09           0      157.09     1.72827
71          28     156.798     620.305           0     122.673     1.62676
71          29     157.358     619.477           0     99.2384     2.06884
71          30     157.888     618.629           0     93.4736     3.02622
71          31     158.482     617.825           0     94.6308     5.03224
71          32     159.209     617.139           0     93.9773       10.49
71          33     160.043     616.587           0       88.58      20.325
71          34     160.902     616.075           0     83.4943     27.1424
71          35     161.719     615.499           0     78.9303     31.0125
71          36       162.5     614.874           0     78.0588      35.484
71          37     163.269     614.235           0     80.0973     41.3816
71          38      164.05     613.612           0     83.9542     46.5742
71          39     164.854     613.017           0     84.5685     46.9902
71          40     165.667     612.434           0     75.9695     40.9531
71          41     166.475     611.846           0     70.9872     31.9534
71          42     167.272     611.243           0     67.3263     23.4458
71          43      168.05     610.615           0     68.0443     15.9101
71          44     168.815     609.971           0     73.3269     10.0428
71          45     169.569     609.314           0     75.2998     6.10243
71          46     170.308      608.64           0      78.234       3.592
71          47     171.033     607.952           0     81.2176      1.8238
71          48     171.751     607.257           0      77.107    0.934034
71          49     172.466     606.557           0     75.2985     0.48626
71          50     173.179     605.857           0     77.2974    0.316078
71          51     173.892     605.155           0     76.9961    0.230859
71          52     174.605     604.455           0     74.1554    0.222706
71          53     175.323     603.758           0     75.2413    0.201678
71          54     176.044     603.066           0     78.1292    0.208767
71          55     176.765     602.373           0     75.2331    0.250519
71          56     177.487     601.682           0     75.0414    0.207022
71          57     178.215     600.996           0     78.6715    0.154741
71          58     178.944     600.311           0     77.6925     0.20927
71          59     179.674     599.629           0     76.1211    0.188084
71          60     180.409     598.951           0     76.3853   0.0568282
71          61     181.139     598.268           0       72.08   0.0861444
71          62     181.859     597.574           0     68.0574   0.0880684
71          63     182.575     596.876           0     65.9015   0.0661295
71          64     183.288     596.175           0     64.8575    0.039427
71          65     183.994     595.468           0     66.0168    0.074018
71          66     184.703     594.762           0     66.0354   0.0714964
71          67     185.417     594.063           0     68.2743   0.0731477
71          68     186.129      593.36           0     71.4716   0.0909244
71          69     186.829     592.646           0     75.1663     0.13506
71          70      187.52     591.924           0     77.4529    0.319119
71          71     188.189     591.181           0     77.5509    0.324405
71          72     188.824     590.408           0       74.63    0.316404
71          73     189.432     589.615           0      70.537    0.673723
71          74     190.016     588.803           0     70.6434       1.006
71          75     190.581     587.979           0     66.4742     1.61329
71          76     191.132     587.144           0     66.0907     2.35696
71          77     191.669     586.301           0     64.8424     3.75456
71          78       192.2     585.453           0     65.1821     5.59893
71          79     192.719     584.599           0     63.7578      8.3234
71          80     193.231      583.74           0     60.3216     12.0829
71          81     193.731     582.874           0     53.7062     16.1574
71          82     194.232     582.009           0      47.866     20.8316
71          83     194.737     581.146           0     49.0034       24.77
71          84     195.267     580.298           0     56.4289     27.5195
71          85     195.824     579.468           0     66.7539     27.5617
71          86      196.41     578.658           0     72.7536     25.0162
71          87     197.015     577.862           0     78.8584     21.4869
71          88     197.622     577.068           0     74.6251     18.4874
71          89     198.222     576.268           0     72.4072     15.1168
71          90     198.803     575.454           0     70.8735     13.1691
71          91     199.368     574.629           0     68.2602     11.0972
71          92     199.916     573.792           0     67.5712     9.97965
71          93     200.457     572.952           0     63.3894     9.31982
71          94     201.002     572.114           0     62.8627     9.10523
71          95     201.561     571.285           0     57.7592      9.7062
71          96     202.137     570.467           0     58.3677     10.8693
71          97     202.726     569.659           0     60.3095     13.3029
71          98     203.327      568.86           0     64.9417     16.5657
71          99     203.938     568.069           0     72.6812     19.3617
71         100     204.577       567.3           0     79.4972     22.0896
71         101     205.274     566.583           0     89.6818     24.4423
71         102     206.077     565.988           0     99.7828     31.3458
71         103      207.01     565.627           0     98.0897     48.2235
71         104     207.995     565.457           0     95.0184     49.2856
71         105     208.976     565.264           0     99.1617      38.958
71         106     209.886     564.851           0     106.833     29.1052
71         107     210.645       564.2           0     112.331     26.2984
71         108     211.261     563.412           0     119.265     24.7916
71         109     211.773     562.553           0     128.741     23.5063
71         110     212.227     561.662           0     135.738     22.5021
71         111     212.624     560.745           0     136.258     21.2838
71         112     212.977     559.809           0       136.9     20.4778
71         113     213.285     558.858           0     125.139     19.9776
71         114     213.546     557.893           0     114.509     19.9214
71         115     213.779     556.921           0     103.336     19.5728
71         116     214.028     555.953           0     91.8975     18.8201
71         117     214.345     555.004           0     77.8894     18.2585
71         118     214.761     554.095           0     81.8999     17.2379
71         119     215.262      553.23           0      110.67       16.44
71         120     215.775     552.372           0     145.373     16.0681
71         121     216.216     551.474           0     162.416     16.0715
71         122     216.531     550.526           0      156.33     16.1965
71         123       216.8     549.562           0     147.861     16.1523
71         124     217.095     548.607           0     142.448      16.343
71         125     217.422     547.662           0     136.171     16.6304
71         126     217.777     546.727           0      138.65     16.7635
71         127     218.157     545.803           0     140.172     16.9984
71         128     218.536     544.878           0     137.542     16.8679
71         129     218.916     543.953           0     141.988     16.4317
71         130     219.296     543.028           0     136.987     16.1637
71         131     219.672     542.102           0     135.178     15.8614
71         132     220.064     541.182           0     137.584     15.8669
71         133     220.465     540.266           0     130.675     15.8314
71         134     220.879     539.356           0     132.819      15.818
71         135     221.307     538.452           0       128.9     15.8535
71         136     221.729     537.546           0     129.481     15.3869
71         137     222.153      536.64           0     132.158     15.5449
71         138     222.559     535.727           0     131.372      15.557
71         139     222.955     534.809           0     138.583     15.7537
71         140     223.343     533.887           0     133.682      15.644
71         141     223.718      532.96           0      132.98     15.4196
71         142     224.092     532.033           0     134.106     15.4953
71         143     224.452       531.1           0     127.895     15.5074
71         144     224.809     530.166           0     130.803     15.1976
71         145     225.177     529.236           0     131.367     14.7959
71         146      225.54     528.305           0     129.147     14.2386
71         147     225.903     527.373           0     133.404     13.7088
71         148     226.257     526.438           0     129.433      13.083
71         149     226.572     525.489           0     124.591      12.866
71         150     226.842     524.527           0      120.99     12.4212
71         151      227.07     523.553           0     113.248     12.0638
71         152     227.264     522.572           0     99.5451     11.8889
71         153      227.44     521.588           0     89.6301     11.7648
71         154     227.606     520.602           0     84.6941     11.5173
71         155     227.766     519.615           0     85.5077     11.0262
71         156     227.924     518.628           0     90.4093     10.2452
71         157     228.077      517.64           0     94.8637     9.68223
71         158     228.221      516.65           0      98.991     9.59388
71         159     228.347     515.659           0     103.075     9.87285
71         160     228.446     514.664           0     105.408       10.06
71         161     228.497     513.665           0     105.162     10.5891
71         162     228.478     512.666           0      101.82     11.6879
71         163     228.373     511.671           0     96.6155     13.9039
71         164     228.194     510.688           0     90.8576     18.5293
71         165     227.974     509.712           0     83.8808     24.4589
71         166     227.753     508.737           0     73.2631      29.247
71         167     227.544     507.759           0     64.7276     31.0862
71         168     227.353     506.778           0     59.2533     30.4261
71         169      227.18     505.793           0     57.0955     30.0286
71         170     227.022     504.806           0     58.3274     33.2467
71         171     226.869     503.818           0     61.8195     41.0201
71         172     226.702     502.832           0     71.8264     51.3386
71         173     226.487     501.856           0     87.3944     60.9659
71         174     226.188     500.902           0     99.3205      68.059
71         175     225.801      499.98           0      97.021     65.7733
71         176     225.421     499.055           0     78.2008       54.27
71         177     225.131     498.098           0     59.3318     43.1138
71         178     224.962     497.113           0     48.0742     45.1536
71         179     224.901     496.115           0     44.6557     49.3371
71         180     224.905     495.115           0     42.8264     48.5647
71         181     224.931     494.115           0     45.2566     43.8835
71         182     224.945     493.116           0     48.2249     40.0032
71         183     224.895     492.117           0     50.1116     37.6732
71         184     224.757     491.127           0     50.8404     36.0072
71         185     224.542      490.15           0     54.7348     34.4231
71         186     224.286     489.184           0     64.2641     31.6971
71         187     224.025     488.218           0     79.4914     28.3523
71         188     223.757     487.255           0     89.6598     26.3379
71         189     223.436     486.309           0     89.2702     28.1968
71         190     223.025     485.397           0     80.6917     31.3559
71         191     222.555     484.514           0     68.8682     28.1771
71         192     222.095     483.627           0     62.4373     23.9599
71         193      221.71     482.704           0     62.1719     25.2234
71         194     221.409      481.75           0     64.8719     31.7601
71         195     221.164     480.781           0     74.2085      40.903
71         196     220.987     479.797           0     90.0404     49.2853
71         197     220.815     478.812           0     108.171     59.0976
71         198     220.569     477.843           0     116.115     69.4389
#1
72           0     158.527     616.536           0     92.6791     11.2676
72           1     158.758     615.561           0     87.4872     16.2863
72           2     158.974     614.583           0     84.0356     21.4671
72           3     159.231     613.615           0     81.2747     26.6682
72           4     159.542     612.663           0     81.2329     30.7628
72           5       159.9     611.727           0     85.7122     34.5666
72           6      160.28       610.8           0     92.5743     36.2898
72           7     160.649     609.869           0     98.9312     33.2014
72           8     160.971      608.92           0     104.672     26.0569
72           9     161.233     607.953           0     103.237     17.8947
72          10     161.456     606.977           0     100.035     11.9757
72          11      161.67     605.998           0     98.6748     7.81544
72          12     161.894     605.022           0     98.9493     4.84319
72          13     162.132     604.049           0     98.6467     3.04072
72          14     162.387      603.08           0     96.7813     2.43213
72          15     162.657     602.115           0     97.1398     1.97555
72          16     162.938     601.154           0     101.608     1.97498
72          17     163.217     600.192           0     103.203     1.95465
72          18     163.471     599.223           0     105.574     2.22724
72          19     163.692     598.246           0     107.943     1.97374
72          20     163.883     597.262           0     108.688     1.33876
72          21     164.057     596.276           0     105.447      1.1356
72          22     164.224     595.288           0     97.6094     1.67245
72          23     164.394     594.301           0     93.5846     2.08413
72          24     164.564     593.314           0     96.6562     2.74201
72          25     164.725     592.325           0     106.152     3.62638
72          26     164.874     591.334           0     118.179     4.48514
72          27     165.012     590.342           0     127.049     6.27389
72          28     165.142     589.349           0     127.975     9.48715
72          29     165.266     588.355           0     127.392     14.1924
72          30     165.394     587.361           0     127.963     20.2519
72          31     165.541      586.37           0     131.443     27.0849
72          32     165.715     585.384           0     140.547     35.2566
72          33     165.894     584.398           0     153.346     46.9362
72          34     166.025     583.405           0      159.47     59.2715
72          35     166.051     582.404           0     152.562     64.4467
72          36     165.967     581.405           0     139.453     61.0439
72          37     165.809     580.416           0     126.108      54.757
72          38     165.625     579.432           0     123.862     46.8725
72          39     165.482      578.44           0     132.795     36.6831
72          40      165.44     577.439           0     145.581     29.8457
72          41     165.531     576.442           0     153.213     27.1697
72          42     165.749     575.464           0     152.282     26.8677
72          43      166.06     574.512           0     144.021      28.887
72          44     166.415     573.575           0     128.099     31.7232
72          45     166.771     572.639           0     118.811     36.3785
72          46     167.082     571.687           0     110.186     39.6588
72          47     167.278     570.704           0     96.7432     40.4009
72          48     167.306     569.703           0     82.5746     41.4568
72          49     167.156     568.712           0     72.3366     36.5414
72          50     166.859     567.756           0     70.6909     25.2905
72          51     166.463     566.836           0     76.3515      15.357
72          52     166.029     565.933           0     86.2185     11.4715
72          53     165.629     565.014           0     93.3768     10.1858
72          54     165.324      564.06           0      95.973     9.91661
72          55     165.123     563.079           0     96.2276     9.08041
72          56     164.991     562.086           0     95.1146     8.35209
72          57     164.889     561.089           0     94.4354     8.28309
72          58     164.795     560.092           0     92.7171      8.5825
72          59     164.708     559.094           0     90.4915     9.16831
72          60     164.632     558.095           0     87.9853     10.1621
72          61     164.563     557.096           0     85.0478     11.9669
72          62     164.484     556.097           0     83.7217       14.22
72          63     164.378     555.101           0     84.8895     16.7675
72          64     164.236     554.109           0     85.6874     20.6307
72          65     164.079      553.12           0     81.8583     26.1074
72          66     163.938     552.128           0     76.3219     32.4127
72          67     163.809     551.135           0     71.5313     39.0925
72          68     163.637     550.148           0     71.9637     38.9429
72          69     163.357     549.186           0     74.3313     28.3949
72          70      162.94     548.275           0     76.2565     20.5902
72          71     162.413     547.423           0     76.6361     20.6203
72          72     161.822     546.614           0     84.1652     25.0305
72          73     161.218     545.815           0     99.5137     25.3195
72          74     160.645     544.994           0     114.216     24.0477
72          75     160.103     544.151           0      121.62     29.7416
72          76     159.504     543.348           0      109.37     42.7945
72          77      158.79     542.646           0     85.0722      50.077
72          78     157.998     542.032           0     58.2958     39.4806
72          79     157.174     541.463           0     46.8716     31.7113
72          80     156.324     540.933           0     48.6881        35.5
72          81     155.469      540.41           0      54.025     41.4037
72          82     154.602     539.908           0     60.5777     45.1648
72          83     153.698     539.476           0     66.4923     48.8964
72          84     152.755      539.14           0     71.1235     35.1817
#1
73           0     111.626     415.033           0     15.7325     14.1139
73           1     111.965     415.978           0     19.8095      11.176
73           2     112.318     416.919           0     23.6231     9.23108
73           3     112.669      417.86           0     27.7359     7.66416
73           4     113.004     418.807           0     33.2175     5.89266
73           5     113.301     419.766           0     36.9235     4.19262
73           6     113.552     420.739           0     42.1783     3.19772
73           7     113.805     421.711           0     48.2653     2.91942
73           8     114.101     422.671           0     52.3752      2.8823
73           9      114.46     423.609           0     51.2746     2.78483
73          10     114.883      424.52           0     48.1557     3.09869
73          11     115.352     425.408           0     39.2053     3.13218
73          12     115.842     426.285           0     30.2555     3.15065
73          13     116.332     427.162           0     22.4236     3.25955
73          14     116.798     428.052           0     17.0678     3.64354
73          15     117.229     428.959           0     14.8348     4.14126
73          16     117.624     429.882           0     14.5949     4.63008
73          17     117.993     430.817           0     16.6138     5.10811
73          18     118.347     431.756           0     19.4471     5.67857
73          19     118.694     432.699           0     23.7611     6.34986
73          20     119.044     433.641           0     29.0998     7.29858
73          21     119.401     434.579           0     31.2421     8.36343
73          22     119.757     435.518           0     31.2299     9.71966
73          23     120.112     436.458           0     28.7102     11.5529
73          24      120.47     437.397           0     24.5629     13.6589
73          25     120.848     438.327           0     24.3878     16.6127
73          26     121.277     439.236           0     30.1292     19.7779
73          27     121.767     440.112           0     43.4135     24.3901
73          28     122.303     440.962           0      67.044     31.5698
73          29      122.84     441.811           0     96.3227     39.0178
73          30     123.325      442.69           0     128.658     36.6108
73          31     123.728      443.61           0     156.251     29.1788
73          32     124.111     444.539           0     167.959     29.6173
73          33     124.607     445.412           0     153.559     40.4317
73          34     125.228     446.202           0     132.759     44.4097
73          35      125.92      446.93           0      111.43     31.1141
73          36      126.65      447.62           0     90.0584     17.6892
73          37     127.412     448.274           0     73.5377      10.228
73          38      128.21     448.885           0      61.357     6.99341
73          39     129.044     449.444           0     52.3898     7.77111
73          40      129.91     449.952           0     48.1502      13.406
73          41     130.798     450.423           0     43.9585     22.1205
73          42     131.696     450.873           0     42.6849     32.0652
73          43     132.593     451.324           0     45.2078     42.7092
73          44     133.469     451.815           0     58.1135     57.9052
73          45     134.283     452.404           0     81.2983     57.8796
73          46     134.953     453.152           0      106.24     38.7967
73          47     135.421     454.041           0     109.755     32.2404
73          48     135.821     454.962           0     104.226     35.2193
73          49     136.347     455.818           0     87.9733     38.7841
73          50     137.053     456.532           0     68.7928     42.5064
73          51     137.883     457.097           0     52.6707     26.0642
73          52     138.773     457.563           0     42.8112     9.62702
73          53     139.685     457.984           0     40.2648     2.95044
73          54     140.603     458.393           0     37.9605    0.718303
73          55     141.513     458.816           0     37.4397     0.77035
73          56     142.405     459.279           0     37.5621     5.41206
73          57     143.266     459.796           0     41.0211     15.6286
73          58     144.083      460.38           0     48.7785      27.417
73          59     144.854     461.025           0     60.4094     33.4005
73          60     145.596     461.702           0      77.573     37.6895
73          61      146.36     462.354           0     101.156     50.6881
73          62     147.199     462.905           0     129.937     68.4956
73          63     148.129     463.286           0     148.904     57.9303
73          64     149.105     463.523           0     161.321     43.6471
73          65     150.086      463.74           0     170.384     39.8851
73          66     151.044     464.042           0     177.074     37.6285
73          67     151.951     464.472           0     175.198      30.564
73          68     152.817     464.981           0     174.595     29.6195
73          69     153.688     465.481           0     159.877     34.5374
73          70     154.597      465.91           0     140.858     47.3727
73          71     155.539     466.257           0     108.418     55.7969
73          72     156.508     466.523           0     73.8388     47.5411
73          73     157.491     466.727           0     43.5671      28.405
73          74      158.48     466.904           0     22.2858     12.2163
73          75     159.464     467.105           0     15.7041     4.20277
73          76     160.439     467.345           0     23.9089      4.4393
73          77     161.394     467.658           0     43.2111     16.3393
73          78     162.294     468.104           0     62.5802      28.077
73          79     163.102     468.701           0     69.0028     38.1795
#1
74           0     196.991     366.977           0     36.8285      15.798
74           1     196.228     366.329           0     31.8833     12.0863
74           2     195.621     365.533           0     24.5666     5.65508
74           3     195.201     364.624           0     20.7008     5.62616
74           4     194.943     363.656           0     22.2496      3.9076
74           5     194.654     362.697           0     23.2706      1.4126
74           6     194.384     361.733           0     25.6624    0.780548
74           7      194.13     360.765           0     28.0189    0.402016
74           8     193.876     359.796           0       29.76    0.579372
74           9     193.612     358.831           0     30.3173    0.737851
74          10     193.333     357.869           0     31.3786    0.650933
74          11     193.041     356.911           0     32.8234    0.575895
74          12     192.746     355.954           0     32.4817    0.548893
74          13     192.459     354.995           0     32.5369     0.65152
74          14     192.179     354.034           0     32.4744     0.56589
74          15     191.906      353.07           0     32.6126    0.555299
74          16     191.644     352.104           0     31.6369    0.659748
74          17     191.395     351.134           0     31.2352    0.722158
74          18     191.154     350.162           0     31.4344    0.555686
74          19     190.914      349.19           0     31.6217    0.543584
74          20      190.67     348.219           0     30.6722    0.644191
74          21     190.421     347.249           0     30.5396    0.731592
74          22     190.158     346.283           0       31.22    0.574544
74          23     189.874     345.323           0     30.8221    0.556631
74          24     189.569     344.369           0     29.2612    0.738069
74          25     189.245     343.422           0     29.1535    0.719339
74          26     188.901     342.482           0     29.6581    0.897549
74          27     188.542     341.547           0     29.0079    0.832234
74          28     188.177     340.614           0     29.8254    0.704684
74          29     187.809     339.683           0     30.6093     0.74116
74          30     187.436     338.754           0     31.0627    0.655693
74          31     187.048     337.831           0      32.783    0.713479
74          32     186.633      336.92           0     32.2234    0.682044
74          33     186.184     336.025           0     32.6011    0.698478
74          34     185.697      335.15           0     32.5144    0.646752
74          35     185.176     334.295           0     32.9659     0.73394
74          36     184.629     333.456           0      32.437    0.547102
74          37     184.063      332.63           0     32.8214    0.491046
74          38     183.483     331.814           0     32.3156    0.534684
74          39       182.9         331           0     33.7999    0.454802
74          40     182.324     330.181           0     34.3316    0.438117
74          41      181.76     329.353           0     34.8451    0.548299
74          42     181.212     328.516           0     34.4871    0.474791
74          43     180.676      327.67           0     33.5725    0.500237
74          44     180.153     326.816           0      33.368    0.407678
74          45     179.635     325.959           0     32.1811    0.329302
74          46     179.116     325.103           0     31.6087    0.280379
74          47     178.583     324.255           0     29.1275    0.311165
74          48     178.032     323.419           0     28.3252    0.249841
74          49     177.458     322.599           0     26.0738     0.30135
74          50     176.858     321.797           0     26.4894    0.288483
74          51     176.241     321.008           0     29.7454    0.361741
74          52     175.619     320.224           0     34.5509    0.501148
74          53     175.018     319.423           0     41.1584    0.587366
74          54     174.461     318.591           0     43.4134    0.744665
74          55     173.961     317.724           0     44.6341    0.707632
74          56     173.506     316.831           0     39.5863    0.658455
74          57     173.068     315.931           0     35.5042    0.702076
74          58     172.624     315.034           0     29.6008    0.804718
74          59     172.166     314.144           0     26.9533     1.87935
74          60     171.703     313.256           0     25.4286     4.28586
74          61     171.265     312.355           0     26.0373     8.16667
74          62     170.891     311.426           0     27.6989     12.3005
74          63     170.622     310.462           0     30.3703     17.5988
74          64     170.496     309.468           0     38.1184     28.4044
74          65     170.567      308.47           0     53.5083     50.8024
74          66     170.936     307.539           0     67.6248     29.7335
74          67     171.624     306.812           0     73.0466     11.6137
74          68     172.475     306.284           0      71.674     8.26151
74          69     173.342     305.783           0     69.0209     9.67483
74          70     174.135     305.171           0     65.2584     14.7365
74          71     174.798     304.422           0     60.4038     18.4978
74          72     175.331     303.574           0     56.3943     16.7318
74          73     175.769     302.674           0     52.6993     12.6826
74          74     176.161     301.752           0     48.7323     11.4745
74          75     176.561     300.834           0     46.5522     13.5246
74          76     177.037     299.953           0     48.1525     20.4701
74          77     177.661      299.17           0      51.206      33.675
74          78     178.464     298.572           0     53.2485     36.9383
74          79     179.392     298.196           0      53.901     21.9568
74          80     180.364     297.957           0     53.5339     15.7282
74          81     181.332     297.702           0      51.342     17.7573
74          82     182.252     297.306           0     46.9638     22.7972
74          83     183.084     296.748           0      39.989     16.6735
74          84     183.832     296.083           0     33.7262     6.63136
74          85     184.534     295.369           0     28.3265     1.93795
74          86     185.219     294.639           0      25.436    0.468312
74          87      185.91     293.914           0     24.7156    0.288223
74          88      186.62     293.208           0     22.7705    0.261955
74          89     187.356     292.529           0     21.6405    0.235365
74          90     188.115     291.876           0     22.5937    0.344875
74          91     188.894     291.247           0      23.071    0.780254
74          92      189.69      290.64           0     25.9318     1.87063
74          93     190.495     290.044           0     33.1561     4.02188
74          94     191.294     289.441           0     42.0524     8.65672
74          95     192.068     288.805           0     51.3977     15.3535
74          96     192.796     288.118           0     54.2697     19.3182
74          97     193.475     287.382           0     51.2162     16.4111
74          98     194.124      286.62           0     45.9622     12.8363
74          99     194.772     285.857           0     40.1555     10.9768
74         100      195.43     285.102           0     36.6564     10.3436
74         101       196.1     284.357           0     35.1437     10.3382
74         102     196.773     283.617           0     34.6526     10.1903
74         103     197.452      282.88           0     34.2859     10.1401
74         104     198.134     282.148           0     33.6326     10.1603
74         105      198.82     281.418           0     31.8355     10.1762
74         106     199.515     280.697           0     30.8504     10.4625
74         107     200.226     279.992           0     33.4626     11.2262
74         108     200.955     279.306           0     38.8878     12.1472
74         109     201.706     278.643           0     44.9846     12.6433
74         110     202.478     278.006           0     53.3328     12.5088
74         111      203.26     277.381           0     59.6416     13.4345
74         112     204.025     276.734           0     64.9459     18.3619
74         113      204.74     276.034           0     64.9251     23.0913
74         114     205.392     275.274           0      56.849     17.5672
74         115         206     274.478           0     46.8251     8.45388
74         116     206.592     273.671           0     37.1829     2.78765
74         117     207.178     272.859           0     33.9496    0.619121
74         118     207.749     272.036           0     34.6455     0.21852
74         119     208.302     271.201           0     35.5743    0.103307
74         120     208.833     270.353           0     36.5382     0.13306
74         121      209.35     269.495           0     36.6532    0.158945
74         122      209.86     268.633           0     38.6378    0.199437
74         123     210.372     267.773           0     38.7946    0.165248
74         124     210.891     266.917           0     40.4287    0.197462
74         125     211.425      266.07           0      39.832    0.208215
74         126     211.968     265.229           0     40.5993     0.19204
74         127     212.514     264.389           0     38.4984    0.179631
74         128     213.058     263.549           0     39.7192    0.233826
74         129     213.595     262.703           0      39.037    0.179342
74         130     214.125     261.854           0     39.9585    0.194062
74         131     214.646     260.999           0     39.2908    0.193118
74         132     215.165     260.142           0     40.0575    0.198493
74         133     215.678     259.283           0     39.0785    0.178814
74         134     216.189     258.422           0      39.016    0.224804
74         135     216.696     257.558           0     37.8043    0.220824
74         136     217.202     256.694           0     37.3017    0.197385
74         137     217.708      255.83           0     36.4816    0.320313
74         138     218.221      254.97           0     36.7984     1.03439
74         139     218.746     254.117           0     35.1235     2.46416
74         140     219.296     253.281           0     34.4039     4.37942
74         141     219.877     252.466           0     34.1985     6.77735
74         142     220.496     251.679           0     33.6633      9.5608
74         143      221.14     250.912           0     35.9588     12.1872
74         144      221.79      250.15           0      40.581     13.9708
74         145     222.418      249.37           0     47.7797     14.6225
74         146         223     248.555           0     57.6643     14.4136
74         147     223.529     247.706           0     63.6621     14.3088
74         148     224.034     246.841           0     70.0039     15.0924
74         149     224.571     245.995           0     69.8435     17.3261
74         150     225.174     245.197           0     66.4183     21.3201
74         151     225.838     244.446           0     60.3281     23.3987
74         152     226.511     243.705           0     53.3245     20.5443
74         153     227.151     242.936           0      47.067     17.1114
74         154      227.74     242.126           0     43.6762     13.6027
74         155     228.309     241.302           0     44.4466     10.4162
74         156     228.892     240.488           0     48.4675     6.41818
74         157     229.515     239.704           0     48.6674       2.862
74         158     230.186     238.961           0     50.8156     3.27973
74         159     230.888     238.247           0     55.9635     12.6976
74         160     231.596     237.539           0     69.6912     30.7449
74         161     232.292     236.819           0     98.5002     50.7294
74         162      232.99     236.101           0     141.209     67.1595
74         163     233.728     235.425           0     160.291     71.8301
74         164     234.526     234.819           0     161.876     57.1642
74         165     235.341     234.237           0     142.708      39.873
74         166     236.112     233.599           0      115.29     29.8308
74         167     236.799      232.87           0     90.5308     32.9746
74         168     237.363     232.043           0     68.8476     34.1247
74         169      237.79     231.137           0     51.3364     21.9569
74         170     238.107     230.188           0     39.4495     10.3424
74         171      238.35     229.216           0      33.429     4.81924
74         172     238.544     228.234           0     36.8372     2.50385
74         173     238.726     227.249           0     49.2081     5.79457
74         174     238.956     226.275           0     58.1619     20.3065
74         175     239.332     225.347           0     61.2967     26.7055
74         176     239.915     224.533           0     58.8343     34.4824
74         177     240.637     223.839           0     55.4454     34.1048
74         178     241.411     223.204           0     57.0238     25.7487
74         179     242.174     222.556           0     64.5702     22.9988
74         180     242.886     221.852           0     75.2588     27.7811
74         181      243.53     221.085           0     82.1745     32.9065
74         182     244.125      220.28           0     82.8138     30.2828
#1
75           0         198         294           0          24     1.07887
75           1     197.397     293.206           0     26.6813    0.687085
75           2     196.739     292.458           0     29.8133    0.791953
75           3     196.072     291.716           0     34.2479     1.40456
75           4     195.433     290.951           0      38.258     3.11621
75           5     194.763     290.213           0     42.5072     6.74272
75           6     194.113     289.456           0     47.8781      13.056
75           7      193.51     288.663           0     52.2957     20.4251
75           8     192.988     287.814           0     54.2158     20.8536
75           9     192.582     286.903           0     48.5932     16.3848
75          10     192.296     285.948           0     40.5246     14.4715
75          11     192.129     284.965           0     33.2732     14.2963
75          12     192.081     283.969           0     29.9864     14.6108
75          13     192.162     282.976           0     26.9555     14.6005
75          14     192.366         282           0     25.3663     14.7169
75          15     192.666     281.049           0     24.3987     14.6369
75          16     193.048     280.128           0     23.2439     14.5177
75          17     193.514     279.247           0     22.2684     14.3868
75          18     194.088     278.432           0     22.4437     14.1313
75          19     194.788     277.722           0     22.6117     14.3948
75          20     195.615     277.165           0     23.3105     14.9149
75          21      196.54     276.793           0     23.7949     15.5801
75          22     197.521     276.615           0     24.3569     16.3275
75          23     198.517     276.599           0     26.1559     16.7432
75          24      199.51     276.691           0     30.3344     16.5725
75          25       200.5     276.814           0     37.4961     13.4115
75          26     201.493     276.893           0      47.214     8.82916
75          27      202.49     276.899           0      56.668     6.33253
75          28     203.487     276.885           0     62.8305     6.09236
75          29      204.48     276.979           0     63.5915     10.2734
75          30     205.432     277.272           0     56.9925     19.6773
75          31     206.316     277.734           0     49.4777     12.0252
75          32     207.144     278.289           0     43.8788     4.01564
75          33     207.948     278.879           0     41.6341     1.37966
75          34     208.748     279.474           0     37.4245    0.634799
75          35     209.554     280.061           0      35.027    0.356578
75          36     210.365      280.64           0     32.1646    0.356854
75          37      211.18     281.214           0     32.2676    0.462638
75          38     211.998     281.784           0     34.1292    0.846039
75          39     212.815     282.355           0     36.1322     1.65679
75          40     213.624     282.938           0     40.7634     4.63779
75          41      214.41     283.551           0      46.915     11.7153
75          42     215.155     284.214           0      56.361     23.0035
75          43     215.847     284.931           0     63.5491     27.9907
75          44     216.489     285.694           0     64.3613     24.2123
75          45     217.106     286.477           0     60.7564     19.3108
75          46     217.727     287.257           0     52.6747     13.7649
75          47     218.367     288.022           0      44.646     7.21059
75          48     219.024     288.771           0     39.2971     2.69799
75          49     219.696     289.508           0     34.7929     1.61015
75          50     220.379     290.234           0     34.5724     3.57832
75          51     221.058     290.964           0     40.0231     9.69605
75          52     221.708      291.72           0      50.707     19.2116
75          53     222.288     292.531           0     61.0932      25.618
75          54     222.773     293.402           0     64.6215     25.3327
75          55     223.203     294.301           0     58.7869     26.9968
75          56     223.648     295.193           0     48.6121     26.4499
75          57     224.127     296.068           0     41.0871     20.4669
75          58      224.61      296.94           0     38.2643     14.8257
75          59     225.048     297.835           0     39.7065     12.3832
75          60     225.389     298.772           0     38.5788      11.665
75          61     225.622     299.741           0     39.5446     13.3042
75          62     225.774     300.727           0      47.095     15.8397
75          63     225.878     301.718           0     63.0222     16.0024
75          64      225.99     302.709           0      81.673      14.244
75          65     226.212     303.681           0     89.7751     18.8228
75          66     226.671     304.566           0     78.3142     32.0167
75          67     227.316     305.326           0      53.611     26.2138
75          68     228.051     305.999           0      29.346     13.0738
75          69     228.835     306.615           0      16.588     6.18557
75          70     229.653     307.186           0      9.7052     3.72636
75          71      230.49     307.727           0     7.13946     3.28235
75          72     231.327     308.268           0     7.32185     3.60001
75          73     232.142     308.842           0     10.0657     4.60098
75          74     232.927     309.457           0     14.4749      5.1223
75          75     233.682     310.108           0     20.9202     3.93668
75          76     234.421     310.777           0     28.5799     2.51183
75          77     235.154     311.453           0     35.1041     2.30403
75          78     235.891     312.124           0      39.881      4.8193
75          79     236.634     312.789           0     42.4447     10.2697
75          80     237.362      313.47           0     46.6439     18.9462
75          81     238.014     314.224           0     53.9205     31.2761
75          82       238.6      315.03           0     68.1801     41.0427
75          83      239.06     315.915           0     86.3041     33.8972
75          84     239.353     316.868           0     92.7858     53.0725
#1
76           0     118.561     568.766           0     73.2714     37.3878
76           1     118.449     569.761           0     67.9496     31.7464
76           2     118.336     570.755           0     56.4277     25.2771
76           3     118.257     571.753           0     49.5266     15.1623
76           4     118.188     572.752           0     48.2955     7.39494
76           5     118.087     573.748           0     50.6372      2.8757
76           6     117.915     574.734           0     53.5612     1.45021
76           7     117.684     575.708           0     53.6838     0.76202
76           8     117.394     576.667           0     52.5354    0.838779
76           9     117.052     577.607           0     52.1001     1.08143
76          10     116.675     578.535           0     48.2674     1.17711
76          11     116.282     579.456           0     45.9016     1.61123
76          12      115.88     580.372           0     44.5193     1.86842
76          13     115.476     581.288           0     41.9067     1.58545
76          14     115.071     582.204           0     42.3536     1.49452
76          15     114.668      583.12           0     40.4707     1.22869
76          16     114.277     584.042           0      40.214    0.901976
76          17     113.902      584.97           0     43.4074     0.72271
76          18     113.566     585.913           0     45.5173    0.255541
76          19     113.292     586.876           0     49.5179    0.166268
76          20     113.089     587.856           0     54.5018    0.076991
76          21     112.949     588.848           0     57.1777   0.0460343
76          22     112.853     589.844           0     56.6583   0.0803788
76          23      112.78     590.843           0      55.551    0.111218
76          24     112.712     591.841           0     53.7839    0.162136
76          25     112.638      592.84           0     52.9571    0.214718
76          26     112.562     593.838           0     51.7445    0.176189
76          27     112.487     594.836           0     51.5087    0.127652
76          28     112.416     595.835           0     52.0707    0.127165
76          29     112.355     596.834           0     52.5304    0.151061
76          30     112.312     597.834           0     53.3267   0.0815627
76          31      112.29     598.835           0     53.3066   0.0726043
76          32     112.292     599.836           0     53.4927   0.0730215
76          33      112.31     600.837           0     53.7113    0.141846
76          34     112.339     601.838           0     54.4806    0.168384
76          35     112.382     602.838           0     54.7932    0.172859
76          36     112.438     603.837           0     54.5827     0.16881
76          37     112.507     604.836           0     54.0808    0.224361
76          38     112.593     605.834           0     53.3208    0.260017
76          39     112.699     606.829           0     52.8977    0.270282
76          40      112.83     607.821           0     52.9042    0.203829
76          41     112.993     608.809           0     53.9339    0.106235
76          42      113.19     609.791           0     54.4703    0.190795
76          43     113.428     610.763           0      55.494    0.360809
76          44     113.721     611.721           0     56.9538     0.46315
76          45     114.083     612.654           0     56.1714    0.582484
76          46      114.51     613.559           0     50.2978    0.300071
76          47     114.991     614.437           0     49.5087    0.444154
76          48      115.51     615.293           0     48.6019    0.385552
76          49     116.051     616.136           0     55.0841     0.47715
76          50     116.599     616.973           0     59.7832    0.708845
76          51     117.143     617.814           0       63.66    0.827204
76          52     117.666     618.668           0     62.1079    0.797804
76          53     118.169     619.533           0     61.1849     0.66047
76          54     118.654     620.409           0     58.0311    0.507031
76          55      119.13      621.29           0     56.5013    0.502354
76          56     119.597     622.175           0     52.7676    0.324798
76          57     120.053     623.066           0     52.2887    0.694945
76          58      120.49     623.967           0     48.9867     1.73045
76          59     120.902      624.88           0     50.0669     4.90669
76          60     121.283     625.805           0     49.2426     9.38663
76          61     121.623     626.747           0     49.3059     15.2336
76          62      121.92     627.703           0     51.8061     19.8401
76          63     122.169     628.673           0     52.7779     22.5337
76          64     122.353     629.656           0     53.7067     23.1053
76          65      122.47     630.651           0     54.3656     23.9655
76          66     122.525      631.65           0      54.166     24.6676
76          67     122.531     632.651           0     53.6541     25.6119
76          68     122.503     633.652           0     53.1696     26.9281
76          69     122.449     634.652           0     53.4609     28.5716
76          70     122.374      635.65           0     54.6928     30.2082
76          71     122.255     636.644           0     57.1676     31.6114
76          72     122.123     637.636           0     60.7676     32.6349
76          73     121.994     638.629           0     62.9352     32.2979
76          74     121.875     639.623           0     57.4141     30.4961
76          75      121.76     640.618           0     44.4033     27.7631
#1
77           0     156.556     288.683           0     64.8977     14.5382
77           1     156.695     289.681           0     58.5352     18.1447
77           2     156.931     290.661           0     48.5017     16.7777
77           3     157.247     291.619           0     39.7396     16.2813
77           4     157.625     292.553           0     34.0504     15.4452
77           5     158.055     293.465           0     30.3809     14.3326
77           6     158.524     294.357           0     26.5605     12.8447
77           7     159.029      295.23           0     24.2144     11.2179
77           8     159.558     296.088           0     21.1886     9.46347
77           9     160.099     296.939           0     18.9067     7.61889
77          10     160.643     297.787           0     17.6583     5.81629
77          11     161.191     298.633           0       17.79     4.22584
77          12     161.734     299.483           0     18.5801      3.2109
77          13     162.261     300.342           0     20.2598     2.47624
77          14     162.756      301.22           0     22.0355     2.06198
77          15     163.201     302.125           0     24.0753     2.63818
77          16      163.57     303.063           0     26.0341     4.66023
77          17     163.884     304.021           0     32.7909     10.9001
77          18     164.181     304.984           0      51.437     25.7825
77          19     164.499     305.941           0      73.696     48.1992
77          20     164.859     306.883           0     84.8777     65.9651
#1
78           0     231.193     479.737           0      25.487     33.5227
78           1     230.395     480.347           0      23.847      27.408
78           2     229.587     480.942           0     24.7068     22.8149
78           3     228.757     481.506           0     26.1131     24.2341
78           4     227.912     482.049           0     31.0256     30.9593
78           5     227.147     482.699           0     35.2255     37.7961
78           6     226.424     483.396           0     42.2343     39.9549
78           7     225.738     484.129           0     55.2659      38.351
78           8      225.08     484.887           0     72.0943     35.7034
78           9     224.429     485.652           0     85.3104     34.9946
78          10     223.756     486.396           0     91.1255     36.5103
78          11     223.044     487.103           0     88.4367     40.0501
78          12     222.314     487.793           0     81.3668     40.2265
78          13     221.609     488.508           0      74.479     36.6238
78          14     220.971     489.283           0     71.7972     32.9034
78          15     220.436     490.132           0     71.4573     29.9552
78          16     220.026     491.049           0     77.8737     28.5687
78          17     219.744     492.012           0       81.33      28.896
78          18     219.581     493.003           0     88.7654     29.8151
78          19     219.509     494.004           0     97.5378     29.9874
78          20     219.509     495.008           0     104.489     28.1379
78          21     219.557     496.011           0     101.991     23.9458
78          22      219.63     497.012           0     90.7148     22.0609
78          23     219.698     498.014           0     76.6399     26.0755
78          24     219.736     499.017           0     65.9474     37.6219
78          25     219.732     500.021           0     66.4795     49.2135
78          26     219.696     501.024           0     80.0975     55.3141
78          27     219.673     502.028           0     96.4387     68.7906
78          28     219.732      503.03           0      99.788     86.2952
78          29     219.891     504.021           0     83.5712     77.1097
78          30     220.095     505.004           0     58.4517     52.0547
78          31     220.275     505.992           0     41.1355     37.3036
78          32     220.402     506.988           0      37.844     32.1776
78          33     220.471     507.989           0     44.3446     31.2001
78          34     220.492     508.993           0     53.4285     32.4334
78          35     220.481     509.997           0     59.9794     33.9238
78          36     220.451         511           0     62.9997     33.8713
78          37     220.411     512.003           0     62.1714     32.1148
78          38     220.362     513.006           0     60.2616      29.308
78          39     220.299     514.008           0     58.0849     25.6731
78          40     220.215     515.009           0      56.135     21.8347
78          41     220.109     516.007           0      56.355     18.3273
78          42     219.984     517.003           0     58.8332     15.9064
78          43     219.845     517.997           0     60.4381     14.6747
78          44     219.695      518.99           0     59.8575     15.0442
78          45     219.537     519.981           0     58.6141     16.0037
78          46     219.368     520.971           0     57.0319     18.1089
78          47     219.182     521.958           0     56.4761     20.4218
78          48     218.975      522.94           0     56.6959     22.9006
78          49     218.748     523.918           0      54.212     25.3243
78          50     218.506     524.892           0     52.9601     27.3659
78          51     218.249     525.863           0     54.0119     29.0994
78          52     217.976     526.829           0     55.5719     30.6265
78          53     217.689     527.791           0     53.5773     31.9085
78          54     217.391      528.75           0     53.0543     33.4592
78          55     217.079     529.704           0     54.1542     34.8633
78          56     216.756     530.654           0     52.8627     36.2346
78          57     216.419       531.6           0     51.7161     38.3067
78          58     216.065      532.54           0     52.5936     38.6072
78          59     215.692     533.472           0     50.2836     39.1669
78          60     215.303     534.397           0     49.8303      39.708
78          61     214.903     535.318           0     50.6392     40.8992
78          62     214.494     536.235           0     48.9992      42.016
78          63     214.077     537.148           0     51.4481     42.4473
78          64     213.656     538.059           0     50.9144      42.794
78          65     213.239     538.973           0     52.4892     41.2737
78          66     212.833     539.891           0     54.0747      40.577
78          67     212.444     540.816           0     53.9574     40.3463
78          68     212.072     541.749           0     56.8328     40.0017
78          69      211.71     542.685           0     55.4087     40.3824
78          70     211.353     543.623           0     54.1938      40.828
78          71     210.995     544.562           0     55.3968     40.7112
78          72     210.637       545.5           0      52.275     41.2194
78          73     210.279     546.437           0     52.3397     41.9949
78          74     209.926     547.377           0     54.1796     43.8156
78          75     209.595     548.325           0     53.3475     46.0167
78          76     209.318      549.29           0     54.1298     47.3244
78          77     209.146     550.279           0     53.7193     47.7044
78          78     209.161     551.282           0     49.0047     45.6779
78          79     209.441     552.245           0     38.7055     41.1449
78          80     209.992     553.083           0     22.8212     46.1187
78          81     210.721     553.773           0     13.3176     53.4008
78          82     211.513      554.39           0     19.6038     68.4458
78          83     212.269      555.05           0     41.8749     89.9888
78          84     212.886     555.843           0     74.4429     50.8952
78          85     213.251     556.777           0     97.0284     21.8291
78          86     213.345     557.777           0     112.984       20.47
78          87     213.228     558.774           0     124.836     20.3314
78          88     212.974     559.745           0     136.254     20.5973
78          89     212.634      560.69           0     136.104     21.3192
78          90     212.233      561.61           0     135.738     22.4717
78          91     211.771     562.501           0     129.092     23.4784
78          92     211.259     563.365           0     119.559     25.2792
78          93     210.701       564.2           0     113.036      26.701
78          94      210.14     565.032           0     108.612     28.3732
78          95     209.639     565.902           0     102.258     29.6729
78          96     209.288     566.843           0     91.7084     30.8053
78          97     209.064     567.821           0     79.9846      31.476
78          98     208.859     568.804           0     69.2104     30.5179
78          99     208.639     569.784           0     59.1078     28.6875
78         100     208.326     570.738           0     49.9113     27.0744
78         101     207.931     571.661           0     41.5244     25.5833
78         102     207.502     572.568           0     31.1791     23.7616
#1
79           0     128.557     509.767           0     69.2173     49.4076
79           1     127.696     510.296           0     63.2696     52.9323
79           2      126.84     510.835           0     52.6265     47.0902
79           3     125.996     511.392           0     44.8268     37.5977
79           4     125.187     511.998           0     45.4396     29.8452
79           5     124.442     512.682           0     49.0697     26.3189
79           6     123.781     513.447           0     54.1786     25.3215
79           7     123.207     514.279           0     58.3509     25.3721
79           8     122.711      515.16           0     61.9235     26.3156
79           9     122.282     516.076           0     66.7215      28.441
79          10     121.905     517.014           0     74.3618     32.2466
79          11     121.568     517.967           0     88.1417     37.0055
79          12      121.28     518.936           0     105.193     43.7654
79          13     121.085     519.929           0     113.719     51.3107
79          14      121.03     520.938           0     106.312     53.4733
79          15     121.075     521.948           0     88.6174      47.368
79          16     121.157     522.956           0     72.0759     36.6176
79          17     121.258     523.962           0     60.3844     25.4812
79          18     121.402     524.963           0     53.4152     17.3083
79          19     121.625     525.949           0     46.5227     11.6202
79          20      121.93     526.913           0     41.4244     7.75022
79          21     122.285      527.86           0     35.0709     4.21191
79          22     122.639     528.807           0     29.3284     2.60637
79          23     122.946      529.77           0     23.4152     2.29697
79          24     123.173     530.756           0     17.7697     1.95851
79          25     123.305     531.758           0     13.2827     1.37481
79          26     123.348     532.768           0     14.6627     1.53022
79          27     123.315     533.779           0     19.4972     2.96946
79          28     123.222     534.786           0     25.0552     3.51357
79          29     123.075     535.786           0     32.1859      2.1849
79          30     122.874     536.777           0     37.4784     1.52484
79          31      122.62     537.755           0     41.4557     1.13203
79          32     122.303     538.716           0     44.5152     1.10535
79          33     121.897     539.642           0     46.2792     1.21304
79          34     121.369     540.504           0     41.7608     1.40412
79          35     120.703     541.265           0     33.1349     1.39437
79          36     119.922     541.907           0     22.2736     1.26707
79          37      119.06     542.435           0     14.4063    0.751145
79          38     118.152     542.879           0      15.932    0.452902
79          39     117.221     543.275           0     27.1296    0.335659
79          40     116.282      543.65           0     50.3916    0.429947
79          41     115.333     543.998           0     80.3112    0.624061
79          42     114.367     544.299           0     88.3628     2.44419
79          43      113.39     544.559           0     76.7436     9.05909
79          44     112.413     544.818           0     53.6231     28.0521
#1
80           0     234.982     282.504           0     49.2783     10.2411
80           1     235.442     283.389           0     46.8207      14.349
80           2     235.781     284.327           0      42.109     13.1604
80           3     236.023     285.295           0     39.6208     12.6013
80           4     236.186      286.28           0     38.4426     12.0065
80           5     236.252     287.275           0     38.2444     10.7807
80           6     236.265     288.273           0     38.1321     8.95629
80           7     236.251     289.271           0     37.7245     6.67224
80           8      236.22     290.268           0     36.5834     4.25608
80           9     236.172     291.265           0     35.0035     2.30932
80          10     236.102      292.26           0     34.2028    0.999128
80          11     236.009     293.253           0     33.1836    0.328788
80          12     235.903     294.245           0     29.4826    0.762557
80          13     235.812     295.239           0     26.2336      3.4636
80          14     235.781     296.236           0     27.1937     6.50844
80          15     235.839     297.232           0     33.0364      11.197
80          16     235.947     298.224           0      43.596     17.7304
80          17     236.079     299.213           0     49.1235     24.1724
80          18     236.204     300.203           0     43.3808     24.1939
80          19     236.297     301.197           0     28.5721      16.607
80          20     236.346     302.193           0     15.8404     9.40321
80          21     236.338     303.191           0     10.8735     7.51503
80          22     236.261     304.186           0     10.3501     7.70733
80          23     236.117     305.173           0     10.8629     8.25872
80          24     235.928     306.153           0     10.7256      9.0878
80          25     235.715     307.128           0      10.164     9.27649
80          26     235.569     308.115           0     12.0041     9.52427
80          27     235.518     309.111           0      17.371     8.87087
80          28     235.539     310.109           0     25.4477     14.9941
#1
81           0     337.119     158.861           0     92.4439     44.3181
81           1     337.028     159.852           0      88.783     50.0816
81           2      336.98     160.846           0     79.4366     41.1445
81           3     337.018     161.841           0      72.733     34.5245
81           4     337.144     162.828           0     65.5121     28.0678
81           5     337.325     163.807           0     58.4118     19.8711
81           6     337.532     164.781           0     53.3672      11.651
81           7     337.733     165.755           0     50.6173     5.73647
81           8     337.924     166.732           0     49.7385     2.71641
81           9     338.103     167.712           0     48.5117     1.43448
81          10     338.268     168.693           0     46.4815    0.941554
81          11      338.42     169.677           0     46.3091    0.787561
81          12     338.559     170.662           0     47.5517    0.879498
81          13     338.686      171.65           0     50.5616     0.96435
81          14     338.802     172.638           0     54.3803     1.17171
81          15     338.906     173.628           0     58.1108     1.35346
81          16     339.002     174.619           0     61.2153     1.21538
81          17     339.099     175.609           0     60.5211     1.44674
81          18     339.204     176.599           0     59.0153     1.60683
81          19     339.317     177.588           0     56.8926     1.75653
81          20     339.437     178.576           0     55.0393     2.01492
81          21     339.562     179.564           0     53.3803     1.95754
81          22     339.689     180.551           0     52.1757     1.80941
81          23     339.819     181.538           0     51.0066     1.70169
81          24     339.947     182.525           0     49.5493     1.69677
81          25     340.064     183.513           0     45.9529     2.09777
81          26     340.175     184.503           0     40.0237      2.6851
81          27     340.273     185.493           0     31.9727     3.24149
81          28     340.364     186.484           0     21.9332     4.14349
81          29     340.453     187.476           0      12.742     4.77904
81          30     340.541     188.467           0     5.90908     4.92667
#1
82           0     107.214     520.431           0      62.046      42.438
82           1     107.749     519.589           0     64.1293     46.2471
82           2      108.31     518.764           0     68.1661     52.2326
82           3     108.872      517.94           0      76.398     57.3203
82           4     109.395     517.091           0     83.7404     62.3746
82           5     109.842     516.199           0     90.0052     65.4711
82           6     110.189     515.263           0     94.5285     64.1724
82           7     110.478     514.308           0      103.98     66.2158
82           8     110.767     513.353           0     120.057     67.2165
82           9       111.1     512.413           0     132.983     59.4988
82          10     111.481     511.491           0     128.434     46.2635
82          11     111.864      510.57           0     106.703      37.407
82          12     112.193     509.628           0     77.1468     31.6082
82          13     112.453     508.665           0     56.7422     29.2642
82          14     112.653     507.688           0     46.3931     26.6675
82          15     112.805     506.702           0     39.1317     23.6207
82          16     112.921     505.711           0     34.4095     21.1469
82          17     113.021     504.718           0      33.516      18.469
82          18     113.104     503.724           0     36.3426     16.6802
82          19     113.185      502.73           0     43.3677     15.6444
82          20     113.277     501.736           0     54.2725     14.7856
82          21     113.393     500.746           0     67.5682     14.9577
82          22     113.527     499.757           0      83.494     17.2393
82          23     113.672      498.77           0      99.312     20.5834
82          24     113.835     497.786           0     110.443     22.9414
82          25     114.019     496.805           0     114.557     22.1417
82          26     114.207     495.826           0     105.114     17.5353
82          27     114.368     494.841           0     89.1065     12.4775
82          28     114.482      493.85           0     72.8212       9.214
82          29     114.538     492.854           0     62.5619     7.79557
82          30     114.529     491.856           0     60.8532     7.08566
82          31     114.462     490.861           0     67.4116     6.83392
82          32     114.355     489.869           0      77.656     6.94432
82          33     114.231     488.879           0     89.1787     8.81097
82          34     114.127     487.887           0     98.3769     14.6479
82          35     114.088      486.89           0     104.063     20.7863
82          36     114.154     485.895           0     103.664     23.4494
82          37     114.326     484.912           0     96.7249     19.6076
82          38     114.584     483.948           0     88.8793     12.1954
82          39     114.913     483.007           0     84.4163     7.20269
82          40     115.289     482.083           0     76.7255     5.00192
82          41     115.677     481.163           0     67.6956     3.83236
82          42     116.037     480.233           0     57.3985     1.69667
82          43     116.339     479.282           0     43.3621    0.477111
82          44     116.567     478.311           0     32.2044    0.196985
82          45     116.728     477.327           0     24.7757    0.374791
82          46     116.828     476.334           0     20.7155    0.667172
82          47     116.878     475.338           0     19.6742     1.95561
82          48     116.874      474.34           0      21.026     4.46331
82          49      116.87     473.342           0     24.5415     9.07697
82          50     116.908     472.346           0     29.7458     15.7173
82          51     116.991     471.351           0     32.6285      22.669
82          52     117.098      470.36           0     33.5423     26.2088
#1
83           0     236.642     143.304           0     102.742     53.3381
83           1     237.612     143.059           0      87.206     45.9623
83           2     238.564     142.753           0      65.194     40.8964
83           3     239.495     142.389           0     45.9057     29.7122
83           4      240.41     141.985           0     34.0582     18.2116
83           5     241.321     141.574           0      27.709     10.3995
83           6     242.219     141.133           0     24.4462     6.05888
83           7     243.098     140.656           0      21.051     3.61244
83           8     243.955     140.141           0     18.2362     2.01473
83           9     244.787     139.585           0     14.5438     1.24797
83          10     245.596     138.997           0     12.9961     0.72151
83          11      246.39     138.389           0     13.5629    0.691142
83          12     247.183      137.78           0     17.6343    0.705917
83          13     247.989     137.188           0     27.2122    0.863291
83          14     248.815     136.624           0     36.9199     1.09077
83          15     249.664     136.096           0      47.262     1.42151
83          16     250.531     135.597           0     51.3139     1.88394
83          17     251.406     135.113           0     56.2896     2.35785
83          18     252.281     134.629           0     57.7162      2.7521
83          19     253.155     134.142           0     60.9742     3.20317
83          20     254.023     133.645           0     61.2265     3.32572
83          21     254.888     133.143           0     61.8075     3.74104
83          22     255.745     132.628           0     58.6997     3.93876
83          23     256.596     132.103           0     56.4172     4.34156
83          24     257.443     131.571           0     50.9737     4.48666
83          25     258.291     131.041           0     46.5928     4.40794
83          26      259.15     130.528           0     37.7493     3.79275
83          27     260.023     130.042           0     29.8123     3.65474
83          28     260.913     129.584           0     21.3058     3.59733
83          29     261.812     129.146           0     15.8358     4.05533
83          30     262.719     128.725           0      11.893     4.68886
83          31     263.635     128.324           0     10.1589     5.44479
83          32     264.564     127.954           0     10.0257      6.9417
83          33     265.511     127.634           0     10.3664     9.01034
83          34     266.481     127.388           0     10.9062     11.0829
83          35      267.47     127.237           0     11.9955     12.6094
83          36     268.467     127.171           0     13.5935      13.297
83          37     269.467     127.128           0     15.6184     13.4692
83          38     270.459         127           0     17.4573      14.507
83          39     271.402     126.669           0      19.333     16.8549
83          40     272.194     126.058           0     20.9531     18.7861
83          41     272.737     125.219           0          21     16.0671
83          42     273.063     124.273           0     20.2273     13.5379
83          43     273.292       123.3           0     19.0074     12.2902
83          44     273.544     122.332           0     17.1194      11.008
83          45     273.882      121.39           0     15.4366     8.44238
83          46     274.315     120.489           0     13.8239     6.22942
83          47     274.828      119.63           0     12.6305     4.62172
83          48     275.405     118.814           0     11.4843     3.86015
83          49     276.034     118.036           0      11.033       3.344
83          50     276.707     117.296           0     11.7065     2.92755
83          51     277.412     116.588           0     11.7576     2.55553
83          52     278.146     115.908           0     12.1463     2.77736
83          53     278.906     115.258           0     12.9064      2.9066
83          54     279.691     114.638           0     13.9411     3.03715
83          55     280.497     114.046           0     16.3991     2.94262
83          56     281.321     113.479           0     19.6638     2.81654
83          57     282.156     112.929           0     24.5009     3.62858
83          58         283     112.392           0     28.8225     4.66115
83          59      283.85     111.866           0     34.4583      6.5006
83          60     284.705     111.347           0     40.5076     10.1001
83          61      285.56     110.827           0     49.2845     16.1241
83          62     286.394     110.275           0     61.0303     24.9676
83          63     287.161     109.634           0     74.8633     40.2975
83          64     287.788     108.855           0     85.1714     45.1807
83          65     288.249     107.967           0     83.8011     31.1051
83          66     288.691     107.071           0     74.3739     32.6991
83          67     289.263      106.25           0     60.4984     43.8286
83          68     289.982     105.555           0     45.1263     43.8712
83          69      290.79     104.965           0     35.3168     32.3144
83          70     291.633     104.427           0     30.8978     22.5289
83          71     292.475     103.888           0      30.779     17.9254
83          72     293.291      103.31           0     31.8224     16.4865
83          73      294.07     102.683           0     34.0412     15.7242
83          74     294.818     102.018           0     37.1962     14.4179
83          75      295.55     101.337           0     40.3666     13.0459
83          76     296.279     100.653           0     44.9669     11.3584
83          77     297.012      99.972           0     50.8552     10.3576
83          78     297.748     99.2956           0     50.1548      9.0302
83          79     298.487     98.6213           0     48.7681     7.84061
83          80     299.214     97.9347           0     47.9191     6.91113
83          81     299.904     97.2105           0     44.2539     6.01916
83          82     300.526     96.4276           0     39.9206     5.39776
83          83     301.057     95.5802           0      37.665     4.77286
83          84     301.479     94.6734           0     36.1252      4.3301
83          85     301.786     93.7216           0     37.0886     4.58175
83          86     301.987     92.7419           0     38.6501     5.27477
83          87     302.114       91.75           0     37.1574     6.58781
83          88     302.258     90.7603           0      34.028     7.50882
83          89     302.252     89.7602           0     28.8043     7.72511
83          90     302.135      88.767           0     22.9637     8.67811
83          91     301.984     87.7784           0     16.6649     13.0822
#1
84           0     257.169      112.67           0     10.9442     10.4614
84           1     257.961     113.291           0          11     7.70079
84           2     258.751     113.914           0          11     5.59329
84           3     259.533     114.548           0          11      4.0382
84           4     260.305     115.193           0     10.5019      2.9622
84           5      261.07     115.846           0     9.13196      2.0849
84           6     261.839     116.496           0           9     1.63297
84           7     262.602     117.152           0     8.93958     1.52422
84           8     263.357     117.816           0     8.93442     1.59674
84           9     264.101     118.494           0      9.0498     1.74505
84          10     264.832     119.186           0     10.1409       2.556
84          11     265.556     119.885           0     12.8167     3.97182
84          12      266.28     120.583           0     15.0266     5.87967
84          13     267.018     121.267           0     17.2852     8.01684
84          14     267.781     121.923           0     18.7041     9.47318
84          15     268.578     122.538           0     19.3107      10.331
84          16     269.402     123.114           0          20     10.6605
84          17     270.231     123.685           0     20.1582     11.2381
84          18     271.026     124.302           0          21     11.8253
84          19     271.746     125.004           0     20.9989     11.6238
84          20     272.373     125.791           0          21     10.7596
84          21     272.929      126.63           0     20.9552     9.74677
84          22     273.467     127.481           0     20.2631     9.05155
84          23     274.038     128.309           0      19.703     8.39062
84          24     274.663     129.097           0     19.4687     8.01526
84          25     275.329     129.852           0     18.5273     7.64341
84          26     276.003     130.599           0     18.3999      7.1045
84          27     276.661      131.36           0     17.8778     6.72434
84          28      277.29     132.145           0     17.6064      6.6835
84          29     277.897     132.948           0     17.0053     6.74425
84          30     278.496     133.757           0     16.8796     6.96784
84          31     279.106     134.557           0     17.4513     7.10909
84          32     279.745     135.334           0     17.5035     7.18007
84          33      280.43     136.071           0     17.6005     7.49604
84          34     281.166     136.758           0      17.552     8.13788
84          35     281.947     137.392           0     17.4241     8.67163
84          36     282.761     137.983           0     17.9708     9.40675
84          37     283.584     138.563           0     18.8912     10.4498
84          38     284.386      139.17           0     20.1703     11.8243
84          39     285.133     139.844           0     20.8442     13.9357
84          40     285.793     140.604           0     22.0824     17.5924
84          41     286.352      141.44           0     25.4231     22.3591
84          42     286.782      142.35           0     33.0433     27.9338
84          43     287.044     143.321           0     45.4443     39.9429
84          44     287.096     144.326           0     57.3554     39.8752
84          45     286.967     145.324           0     61.0964     49.1628
#1
85           0     222.789     229.463           0      60.649     37.7753
85           1     222.684      230.46           0     50.9993      35.718
85           2     222.597     231.458           0     38.1858     26.5347
85           3     222.536     232.458           0     25.4619     15.6822
85           4     222.499      233.46           0     19.7308     9.10519
85           5     222.496     234.462           0     19.5421     5.32342
85           6     222.525     235.464           0     19.7075      3.9945
85           7     222.567     236.465           0     21.9629      4.9211
85           8     222.616     237.466           0     24.8349     8.45488
85           9     222.673     238.467           0     27.7472     13.2756
85          10     222.756     239.466           0     30.6819     17.0714
85          11     222.894     240.458           0     33.6389     19.5238
85          12      223.12     241.435           0     37.0771     21.5043
85          13     223.434     242.386           0     41.7166     22.5133
85          14     223.776     243.328           0     50.2454     19.9629
85          15     224.063     244.289           0     60.4176     15.2272
85          16     224.246     245.274           0     67.4142     12.7461
85          17     224.358      246.27           0     69.7229     12.6256
85          18     224.518     247.259           0      65.585     14.7108
85          19     224.832     248.211           0     56.0652     22.3413
85          20     225.303     249.096           0      43.706     25.8654
85          21     225.856     249.932           0     33.2287     18.8815
85          22     226.413     250.765           0     28.3335     12.4591
85          23     226.915     251.632           0     26.9776      9.0343
85          24     227.331     252.544           0     28.5989      6.9062
85          25     227.656     253.492           0     32.1116     6.21134
85          26     227.911     254.461           0     36.9986     6.28076
85          27      228.12     255.441           0     41.5782     6.65889
85          28     228.307     256.426           0     45.3967     7.37152
85          29     228.488     257.412           0     48.9382     7.72959
85          30     228.668     258.398           0     52.9288     8.03355
85          31     228.842     259.385           0     57.5681     8.28361
85          32     229.003     260.374           0     62.8434     8.70378
85          33     229.142     261.366           0     66.0705     9.30797
85          34     229.246     262.363           0     68.3383     10.0294
85          35     229.298     263.364           0      69.619     10.9871
85          36     229.266     264.366           0     68.8372     12.3533
85          37      229.12     265.357           0     65.0627     13.7795
85          38     228.844     266.321           0     57.1261       15.16
85          39     228.455     267.244           0     48.6308     15.1199
85          40     227.986      268.13           0     43.2638     13.5295
85          41     227.477     268.994           0     38.4894      10.484
85          42     226.949     269.845           0     36.9021     7.41696
85          43     226.415     270.693           0     34.7257     4.46167
85          44     225.882     271.542           0     35.0804     2.07644
85          45     225.355     272.394           0     34.9494    0.843215
85          46     224.827     273.247           0     36.1883    0.304142
85          47     224.295     274.096           0     37.3071    0.293475
85          48     223.751     274.937           0     38.3306    0.298117
85          49     223.204     275.777           0     38.6308    0.292623
85          50     222.653     276.614           0     39.1431    0.327401
85          51       222.1      277.45           0     40.9353    0.355351
85          52      221.54     278.281           0     39.9674    0.500246
85          53     220.968     279.104           0     40.3576    0.415503
85          54      220.38     279.916           0     37.4868      0.5514
85          55      219.77     280.711           0     36.6908    0.585008
85          56     219.144     281.494           0     38.4067    0.892063
85          57     218.509     282.269           0      41.651     2.84324
85          58     217.888     283.056           0     48.2676     7.97744
85          59     217.305     283.871           0     54.6739     16.9122
85          60     216.771     284.719           0     61.9901     23.8839
85          61     216.262     285.583           0     64.6286     27.0686
85          62     215.719     286.425           0     58.4838     29.2902
85          63     215.109      287.22           0     45.4876      23.325
85          64      214.45     287.975           0     32.3414      12.827
85          65      213.77     288.712           0     25.9192     5.73818
85          66     213.095     289.452           0      26.143     3.07791
85          67     212.435     290.206           0     28.3907     2.97614
85          68     211.786      290.97           0     31.6771     4.86474
85          69     211.138     291.735           0     32.1002     8.65247
85          70     210.475     292.486           0     32.5091     13.2895
85          71     209.776     293.205           0     34.8922     15.2751
85          72     209.023     293.866           0     39.0783     11.7821
85          73       208.2     294.437           0     43.7875     6.23411
85          74      207.31     294.898           0     49.2471     3.25736
85          75      206.38     295.273           0     50.7922     2.38356
85          76      205.45     295.647           0     50.2564     2.60907
85          77     204.567     296.119           0     46.9809     5.29057
85          78     203.779      296.74           0      39.401     12.4667
85          79      203.11     297.485           0     30.9908     14.4905
85          80     202.533     298.305           0     22.6517      7.9282
85          81     202.008     299.159           0     16.2198     3.29037
85          82     201.497     300.021           0     10.9313     1.68004
85          83     200.977     300.878           0     8.19894    0.815505
85          84     200.471     301.743           0     5.10651    0.458281
85          85     199.981     302.617           0     3.36399    0.253135
85          86     199.498     303.495           0     2.00264  0.00507744
#1
86           0     93.6244     430.453           0     120.263     41.0487
86           1     92.7389     430.905           0     115.753     65.4721
86           2     92.0305     431.603           0     108.314      41.101
86           3     91.5711     432.485           0     94.4072     30.7757
86           4     91.2857     433.437           0     79.4808     28.0155
86           5     91.0541     434.404           0     70.7449     27.5117
86           6     90.7958     435.364           0     69.7763     29.0273
86           7      90.508     436.316           0     74.5356     32.5274
86           8     90.2561     437.277           0     81.5617     36.1186
86           9     90.1981      438.27           0     86.6501     40.1807
86          10     90.5406     439.203           0       83.74     43.7246
86          11     91.2722     439.876           0     74.0144     53.4466
86          12     92.1704     440.303           0     63.6574     60.7051
86          13     93.0857     440.691           0     63.4884     51.7738
86          14     93.8884     441.277           0     68.8312     25.3668
86          15     94.4321      442.11           0     66.2276     18.5506
86          16      94.733     443.057           0     63.5201      17.638
86          17      94.886      444.04           0     62.2323     16.6728
86          18     94.9576     445.031           0      63.648     15.9253
86          19     94.9884     446.025           0     64.9338     16.4931
86          20     94.9898     447.019           0     66.9358     18.5338
86          21     94.9712     448.013           0     68.6838     20.7418
86          22     94.9067     449.005           0     68.0516     22.5171
86          23      94.806     449.994           0      64.269     23.8337
86          24     94.6662     450.979           0     56.4708     24.2727
86          25     94.4856     451.957           0     44.8824     23.9316
86          26     94.2852      452.93           0      32.396     22.6224
#1
87           0     107.214     520.431           0      62.046     91.4265
87           1     107.675     521.321           0     59.0396     79.5752
87           2     108.146     522.207           0     54.6737     66.6651
87           3     108.632     523.084           0     49.2835     50.7484
87           4      109.13     523.955           0     43.9429     39.6205
87           5     109.608     524.836           0     43.4732     34.5469
87           6     109.997     525.761           0     51.5928     25.8918
87           7     110.247     526.732           0     65.8353     21.2013
87           8     110.272     527.735           0     83.5813     21.5479
87           9     110.045     528.711           0     100.688     22.6064
87          10     109.659     529.637           0      118.71     21.1869
87          11     109.251     530.554           0     139.223     17.8166
87          12     108.932     531.504           0     154.311     12.7389
87          13     108.751     532.491           0     153.299     9.21442
87          14     108.674     533.491           0     147.119     5.78471
87          15     108.647     534.493           0     141.236     4.45842
87          16     108.633     535.496           0     138.301     3.91038
87          17      108.62     536.499           0      137.72     3.72519
87          18     108.607     537.502           0     136.137     4.00698
87          19     108.588     538.504           0     130.492     4.44853
87          20     108.549     539.507           0     119.939     5.01698
87          21     108.482     540.507           0     105.052     8.15788
87          22     108.385     541.505           0     88.3765     19.0471
87          23     108.264     542.501           0     74.8585     33.9903
87          24     108.124     543.494           0     68.0256     41.3744
87          25     107.972     544.485           0     69.2841     37.0513
87          26     107.813     545.476           0     77.6228      28.837
87          27     107.643     546.464           0     91.3839     25.0991
87          28     107.433     547.445           0     106.982     27.2849
87          29     107.152     548.407           0     121.468     32.3309
87          30     106.802     549.347           0     130.358     36.9003
87          31     106.488       550.3           0     133.581     38.2059
87          32     106.393     551.298           0     130.433     44.2251
87          33     106.659     552.265           0      113.51     52.9432
87          34     107.209     553.104           0     83.5006     42.3284
87          35     107.877     553.852           0     53.2219     28.3424
87          36     108.531     554.612           0     37.0498     18.0375
87          37     109.067      555.46           0     29.8309     13.3405
87          38     109.414     556.401           0     28.2419     12.9636
87          39     109.575     557.391           0     28.7236     12.6553
87          40     109.591     558.393           0     28.7023     11.8502
87          41     109.516     559.393           0     28.7064     11.0505
87          42     109.389     560.388           0     29.6254     10.5876
87          43     109.234     561.379           0     31.7255     10.3073
87          44     109.062     562.367           0     35.2371      10.425
87          45     108.881     563.354           0     38.3153     11.2879
87          46     108.708     564.341           0     39.1738     12.9735
87          47     108.564     565.334           0      37.562     15.7615
87          48     108.449      566.33           0     35.8131     21.4891
87          49     108.337     567.327           0     40.6917     31.6811
87          50      108.19     568.319           0     56.9026     39.2431
87          51     107.982       569.3           0     79.7201     37.9962
87          52     107.725      570.27           0     94.2788     38.3592
87          53     107.485     571.243           0     93.8438     42.3402
87          54     107.335     572.235           0     77.3648     36.0414
87          55     107.276     573.236           0     48.9945     15.9185
87          56     107.261     574.239           0     28.8067     3.27244
87          57     107.254     575.242           0     23.2508       1.708
87          58     107.212     576.244           0      21.705     2.58053
87          59     107.152     577.245           0     18.1908      3.1883
87          60     107.082     578.245           0     14.6305     3.71592
87          61     107.007     579.245           0     10.0118     4.36472
87          62     106.928     580.245           0     6.21031     5.32056
#1
88           0     257.768     286.871           0     132.928     67.7766
88           1      256.84     287.245           0     135.535     62.7814
88           2     256.041     287.846           0     127.443     38.6582
88           3     255.397     288.612           0     102.901       31.93
88           4     254.848     289.448           0     75.8292     28.0509
88           5     254.336     290.307           0     53.2586     24.8007
88           6     253.846     291.179           0     41.2798     24.4396
88           7     253.385     292.067           0     35.4963     25.5885
88           8     252.965     292.974           0     34.9191     26.3137
88           9     252.588       293.9           0     32.1754     26.4314
88          10     252.248     294.841           0     29.2678     25.7074
88          11     251.932      295.79           0     26.5184     24.3897
88          12     251.616     296.739           0     27.2064     23.7682
88          13     251.263     297.675           0     35.3654     23.1588
88          14     250.847     298.584           0     48.0179     20.3618
88          15     250.373     299.465           0     59.0557       17.89
88          16     249.889      300.34           0     63.9055     19.8345
88          17     249.462     301.245           0     60.3047     21.4186
88          18     249.111     302.181           0     55.3756     17.1523
88          19     248.795      303.13           0     52.9733     11.5207
88          20     248.454      304.07           0     50.7024      9.1202
88          21     248.044     304.983           0     48.0359     9.46842
88          22     247.562     305.859           0     44.2988     10.5414
88          23     247.035     306.709           0     42.2375     12.2507
88          24     246.484     307.544           0     40.2235     14.0013
88          25     245.927     308.375           0     40.3697     15.2511
88          26     245.366     309.203           0     39.1233     16.1934
88          27     244.794     310.023           0     39.5985     15.9142
88          28     244.202     310.829           0     42.2079     15.6101
88          29     243.589      311.62           0     46.8199       15.87
88          30     242.966     312.402           0     53.6147     17.6176
88          31     242.339     313.182           0     60.1401     21.6293
88          32     241.714     313.962           0     69.4911     27.0883
88          33     241.083     314.738           0     80.6746     33.0218
88          34     240.445     315.508           0     87.5494     38.3034
88          35     239.812     316.283           0     92.7734      39.727
88          36       239.2     317.074           0     93.8397     36.7045
88          37     238.606     317.879           0     96.7385     30.9573
88          38     238.026     318.693           0     107.895     24.3774
88          39     237.435       319.5           0     116.459     18.0832
88          40     236.813     320.284           0     126.727      14.107
88          41     236.158      321.04           0     130.671      12.597
88          42     235.488     321.782           0      125.01     13.0126
88          43     234.857     322.558           0     117.936     15.2463
88          44     234.293     323.384           0      104.31     21.0786
88          45     233.789     324.248           0     93.6301     28.0264
88          46     233.324     325.134           0     88.7017     33.7749
88          47     232.849     326.014           0     94.3273     36.4153
88          48     232.351     326.881           0     97.9181     35.6347
88          49     231.827     327.733           0      103.63     31.9148
88          50     231.295      328.58           0     104.398     24.7396
88          51     230.754     329.421           0     105.087      16.269
88          52     230.215     330.264           0     104.391     9.81866
88          53     229.668     331.101           0     102.668      6.0026
88          54      229.12     331.938           0     102.451     3.72983
88          55     228.568     332.772           0     98.1264     3.35004
88          56     228.015     333.605           0     99.4477      3.6488
88          57     227.459     334.436           0     97.1452     4.81309
88          58     226.897     335.264           0     99.6722     6.15359
88          59     226.324     336.084           0     97.7188     8.53527
88          60     225.727     336.886           0     93.3544     12.3263
88          61     225.102     337.667           0     88.1284     16.3584
88          62     224.435     338.412           0     82.7175     20.5627
88          63     223.727     339.119           0     80.7692     24.2116
88          64     222.992     339.797           0     79.3685     26.0324
88          65     222.252      340.47           0     79.1257     23.9228
88          66     221.532     341.164           0       80.61     18.8157
88          67     220.853     341.899           0     84.4312     13.6851
88          68     220.236     342.686           0     88.3807     10.7894
88          69     219.683     343.519           0     91.7168      9.8386
88          70     219.192      344.39           0      94.681     9.63177
88          71     218.744     345.285           0     92.9663     9.56423
88          72     218.317     346.189           0     88.5751     9.75142
88          73     217.876     347.087           0     84.8641     10.1379
88          74     217.405     347.969           0     78.0576     10.7813
88          75     216.884     348.823           0     75.3922     12.1638
88          76     216.315     349.645           0     72.4744     13.9807
88          77     215.692     350.427           0      72.405     16.0608
88          78     215.023     351.172           0      74.195     17.9267
88          79     214.327      351.89           0     73.2422     19.2763
88          80     213.623       352.6           0     70.2695     20.0974
88          81     212.924     353.315           0     66.8053     20.7516
88          82     212.234     354.039           0     60.0899     20.7174
88          83      211.55     354.769           0     51.8049     19.9495
88          84     210.871     355.503           0     47.3447     18.9572
88          85     210.191     356.237           0      44.683     17.5471
88          86     209.511      356.97           0     43.4673     16.9454
88          87     208.838      357.71           0     41.7783     15.6706
88          88     208.183     358.466           0     39.6443     14.4545
88          89     207.567     359.254           0     37.7704     13.3167
88          90     207.029     360.097           0     35.3875      12.751
88          91     206.603     361.002           0     29.9966     13.1178
88          92      206.29     361.952           0     28.7725     13.5528
88          93     206.048     362.922           0     27.1513     14.7905
88          94     205.831     363.899           0     25.9325     16.4421
88          95       205.6     364.872           0     25.6001     17.6108
88          96     205.325     365.833           0     25.0541     17.7102
88          97      204.97     366.769           0     25.7085     17.7251
88          98     204.626     367.708           0     25.2523     18.4279
88          99       204.3     368.653           0     24.2083     19.7136
88         100     203.977       369.6           0     23.3347     21.4777
#1
89           0     222.332     161.196           0      115.86     76.2824
89           1     223.057     161.884           0     103.976     65.0046
89           2     223.903     162.416           0     66.1012       47.28
89           3     224.787     162.881           0     40.5161     28.3557
89           4     225.681     163.328           0     30.9591     14.1201
89           5     226.586      163.75           0     29.8361      7.1141
89           6       227.5     164.153           0     31.7711     3.96159
89           7     228.419     164.547           0     33.1399     2.76217
89           8     229.338     164.937           0     34.8319     2.91537
89           9     230.259     165.325           0     34.3441     2.73616
89          10     231.187     165.697           0     34.4532     2.73519
89          11     232.125     166.039           0     33.9277     2.31207
89          12     233.076     166.346           0     33.6306     1.88447
89          13     234.037     166.621           0     33.5932     1.44646
89          14     235.003     166.876           0     33.6204     1.01169
89          15      235.97     167.127           0     31.5495    0.926505
89          16     236.931     167.401           0     28.3514     1.33723
89          17     237.873     167.734           0     26.1953     3.64062
89          18     238.783     168.144           0     24.0512      7.7642
89          19     239.654     168.635           0     22.9067     11.8958
89          20     240.478     169.199           0     24.1472      15.208
89          21     241.262     169.819           0     27.5906     18.0448
89          22     242.015     170.475           0     32.4484     19.7348
89          23     242.709     171.194           0     35.8875     22.5022
89          24     243.333     171.974           0     39.5978     27.1268
89          25      243.89     172.804           0     39.9749     29.7435
#1
90           0     361.777     215.061           0     52.3198       33.42
90           1     362.221     215.964           0     65.2489     19.8207
90           2     362.611     216.891           0     75.4309      16.717
90           3     362.838      217.87           0      83.552     17.8113
90           4     362.841     218.876           0     84.2735     17.5141
90           5     362.758     219.878           0     78.7049     15.4074
90           6     362.581     220.868           0       71.52      12.941
90           7     362.338     221.844           0     67.7317     10.2339
90           8     362.052     222.808           0     71.6409     7.10046
90           9     361.742     223.765           0     74.0388     4.74384
90          10     361.432     224.722           0      77.266     4.01723
90          11     361.131     225.682           0     80.8615     4.56007
90          12     360.856     226.649           0     79.5499      5.7324
90          13     360.623     227.627           0     74.8743     5.79666
90          14     360.437     228.616           0     71.4753     4.21236
90          15     360.308     229.613           0     68.9756     2.35435
90          16     360.254     230.617           0     67.4472     2.15472
90          17     360.309     231.622           0      66.912     2.48804
90          18     360.508     232.608           0     66.5891     1.52371
90          19     360.872     233.545           0     67.0564    0.871135
90          20     361.393     234.405           0     63.1433    0.910737
90          21     362.042     235.174           0     61.7296    0.769589
90          22     362.791     235.845           0     58.6416    0.706584
90          23     363.613     236.424           0     57.0859    0.516762
90          24     364.484     236.928           0     60.6686    0.443339
90          25      365.38     237.385           0      61.685    0.401261
90          26     366.291      237.81           0     66.6482     0.43974
90          27     367.211     238.216           0     70.1359    0.466617
90          28     368.141     238.598           0     70.9943    0.309906
90          29     369.077     238.967           0     74.3137    0.415072
90          30     370.016     239.328           0     70.3074    0.512699
90          31     370.952     239.696           0     69.1447     0.65697
90          32     371.867     240.112           0     69.6081    0.894187
90          33     372.739     240.613           0     65.9997     1.19977
90          34     373.518     241.249           0     65.3301     1.71817
90          35     374.147     242.034           0      64.751     3.05026
90          36     374.585      242.94           0     64.5046     1.63497
90          37     374.867     243.905           0      66.624     1.19987
90          38     375.045     244.895           0     68.4322     1.15069
90          39      375.15     245.895           0     67.0049     1.44718
90          40     375.182       246.9           0      65.988     1.34755
90          41     375.138     247.905           0     64.3608     1.39635
90          42     375.014     248.903           0     63.9756     1.11144
90          43      374.82      249.89           0     60.8581    0.803873
90          44     374.577     250.866           0     60.3706     0.55432
90          45      374.31     251.835           0     62.4146    0.373637
90          46     374.046     252.806           0     66.0643    0.302684
90          47     373.813     253.784           0     64.8934      0.6315
90          48     373.631     254.773           0     62.8928    0.846726
90          49     373.505     255.771           0     62.8788     1.65779
90          50     373.432     256.774           0     62.8015     1.70814
90          51     373.407      257.78           0     63.2408     1.59956
90          52     373.426     258.785           0     63.6319     1.58969
90          53     373.482     259.789           0     64.3153     1.58251
90          54     373.571     260.791           0     64.5411     1.03201
90          55     373.693     261.789           0     64.5133    0.983833
90          56      373.85     262.783           0     64.8977    0.821605
90          57     374.042      263.77           0     64.7752    0.942811
90          58     374.256     264.753           0     62.6509     1.09298
90          59     374.469     265.736           0     61.8631     1.13323
90          60     374.655     266.724           0     63.4808    0.945365
90          61     374.792      267.72           0     66.3107    0.593312
90          62     374.866     268.723           0     69.0106    0.367145
90          63     374.882     269.729           0     69.7873    0.341739
90          64     374.857     270.734           0     69.6774    0.349688
90          65     374.815     271.739           0     69.4722    0.390505
90          66     374.768     272.744           0      69.141    0.394481
90          67     374.718     273.748           0     68.4195    0.431007
90          68      374.67     274.753           0       68.27    0.406187
90          69     374.624     275.757           0     68.6881    0.430188
90          70     374.577     276.762           0     70.1375    0.443703
90          71     374.529     277.767           0     72.4233    0.499478
90          72     374.474     278.771           0     75.3525    0.380144
90          73      374.41     279.775           0     78.6448    0.377499
90          74     374.325     280.777           0     82.0493    0.427635
90          75     374.214     281.776           0     85.3322    0.350299
90          76     374.075     282.772           0      88.506    0.384865
90          77     373.918     283.766           0     89.6201    0.503617
90          78     373.757     284.759           0      87.434    0.605951
90          79     373.597     285.751           0     86.7961    0.852784
90          80     373.414      286.74           0     88.4296     1.35385
90          81     373.138     287.707           0     90.6276     2.28389
90          82     372.696     288.611           0     79.2807     1.37745
90          83     372.112      289.43           0     57.3064    0.486326
90          84     371.448     290.185           0     30.7374    0.166756
90          85     370.772      290.93           0     8.63826   0.0525787
90          86     370.116     291.692           0     1.91051           0
#1
91           0     152.947     455.956           0     85.4593     51.9025
91           1     153.894     455.623           0     82.4655      50.876
91           2     154.786     455.162           0     79.6288     42.1573
91           3     155.584     454.553           0     76.9466     35.8709
91           4     156.285     453.835           0     79.4545      31.867
91           5     156.999     453.129           0     85.0911     27.1849
91           6     157.632      452.35           0      85.406     25.8609
91           7     158.152     451.491           0       82.21     25.1217
91           8     158.562     450.574           0     71.6664     23.1901
91           9     158.905     449.631           0     62.4048     20.6772
91          10     159.218     448.677           0     54.5321     19.6694
91          11     159.526     447.721           0     52.5632     21.3317
91          12     159.843     446.769           0     57.0703     24.5987
91          13     160.174     445.821           0     61.9954      26.144
91          14     160.517     444.878           0     65.4668     23.6107
91          15     160.876      443.94           0     67.0456     18.3899
91          16     161.256     443.011           0     63.7378       12.92
91          17     161.666     442.095           0     59.8558     8.68145
91          18     162.127     441.202           0     57.4911     6.79873
91          19     162.648     440.344           0     53.1524     6.83685
91          20     163.233     439.529           0     50.3801     7.16471
91          21      163.87     438.753           0     47.3583     8.62769
91          22     164.535         438           0      43.931     10.5581
91          23     165.182     437.233           0     41.2963     12.2461
91          24     165.774     436.422           0     41.5031     13.8572
91          25     166.271      435.55           0     44.9873      15.004
91          26     166.639     434.616           0     50.4446      15.596
91          27     166.862     433.637           0     56.4836     16.1967
91          28     166.954     432.637           0     60.7678     17.0964
91          29     166.968     431.633           0     62.7789     17.1517
91          30     166.967     430.629           0     61.6664     16.2285
91          31         167     429.626           0     58.8757     15.6703
91          32     167.108     428.628           0     54.7661      14.756
91          33     167.313     427.645           0      50.946     12.3506
91          34     167.613     426.687           0     49.1308     10.1448
91          35      167.98     425.753           0     50.8755     8.38795
91          36     168.359     424.823           0     51.0773     6.25542
91          37     168.709     423.882           0     52.2628     4.66188
91          38     169.018     422.927           0     49.3997     3.07581
91          39     169.308     421.966           0      41.965     2.42326
91          40     169.613     421.009           0     36.4234      1.7283
91          41     169.947     420.062           0     35.7526     1.55387
91          42     170.302     419.124           0     35.5112      1.1638
91          43     170.666     418.188           0     38.0379     1.01889
91          44     171.031     417.253           0     42.0854    0.837997
91          45     171.389     416.315           0      42.092    0.565976
91          46     171.736     415.373           0     42.6991    0.460414
91          47     172.076     414.428           0     43.5665    0.368067
91          48     172.409     413.481           0     42.5998    0.333198
91          49     172.739     412.533           0     43.9246    0.430156
91          50     173.074     411.587           0     45.1464    0.437874
91          51     173.416     410.643           0     43.2744    0.413654
91          52     173.769     409.703           0     41.8306    0.393527
91          53     174.137     408.769           0      39.276      0.3823
91          54     174.512     407.837           0     35.5001    0.265279
91          55     174.893     406.909           0     34.4413    0.336432
91          56     175.281     405.983           0     33.1564     0.23897
91          57     175.672     405.058           0     34.5301     0.29146
91          58      176.06     404.132           0     38.3308    0.491442
91          59     176.445     403.205           0     39.7831    0.400102
91          60     176.834     402.279           0     42.9966    0.389641
91          61     177.233     401.358           0     43.3912    0.388605
91          62     177.641     400.441           0     41.7144    0.306443
91          63     178.063      399.53           0     40.6441    0.372089
91          64     178.498     398.625           0     37.0661    0.184207
91          65     178.945     397.726           0     36.2109    0.351422
91          66     179.402     396.833           0     33.4276    0.167157
91          67     179.866     395.942           0     33.3671    0.201556
91          68     180.336     395.055           0     32.2719    0.178468
91          69     180.808     394.169           0     32.7597    0.194032
91          70     181.281     393.283           0     32.5255     0.19299
91          71     181.745     392.394           0     32.9931    0.270001
91          72     182.201     391.499           0     33.8983    0.263905
91          73     182.642     390.597           0     34.3439    0.259372
91          74     183.073      389.69           0     36.3141    0.324752
91          75     183.493     388.779           0     35.4977    0.194474
91          76     183.903     387.862           0     37.3226    0.241708
91          77     184.306     386.943           0     36.0155    0.206479
91          78     184.705     386.022           0     36.0895    0.180414
91          79     185.111     385.103           0     36.3885    0.249541
91          80      185.52     384.187           0     34.4976    0.240857
91          81     185.935     383.272           0     34.6969    0.267592
91          82     186.355      382.36           0     33.0812    0.257713
91          83     186.782     381.452           0      32.952    0.571053
91          84     187.223      380.55           0     32.9365     1.07679
91          85     187.678     379.655           0      32.789     1.65324
91          86     188.156     378.772           0     32.9788     2.00031
91          87     188.661     377.905           0     32.5949     1.92512
91          88     189.201     377.058           0     33.4682     1.31866
91          89     189.776     376.235           0     33.7146     1.12979
91          90     190.385     375.437           0      33.851     1.12767
91          91     191.029     374.667           0     35.5228     1.95519
91          92     191.711     373.931           0     34.1286     3.40634
91          93     192.434     373.234           0     33.7242      6.3143
91          94     193.178      372.56           0     35.6114       10.93
91          95     193.915     371.878           0     41.6411      14.864
91          96     194.609     371.153           0     48.5254     14.8395
91          97     195.217     370.354           0     54.4198     10.9876
91          98      195.72     369.485           0     54.9777     7.80741
91          99     196.157     368.581           0     50.9167     6.54447
91         100     196.601      367.68           0     42.5696     7.59233
91         101     197.121     366.822           0     34.4739     11.2303
91         102     197.757     366.045           0      25.406     17.0789
91         103     198.507     365.378           0     18.6024     17.6229
91         104     199.342     364.821           0      14.844     11.5424
91         105     200.233     364.358           0     14.2992      8.6577
91         106     201.161     363.975           0     16.1445     9.53708
91         107     202.119     363.676           0     17.6822     10.7135
91         108     203.109     363.508           0      20.764     12.9172
91         109     204.096     363.325           0     23.5743     13.9177
91         110     205.078     363.113           0     25.9643     13.8745
91         111     206.058     362.897           0     27.2008     14.9698
#1
92           0     258.478     12.6418           0      1.9769           0
92           1     258.406     13.6411           0     4.89767   0.0230066
92           2     258.295     14.6367           0     10.4926    0.439987
92           3     258.094     15.6182           0     18.4552     0.56623
92           4     257.809     16.5789           0     27.0198    0.670305
92           5     257.643     17.5668           0     35.0152    0.791825
92           6     257.516     18.5606           0     41.8475    0.979267
92           7     257.404     19.5562           0     47.2586     1.04619
92           8     257.287     20.5512           0     51.7402     1.06965
92           9     257.148     21.5434           0     55.9632     0.90586
92          10      256.98     22.5311           0     59.3174     0.84587
92          11     256.791     23.5149           0      58.659    0.902636
92          12     256.592     24.4967           0     59.1782    0.731596
92          13     256.375     25.4747           0     60.3574    0.598759
92          14     256.119     26.4435           0     62.3567    0.525535
92          15     255.816     27.3983           0     62.9584    0.434913
92          16     255.466     28.3371           0      65.424    0.300081
92          17     255.063     29.2544           0      75.813    0.418197
92          18     254.611     30.1486           0     80.5358    0.477217
92          19     254.122     31.0228           0     87.2662     0.56129
92          20     253.606     31.8815           0     82.6165    0.384939
92          21     253.086     32.7378           0     80.9189    0.491592
92          22     252.561      33.591           0     75.4637     0.46593
92          23     252.039     34.4466           0     77.5388    0.485702
92          24     251.517     35.3016           0      75.347    0.542768
92          25     250.991     36.1541           0     80.5805    0.532727
92          26     250.451     36.9981           0     80.0836    0.484032
92          27     249.893     37.8302           0     84.1509    0.622716
92          28     249.321     38.6525           0     83.3494     0.69909
92          29     248.734     39.4645           0     83.5715    0.676678
92          30     248.143     40.2736           0     84.2522    0.520812
92          31     247.546     41.0777           0     81.6879    0.726437
92          32      246.95     41.8833           0     82.9524    0.637122
92          33     246.363     42.6952           0     79.0915    0.617504
92          34     245.786     43.5142           0     80.0092    0.488067
92          35     245.222     44.3422           0     80.1708    0.513456
92          36     244.658     45.1703           0     79.4984    0.557579
92          37     244.094      45.998           0     81.9563    0.540751
92          38     243.517     46.8171           0     79.0798    0.461003
92          39     242.928     47.6275           0      83.164    0.404104
92          40     242.324     48.4272           0     81.9393    0.473923
92          41     241.694     49.2062           0     80.3375    0.494451
92          42     241.043     49.9677           0      77.605    0.333824
92          43     240.379      50.718           0     67.8214     0.29635
92          44     239.719     51.4716           0     65.6814    0.160775
92          45     239.076     52.2394           0     70.1042     0.24262
92          46     238.447      53.019           0     73.1457    0.381415
92          47     237.833     53.8114           0     77.2429    0.275245
92          48     237.239      54.618           0     79.0006    0.309611
92          49      236.65     55.4279           0     80.4268    0.467519
92          50     236.061      56.239           0     84.5719    0.428564
92          51     235.464      57.043           0     82.1708    0.481143
92          52     234.859     57.8415           0     82.3354    0.373025
92          53     234.253     58.6394           0     79.5354    0.303524
92          54     233.636     59.4288           0     76.4245    0.275387
92          55     233.007     60.2091           0     75.0661    0.284469
92          56     232.362     60.9751           0     66.0551    0.291324
92          57     231.716     61.7407           0     54.8536    0.196275
92          58     231.076     62.5119           0     45.9177    0.103458
92          59     230.432      63.279           0     37.4178    0.163146
92          60      229.77     64.0314           0     33.7561    0.111745
92          61      229.08     64.7575           0     34.9155    0.105059
92          62     228.361      65.455           0      42.478    0.290973
92          63     227.621     66.1311           0     56.3931    0.362764
92          64     226.879     66.8035           0     66.7749    0.530547
92          65     226.165     67.5065           0     64.8916    0.535365
92          66     225.488     68.2451           0       54.84    0.545228
92          67     224.857     69.0233           0     40.7748    0.342885
92          68     224.269     69.8346           0     24.8006    0.250125
92          69      223.71     70.6659           0     16.8433    0.253306
92          70     223.167     71.5076           0      13.995    0.408092
92          71     222.628     72.3523           0     13.8901    0.511864
92          72     222.087     73.1957           0        14.7    0.581216
92          73     221.539      74.034           0     13.4863    0.748251
92          74     220.986     74.8696           0     12.1004    0.730585
92          75     220.429     75.7027           0     10.5571    0.592103
92          76     219.878     76.5391           0     10.0095    0.505085
92          77     219.338     77.3831           0     12.3127    0.878687
92          78     218.811      78.235           0      20.919     1.41514
92          79     218.299     79.0962           0     41.9576     2.55762
92          80     217.804     79.9672           0     72.0688     5.38392
92          81     217.306     80.8366           0     105.239     11.1769
92          82     216.746     81.6673           0     125.402     17.0081
92          83     216.097     82.4304           0     122.847     18.5572
92          84     215.413     83.1624           0      101.67     22.8031
92          85     214.762     83.9242           0     75.3695      30.446
92          86     214.158      84.723           0     53.6354     31.5022
92          87      213.57     85.5344           0     40.2588     23.9792
92          88     212.982     86.3453           0     35.5836     13.5987
92          89     212.391     87.1545           0     38.2906     5.69072
92          90     211.805     87.9674           0     50.1689     1.48023
92          91     211.246     88.7987           0      63.284    0.784684
92          92     210.732     89.6587           0     72.8301     0.80458
92          93      210.28     90.5526           0     74.4838    0.779993
92          94     209.869     91.4664           0     70.4404     1.62086
92          95     209.477     92.3885           0     65.4035     5.02682
92          96     209.077      93.307           0     76.1103     15.7613
92          97     208.647     94.2116           0     103.417     34.7197
92          98      208.16     95.0874           0     139.614     52.6131
92          99     207.607     95.9226           0     148.444     50.0269
92         100     207.035     96.7452           0     127.923     43.4524
92         101      206.47     97.5725           0     93.3824     37.1466
92         102     205.906     98.4006           0       70.47     27.8894
92         103     205.333      99.222           0     58.1841     17.1099
92         104     204.762     100.045           0     58.2332     7.53644
92         105      204.23     100.894           0      61.378     2.97039
92         106     203.767     101.783           0     61.3317     2.42189
92         107     203.393     102.712           0     58.9318     1.79987
92         108     203.086     103.666           0     58.6479     1.44925
92         109     202.817     104.631           0     57.7463     1.08847
92         110      202.57     105.602           0      58.747     1.07499
92         111     202.334     106.576           0     61.7254     1.03081
92         112     202.106     107.551           0     65.2289      0.9166
92         113     201.896     108.531           0     66.1829    0.802705
92         114     201.717     109.517           0     65.0765    0.834284
92         115     201.565     110.507           0     63.9082    0.734207
92         116      201.42     111.498           0     62.7925    0.696691
92         117     201.257     112.487           0      61.984    0.760207
92         118     201.066      113.47           0     62.4834     0.79156
92         119     200.845     114.447           0     61.8849    0.708219
92         120      200.61     115.421           0     61.6138    0.753807
92         121     200.367     116.393           0     62.6982     0.73288
92         122     200.117     117.363           0     64.4034    0.623151
92         123     199.867     118.334           0     64.2284    0.568695
92         124     199.626     119.306           0     61.4778    0.523583
92         125     199.391      120.28           0     59.9033    0.461887
92         126     199.157     121.254           0     61.3257      0.4139
92         127     198.925     122.229           0     64.0229    0.255391
92         128     198.714     123.208           0     66.2218    0.278667
92         129     198.536     124.194           0     68.4182    0.327081
92         130     198.392     125.185           0     67.5547    0.297757
92         131     198.263     126.179           0     64.6108    0.177738
92         132     198.134     127.172           0     61.5144   0.0852571
92         133     197.993     128.164           0     61.2477   0.0520815
92         134     197.839     129.154           0     61.8012    0.142218
92         135      197.67     130.142           0     62.5366    0.236644
92         136      197.48     131.125           0     63.3697    0.263178
92         137     197.255     132.102           0     63.5696     0.21546
92         138     196.992     133.068           0     64.8357    0.334154
92         139     196.712      134.03           0     62.5606    0.312114
92         140     196.436     134.993           0     63.1148    0.295255
92         141     196.167     135.959           0     65.5787    0.220838
92         142     195.906     136.926           0     66.9556    0.295939
92         143     195.661     137.897           0     63.7455    0.328923
92         144     195.433     138.873           0     60.8424    0.236216
92         145     195.207     139.849           0      59.737    0.153937
92         146     194.976     140.824           0     60.7372    0.133215
92         147     194.749     141.799           0     59.4924    0.212293
92         148     194.533     142.778           0     59.7038    0.202479
92         149     194.323     143.757           0     60.2912    0.232547
92         150     194.113     144.737           0     61.0177    0.577965
92         151     193.901     145.716           0     60.9928     1.70938
92         152     193.696     146.697           0     59.8385     3.54143
92         153     193.514     147.682           0     60.1855     5.86946
92         154     193.357     148.671           0     61.4573      8.4741
92         155     193.224     149.664           0     63.0222     10.8348
92         156     193.105     150.659           0     64.0234     12.8009
92         157      192.99     151.654           0     64.2313      13.313
92         158     192.875      152.65           0     62.3473     12.9273
92         159     192.757     153.644           0       61.61     11.6422
92         160     192.622     154.637           0      61.437     9.31109
92         161     192.464     155.626           0     61.8452     6.84313
92         162     192.279     156.611           0     62.3713     4.81412
92         163     192.076     157.592           0     63.3165     3.58117
92         164     191.876     158.574           0       61.32     2.75868
92         165     191.692     159.559           0     57.6057     2.41236
92         166     191.524     160.546           0       53.55     1.81728
92         167     191.361     161.535           0     48.5777     1.24208
92         168     191.193     162.523           0     43.0853    0.867425
92         169     191.014     163.508           0     38.3717    0.545804
92         170     190.832     164.493           0     33.1801    0.316928
92         171     190.655      165.48           0     30.3364     0.19065
92         172     190.486     166.467           0     29.7392    0.210295
92         173      190.32     167.455           0     31.1235    0.267841
92         174     190.155     168.443           0     33.2852    0.319065
92         175     189.985     169.431           0     34.9225    0.326962
92         176     189.812     170.417           0     33.5702    0.385351
92         177     189.637     171.404           0     30.4011    0.396538
92         178      189.45     172.388           0     25.7231     0.27301
92         179     189.234     173.366           0     20.8024    0.167335
92         180     188.971     174.333           0     15.1995    0.236224
92         181     188.646     175.281           0     9.65995    0.363611
92         182     188.266     176.208           0     6.00605     1.41241
92         183     187.858     177.123           0     3.62987     3.34383
#1
93           0     263.379     0.46839           0     55.5383    0.775561
93           1      264.07     1.18708           0     57.1857    0.573236
93           2     264.749     1.91647           0      56.353    0.618921
93           3     265.402     2.66999           0     56.3453    0.542801
93           4     266.016     3.45517           0     59.8633     2.12805
93           5     266.707     4.17339           0     62.9803     2.35544
93           6     267.424     4.86536           0     67.2407     1.68383
93           7      268.14     5.55919           0      69.976     1.32179
93           8      268.84     6.26898           0     75.1041    0.960206
93           9     269.507     7.00941           0     78.4516     1.50364
93          10     270.118     7.79746           0     78.4309     1.94451
93          11     270.628     8.65367           0     75.4803     2.26623
93          12     271.014     9.57277           0     72.7555     2.78441
93          13      271.35     10.5113           0     69.9436     2.37031
93          14     271.772      11.414           0     68.6884     1.62667
93          15     272.327      12.242           0     65.0828     1.17367
93          16     272.957     13.0152           0     64.6544    0.617792
93          17     273.611     13.7668           0     64.2446    0.390509
93          18      274.26     14.5237           0     67.6551    0.408803
93          19     274.886     15.2997           0     71.5686    0.389975
93          20     275.494     16.0891           0      70.558    0.512591
93          21     276.092     16.8869           0     71.8824    0.364191
93          22     276.682     17.6904           0     70.7063    0.456997
93          23      277.27     18.4954           0     72.5514    0.508405
93          24      277.85     19.3057           0     74.5459      0.5774
93          25     278.422     20.1222           0     72.0235    0.596401
93          26     278.973     20.9527           0     70.7288    0.571975
93          27     279.494     21.8027           0     63.3993    0.332061
93          28     279.976     22.6754           0      62.419    0.345332
93          29     280.417     23.5693           0     58.0396    0.145337
93          30     280.823     24.4795           0     58.1846    0.147803
93          31     281.209     25.3984           0      57.462    0.184308
93          32     281.581     26.3231           0     56.1708    0.202549
93          33     281.952     27.2485           0     58.2831    0.243741
93          34     282.321     28.1746           0     56.2022     0.21577
93          35     282.678      29.105           0     56.6874    0.178191
93          36      283.03     30.0378           0     59.6736     0.23996
93          37     283.378      30.972           0     58.1882    0.192137
93          38      283.72      31.908           0     59.8137    0.222584
93          39     284.064     32.8438           0     62.2551     0.27255
93          40     284.402     33.7814           0     60.7343    0.317106
93          41     284.741     34.7189           0     61.6646    0.412437
93          42     285.087     35.6535           0     62.4927    0.446519
93          43     285.437     36.5868           0     59.9011    0.381871
93          44     285.789     37.5197           0     60.2175    0.327376
93          45     286.141      38.452           0     59.9895    0.418858
93          46     286.486     39.3873           0     57.8136    0.331676
93          47     286.825     40.3247           0      58.727    0.369044
93          48     287.161     41.2631           0     58.3215    0.239999
93          49     287.488     42.2047           0     56.8995    0.213519
93          50     287.814     43.1468           0     58.5323    0.229439
93          51     288.148      44.086           0     58.5135    0.208877
93          52     288.492     45.0214           0     56.4745    0.203694
93          53      288.86      45.948           0     57.1044     0.29822
93          54     289.267     46.8577           0     54.6075    0.332936
93          55     289.708     47.7518           0     53.2713    0.457888
93          56     290.175     48.6324           0     55.0362     0.52847
93          57     290.644     49.5119           0     61.4414    0.676725
93          58     291.082     50.4071           0     76.4779    0.852183
93          59     291.444     51.3361           0     90.2045    0.868061
93          60      291.71     52.2968           0     101.248    0.887745
93          61     291.899     53.2753           0      109.41    0.784983
93          62     292.045     54.2614           0     113.812    0.783115
93          63     292.168     55.2506           0     114.404     1.03128
93          64     292.274     56.2417           0     114.653     1.14245
93          65     292.364     57.2344           0      113.46     1.34441
93          66     292.432     58.2289           0     111.053     1.53638
93          67     292.479     59.2247           0     107.283     1.63132
93          68     292.508      60.221           0     104.465     1.86596
93          69     292.524     61.2177           0      102.24      2.4016
93          70     292.531     62.2145           0     100.848     2.99646
93          71     292.541     63.2112           0      99.546      3.5382
93          72     292.575     64.2074           0     96.9524     4.47337
93          73     292.658     65.2007           0     93.6548     6.11017
93          74     292.809      66.186           0     88.8437      8.4722
93          75     293.029     67.1584           0     84.0305     12.3573
93          76     293.298     68.1182           0     78.9896     16.9797
93          77     293.596     69.0693           0     76.6896     20.5389
93          78     293.897     70.0196           0     78.0259     22.2217
93          79     294.163     70.9802           0     76.3672     22.1837
93          80     294.369     71.9555           0     74.0678     21.8896
93          81     294.506     72.9428           0     70.2402      22.983
93          82     294.578      73.937           0     64.1387     31.5044
93          83     294.597     74.9336           0     60.4324     46.5838
93          84     294.579     75.9303           0     65.7388     50.6803
93          85     294.526     76.9257           0     82.2266     41.8748
93          86     294.442      77.919           0     101.928     36.4215
93          87     294.346     78.9112           0     110.591     40.8863
93          88     294.255     79.9038           0     108.552     46.9588
93          89     294.161     80.8961           0     102.604     46.5582
93          90     294.035     81.8849           0     97.4138     41.2346
93          91     293.874     82.8686           0     91.5668     33.6907
93          92     293.698     83.8499           0     84.6639     26.6126
93          93     293.533     84.8328           0     76.0256     22.7943
93          94     293.378     85.8175           0      66.269     22.0635
93          95     293.215     86.8008           0     56.6514     23.5062
93          96     293.015     87.7774           0     49.3954     26.0082
93          97     292.753     88.7392           0      43.495      29.766
93          98     292.427      89.681           0     39.2194     33.3566
93          99     292.039     90.5995           0     35.8985     37.7197
93         100     291.594     91.4913           0     31.6423     41.3112
93         101     291.117     92.3663           0     28.2137     43.4925
93         102     290.616     93.2285           0     25.9608        42.3
93         103     290.106     94.0846           0     25.4774     41.1875
93         104     289.581     94.9322           0      26.027     40.3885
93         105     289.036     95.7668           0     28.0842     33.4392
#1
94           0         317         308           0          25     21.8071
94           1     317.103         309           0     27.2065     21.4876
94           2     317.149     310.004           0     34.3306      20.045
94           3     317.118     311.008           0     42.5235     17.1732
94           4     316.982     312.004           0     47.8616     12.1615
94           5     316.759     312.984           0     43.8337     7.44054
94           6     316.514     313.959           0     34.4026     4.54688
94           7       316.3     314.941           0     25.1054     3.02947
94           8     316.137     315.933           0     21.4742     3.01882
94           9     315.993     316.928           0     27.4941     5.08794
94          10      315.82     317.918           0     47.4416     10.8133
94          11      315.59     318.896           0     76.5069      17.693
94          12      315.35     319.872           0     99.1826     22.6506
94          13     315.225      320.87           0     96.2797     24.4841
94          14     315.226     321.875           0     68.7094     22.6865
94          15     315.235      322.88           0     45.9965     19.2708
94          16     315.177     323.883           0     37.7623      17.185
94          17     315.016     324.875           0     37.8182     17.8476
94          18     314.741     325.842           0     37.1428     19.9011
94          19     314.376     326.779           0     33.4995     24.4209
94          20     313.954     327.691           0       30.07     32.6817
94          21     313.505      328.59           0     31.8512     45.6761
94          22     313.073     329.498           0     41.6332     57.2516
94          23     312.727     330.441           0      61.086     48.5065
94          24     312.552     331.431           0     81.6857     23.3829
94          25      312.58     332.436           0     97.6525     12.4457
94          26     312.729      333.43           0     109.521     10.3702
94          27     312.881     334.423           0     116.909     11.2729
94          28     312.958     335.426           0     121.706     14.3839
94          29     312.938     336.431           0      124.05     19.5193
94          30     312.842     337.431           0     125.165     23.9034
94          31     312.697     338.426           0      125.92     25.5518
94          32     312.534     339.417           0     127.108     24.0508
94          33     312.369     340.409           0     129.619     20.1467
94          34     312.217     341.403           0     133.839     15.6459
94          35     312.087     342.399           0     140.483     11.4484
94          36     311.984     343.399           0     149.346     8.52191
94          37     311.904     344.401           0     158.065     6.85597
94          38     311.834     345.404           0     168.251     6.40831
94          39     311.759     346.406           0     176.427     6.40838
94          40     311.679     347.408           0     176.502     7.19084
94          41     311.617     348.411           0     163.389     8.96223
94          42     311.597     349.416           0     138.092     11.7274
94          43     311.618     350.421           0     109.339     14.9653
94          44     311.649     351.426           0     86.5201     17.6302
94          45      311.64     352.431           0     73.6695     19.5148
94          46     311.535      353.43           0     67.6257     20.8027
94          47       311.3     354.407           0     65.8514     22.0584
94          48     310.927     355.341           0      71.125      24.049
94          49      310.45     356.226           0     88.4566     27.4061
94          50     309.921      357.08           0     128.132     30.7724
94          51     309.396     357.937           0      166.11     28.1775
94          52     308.941     358.834           0     192.534     19.3678
94          53     308.627     359.788           0     189.635     15.5752
94          54     308.456     360.779           0     177.266     17.8144
94          55     308.368      361.78           0     162.274     21.1438
94          56     308.324     362.784           0     153.031     23.7187
94          57      308.31     363.789           0      153.33     24.2625
94          58     308.319     364.794           0     160.952     22.8275
94          59     308.318     365.799           0     163.801      22.738
94          60     308.193     366.797           0     148.247     29.1086
94          61     307.844      367.74           0     112.494     48.5932
94          62     307.315     368.594           0     72.9379     62.3569
94          63     306.703     369.392           0     44.6851     46.7745
94          64     306.084     370.183           0     32.2284     27.8506
94          65     305.501     371.002           0     28.9973     15.8223
94          66     304.968     371.854           0     32.5067     8.98472
94          67     304.483     372.734           0     37.3443     4.23506
94          68     304.028     373.631           0     46.7369     1.80896
94          69     303.586     374.534           0     52.1255    0.642585
94          70     303.142     375.435           0     58.9715    0.643665
94          71     302.683     376.329           0     61.5861    0.548491
94          72      302.21     377.216           0     64.5414    0.744816
94          73     301.725     378.097           0     63.1979    0.633381
94          74     301.239     378.977           0      58.554    0.534594
94          75     300.752     379.856           0     50.0992    0.343488
94          76      300.27     380.738           0     40.8073      0.3219
94          77     299.787     381.619           0     34.0792    0.164389
94          78     299.304       382.5           0     31.0444    0.251646
94          79     298.822     383.383           0     33.5306    0.373802
94          80     298.349     384.269           0     38.1818    0.632843
94          81     297.885     385.161           0     44.9734     1.13979
94          82     297.439     386.062           0      48.083     1.43367
94          83     297.011     386.971           0     50.8539     2.71619
94          84     296.601     387.889           0     47.3127     4.42799
94          85     296.176       388.8           0     45.5075      8.2964
94          86     295.751     389.711           0     41.9074     13.4202
94          87     295.324     390.621           0      38.346     20.7897
94          88     294.891     391.528           0     35.2499     30.2924
#1
95           0     293.297     326.473           0     62.2004     62.2257
95           1     293.888      327.28           0     61.4149     51.7887
95           2     294.479     328.087           0     52.8609     38.4511
95           3     295.081     328.886           0     42.4072      25.236
95           4     295.676      329.69           0     33.5976      14.293
95           5     296.207     330.538           0       28.56     8.42575
95           6     296.665     331.428           0     26.8552     6.05219
95           7     297.046     332.353           0     28.9534     4.49648
95           8     297.353     333.305           0     31.5803     3.47802
95           9     297.606     334.273           0     34.6511     2.74522
95          10     297.845     335.245           0     36.4591     1.75295
95          11     298.112     336.209           0     35.6834     1.01551
95          12     298.426     337.159           0     32.5847     0.86399
95          13     298.777     338.096           0     32.4674     1.09783
95          14     299.142     339.027           0     32.7586     1.33089
95          15     299.496     339.963           0      34.881     1.19437
95          16     299.832     340.905           0     38.8287     1.19867
95          17     300.157     341.851           0     41.1616     1.13458
95          18     300.479     342.799           0     41.7106     1.20956
95          19     300.814     343.741           0     42.7933     1.59536
95          20     301.168     344.677           0     42.6626     2.72296
95          21     301.529      345.61           0     42.3359     4.62414
95          22     301.895     346.541           0     44.0006     8.94014
95          23     302.268      347.47           0     43.2088     13.3434
95          24     302.648     348.395           0     43.0941     18.5215
95          25     303.034     349.318           0     45.1474     24.7695
95          26     303.419     350.242           0     46.5314     30.8326
95          27     303.797     351.168           0      52.585     37.0897
95          28     304.173     352.095           0     58.3474     40.1079
95          29     304.561     353.017           0     61.1016     42.2356
95          30     304.988     353.922           0     62.8403     43.1822
95          31     305.479     354.794           0     58.0777     41.9337
95          32     306.034     355.626           0      60.204     40.0691
95          33     306.643      356.42           0     75.4398     41.2492
95          34     307.279     357.192           0     109.042     46.2334
95          35     307.887     357.987           0     160.009     42.7859
95          36     308.347     358.875           0     188.693     27.2317
95          37     308.512     359.862           0     189.075     20.0756
95          38     308.478     360.862           0      176.04     19.3167
95          39     308.393     361.859           0     160.999      21.186
95          40     308.315     362.856           0     152.522     23.5746
95          41     308.275     363.856           0     153.722     24.0356
95          42     308.321     364.855           0     161.477     19.9411
95          43     308.539     365.832           0     162.917     13.8285
95          44     308.935      366.75           0     154.755     12.5773
95          45      309.42     367.626           0     134.995     15.1366
95          46     309.928     368.487           0     122.229     16.9444
95          47     310.437     369.348           0     108.092     15.9717
95          48     310.936     370.215           0     104.057     13.2381
95          49     311.433     371.084           0     97.3615     8.95604
95          50     311.936     371.949           0     98.0851     5.30995
95          51     312.465     372.798           0     93.9709     3.12584
95          52     313.038     373.618           0     96.5037     2.85301
95          53     313.654     374.406           0     98.2261     4.20945
95          54     314.293     375.176           0     105.733      10.124
95          55     314.894     375.976           0     113.604     31.0453
95          56     315.371     376.856           0     114.248     49.2538
95          57     315.661     377.813           0     113.559     25.5929
95          58     315.812     378.802           0     117.118     14.1928
95          59     315.934     379.795           0     123.267     14.7545
95          60     316.107      380.78           0     125.523     22.0248
95          61     316.357     381.749           0     121.966     29.8462
95          62     316.645     382.707           0     119.389     32.4327
95          63     316.928     383.667           0     120.084      30.004
95          64      317.17     384.638           0     115.614     25.2679
95          65     317.382     385.615           0      109.28      18.768
95          66     317.623     386.587           0     102.691     10.7892
95          67     317.958     387.529           0     94.6654     8.94948
95          68     318.412     388.421           0     80.1377     15.4981
95          69     318.943     389.269           0     68.5191     23.3014
95          70     319.481     390.112           0     60.3094     26.8383
95          71     319.975     390.982           0     58.8364     26.7946
95          72     320.388     391.894           0     60.3809     25.6651
95          73     320.735     392.832           0     67.4164      23.662
95          74     321.041     393.784           0     76.0515     20.2097
95          75     321.315     394.747           0     75.5119     16.5051
95          76     321.554     395.718           0     71.0279     12.9074
95          77     321.762     396.697           0     65.4464      9.4062
95          78     321.934     397.682           0     60.3781     6.59106
95          79     322.062     398.675           0     56.4819     4.84576
95          80     322.132     399.673           0     55.0785     3.78134
95          81     322.147     400.673           0     56.3191     2.73485
95          82     322.117     401.673           0     59.7196     1.92245
95          83     322.047     402.671           0     64.8403     1.34725
95          84      321.94     403.666           0     69.0276    0.967117
95          85     321.795     404.656           0     71.3212     0.97641
95          86     321.605     405.638           0     73.3859    0.797808
95          87     321.369      406.61           0     75.6184    0.724268
95          88     321.092     407.572           0     79.0814    0.694625
95          89     320.781     408.523           0     78.2544    0.689556
95          90      320.45     409.467           0     78.0963    0.675461
95          91     320.096     410.403           0     82.9568    0.817721
95          92     319.713     411.327           0     83.7914    0.584394
95          93     319.299     412.238           0     86.9272    0.496012
95          94     318.838     413.125           0     90.4858    0.594387
95          95     318.338     413.992           0     89.6067    0.471478
95          96     317.797     414.834           0     87.9745    0.419453
95          97     317.243     415.667           0      83.878     0.33001
95          98     316.683     416.496           0     79.9521    0.372004
95          99     316.137     417.334           0     78.6766    0.280589
95         100     315.602      418.18           0     73.7312    0.182998
95         101     315.085     419.036           0     74.7513    0.195385
95         102     314.574     419.897           0     70.6804     0.18449
95         103     314.066     420.758           0     74.5956    0.216788
95         104     313.551     421.616           0     75.7448    0.150143
95         105     313.023     422.466           0     85.4043    0.310771
95         106     312.473     423.302           0     88.0424    0.352238
95         107     311.896     424.119           0     95.6448     0.41991
95         108     311.304     424.925           0     93.4013    0.413624
95         109     310.704     425.726           0     89.2647    0.336369
95         110     310.114     426.534           0     86.9538    0.268695
95         111     309.532     427.348           0     81.6844    0.298026
95         112     308.965     428.172           0     83.4896    0.271858
95         113     308.418      429.01           0     80.1056    0.246464
95         114     307.888     429.858           0     81.4552    0.330559
95         115      307.38      430.72           0     80.5881    0.331367
95         116     306.884     431.589           0     84.7307    0.509048
95         117       306.4     432.465           0     83.6923    0.455956
95         118     305.914     433.339           0     86.4718    0.473748
95         119     305.424     434.211           0     83.6562    0.345403
95         120     304.921     435.077           0     86.3194     0.42283
95         121     304.405     435.934           0      82.499    0.370704
95         122     303.866     436.776           0     80.3837    0.354771
95         123     303.317     437.613           0      68.438    0.357367
95         124     302.767     438.449           0     51.5727    0.284249
95         125     302.214     439.283           0     30.8311    0.259315
95         126     301.677     440.126           0     13.7903    0.126424
95         127     301.156      440.98           0     5.54724    0.133409
95         128     300.637     441.836           0     2.01017    0.035597
#1
96           0     318.215     280.536           0     21.3675     17.9189
96           1     318.364     281.529           0     26.4713     14.6266
96           2     318.497     282.523           0     31.6149     12.0188
96           3     318.597     283.521           0     37.0189     10.0461
96           4     318.663     284.522           0     42.2498     8.57671
96           5     318.737     285.523           0     46.3927     6.95678
96           6     318.838     286.521           0     49.4769      4.7883
96           7     319.005      287.51           0     49.9399     2.02473
96           8     319.246     288.484           0     46.5408     1.33358
96           9     319.492     289.457           0     45.0632     1.85322
96          10     319.658     290.446           0     46.4159     2.04374
96          11     319.679     291.449           0     51.5578     2.23918
96          12      319.54     292.443           0     59.4214     2.89773
96          13     319.269     293.409           0     72.8064     3.71234
96          14     318.921      294.35           0     92.6535     6.42525
96          15     318.573     295.291           0     110.526     10.4821
96          16     318.319     296.261           0     124.113     14.1125
96          17      318.22      297.26           0     132.197     13.4654
96          18     318.254     298.262           0     139.429      11.227
96          19     318.386     299.257           0     144.237     10.5106
96          20     318.593     300.239           0     149.007     10.8709
96          21     318.867     301.204           0     157.055     12.3353
96          22     319.232     302.138           0     163.992     14.1025
96          23     319.732     303.008           0     169.213     14.8068
96          24     320.357     303.793           0     145.885     14.3257
96          25     321.031     304.536           0     112.999     13.9689
96          26      321.72     305.265           0      80.007     15.1894
96          27     322.396     306.007           0     61.5581     16.9398
96          28     323.029     306.785           0     57.0196     18.7881
96          29     323.614       307.6           0     55.8693     20.6881
96          30     324.162      308.44           0     60.3785     22.1388
96          31     324.679       309.3           0     64.7587     21.2262
96          32     325.188     310.165           0     70.9213     17.2103
96          33     325.696      311.03           0     75.0935     10.8324
96          34     326.207     311.893           0     76.3849     5.28203
96          35     326.705     312.764           0     74.4359     2.23226
96          36     327.193     313.641           0     74.3052     1.13013
96          37     327.672     314.522           0     72.4937     1.23344
96          38     328.155     315.401           0     71.9685     1.87757
96          39     328.647     316.276           0     68.5376     3.32737
96          40     329.152     317.143           0     66.7818      4.3275
96          41     329.665     318.005           0      64.662     3.97378
96          42     330.191     318.859           0     69.9456     2.68859
96          43     330.742     319.698           0     78.4284     1.38613
96          44     331.324     320.515           0     83.4161      1.1821
96          45     331.916     321.325           0     84.4763     1.21829
96          46     332.495     322.144           0     75.7215     1.33037
96          47     333.025     322.996           0      68.745     1.40812
96          48     333.494     323.883           0     62.6089     1.43118
96          49     333.927     324.788           0     69.3934     1.67036
96          50     334.366      325.69           0     78.9346     1.78936
96          51     334.834     326.577           0     93.7117     1.97951
96          52     335.345     327.441           0     101.102      1.8968
96          53     335.887     328.285           0     104.128     1.73843
96          54      336.45     329.115           0     95.3446     1.75511
96          55     337.011     329.947           0     87.9968     1.51701
96          56      337.56     330.787           0       72.82     1.32994
96          57     338.095     331.636           0     65.4335      1.2664
96          58     338.621      332.49           0     57.7287     1.15409
96          59     339.141     333.348           0     54.8067     1.10218
96          60      339.65     334.212           0     51.3313     1.13552
96          61     340.144     335.086           0     51.0033     1.16126
96          62      340.61     335.974           0     51.3596     1.47655
96          63     341.048     336.877           0     57.1032     1.77166
96          64     341.456     337.793           0     60.5633     1.98152
96          65     341.836     338.722           0     68.7779     2.44592
96          66     342.192      339.66           0     75.2676      2.5727
96          67     342.515      340.61           0     78.3578     2.60062
96          68     342.812     341.568           0     81.9076     2.55556
96          69     343.092     342.531           0      84.011     2.29904
96          70     343.362     343.498           0     83.7255     2.04741
96          71     343.645      344.46           0     85.6656     1.62888
96          72     343.965     345.411           0     88.3203     1.40812
96          73     344.323     346.348           0     80.5293     1.07006
96          74     344.695      347.28           0     73.3292    0.744712
96          75     345.061     348.214           0     69.0488    0.701031
96          76     345.401     349.158           0     63.8939    0.553023
96          77     345.701     350.115           0     66.8558    0.619856
96          78     345.972     351.081           0     76.3205     0.91779
96          79     346.208     352.057           0     83.8741     1.08972
96          80     346.395     353.042           0     88.6871     1.08352
96          81     346.525     354.037           0     85.5691     1.01874
96          82     346.599     355.038           0     72.6001    0.896881
96          83     346.644      356.04           0     51.3207    0.746112
96          84     346.692     357.042           0     27.5094    0.666466
96          85      346.76     358.043           0     15.9723    0.633081
96          86     346.857     359.041           0     9.83419    0.640972
96          87     346.992     360.036           0     5.92885    0.652114
96          88     347.154     361.026           0     3.79845    0.451044
96          89     347.332     362.013           0     1.98702    0.269308
#1
97           0     194.216     503.042           0     61.2978     24.8593
97           1     194.128      504.03           0     57.1036     18.5485
97           2     194.112     505.021           0     48.6151     12.7617
97           3     194.111     506.012           0     40.9505     10.6308
97           4     194.089     507.003           0     36.9081     9.36561
97           5     194.042     507.993           0      35.924     8.90192
97           6     193.969     508.982           0     34.0048     8.21756
97           7     193.901     509.971           0     34.8712     7.98701
97           8     193.843      510.96           0     35.8037     7.77317
97           9     193.805     511.951           0     35.8047     7.76183
97          10     193.783     512.942           0      36.725     8.05331
97          11     193.785     513.933           0     38.6512     9.26503
97          12     193.815     514.924           0     40.8334     12.3178
97          13     193.871     515.913           0     46.3627     18.7089
97          14     193.938     516.902           0     57.6541      29.729
97          15     193.987     517.892           0     75.0246     44.6467
97          16      193.99     518.884           0     91.1095     58.7234
97          17     193.943     519.874           0     96.3737     66.7441
97          18     193.898     520.864           0     86.6036     67.7248
97          19     193.918     521.855           0     66.3273     60.8647
97          20     194.016     522.841           0     49.5309     52.1063
97          21     194.181     523.819           0      46.329     47.7368
97          22     194.398     524.786           0     55.9847     49.2678
97          23     194.709     525.727           0     71.9902     54.0467
97          24      195.14      526.62           0     85.8588     61.2817
97          25     195.687     527.447           0     94.1548     71.3901
97          26     196.312     528.216           0      96.793     71.4328
#1
98           0      96.751     393.812           0     157.649       117.8
98           1     96.4651     394.767           0     156.509     91.2822
98           2     95.9701     395.633           0     153.146     57.8833
98           3     95.3653     396.426           0     149.263     40.9923
98           4     94.7416     397.203           0     149.629     28.9666
98           5      94.251     398.072           0     149.046     26.0457
98           6      93.855     398.987           0     146.833     26.2429
98           7     93.5662     399.941           0     136.632     26.0901
98           8     93.3706     400.919           0     127.246     25.8603
98           9     93.2387     401.907           0     120.519     24.9486
98          10     93.1436       402.9           0     116.851     23.5126
98          11     93.0726     403.894           0     115.348     22.2353
98          12     93.0237      404.89           0     118.387     21.9496
98          13     92.9785     405.886           0     125.851     22.4064
98          14     92.9105     406.881           0     134.024       22.88
98          15     92.7862      407.87           0     137.716      23.413
98          16     92.5992      408.85           0     133.398     24.4994
98          17     92.3984     409.826           0      125.59     26.5739
98          18     92.2589     410.814           0     119.781     28.8036
98          19     92.2496     411.811           0      117.13     31.7844
98          20     92.4158     412.794           0     116.912     38.6812
98          21      92.747     413.735           0     118.152     48.2674
98          22     93.1793     414.633           0     119.549     52.1152
98          23     93.6251     415.525           0     121.347     49.1287
98          24     94.0025     416.448           0     126.786     42.2292
98          25     94.2422     417.416           0      131.28     37.0352
98          26     94.3396     418.408           0     136.581     34.8098
98          27     94.3313     419.405           0     140.954     33.4785
98          28     94.2659       420.4           0     144.537     32.1189
98          29     94.1809     421.394           0     147.701      30.903
98          30     94.0931     422.387           0     150.735     29.9398
98          31     93.9975     423.379           0     152.962     28.9081
98          32     93.8824      424.37           0     151.114       27.76
98          33     93.7594     425.359           0     149.167     26.4105
98          34     93.6455      426.35           0     146.782     25.3055
98          35     93.5522     427.343           0     142.754     24.1953
98          36     93.4958     428.338           0     137.286     24.0049
98          37     93.5042     429.335           0     130.158     25.1397
98          38     93.6059     430.327           0     121.464     25.9902
98          39     93.7978     431.306           0     110.966      24.181
98          40     94.0281     432.276           0     98.5895     22.1952
98          41     94.2255     433.253           0     87.8933     21.8681
98          42     94.3623     434.241           0     81.4519     23.0325
98          43     94.4413     435.235           0     80.1311     25.7822
98          44      94.469     436.231           0     81.8844      28.639
98          45     94.4155     437.227           0     83.6427      29.824
98          46     94.1704     438.194           0     83.7831     29.8969
98          47      93.592     439.006           0     77.0773     39.9382
98          48      92.761     439.557           0     67.4279     62.2621
98          49     91.8414     439.942           0     67.0666     58.5699
98          50     90.9592     440.407           0     75.4216     46.0224
98          51     90.2906     441.147           0     77.5654     36.2326
98          52      89.969      442.09           0     69.5729     33.8289
98          53      89.885     443.084           0     55.1963     30.5429
98          54     89.8837     444.081           0     43.8247      27.447
98          55     89.8934     445.078           0     38.5534     26.0831
98          56     89.8964     446.075           0     39.9623     25.9457
98          57     89.9022     447.072           0     45.1014     26.6629
98          58     89.9157     448.069           0     51.9049     27.5036
98          59     89.9367     449.066           0     57.8178     28.3808
98          60     89.9709     450.063           0     61.8913     27.7608
98          61     90.0222     451.059           0     63.8604     25.5561
98          62     90.0931     452.053           0     64.2651     21.6474
98          63     90.1786     453.047           0     63.9919     16.7436
98          64     90.2675      454.04           0     64.9009     11.2398
98          65     90.3439     455.034           0     63.8897     6.78049
98          66     90.4048     456.029           0      61.449      4.2719
98          67     90.4503     457.025           0     56.4092     2.89362
98          68     90.4948     458.021           0     50.9463     2.15009
98          69     90.5477     459.017           0     48.5228     2.05235
98          70     90.6135     460.012           0     47.2538     2.13163
98          71      90.696     461.006           0     49.8036     2.17519
98          72     90.7952     461.998           0     53.7636     2.06301
98          73     90.9151     462.988           0     59.1777     1.84289
98          74     91.0648     463.974           0     63.3081     2.13119
98          75     91.2573     464.952           0     64.8127     2.72067
98          76     91.5259     465.912           0     66.2478     2.84929
98          77     91.9117     466.832           0     63.2996     2.41724
98          78     92.4179     467.691           0     47.8284    0.965582
98          79     93.0011     468.499           0     31.9946    0.354449
98          80     93.6236     469.278           0     22.1125    0.394572
98          81     94.2498     470.054           0     23.3253    0.743788
98          82     94.8591     470.844           0     36.6647     1.06782
98          83     95.4411     471.653           0     52.2559     1.40865
98          84     95.9922     472.484           0      67.758     1.49644
98          85      96.517     473.332           0     72.7206     1.51245
98          86     97.0315     474.186           0      78.165     1.60892
98          87     97.5458      475.04           0     76.3215     1.22397
98          88     98.0842      475.88           0     74.9244     1.03692
98          89     98.6626     476.692           0     63.6678    0.727541
98          90     99.2899     477.467           0     51.2194    0.503462
98          91     99.9534     478.211           0     37.7583    0.283431
98          92     100.637     478.937           0     23.9747    0.227007
98          93     101.319     479.665           0     16.4752    0.136818
98          94     101.997     480.396           0     17.1769    0.544588
98          95     102.679     481.123           0     23.9448     1.75262
98          96     103.384     481.828           0     35.1967     4.66813
98          97     104.126     482.494           0     44.0376     9.54625
98          98     104.914     483.106           0     47.4823     13.8648
98          99     105.746     483.654           0     44.5168     14.4501
98         100     106.614     484.145           0     39.5994     11.3947
98         101     107.511     484.581           0     34.3789     6.27947
98         102     108.434     484.959           0     34.1532     2.49482
98         103     109.381     485.269           0     38.4198     1.41332
98         104     110.342     485.537           0     46.4206     3.36995
98         105     111.263      485.92           0     57.7369     12.8743
98         106     112.209     486.232           0     73.8944     23.8364
98         107      113.16     486.534           0     93.7624     39.5799
98         108      114.09     486.893           0     104.037     46.8799
#1
99           0      158.45     208.025           0     84.9474     20.7578
99           1     158.787     208.982           0     72.6935     24.1565
99           2     159.073     209.955           0     51.5749     22.6544
99           3     159.315      210.94           0      37.452     21.9169
99           4     159.491     211.939           0     31.7991     21.4565
99           5     159.554     212.951           0     31.1301     21.8669
99           6     159.466     213.961           0     32.4066     24.0991
99           7     159.221     214.946           0      35.377      27.717
99           8     158.848     215.889           0     42.2905     31.8345
99           9     158.407     216.802           0     53.8181     38.5087
99          10     157.972     217.718           0     69.3934     52.0049
99          11     157.633     218.674           0      78.823     57.5513
99          12     157.452     219.672           0     79.5624     38.4139
99          13     157.391     220.685           0     73.8151     26.5628
99          14     157.364     221.699           0     68.5873     21.8016
99          15     157.324     222.712           0     66.1776      20.408
99          16     157.272     223.725           0     65.9124     19.4124
99          17     157.207     224.738           0      66.449     17.9648
99          18     157.125     225.748           0      65.537     16.9844
99          19     157.024     226.758           0     63.5023     16.0882
99          20     156.917     227.766           0     59.2138     16.3103
99          21     156.827     228.777           0     54.1378     17.6642
99          22     156.766     229.789           0      50.831     20.4393
99          23      156.73     230.803           0     52.0124     26.1093
99          24     156.697     231.817           0     59.4941     33.4187
99          25      156.66      232.83           0      73.431     37.2723
99          26      156.66     233.844           0     97.0908     38.8348
99          27     156.843     234.842           0     139.682      69.153
99          28     157.479     235.632           0     147.742     57.8913
#1
100           0     189.457     542.771           0     146.776     137.413
100           1     190.354     543.222           0     138.466     113.413
100           2     191.235     543.702           0      116.57     72.7146
100           3     192.078     544.246           0     91.0671     40.5526
100           4      192.86     544.875           0     70.9085     23.4662
100           5     193.552     545.602           0      60.898     16.1998
100           6     194.121     546.429           0     61.1691     13.2356
100           7     194.574     547.324           0     65.7242     10.2422
100           8     194.928     548.264           0       76.09     7.67094
100           9     195.192     549.232           0     81.8684     5.75776
100          10     195.364     550.221           0      82.314     4.34573
100          11     195.456      551.22           0     79.3774     3.32489
100          12     195.493     552.223           0     76.0613     2.43237
100          13     195.488     553.226           0     74.1753      1.6343
100          14     195.446     554.229           0     73.3626     1.34724
100          15     195.364     555.229           0     74.7539     1.20938
100          16     195.242     556.225           0     76.3685     1.17411
100          17     195.088     557.217           0     78.0257     1.16855
100          18     194.918     558.206           0     77.6668     1.01328
100          19      194.75     559.196           0     74.6602    0.882829
100          20     194.589     560.186           0     72.4041    0.899355
100          21      194.43     561.177           0     70.8344    0.816594
100          22     194.272     562.168           0     70.1833    0.788383
100          23     194.113     563.159           0     70.6549     0.89343
100          24     193.956      564.15           0     70.3528     1.18904
100          25     193.804     565.142           0     68.3745     1.80847
100          26      193.65     566.134           0     67.0348      2.6245
100          27     193.477     567.123           0      65.062     3.66235
100          28     193.271     568.105           0     62.5647     5.48226
100          29     193.029     569.079           0     61.4878     7.78138
100          30     192.761     570.046           0     57.4966     10.0521
100          31     192.486     571.011           0     55.9956     12.2937
100          32     192.206     571.975           0     57.5178     14.9145
100          33     191.923     572.938           0     60.1616     17.9467
100          34     191.648     573.903           0     60.0563     21.0762
100          35     191.382     574.871           0     62.6602     24.7318
100          36     191.116     575.838           0     67.1881     28.2723
100          37     190.853     576.807           0     68.3449     29.6684
100          38     190.625     577.784           0     65.2523     29.4151
100          39     190.486     578.778           0     59.8546     29.4529
100          40     190.513     579.781           0     50.2059     30.7414
100          41     190.744     580.758           0     37.1476     32.4115
100          42      191.19     581.657           0     27.7864     35.3836
100          43     191.774     582.473           0     32.0483     37.9686
100          44     192.409     583.251           0     48.9197        38.5
100          45     193.071     584.005           0     64.2175     24.7487
#1
101           0     292.472     187.384           0     67.2375     39.8967
101           1     293.356     187.884           0     62.4145     33.8793
101           2      294.15     188.519           0      44.771     18.6415
101           3     294.857     189.249           0     29.5793     7.33291
101           4     295.536     190.005           0     21.8451     5.41969
101           5     296.291     190.686           0     19.0361      4.5956
101           6     297.134     191.254           0     16.6318     2.26085
101           7     298.052     191.689           0     14.6204     1.15751
101           8     299.021     191.997           0     14.0156    0.844339
101           9     300.017     192.197           0     15.0175    0.966511
101          10     301.026     192.327           0     16.0428     1.28123
101          11     302.037     192.423           0     17.6302     1.65557
101          12      303.05     192.513           0     19.0498     2.00116
101          13     304.063     192.597           0     20.0627     2.45157
101          14     305.077     192.666           0     21.0511     2.93431
101          15     306.093     192.695           0     21.6949     3.28148
101          16     307.108     192.647           0     21.6474     3.78571
101          17     308.112     192.487           0     21.4873     4.84061
101          18      309.08     192.179           0     21.1787     6.68838
101          19     309.981     191.708           0     20.4095     8.90755
101          20     310.791     191.094           0     19.1134     8.78544
101          21     311.513     190.379           0     19.6375     6.53798
101          22     312.168     189.601           0     22.0648     3.82285
101          23     312.785     188.794           0     27.1558     2.16232
101          24     313.399     187.984           0     34.2449     1.32617
101          25     314.027     187.185           0     40.8284    0.828347
101          26     314.677     186.403           0     40.0679    0.688052
101          27     315.376     185.666           0     33.3984    0.341469
101          28     316.054     184.908           0     22.3314   0.0965964
101          29     316.702     184.125           0     8.85223           0
101          30     317.328     183.325           0     1.86932           0
#1
102           0      136.13     241.095           0     69.4397     36.8684
102           1     136.952     240.529           0     76.0268     34.7457
102           2     137.781     239.974           0     80.4661     31.6623
102           3     138.607     239.415           0     81.4576     27.6397
102           4     139.411     238.824           0     85.0059     24.2083
102           5     140.187     238.197           0     88.6382     23.2974
102           6     140.914     237.514           0     91.8926     22.9016
102           7     141.583     236.774           0     93.2818     21.8388
102           8     142.198     235.988           0     94.7358     20.5079
102           9     142.769      235.17           0     89.8521      17.279
102          10     143.301     234.326           0     83.6934       11.45
102          11     143.799     233.461           0     78.5511     6.55285
102          12      144.27     232.582           0     75.6448     3.56092
102          13     144.728     231.696           0     75.3889     2.12504
102          14     145.185     230.809           0     77.9463     2.15225
102          15     145.647     229.925           0      78.655     2.06782
102          16     146.118     229.045           0     81.9645     2.13546
102          17     146.584     228.163           0     79.6151      1.5626
102          18     147.032     227.272           0     79.9542     1.79357
102          19     147.455     226.368           0     74.5253     1.36352
102          20     147.856     225.455           0     71.0437      2.3658
102          21     148.249     224.538           0     63.1797     4.28452
102          22      148.64      223.62           0     53.5786     6.80792
102          23     149.033     222.703           0          45     10.2374
102          24     149.419     221.783           0     35.7153     14.0247
102          25     149.782     220.854           0     31.8831     20.7733
102          26     150.115     219.913           0     35.1181     33.2072
102          27     150.424     218.965           0     48.3764     50.4873
102          28     150.754     218.023           0     73.9556     58.0852
102          29      151.17     217.117           0      98.066     46.6144
102          30     151.701     216.272           0     103.504     38.4076
102          31     152.272     215.454           0     89.4008     37.2278
102          32       152.8     214.608           0     66.9927     30.1781
102          33     153.279     213.732           0     49.7324     22.1374
102          34     153.746     212.851           0     43.2114     18.9342
102          35      154.26     211.996           0     44.2237     18.7116
102          36     154.846     211.189           0      48.393     18.8983
102          37     155.501     210.436           0     53.6724     18.2019
102          38     156.212     209.735           0     62.0889     17.0706
102          39     156.974     209.092           0     71.6605      15.926
102          40     157.778     208.501           0     77.0493     13.9264
102          41      158.59     207.922           0     85.5497     10.2257
102          42     159.369     207.298           0     87.1561     5.74444
102          43     160.061      206.58           0     83.7341     4.23416
102          44     160.663     205.784           0     74.6358     6.85164
102          45     161.204     204.946           0     72.1677      12.154
102          46     161.696     204.078           0     78.1411     19.5804
102          47     162.121     203.176           0     88.3349     30.3796
102          48     162.419     202.223           0     91.8784     41.1114
102          49     162.548     201.234           0     89.8306     44.8038
102          50     162.554     200.236           0     83.2324      45.156
102          51     162.521     199.239           0     75.3626     43.0359
102          52      162.51     198.242           0     68.9219     39.9879
102          53     162.542     197.245           0     64.8258     38.6662
102          54     162.602     196.249           0     63.4029     38.8237
102          55      162.67     195.254           0     71.3102     40.0692
102          56     162.766     194.261           0     96.8243     41.7059
102          57     162.911     193.273           0     136.101     42.7974
102          58     163.102     192.294           0     156.258     45.7048
#1
103           0     94.7931     542.137           0     121.103     42.2553
103           1      95.564     542.782           0     130.666     46.8467
103           2     96.0344      543.67           0     127.986     36.6658
103           3     96.2314     544.656           0     113.612     38.7891
103           4     96.2939     545.659           0     101.451     42.5142
103           5     96.3103     546.664           0     97.1638     44.7356
103           6     96.3008     547.669           0     102.046     45.7401
103           7     96.3061     548.674           0     109.064     46.3618
103           8     96.3402     549.679           0       111.4     47.0415
103           9     96.4074     550.682           0     106.529     47.9216
103          10     96.5013     551.682           0     95.8101     49.1279
103          11      96.614     552.681           0      82.394     50.2696
103          12     96.7297     553.679           0     69.6643     50.9858
103          13     96.8217      554.68           0     58.3395     48.6215
103          14     96.8678     555.684           0     48.0256      40.881
103          15     96.8621     556.689           0     39.4429     31.8921
103          16     96.8162     557.693           0     36.3067     26.4543
103          17     96.7566     558.697           0     37.3932     23.9026
103          18     96.7095     559.701           0      41.503     22.3529
103          19     96.6956     560.706           0     46.5891     20.9713
103          20     96.7247      561.71           0     50.8195     20.2441
103          21     96.8007     562.712           0      53.914      20.811
103          22     96.9192     563.711           0       56.03     23.7335
103          23     97.0725     564.704           0     56.3552     28.2614
103          24     97.2468     565.694           0     53.6294     33.1757
103          25     97.4099     566.685           0     52.3943     37.7865
103          26     97.6002     567.672           0     55.1554     41.5293
103          27     97.8565     568.644           0     63.6828     42.7545
103          28     98.2048     569.587           0     72.9442     39.3751
103          29     98.6274     570.499           0     78.1249     48.6611
#1
104           0         113     253.557           0     40.5578     22.0142
104           1     112.731     254.515           0     36.9741     23.5972
104           2     112.389     255.449           0     30.7449     21.5329
104           3     111.967     256.351           0     26.9354     18.2801
104           4     111.454     257.204           0     27.6489     14.3772
104           5     110.838     257.986           0     32.0777     11.6784
104           6     110.118     258.672           0     36.6772     10.5986
104           7     109.327     259.276           0      39.408     12.9138
104           8     108.502     259.833           0     41.7441      16.501
104           9     107.674     260.385           0      43.649     18.9474
104          10     106.858     260.954           0     49.2313     19.9494
104          11     106.057     261.546           0     56.2492     20.4236
104          12     105.267     262.151           0     68.7866     21.1983
104          13     104.475     262.753           0     82.8244     22.5188
104          14     103.679     263.352           0     94.4655     25.6249
104          15     102.885     263.951           0     104.652     28.6605
104          16     102.099     264.562           0      100.32     29.2107
104          17      101.34     265.205           0     93.9142     26.4859
104          18     100.624     265.897           0     90.7022     22.5506
104          19     99.9796     266.655           0     90.8489     19.9342
104          20      99.393     267.459           0      84.685     21.6021
104          21     98.7935     268.254           0     73.7144     24.2275
104          22     98.1163     268.983           0     52.0437        19.1
104          23     97.3558     269.625           0     31.7068     11.9037
104          24     96.5392     270.194           0     26.2223     7.76424
104          25      95.694     270.719           0      35.013     5.22429
104          26     94.8484     271.244           0     54.3361     3.42914
104          27     94.0254     271.804           0     72.9807     2.32894
104          28      93.251     272.429           0     73.5306       2.106
104          29     92.5258      273.11           0     62.7532     1.84376
104          30     91.8361     273.828           0     43.6309       1.216
104          31     91.1646     274.563           0     28.2876    0.904692
104          32     90.4986     275.302           0     23.4992    0.851985
104          33     89.8451     276.053           0     26.4644     1.19234
104          34     89.2143     276.823           0     33.0945     1.08485
104          35     88.6218     277.622           0     39.4216    0.934682
104          36     88.0731     278.453           0     46.2064     1.21598
104          37     87.5568     279.303           0     50.0758     2.24497
104          38     87.0472     280.158           0     57.0447     3.38362
104          39     86.5206     281.003           0     60.4733     5.32465
104          40     85.9575     281.823           0     62.2619     6.94009
104          41     85.3463     282.609           0     55.4747     9.21025
104          42     84.6784     283.347           0     47.1203     10.4148
104          43     83.9567     284.032           0     39.5619     12.1201
104          44     83.1878     284.664           0     36.5357     13.7102
104          45     82.3835      285.25           0     41.3158       14.65
104          46     81.5608      285.81           0     56.5596     15.2063
104          47     80.7527     286.391           0     83.5349     17.2698
104          48     80.0107     287.054           0     118.955     22.6023
104          49     79.4312     287.863           0     129.558     21.0844
104          50     79.0642     288.789           0     128.432     17.8572
104          51     78.7881     289.745           0     110.288     17.7027
104          52     78.4667     290.687           0      92.058     18.8075
104          53     77.9744     291.552           0     79.0464     19.1853
104          54     77.2557      292.24           0     61.9324     21.0393
104          55     76.3859     292.724           0     52.9132     28.0203
104          56     75.4618     293.093           0     51.7038     33.3076
104          57     74.5582      293.51           0     52.2932     34.9545
104          58     73.7532     294.096           0     51.9554     21.7192
104          59      73.089     294.837           0     49.1322      15.112
104          60     72.5419     295.668           0     46.8476     13.8325
104          61      72.073     296.546           0     49.1729     13.8978
104          62     71.6623     297.453           0      50.719     13.5873
104          63     71.3061     298.382           0     54.2895      13.522
104          64      71.001     299.329           0     59.9767     12.6548
104          65       70.75     300.292           0     61.0846     11.6946
104          66     70.5599     301.269           0     62.3245     11.1989
104          67      70.427     302.256           0     63.1832     10.9388
104          68     70.3376     303.247           0     63.0727     10.9121
104          69     70.2669     304.239           0     60.4041     10.8083
104          70     70.1928     305.232           0     54.9875     11.2665
104          71     70.1013     306.223           0     47.9868     12.5998
104          72     69.9958     307.213           0     43.3219      14.622
104          73     69.8852     308.202           0     40.3295     17.4935
104          74     69.7708      309.19           0     40.9457     20.4787
104          75     69.6584     310.179           0     42.4559     22.5761
104          76     69.5539     311.169           0     44.7046     22.7561
104          77     69.4578      312.16           0     45.7151     21.2914
104          78     69.3537     313.149           0     47.7292     19.1543
104          79     69.2171     314.135           0     54.2837     18.5814
104          80     69.0112     315.109           0     66.0927     20.4139
104          81     68.6783     316.047           0     75.9025     25.1942
104          82      68.185     316.911           0     84.5608     36.6667
104          83     67.5019     317.635           0     95.2912     53.1205
104          84      66.704      318.23           0     109.852     59.8247
104          85     65.8834     318.793           0     128.745     50.2446
#1
105           0      72.558     286.283           0     42.6586     46.5713
105           1     72.3872     287.273           0     42.4146     63.0382
105           2      72.325     288.276           0     41.8149     51.8504
105           3     72.4601     289.272           0     41.4462     46.4824
105           4     72.8059     290.215           0      42.832     44.3643
105           5     73.3337      291.07           0     47.9238     44.4945
105           6     74.0246       291.8           0     52.5001      52.712
105           7     74.8771     292.331           0     51.4041     59.2658
105           8      75.796     292.738           0     50.6217     69.4086
105           9     76.6625     293.247           0     53.8255     64.6363
105          10     77.2803     294.039           0      53.037     30.3395
105          11     77.5294     295.012           0     43.8966     22.9331
105          12     77.5737     296.016           0     35.3469      24.612
105          13     77.5786     297.021           0     30.3834     27.6997
105          14     77.6325     298.024           0     28.6476     29.8181
105          15     77.7609      299.02           0     29.5888     30.1257
105          16     77.9731     300.003           0      33.873     28.2931
105          17     78.2794     300.959           0     36.0175     25.3684
105          18     78.6706     301.885           0      36.175     22.9253
105          19     79.1441     302.771           0     33.8936     21.9036
105          20     79.6566     303.635           0       32.21     23.0679
105          21     80.1403     304.516           0     35.7697     19.7235
105          22     80.5566      305.43           0     42.4915     18.0344
#1
106           0     105.679     273.624           0     77.2433     76.5103
106           1     105.297     274.555           0     64.2542     68.7646
106           2     104.693      275.36           0      44.155     47.9562
106           3     103.996     276.087           0     34.0939     32.0636
106           4     103.283     276.797           0     41.2307     20.9363
106           5     102.569     277.507           0     51.8573     14.3202
106           6     101.858      278.22           0     59.2062      11.407
106           7     101.161     278.946           0     55.2046     10.3963
106           8     100.493     279.699           0     44.0719     9.50203
106           9     99.8629     280.484           0     38.1463     8.54165
106          10     99.2805     281.305           0     38.1947     7.87568
106          11      98.743     282.156           0     43.5139      8.5585
106          12     98.2323     283.024           0     48.7318     9.58164
106          13     97.7109     283.885           0     44.0139     10.3717
106          14     97.1556     284.725           0     32.9956     8.92713
106          15     96.5564     285.534           0     21.9142     5.59816
106          16     95.9328     286.324           0      18.018      2.8372
106          17      95.307     287.112           0     22.1233     1.97987
106          18      94.696     287.913           0      32.573      1.7549
106          19     94.1036     288.726           0     45.7863      1.7341
106          20     93.5203     289.547           0     52.9077     1.76848
106          21     92.9147     290.351           0     53.5275     1.47743
106          22     92.2599     291.116           0     42.8271     1.11544
106          23     91.5536     291.833           0     30.7071     0.91267
106          24     90.8116     292.513           0     25.6035    0.711816
106          25       90.05     293.172           0     30.3767    0.894424
106          26     89.2924     293.835           0     41.4839     1.04276
106          27     88.5581     294.523           0     52.4791     1.35547
106          28     87.8654     295.254           0      60.839      2.1332
106          29     87.2257     296.031           0     61.0879     3.76323
106          30     86.6377     296.848           0     55.2742     5.60587
106          31     86.1013       297.7           0      52.524      6.3707
106          32     85.6174     298.583           0     51.1224     6.07984
106          33     85.1835     299.491           0      51.999     6.86977
106          34     84.7725      300.41           0     49.5959     8.46269
106          35     84.3458     301.322           0     44.8373     10.5225
106          36     83.8653     302.206           0     41.8113     12.5271
106          37     83.3196     303.052           0     40.3596     14.6747
106          38     82.7255     303.865           0     42.1727      16.922
106          39     82.1202     304.669           0     44.3152     17.0308
106          40     81.5369      305.49           0     45.7452     13.6122
106          41     80.9956     306.339           0     48.9958     8.41425
106          42     80.4857     307.207           0     50.4085     4.53099
106          43     79.9914     308.084           0     55.1293     2.47626
106          44     79.4995     308.962           0     57.7917     2.02872
106          45     79.0082     309.841           0     62.2911     2.48621
106          46      78.533     310.728           0     60.3939     2.66373
106          47     78.0936     311.634           0     58.6492     3.81543
106          48     77.7115     312.565           0      50.567     5.58349
106          49     77.4128     313.527           0     38.9901     7.64844
106          50     77.2064     314.512           0     26.6468      9.1114
106          51     77.0935     315.512           0     16.7157     11.9387
106          52       77.08     316.519           0     10.8065     14.9328
106          53     77.1589     317.522           0     10.4911     18.2602
106          54     77.3408     318.512           0     17.9862     20.9295
106          55     77.6154     319.481           0     34.1828     19.0014
106          56     77.9506      320.43           0     55.6932     18.1162
106          57     78.2848      321.38           0     67.5009     26.7968
#1
107           0     135.854     503.779           0     30.2286     30.6274
107           1     135.815     504.801           0     24.5447     28.4552
107           2     135.806     505.823           0     16.1322     26.0454
107           3      135.85     506.845           0     8.78641     23.0543
107           4     135.947     507.863           0     5.30656     22.1304
107           5     136.053     508.879           0     9.33745     22.0655
107           6     136.106     509.901           0     15.1063     21.9921
107           7      136.13     510.923           0      22.991     21.9724
107           8     136.126     511.945           0     32.0103     22.3993
107           9     136.087     512.967           0      40.217     22.6137
107          10     136.022     513.987           0     46.7444     23.6601
107          11     135.951     515.007           0     52.7504     26.3843
107          12     135.881     516.027           0     58.4273     28.8455
107          13     135.803     517.046           0     63.1087     30.1501
107          14     135.704     518.064           0     64.3655      30.685
107          15     135.567     519.077           0     61.3825     30.3531
107          16     135.391     520.084           0     57.2076     30.3314
107          17     135.168     521.082           0     55.8411     31.2092
107          18     134.876     522.062           0     59.1535     33.2432
107          19     134.532     523.025           0      67.748      34.893
107          20     134.137     523.968           0     80.7502     36.0705
107          21     133.665     524.875           0     95.5399      37.615
107          22     133.079     525.713           0     105.274      30.115
#1
108           0     146.771     463.338           0     123.371     90.9662
108           1     146.838     464.329           0      116.29     86.1798
108           2     146.521      465.27           0     86.7996     41.8978
108           3      146.06     466.149           0     69.3547     20.3058
108           4     145.572     467.014           0     66.9511     13.0025
108           5     145.073     467.873           0     78.4981     10.0903
108           6     144.556      468.72           0      89.073     8.46037
108           7     144.037     469.567           0      99.346     7.31734
108           8     143.533     470.422           0      100.19     6.41126
108           9     143.041     471.285           0     103.332     6.61704
108          10     142.556     472.152           0     102.094     9.22092
108          11     142.068     473.017           0     106.377     15.1737
108          12     141.573     473.877           0     106.903     22.8236
108          13     141.067     474.732           0     109.002     29.5186
108          14     140.546     475.577           0     107.133     34.4768
108          15     140.015     476.416           0     108.898     36.1056
108          16     139.482     477.254           0     108.141     34.5113
108          17     138.967     478.103           0     112.563     31.2051
108          18     138.481     478.969           0     111.938     27.7983
108          19     138.042     479.859           0     115.172     26.1341
108          20     137.644     480.769           0      114.49     24.4604
108          21     137.286     481.696           0      117.38     23.8208
108          22     136.958     482.633           0     121.166     24.1531
108          23     136.641     483.574           0     118.697     23.7051
108          24      136.31      484.51           0     117.047      25.381
108          25     135.921     485.424           0     115.726     28.9483
108          26     135.455       486.3           0     110.036     30.8851
108          27     134.913     487.132           0     109.036     29.0823
108          28     134.323     487.931           0     102.991     24.5386
108          29     133.709     488.711           0     89.7463     22.4962
108          30      133.12     489.511           0     74.7832     24.1236
108          31     132.602     490.358           0      61.584     26.1672
108          32     132.201     491.267           0     52.4528     24.7011
108          33     131.895     492.211           0     48.2837     22.1519
108          34      131.62     493.165           0     46.6051     20.9993
108          35     131.321     494.112           0     46.9114     21.0518
108          36     130.963     495.038           0     49.9696     23.4969
108          37      130.55     495.942           0     52.2956     25.8356
108          38     130.133     496.843           0     57.6962     27.5957
108          39     129.772     497.768           0     62.6649      29.309
108          40     129.523     498.729           0     62.4464     29.5779
108          41     129.374     499.711           0     57.0376     28.4796
108          42     129.248     500.696           0      51.443     27.0468
108          43     129.054      501.67           0     49.8556     25.6092
108          44     128.756     502.617           0      53.177     21.1279
108          45     128.335     503.516           0     60.1501     16.9993
108          46     127.764     504.329           0      67.226     20.7551
108          47     127.069     505.038           0     71.0718     15.5657
#1
109           0      230.81     470.083           0     89.0421     91.3478
109           1     231.238     470.985           0     88.5969      89.764
109           2     231.812     471.802           0      72.914     66.0737
109           3     232.474     472.548           0     53.7877     46.3198
109           4     233.137     473.295           0     42.4549     32.1625
109           5     233.637     474.158           0     40.9981     13.6965
109           6     233.942     475.109           0      43.591     8.10577
109           7     234.075     476.098           0     43.4956     6.97936
109           8     234.128     477.095           0     41.0874     6.02644
109           9      234.21     478.089           0     38.1976     8.87985
109          10     234.391     479.071           0     38.3011     16.2334
109          11     234.681     480.026           0     39.8494     18.7103
109          12     235.043     480.956           0     49.3147     15.6029
109          13     235.446     481.869           0     48.2991     14.8267
109          14     235.898     482.759           0     45.7847     18.8753
109          15     236.396     483.624           0     41.1833     22.6817
109          16     236.912     484.479           0     46.2302     25.4255
109          17     237.409     485.344           0     60.2437     22.4569
109          18     237.831     486.249           0      78.991     17.5235
109          19     238.137     487.199           0     94.4969     20.8815
109          20     238.334     488.177           0     102.474     25.9901
109          21     238.471     489.166           0     110.527     24.9947
109          22      238.57     490.159           0     122.363     19.3908
109          23     238.614     491.156           0     136.946     13.8138
109          24     238.632     492.154           0     146.999     13.6785
109          25     238.766     493.143           0     142.059     28.5329
109          26     239.132     494.072           0     110.518     51.5083
109          27     239.633     494.935           0     70.9995     40.3928
109          28     240.147      495.79           0     54.2058      28.774
109          29     240.605     496.677           0     52.6428     21.9636
109          30     240.993     497.597           0     57.7253     17.6271
109          31     241.329     498.537           0     57.3732     13.5438
109          32     241.642     499.485           0     57.2859     9.46799
109          33     241.958     500.432           0     58.2471     5.98887
109          34     242.278     501.377           0      55.655     3.44513
109          35     242.589     502.325           0       55.04     1.75054
109          36     242.876     503.281           0      56.995     1.09992
109          37     243.126     504.247           0     56.8701    0.973712
109          38     243.333     505.224           0     55.5195    0.847282
109          39     243.501     506.208           0     55.1043    0.794272
109          40     243.638     507.196           0      56.092    0.589621
109          41     243.747     508.189           0     57.7643    0.405422
109          42      243.83     509.183           0      60.128    0.363751
109          43     243.884      510.18           0     63.1813    0.310496
109          44     243.912     511.178           0     65.2226    0.295812
109          45     243.922     512.176           0     66.3824    0.298831
109          46     243.928     513.174           0      67.203     0.29529
109          47     243.926     514.172           0     67.1874    0.294407
109          48     243.912      515.17           0     66.8817    0.294693
109          49     243.878     516.167           0     65.6348     0.31439
109          50     243.818     517.164           0     64.2607    0.279473
109          51     243.733     518.158           0     62.9422    0.217194
109          52      243.63     519.151           0     61.3841    0.287868
109          53     243.514     520.142           0     60.3639    0.288745
109          54     243.396     521.133           0     59.8389    0.251927
109          55     243.283     522.125           0     60.6915    0.208293
109          56     243.174     523.117           0     62.6287    0.197306
109          57     243.065     524.109           0     65.4865    0.112466
109          58     242.947       525.1           0     67.4773    0.130461
109          59     242.814      526.09           0     67.3786    0.230187
109          60     242.659     527.076           0      66.884    0.286432
109          61     242.469     528.055           0     65.9845    0.331992
109          62     242.236     529.026           0     67.3347    0.294286
109          63     241.965     529.987           0     69.6008    0.352905
109          64     241.666     530.939           0     69.7717    0.358839
109          65     241.347     531.885           0     73.9312    0.312502
109          66     241.018     532.827           0     82.4948    0.359259
109          67     240.706     533.775           0     83.8419    0.362765
109          68     240.437     534.736           0     81.9118    0.323901
109          69     240.203     535.706           0     77.2302    0.189347
109          70      239.98     536.679           0     71.2672     0.12336
109          71     239.753     537.651           0     62.3542    0.157914
109          72     239.509     538.619           0     58.0863    0.154834
109          73     239.236     539.579           0     58.2711    0.144757
109          74     238.927     540.528           0     61.2699    0.192707
109          75     238.597      541.47           0     61.3219    0.158925
109          76     238.256     542.408           0     64.6711    0.191607
109          77     237.903     543.342           0     67.9389     0.20982
109          78     237.547     544.274           0     66.3056     0.22262
109          79     237.186     545.205           0     67.3522    0.250926
109          80     236.817     546.132           0     66.7205    0.258614
109          81     236.443     547.057           0     64.8671    0.188439
109          82      236.06     547.979           0     67.2323    0.246489
109          83     235.667     548.897           0     63.5998     0.12347
109          84     235.267     549.811           0     62.1186    0.142639
109          85     234.847     550.717           0      61.021    0.165114
109          86     234.414     551.616           0     58.0234    0.088238
109          87     233.972     552.511           0     60.6907    0.198613
109          88     233.531     553.406           0     59.1006    0.155213
109          89     233.098     554.306           0     63.4934    0.264725
109          90     232.668     555.206           0     63.4683    0.174047
109          91     232.244      556.11           0     64.5664     0.28467
109          92     231.816     557.011           0     65.3083     0.27052
109          93     231.392     557.915           0     63.6292    0.185971
109          94     230.969     558.819           0     67.0673     0.26227
109          95     230.552     559.726           0     64.3952    0.192384
109          96     230.143     560.636           0     67.0767    0.267692
109          97     229.733     561.547           0     66.5222    0.237267
109          98     229.329     562.459           0     66.3547    0.236476
109          99     228.918     563.369           0     68.3122    0.363239
109         100     228.505     564.277           0      65.586    0.188639
109         101      228.09     565.185           0     68.0089    0.361042
109         102     227.666     566.088           0     66.3377    0.347473
109         103     227.237      566.99           0      65.559    0.360277
109         104     226.794     567.884           0     64.2267    0.434403
109         105     226.345     568.775           0     60.6518    0.300856
109         106      225.89     569.664           0     58.9063    0.418986
109         107     225.445     570.557           0     52.0161    0.277271
109         108     225.024     571.462           0     44.8606    0.377421
109         109     224.618     572.374           0     31.8911    0.468105
109         110     224.262     573.307           0     19.8218    0.328291
109         111     223.837     574.209           0     10.0292    0.212926
109         112     223.336     575.073           0     4.47705    0.124039
109         113     222.796     575.912           0     1.95342   0.0299329
#1
110           0      272.89     159.415           0     134.688     81.0779
110           1     272.879     160.418           0     122.119     67.3771
110           2     273.053     161.406           0     88.7819       81.78
110           3     273.319     162.373           0     57.2637      65.464
110           4     273.566     163.346           0     39.9785      44.656
110           5     273.818     164.317           0      34.896     28.9491
110           6     274.007     165.302           0      34.972     20.4093
110           7     274.149     166.295           0     34.4496     13.9154
110           8     274.283     167.289           0     33.9445     8.34746
110           9     274.441      168.28           0     32.5256      4.1888
110          10     274.638     169.263           0     30.3775     2.44281
110          11     274.875     170.238           0     28.5769     2.04688
110          12     275.148     171.203           0     27.2395     2.08465
110          13     275.441     172.163           0      25.909       2.242
110          14      275.74      173.12           0     25.6769     2.37787
110          15     276.042     174.077           0     25.9184     2.20063
110          16      276.35     175.032           0     25.6517     1.91778
110          17     276.673     175.981           0     26.3278     1.76956
110          18      277.02     176.922           0     27.8784       1.802
110          19     277.402      177.85           0     29.5794     1.67592
110          20     277.822     178.761           0     33.1286     1.81171
110          21     278.273     179.657           0     37.0504     2.06978
110          22      278.74     180.545           0     41.6385     2.74808
110          23      279.21     181.431           0     46.2361     3.80736
110          24     279.669     182.323           0     50.2036     4.91149
110          25     280.107     183.226           0     54.3091     6.32132
110          26      280.52      184.14           0     56.5253     6.99549
110          27     280.914     185.062           0     57.6647     7.54249
110          28     281.311     185.984           0     56.0679     7.80716
110          29     281.712     186.903           0     52.2767     8.57508
110          30     282.113     187.823           0     49.2263     10.0962
110          31     282.502     188.748           0     48.7493     13.9157
110          32     282.861     189.684           0     53.4472     21.7649
110          33     283.174     190.637           0     62.7677     30.2075
110          34     283.439     191.605           0     72.8334      33.199
110          35     283.695     192.575           0     77.0457     33.8272
110          36      284.01     193.527           0     72.6905     29.6584
110          37     284.404      194.45           0     60.6102     19.0336
110          38     284.843     195.352           0     51.7338     12.2055
110          39     285.282     196.253           0      48.468     10.1673
110          40     285.684     197.173           0     49.8397     10.5973
110          41      286.02     198.118           0     54.2008     10.6739
110          42     286.267      199.09           0     56.1141     9.45027
110          43     286.423     200.081           0     57.5044     8.26883
110          44     286.514      201.08           0     58.4344     7.79226
110          45      286.58     202.081           0     57.4181     7.58385
110          46     286.659     203.081           0     55.4413     7.35892
110          47     286.773     204.078           0     52.9748     7.50663
110          48     286.911     205.071           0     48.9859     7.85011
110          49     287.032     206.067           0     41.3015      7.6249
110          50     287.115     207.067           0     32.2949     7.10342
110          51     287.184     208.068           0     25.0678     6.34659
110          52     287.255     209.068           0     19.5576     5.67483
110          53     287.327     210.069           0     17.1376     5.77143
110          54       287.4     211.069           0     19.5815     6.97442
110          55     287.495     212.068           0     28.3425     8.81966
110          56     287.619     213.063           0     41.3154     10.3523
110          57     287.761     214.056           0     55.0344     11.1293
110          58     287.877     215.053           0     63.9442     10.9894
110          59     287.897     216.056           0     64.8001      13.471
110          60     287.784     217.052           0     58.7911     17.8662
110          61     287.561      218.03           0     49.0218     20.3943
110          62     287.274     218.992           0       42.05     19.0511
110          63     286.956     219.943           0     39.9266     16.4088
110          64     286.633     220.893           0     38.9502     16.3782
110          65     286.322     221.847           0     41.8417     18.3407
110          66     286.022     222.804           0     46.9223      19.733
110          67     285.729     223.763           0     50.7192     19.4314
110          68     285.439     224.724           0     53.6983     18.3181
110          69     285.134     225.679           0     56.1335     17.4144
110          70     284.793     226.623           0     57.0793     16.7976
110          71     284.423     227.555           0     53.3438     14.8134
110          72     284.073     228.495           0     47.3139     10.7501
110          73     283.801     229.461           0      48.268     6.67393
110          74     283.644     230.452           0     63.6518     11.7965
110          75     283.611     231.454           0     88.4566     23.5623
110          76     283.676     232.455           0     112.029     25.1381
110          77     283.736     233.457           0     120.939     30.3943
110          78     283.684     234.459           0     107.128     32.1269
110          79     283.535     235.451           0     83.4454     24.3418
110          80      283.34     236.435           0     67.9935     17.5783
110          81     283.155      237.42           0      67.064     18.4346
110          82     283.094     238.422           0     75.3049     31.4203
110          83     283.329     239.397           0     78.3159     38.3221
110          84     283.896     240.225           0     68.3407     35.8574
110          85     284.607     240.932           0     50.9998     25.8559
110          86     285.317     241.641           0     36.6745     20.0106
110          87     285.949      242.42           0     29.3441     15.8694
110          88     286.461     243.283           0     27.7215     14.5776
110          89     286.838     244.212           0     30.3281     16.6155
110          90     287.094     245.182           0     34.6515     20.3144
110          91     287.254     246.172           0     38.8185     26.7073
110          92     287.341     247.172           0     43.9744     33.7314
110          93      287.39     248.174           0     52.8255      36.893
110          94     287.359     249.176           0     69.4024     31.5492
110          95     287.179     250.163           0     91.7432      37.254
110          96     286.781     251.084           0     102.965     31.7533
#1
111           0     202.938     314.685           0      51.575     18.3481
111           1      202.59     315.634           0     51.3951      14.186
111           2     202.215     316.572           0     48.3443     9.71913
111           3     201.862     317.519           0     44.5219     6.32969
111           4     201.584      318.49           0     41.7253     4.08569
111           5     201.353     319.474           0     41.4343     2.62954
111           6     201.217     320.475           0     42.0278     1.73727
111           7     201.189     321.485           0     41.0875     1.26198
111           8     201.266     322.492           0     38.4562    0.941244
111           9     201.453     323.485           0     35.6258     0.73867
111          10     201.761     324.447           0     34.2583    0.663841
111          11     202.201     325.357           0     33.9391    0.872685
111          12     202.776     326.188           0     35.1285     1.10159
111          13     203.479     326.913           0     38.4072     1.22915
111          14     204.295     327.508           0     42.7846     1.26351
111          15       205.2     327.959           0     48.9948     1.13019
111          16     206.161     328.269           0     50.8723     1.01761
111          17     207.152     328.467           0     53.5175     1.12988
111          18     208.155     328.593           0     57.2706     1.60658
111          19     209.163     328.661           0     60.7928     3.13061
111          20     210.173     328.674           0     63.7166     5.09637
111          21     211.182     328.623           0     65.1371     7.86682
111          22     212.184     328.493           0     64.5267     10.7191
111          23      213.17      328.27           0     61.6699     14.1759
111          24     214.127     327.946           0     58.1437     21.3733
111          25     215.048     327.533           0     53.5207     33.5216
111          26     215.944     327.065           0     52.0109      44.026
111          27     216.824     326.568           0     54.0034     48.6148
111          28     217.705     326.073           0     57.0406      48.548
111          29     218.599     325.602           0      60.591     44.6722
111          30     219.518     325.184           0     63.5725     38.2818
111          31     220.466     324.834           0     65.6885     31.7099
111          32     221.437     324.555           0     66.2568     25.4283
111          33     222.425     324.344           0       66.07     18.6214
111          34     223.423     324.185           0     65.4163      11.176
111          35     224.425     324.058           0      65.486     6.81474
111          36     225.429      323.94           0     66.2853     7.59875
111          37      226.43     323.804           0     66.9189     14.1931
111          38     227.426     323.632           0     66.5672       25.43
111          39     228.414     323.424           0     65.5597     37.4482
111          40       229.4     323.201           0     64.3987     44.8941
111          41     230.392     323.012           0     63.1254      49.302
111          42     231.401      322.95           0     63.1418     51.1882
111          43     232.411     322.975           0     71.1399     53.2078
111          44     233.418     323.055           0      91.161     52.5437
111          45     234.418     323.198           0      107.52      36.079
#1
112           0     281.262     214.378           0     21.7378     21.2714
112           1     282.259     214.456           0      20.859     18.9128
112           2     283.255     214.547           0     20.8019     18.2571
112           3     284.246     214.679           0     22.8295     19.7054
112           4     285.225     214.881           0     29.6083     22.6198
112           5     286.193     215.131           0     43.1176     24.1284
112           6     287.119     215.509           0     57.5791     19.3918
112           7      287.96     216.049           0     65.3949     17.0936
112           8     288.729     216.689           0     57.4546      18.534
112           9     289.509     217.314           0     42.0223     21.1839
112          10     290.336     217.876           0     26.5518     19.2181
112          11     291.193     218.391           0     18.2343     12.8658
112          12     292.051     218.905           0     18.0935      8.1089
112          13      292.88     219.464           0     23.0403     5.45302
112          14     293.672     220.073           0     29.4861     3.43026
112          15     294.439     220.716           0     35.2797     2.39501
112          16     295.195      221.37           0     41.1717     2.86029
112          17     295.954     222.021           0      47.697     3.24559
112          18     296.723     222.659           0     49.0014     3.81147
112          19     297.496     223.294           0     48.4773     3.90635
112          20     298.252     223.948           0     46.2292     4.10123
112          21     298.969     224.644           0     42.0597     4.61018
112          22     299.629     225.396           0     37.8367     5.01084
112          23     300.217     226.205           0     37.3105     5.19219
112          24     300.718      227.07           0     42.5361     4.35511
112          25      301.13     227.981           0     52.9509      3.4705
112          26     301.459     228.925           0     64.4085     3.00748
112          27     301.731     229.887           0     75.4571     3.71973
112          28     301.981     230.855           0     89.8797     7.81536
112          29     302.242     231.821           0      95.146     13.6241
112          30      302.53     232.778           0     90.1277       15.75
112          31     302.833     233.731           0      74.325     12.9587
112          32     303.143     234.682           0     50.3084     8.92381
112          33      303.46      235.63           0     27.9146     7.23288
112          34     303.794     236.572           0      18.309     6.83688
112          35     304.149     237.507           0     25.7003     8.27901
112          36     304.515     238.437           0     47.0914     10.8153
112          37     304.895     239.362           0     75.7941      14.901
112          38     305.299     240.277           0     98.4122     16.3333
112          39     305.734     241.177           0     108.245      17.994
112          40     306.186     242.069           0     105.747     21.7508
112          41     306.606     242.976           0     90.6822     28.3179
112          42     306.971     243.907           0     74.4635     31.4464
112          43     307.293     244.854           0     62.5591     26.2363
112          44     307.583     245.811           0     59.3716     17.6162
112          45     307.841     246.776           0     62.4186     10.3602
112          46     308.066     247.751           0     68.2918     5.83624
112          47     308.246     248.734           0     72.1999     4.15063
112          48     308.375     249.726           0     71.6964      3.3915
112          49     308.435     250.724           0     68.5495     2.78014
112          50     308.407     251.723           0     63.8418     3.10542
112          51     308.308     252.718           0     70.7611     4.57974
112          52     308.132     253.703           0     96.6775     15.2304
112          53     307.966     254.689           0     128.589     32.2412
112          54     307.884     255.685           0     135.566     44.9997
#1
113           0     192.881     152.594           0     62.4315     54.9586
113           1     193.885     152.546           0     52.3534     45.6416
113           2     194.889     152.552           0     31.8187     29.7567
113           3     195.893     152.593           0     17.4314     12.5114
113           4     196.897     152.628           0     15.6666     5.33991
113           5     197.902     152.607           0     20.4696     3.74491
113           6     198.906     152.585           0      27.718     4.58002
113           7      199.91     152.633           0     35.6435     5.59133
113           8     200.897     152.819           0     42.1332     5.55877
113           9     201.838     153.171           0     47.6306     5.37591
113          10     202.711     153.668           0      51.223     5.37551
113          11     203.513     154.273           0     53.6148     5.09181
113          12     204.257     154.948           0      55.301      4.7289
113          13     204.957     155.668           0      54.525     4.35921
113          14     205.628     156.416           0      52.294     3.95759
113          15     206.279     157.181           0     51.4332     3.60471
113          16     206.912     157.962           0     52.4348     3.20372
113          17     207.526     158.757           0     51.2837     3.01548
113          18     208.125     159.563           0     51.9298     2.62604
113          19     208.714     160.376           0     50.5329     2.20374
113          20     209.306     161.188           0     48.9892     1.88602
113          21     209.904     161.996           0     48.7026     1.64003
113          22     210.511     162.796           0        45.9     2.13161
113          23      211.12     163.595           0     46.0175     3.18678
113          24     211.731     164.393           0     46.7255     6.08742
113          25     212.349     165.185           0      51.527     11.0393
113          26     212.972     165.973           0     62.3712     20.7787
113          27       213.6     166.757           0     76.2937     35.5872
113          28     214.233     167.537           0     86.1643     49.5702
113          29     214.856     168.325           0     87.4132     53.2405
113          30     215.443      169.14           0     82.6181     44.6361
113          31     215.973     169.994           0     79.9543     32.8078
113          32     216.444     170.881           0     78.4179     24.4112
113          33     216.859     171.796           0     79.8913     19.9423
113          34     217.246     172.723           0      79.268     17.0837
113          35     217.634      173.65           0     76.6708     15.7535
113          36      218.04     174.569           0     74.3849     15.4287
113          37     218.454     175.484           0     68.8798     14.3633
113          38     218.868       176.4           0     65.7682     12.2812
113          39      219.28     177.316           0     58.7661     8.89817
113          40     219.699     178.229           0       48.64     5.16783
113          41     220.145     179.129           0     36.4375     1.52506
113          42     220.623     180.013           0       21.13    0.242571
113          43     221.122     180.885           0      10.467   0.0218179
113          44     221.633      181.75           0     5.34292           0
113          45      222.15     182.611           0     6.49631    0.186921
113          46     222.665     183.473           0     12.4626     1.83591
113          47     223.176     184.338           0     22.4702     6.36095
113          48     223.624     185.238           0     31.1592     11.3628
113          49         224     186.169           0     36.1689       14.84
113          50     224.326     187.119           0     36.6031      19.892
#1
114           0     162.389     202.322           0     91.6205     41.3106
114           1     163.353     202.138           0     90.0651     37.1543
114           2     164.326     202.002           0      82.734      32.708
114           3     165.304     201.916           0     74.1127       26.54
114           4     166.286     201.912           0     71.0711     30.9188
114           5     167.249     202.101           0     72.8397     51.3196
114           6      168.12     202.554           0     75.1983     51.3867
114           7     168.816     203.247           0     73.9222      25.341
114           8     169.401     204.035           0      66.873     13.1911
114           9     170.025     204.794           0     55.4943     12.5461
114          10     170.773     205.429           0     40.4036     18.8171
114          11     171.634     205.903           0     26.7353     16.1477
114          12     172.557     206.235           0     17.0979       9.052
114          13      173.51     206.471           0      12.238     4.45073
114          14     174.476     206.651           0          11     2.45239
114          15     175.444     206.811           0     11.3604     1.65358
114          16     176.412     206.976           0     12.3882     1.46467
114          17     177.377     207.158           0     13.6564     1.63224
114          18      178.34     207.353           0     15.6791      2.3591
114          19     179.301     207.553           0     17.9343     3.21066
114          20     180.264     207.745           0     21.2133     3.97301
114          21     181.232     207.909           0     24.4228     5.01739
114          22     182.205     208.043           0     27.1278     7.96452
114          23     183.183     208.127           0      28.032     13.7676
114          24     184.164     208.173           0     28.6267     20.7867
114          25     185.145     208.205           0     28.1555       26.34
#1
115           0      255.11     210.473           0     69.3202     43.0438
115           1     254.759     211.418           0     61.0063     37.8745
115           2     254.434     212.373           0     44.6455     27.2557
115           3     254.161     213.343           0     29.9625     10.9381
115           4     253.936     214.326           0     23.1769     1.75799
115           5     253.765     215.319           0     21.5293     1.38102
115           6     253.616     216.317           0     20.8423     3.29353
115           7     253.477     217.315           0     19.6849     6.03784
115           8     253.343     218.314           0     18.5781     8.76723
115           9     253.195     219.312           0     17.4933     10.5191
115          10     253.015     220.304           0      17.588     13.3369
115          11     252.778     221.283           0     20.3209     19.8128
115          12     252.472     222.244           0     26.6108     28.1985
115          13     252.106     223.184           0     35.4024     34.8223
115          14     251.723     224.116           0     44.5607     37.9465
115          15     251.405     225.073           0     51.5567     34.7436
115          16     251.234     226.067           0     54.5138     20.6263
115          17      251.23     227.075           0     57.8567     11.8554
115          18     251.352     228.075           0     61.9808     10.7298
115          19     251.548     229.064           0     66.8145     9.50428
115          20     251.774     230.047           0      70.717     8.40811
115          21     252.005     231.028           0     74.0139     9.60056
115          22     252.223     232.013           0     74.9309     15.0099
115          23     252.386     233.008           0      78.263      24.687
115          24     252.405     234.016           0     82.8261     32.6836
115          25     252.172     234.996           0     83.3399     36.9884
115          26     251.711     235.893           0     75.7528     34.7587
115          27     251.157     236.736           0     65.4787     30.3594
115          28     250.627     237.593           0     54.2247     31.9931
115          29     250.191     238.502           0     46.9116     29.2982
115          30     249.869     239.458           0       43.42     16.5759
115          31     249.658     240.444           0     41.0476     9.43826
115          32     249.536     241.444           0     40.0399     7.60418
115          33     249.488     242.451           0     40.4515     6.77094
115          34      249.51     243.459           0     41.9277     6.12307
115          35     249.598     244.464           0     43.9373      7.0556
115          36     249.761     245.459           0     46.7909     10.1856
115          37     250.012     246.435           0     50.7593     13.8917
115          38     250.333     247.391           0     50.3934     19.2429
#1
116           0     241.557     248.388           0     5.32944     5.07305
116           1     242.556     248.472           0     8.66933     1.79961
116           2     243.559     248.499           0     9.44024     1.13907
116           3     244.557      248.41           0     7.24846    0.548134
116           4     245.549      248.26           0       4.903    0.176371
116           5      246.53     248.057           0     5.56068     1.15181
116           6      247.51     247.845           0     13.5145     5.62715
116           7     248.505     247.717           0     29.7184     19.2576
116           8     249.502     247.817           0     44.9817     14.3132
116           9     250.407     248.249           0     50.3629     2.97085
116          10     251.146     248.926           0     51.5578     11.6446
116          11     251.779     249.704           0     54.8269     18.4599
116          12     252.391     250.498           0     63.4341     22.5436
116          13     253.046     251.256           0     76.4248     27.4531
116          14     253.797     251.921           0     91.0963     37.3958
116          15     254.647     252.452           0     97.6531     42.5835
116          16     255.552     252.885           0     99.7699     40.1328
116          17     256.464     253.299           0       92.34     34.4468
116          18     257.374     253.722           0     76.7356     29.4842
116          19     258.292     254.125           0     56.6418     25.5049
116          20     259.234     254.467           0     36.8409     19.0069
116          21     260.198     254.741           0     24.2251     12.3533
116          22     261.172     254.981           0     18.8281     8.97527
116          23     262.141     255.239           0     17.8703     7.77698
116          24     263.088     255.566           0     20.3648     7.43084
116          25         264     255.984           0     24.9656     7.64079
116          26     264.865      256.49           0     31.4623      8.4312
116          27     265.689     257.061           0     39.5961     10.3064
116          28     266.494     257.659           0     45.1124     17.4492
116          29     267.217     258.353           0     48.7648     24.6314
116          30     267.901     259.086           0     45.9143     36.6785
#1
117           0     150.143     157.814           0     83.0935     66.4798
117           1     151.018     158.287           0     74.6135     56.8752
117           2     151.967     158.587           0     54.6994     34.3962
117           3      152.95     158.733           0     34.7368     21.9675
117           4     153.944      158.78           0     24.1323      13.346
117           5     154.939     158.777           0     19.7991     7.40468
117           6     155.933     158.752           0     18.8029     4.16495
117           7     156.928     158.739           0     19.6663     3.13028
117           8     157.922     158.762           0     20.6841     2.95597
117           9     158.913     158.846           0     20.8463     2.85727
117          10     159.895     159.005           0     20.9905     2.65382
117          11     160.859     159.251           0     19.8552     2.68976
117          12     161.794     159.591           0     18.2909     2.25418
117          13     162.685     160.032           0     18.6545     1.81288
117          14     163.515     160.579           0     21.7408     2.34954
117          15     164.263     161.236           0     28.2074     3.69496
117          16     164.897     162.002           0     36.1807     5.02037
117          17     165.385     162.869           0     39.7911     6.01575
117          18     165.718     163.806           0     41.1542     6.49339
117          19      165.93     164.778           0     40.1821     6.74185
117          20     166.068     165.763           0     38.1851     6.57252
117          21     166.166     166.752           0     37.4593     6.57914
117          22     166.233     167.745           0     38.7902     6.63094
117          23     166.265     168.739           0     40.8797     6.43846
117          24     166.247     169.734           0      42.973      6.3983
117          25      166.17     170.725           0     44.8647     5.94741
117          26     166.035     171.711           0     47.9198      5.2864
117          27     165.849     172.688           0     51.8444     4.64138
117          28      165.62     173.656           0     58.9459     4.07029
117          29     165.353     174.614           0     69.0057     3.71457
117          30     165.037     175.557           0     80.0033     3.58475
117          31     164.645     176.471           0     79.0994     3.66154
117          32     164.161      177.34           0     71.5206     3.27604
117          33     163.596     178.159           0     55.6621     2.04556
117          34     162.989     178.946           0     43.1906     1.22386
117          35     162.362     179.719           0     35.8711    0.679492
117          36     161.736     180.492           0     40.3717    0.331357
117          37     161.112     181.266           0     51.9516    0.165399
117          38     160.479     182.034           0      63.233    0.742872
117          39     159.843     182.798           0     72.5407     3.76059
117          40      159.22     183.574           0     79.2198     12.6791
117          41     158.626     184.372           0      82.693       24.76
117          42     158.058     185.188           0     81.3657     32.6507
117          43     157.475     185.994           0     69.7957     40.9138
117          44     156.853      186.77           0     55.0011     45.7021
117          45     156.198     187.519           0     43.4689     39.1983
117          46     155.551     188.274           0     39.1647     32.4378
117          47     154.963     189.077           0     42.0879     27.6946
117          48     154.482     189.947           0     44.9099     22.4404
117          49     154.115     190.871           0     47.8853     18.8628
117          50     153.821     191.822           0     48.8642     14.5139
117          51     153.533     192.774           0     48.6985     7.85956
117          52     153.186     193.706           0     49.7542     3.62762
117          53     152.751       194.6           0     49.3538     2.62108
117          54     152.236     195.452           0     49.6308     3.60791
117          55     151.666     196.267           0     53.2678     6.45058
117          56     151.071     197.064           0     64.5613     11.5487
117          57     150.483     197.866           0     73.7075     20.6875
117          58     149.945     198.702           0     81.6159     26.8121
117          59     149.491     199.588           0      80.529     19.6941
117          60     149.119      200.51           0     75.5576     10.8359
117          61     148.795      201.45           0     66.1125     6.29656
117          62     148.495     202.399           0     56.7982     4.16485
117          63       148.2     203.348           0     50.3278     2.66712
117          64     147.898     204.296           0     45.5987     2.39814
117          65     147.584      205.24           0     38.7142     2.83802
117          66     147.242     206.174           0     31.8072     3.30483
117          67     146.904      207.11           0     23.4687     3.94515
117          68     146.577     208.049           0     14.3805     4.99183
117          69     146.263     208.993           0     7.31007     5.96666
#1
118           0      293.11     235.245           0     31.2449     35.5353
118           1     293.289     236.233           0     34.7268     28.6742
118           2     293.524     237.209           0     31.1746     22.0291
118           3     293.773     238.182           0     28.2819     15.2285
118           4     293.998      239.16           0     27.9899     12.4915
118           5     294.209     240.142           0     27.1637     13.1737
118           6     294.336     241.138           0     25.3727     20.4319
118           7     294.342     242.142           0     27.5161     21.5184
118           8     294.226     243.139           0     26.8502     17.5809
118           9     293.994     244.116           0     28.2086     14.5837
118          10     293.655     245.061           0     29.6177     14.4723
118          11     293.215     245.963           0     35.8562     14.7027
118          12      292.67     246.806           0     39.4381     13.9904
118          13     292.041     247.589           0     41.2922       20.46
118          14     291.357     248.324           0     42.1772      32.506
118          15     290.655     249.042           0      47.638     44.7956
118          16     289.938     249.745           0     62.5944     52.9922
118          17     289.192     250.416           0     83.2255     53.0636
118          18     288.414     251.051           0      104.95     46.1696
118          19     287.641     251.692           0     108.422     43.8266
118          20     286.961     252.431           0     100.334     47.7854
118          21     286.404     253.266           0     80.4724     38.5473
118          22     285.935     254.154           0     69.5538     23.5621
118          23     285.535     255.075           0     63.3656       17.52
118          24     285.154     256.004           0     61.5251     13.1524
118          25     284.767      256.93           0     58.1966     10.5265
118          26     284.366      257.85           0     53.5186      10.312
118          27     283.942      258.76           0     49.6117     12.5784
118          28     283.495      259.66           0     45.1696     16.1433
118          29      283.03     260.549           0     43.9643     20.5478
118          30     282.572     261.443           0     44.3157     23.0536
118          31      282.15     262.354           0      46.648     22.3367
#1
119           0     275.883     245.987           0      89.512     41.2625
119           1     275.201     246.724           0     82.2417     29.5025
119           2     274.592     247.522           0     70.6061     17.0615
119           3     274.072     248.382           0     63.2257     3.76169
119           4     273.645     249.291           0       63.78    0.990808
119           5     273.349      250.25           0     70.0434    0.646207
119           6     273.188     251.241           0     63.4381    0.458892
119           7      273.12     252.243           0     46.3019     1.44488
119           8     273.123     253.247           0     31.5919     5.77897
119           9      273.21     254.247           0     26.6737     13.0111
119          10     273.425     255.228           0     32.9348     20.9379
119          11     273.816     256.153           0     44.9819     20.1109
119          12     274.416     256.958           0     52.1881     8.08222
119          13     275.182     257.608           0      49.733     3.07437
119          14     276.014     258.169           0      43.189     1.63893
119          15     276.851     258.724           0     33.1786     1.25978
119          16     277.667      259.31           0     27.2989     3.54929
119          17     278.457      259.93           0     27.6733      9.4193
119          18     279.222     260.581           0     33.9545     19.1658
119          19     279.951      261.27           0     42.0084     27.1021
119          20     280.623     262.017           0     47.9138     26.4434
119          21     281.211     262.831           0     50.7209     21.6052
119          22     281.722     263.696           0     48.4183     18.7207
119          23     282.203     264.577           0     42.8113     18.0703
119          24     282.703     265.448           0     35.7254     17.4854
119          25     283.233     266.301           0     31.5156     15.2055
119          26     283.776     267.145           0     34.0377     11.9741
119          27     284.307     267.998           0     44.7361     9.12183
119          28     284.798     268.873           0     65.2409     7.68245
119          29     285.212     269.788           0      88.357      6.4039
119          30     285.506     270.748           0     104.889     6.01341
119          31      285.66     271.741           0     113.072     5.79238
119          32     285.677     272.745           0     111.434     6.02021
119          33     285.581     273.744           0     101.962      6.2783
119          34     285.411     274.734           0      88.931      6.4684
119          35     285.205     275.717           0     76.7324     7.62809
119          36     285.001       276.7           0     67.6921     9.21443
119          37     284.828     277.689           0     60.1759     11.6475
119          38     284.663      278.68           0     54.7119     14.9765
119          39     284.481     279.667           0     48.9843     17.9468
119          40     284.271     280.649           0     42.9301      19.429
119          41     284.032     281.624           0     37.1811     19.5131
119          42     283.777     282.596           0     30.1139     19.3229
119          43     283.518     283.566           0     24.1866     20.2403
#1
120           0     318.434     388.467           0      79.438     43.7424
120           1     317.534     388.892           0     76.9896     63.3376
120           2     316.811     389.578           0     67.7081      50.904
120           3     316.275     390.417           0      60.915     46.5411
120           4     315.855      391.32           0     58.2073     43.7048
120           5     315.477     392.241           0     56.3949     41.7227
120           6     315.121     393.171           0     58.2808     36.0665
120           7     314.773     394.104           0     58.5934     27.9761
120           8     314.434     395.041           0     58.5297      19.869
120           9     314.089     395.975           0     61.0511      12.977
120          10     313.739     396.907           0     61.6712     7.99017
120          11     313.391      397.84           0     64.8415     5.06468
120          12     313.035      398.77           0     72.8839      3.7263
120          13     312.666     399.695           0     74.3417     2.18162
120          14     312.275     400.611           0     75.7025     1.63901
120          15     311.848     401.511           0     75.7403     1.11074
120          16     311.393     402.397           0     71.6602    0.563045
120          17     310.911     403.268           0     71.6457    0.419821
120          18     310.413     404.131           0     69.5064    0.365079
120          19     309.898     404.983           0     75.1609    0.480096
120          20     309.371     405.827           0     79.3119    0.546433
120          21     308.823     406.659           0     86.6151    0.555075
120          22     308.259      407.48           0     90.1219    0.643187
120          23     307.665     408.279           0     91.2082    0.613866
120          24     307.041     409.055           0     93.8961    0.541132
120          25     306.381     409.801           0     83.9142    0.633521
120          26     305.689     410.517           0     76.6389    0.337779
120          27     304.973     411.209           0     75.3202     0.31288
120          28      304.24     411.884           0     77.0495    0.290472
120          29     303.509     412.559           0     80.2501    0.458362
120          30     302.792     413.251           0     87.1655    0.430366
120          31     302.095     413.962           0     91.5702    0.424942
120          32     301.414     414.688           0      85.512    0.373444
120          33     300.745     415.427           0     82.9045    0.332065
120          34      300.09     416.176           0     83.2925     1.04273
120          35     299.443     416.933           0     81.2241     3.35602
120          36     298.807       417.7           0     77.9996     9.20832
120          37     298.182     418.475           0     70.7204     17.4711
120          38     297.553     419.247           0     62.0665     27.1423
120          39     296.916     420.013           0     61.2654     35.4187
120          40     296.262     420.763           0     63.1466     42.4925
120          41     295.561     421.471           0      71.874     46.2001
120          42     294.781      422.09           0     84.6051     47.9819
120          43     293.886     422.526           0      87.462     42.9021
120          44     292.899     422.655           0     87.1379     41.6591
120          45     291.923     422.457           0     88.5887     74.5512
120          46     291.006     422.069           0     92.6926     80.7744
120          47     290.058     421.763           0     93.6247     117.149
120          48     289.064      421.83           0     83.3557     65.9253
120          49     288.159     422.245           0     72.6104     49.7688
120          50     287.383     422.868           0     70.5995     46.4771
120          51     286.726     423.617           0     75.4401     46.7257
120          52     286.186     424.453           0     85.2814     47.3218
120          53     285.791     425.368           0     91.0435     47.4104
120          54     285.605     426.346           0     89.7774     48.4479
120          55     285.623     427.342           0     84.1697     51.1681
120          56     285.753     428.329           0     79.7457     51.9713
120          57     285.858     429.319           0     82.0023     43.2244
120          58     285.806     430.314           0      88.421     30.7304
120          59     285.513     431.265           0     92.4992     26.1261
120          60      284.97       432.1           0     93.1195     28.7669
120          61     284.241     432.779           0     83.1951     32.0294
120          62       283.4     433.312           0     70.5009     25.9468
120          63      282.51      433.76           0     62.7951      17.137
120          64     281.622     434.211           0     65.1044     12.4935
120          65     280.778     434.739           0     78.0667     10.6225
120          66     280.008      435.37           0      99.626     9.92758
120          67     279.314     436.085           0      119.66     9.39473
120          68     278.662     436.837           0     134.063     8.86309
120          69     278.024     437.602           0     139.373     7.93134
120          70     277.388     438.368           0     129.818     6.88042
120          71     276.756     439.137           0     118.162     5.85667
120          72     276.139     439.919           0     106.157     4.82282
120          73     275.535     440.711           0     100.732     4.50147
120          74     274.925     441.498           0     105.796     3.94968
120          75     274.294     442.269           0      113.65     3.75703
120          76     273.639     443.019           0     121.522     3.40243
120          77     272.981     443.766           0     123.883      2.9148
120          78     272.355     444.541           0     120.883     3.25708
120          79     271.777     445.351           0     125.129     3.56768
120          80     271.256       446.2           0     133.068     3.64776
120          81     270.789      447.08           0     138.168     3.31294
120          82     270.375     447.985           0     124.884     2.38513
120          83     269.987     448.902           0     102.004     1.70602
120          84     269.618     449.827           0     75.0073     0.96412
120          85     269.267     450.759           0     66.0063     1.03487
120          86     268.921     451.693           0     68.2834     2.66345
120          87     268.571     452.625           0     67.9995     5.63686
120          88     268.176      453.54           0     69.8718     11.6661
120          89     267.808     454.465           0     67.3272     21.4883
120          90     267.478     455.405           0     61.8254     36.2041
120          91     267.164      456.35           0     58.3834     49.7928
#1
121           0     272.144     319.989           0     4.84658     4.47214
121           1     272.177     320.982           0     4.82301     2.61893
121           2     272.213     321.975           0     4.78744     1.27829
121           3     272.255     322.968           0     4.02357    0.599451
121           4      272.29     323.962           0     3.72138     0.34778
121           5     272.265     324.955           0     3.03278    0.267092
121           6      272.18     325.946           0     3.77534   0.0704583
121           7     272.009     326.925           0      3.9993    0.448531
121           8      271.72     327.876           0     3.12402     3.65324
121           9     271.302     328.778           0           3     6.48136
121          10     270.776     329.621           0     3.70596     6.09334
121          11     270.191     330.425           0     3.49429     6.11132
121          12     269.596     331.221           0      5.5428     6.90186
121          13     269.024     332.034           0     10.2213     7.81886
121          14     268.492     332.873           0     18.5764     8.52298
121          15     267.999     333.737           0     26.1572     8.73003
121          16     267.551     334.624           0     29.8563     8.52196
121          17     267.133     335.526           0     34.1783     8.31054
121          18     266.738     336.438           0     33.5942     9.00248
121          19     266.354     337.355           0     33.3735     11.5031
121          20     265.977     338.274           0      35.869     16.0511
121          21     265.614       339.2           0     34.6602      22.568
121          22     265.252     340.126           0     32.8084     28.6548
121          23     264.887      341.05           0     35.4201     30.6032
121          24     264.537      341.98           0     35.4282     28.0214
121          25     264.183     342.909           0     38.4541     20.8072
121          26     263.819     343.834           0      41.278     12.5078
121          27     263.437     344.752           0     43.6486     6.32439
121          28     262.999     345.644           0     46.9895     6.63046
121          29     262.434     346.462           0     42.0779     6.12141
121          30     261.689      347.12           0     34.5139     5.81483
121          31     260.799     347.563           0      21.413     12.5589
121          32     259.843     347.835           0     8.80756     10.8107
121          33     258.873     348.051           0     6.11365     5.09236
121          34     257.917     348.323           0     9.21959     2.73466
121          35     256.976     348.644           0      12.343     2.86624
121          36     256.027     348.938           0     15.6761     5.12722
121          37     255.049     349.117           0     17.1788     7.81385
121          38     254.055     349.136           0     18.2175     11.7906
121          39     253.064     349.059           0     21.6957      15.871
121          40     252.088     348.873           0     29.7839     19.1722
121          41     251.122     348.638           0     38.7151     23.9553
121          42     250.162      348.38           0     42.3517     30.1645
#1
122           0     166.193      167.14           0     37.6999     41.8393
122           1     167.182     167.172           0     33.7084     33.1751
122           2      168.17     167.148           0     25.0769     21.2825
122           3     169.158     167.099           0     18.4655     15.1198
122           4     170.147     167.133           0      14.967     13.2244
122           5     171.108     167.365           0     13.8524     13.8043
122           6     171.958     167.871           0     12.2076     15.4277
122           7      172.62     168.606           0     11.3804     16.2302
122           8     173.107     169.467           0     10.7868     15.1326
122           9     173.513     170.368           0     9.97434     12.7448
122          10     173.942     171.259           0     9.10059     9.18299
122          11     174.453     172.106           0     8.54665     5.59009
122          12     175.048     172.897           0     7.95229     3.43467
122          13     175.696     173.644           0     7.75192     2.56713
122          14     176.357     174.379           0     8.13535     2.07077
122          15     176.995     175.135           0     9.12937     1.88323
122          16     177.588     175.927           0     11.0589      1.8868
122          17     178.125     176.757           0     12.7264     1.65612
122          18     178.607     177.621           0     13.3767     1.33711
122          19     179.039      178.51           0     13.9815     1.16237
122          20     179.424     179.421           0     14.8455     1.21302
122          21      179.76     180.351           0     16.0269     1.22423
122          22     180.055     181.295           0     17.4977     1.52986
122          23     180.317     182.249           0      19.509     2.51227
122          24     180.546     183.211           0     22.8646     5.29073
122          25     180.742     184.181           0     27.2063     9.89881
122          26     180.909     185.155           0     31.7227     16.1758
122          27      181.05     186.134           0     38.1657     23.2324
122          28     181.163     187.117           0      47.656     32.2906
122          29     181.262     188.101           0     62.0004     49.4542
122          30     181.494     189.062           0      77.572      71.607
122          31     181.891     189.968           0     84.1782     78.0375
#1
123           0     156.738     500.637           0     34.1935     20.5542
123           1     157.716     500.849           0     30.9535     19.3537
123           2     158.647     501.215           0     23.9655      10.453
123           3     159.531     501.686           0     16.9499     9.80684
123           4     160.394     502.191           0     12.5861     11.4498
123           5     161.262     502.689           0     11.3788      13.469
123           6     162.138     503.173           0     15.6033     15.3364
123           7     163.043     503.599           0     26.5456     17.9593
123           8      163.98     503.952           0     47.0426     23.4611
123           9     164.945     504.217           0     69.7717     29.5017
123          10     165.929     504.394           0     79.3906      31.075
123          11      166.92     504.533           0     69.2117     30.8291
123          12     167.908     504.694           0     43.9228      28.322
123          13     168.887       504.9           0     24.3531     21.1135
123          14     169.855     505.155           0     15.7712     12.5861
123          15     170.808     505.458           0     14.5419     7.50485
123          16     171.748     505.802           0     15.3981     6.25376
123          17     172.681     506.164           0     16.6809     6.76367
123          18     173.615     506.523           0     16.7066      7.4785
123          19     174.552     506.876           0     16.3242     8.90113
123          20     175.504     507.181           0     15.4057     11.5988
123          21     176.476     507.421           0     15.2005     16.4727
123          22     177.462     507.592           0     17.0624     18.1793
123          23     178.456     507.703           0     20.6135     21.3987
#1
124           0     146.703     436.773           0     88.6794     45.0043
124           1     145.732     437.046           0     81.8525      37.509
124           2     144.777     437.371           0     62.4912      30.575
124           3     143.831     437.723           0     46.7524     26.9873
124           4     142.905     438.123           0     41.6489     21.5141
124           5     142.034     438.633           0     42.8807     11.2806
124           6     141.274     439.297           0     43.6653     6.72028
124           7     140.642     440.083           0     43.1064     5.36333
124           8     140.112     440.942           0     44.2036     4.60925
124           9     139.644     441.836           0     45.4267     3.72817
124          10     139.212     442.748           0     49.2166     3.04539
124          11     138.794     443.666           0     53.3108     2.70363
124          12     138.386     444.589           0     56.6887      2.5047
124          13     137.992     445.517           0     63.0114     2.91204
124          14     137.624     446.457           0     64.8706     3.22849
124          15     137.286     447.408           0     68.7858     5.04299
124          16     136.968     448.365           0     73.0472     7.87172
124          17     136.659     449.326           0     72.8448     12.3563
124          18     136.358     450.289           0     77.4276     18.3904
124          19     136.067     451.255           0     89.1374     23.4028
124          20     135.809     452.231           0     100.334     23.0398
124          21     135.612      453.22           0     108.615     17.7105
124          22     135.511     454.224           0     108.656     16.7296
124          23      135.49     455.233           0     101.206     24.9105
124          24     135.505     456.242           0     88.6132      36.821
124          25     135.538      457.25           0     74.4984     48.1685
#1
125           0     207.851     393.072           0     60.4055     30.6958
125           1     208.757     393.454           0     54.7314     25.3288
125           2     209.644      393.88           0     43.4014      14.763
125           3     210.522     394.324           0     33.2024      6.2949
125           4     211.399      394.77           0     29.7849     3.15597
125           5     212.271     395.225           0     35.4233     8.19005
125           6     213.117     395.728           0     48.6008     23.2317
125           7     213.907     396.314           0     65.9415     36.4882
125           8     214.603     397.009           0      78.447     28.9238
125           9     215.227      397.77           0     80.6545     24.3018
125          10     215.878     398.508           0     70.6652     27.2813
125          11     216.609     399.166           0     54.3691     19.4827
125          12       217.4     399.751           0     38.6413       7.451
125          13     218.217       400.3           0     27.4273     1.97265
125          14     219.042     400.835           0     20.2978     0.57486
125          15     219.869     401.368           0     15.9624    0.462394
125          16     220.702     401.892           0     14.2546    0.304483
125          17     221.545       402.4           0      13.491    0.321773
125          18     222.404     402.879           0     14.1851    0.311324
125          19     223.283      403.32           0     15.5554    0.273738
125          20     224.184     403.716           0     18.4108    0.299695
125          21     225.104     404.065           0     21.0845    0.321743
125          22     226.037     404.376           0     22.6803    0.349644
125          23     226.975     404.674           0     24.9551      2.4381
125          24      227.91     404.981           0       29.53     7.11857
125          25     228.836     405.311           0     33.9778     14.1731
125          26     229.751     405.675           0     42.2805     24.4448
125          27      230.66      406.05           0     58.8248     38.1939
125          28     231.581     406.397           0        83.1     49.8424
125          29     232.529     406.658           0     110.814     49.2006
125          30     233.497     406.837           0      125.57     57.5144
#1
126           0     82.1857     250.443           0     85.7671     43.6197
126           1     82.3023     251.437           0     80.9384     40.1656
126           2     82.4414     252.429           0     75.6923     31.8127
126           3       82.68     253.402           0     81.9372     27.5091
126           4     83.0199     254.344           0     106.741     34.1757
126           5     83.4021     255.269           0     143.653     54.5943
126           6     83.6823     256.231           0     183.431     88.9241
126           7     83.6522     257.231           0     209.985     67.8951
126           8      83.222     258.136           0      214.07     33.2159
126           9     82.6781     258.977           0     202.919      22.452
126          10     82.2514     259.882           0     174.744     22.7192
126          11     81.9804     260.847           0     145.443     31.6329
126          12     81.8006     261.832           0     124.534     40.5713
126          13     81.6454     262.821           0     114.457      41.432
126          14     81.4784     263.808           0     108.455     37.8128
126          15     81.2809      264.79           0     105.943     33.3906
126          16     81.0369     265.761           0     102.282     29.8096
126          17      80.744     266.719           0     96.2684      26.056
126          18     80.4079     267.662           0     95.0417     23.0362
126          19     80.0557       268.6           0     99.6644     19.9674
126          20     79.7289     269.546           0     101.291     16.2338
126          21     79.4671     270.513           0     102.568     14.8527
126          22     79.2722     271.495           0     101.119      15.473
126          23      79.106     272.483           0     96.9957     16.9589
126          24     78.9179     273.466           0     90.0649     19.0594
126          25     78.6642     274.435           0     80.2195     21.5082
126          26     78.3097     275.372           0     71.7072     23.2582
126          27     77.8189     276.245           0     62.6289     25.4515
126          28     77.2002     277.032           0     52.6861     28.8558
126          29     76.5173     277.765           0     49.6999     29.3281
126          30     75.8482      278.51           0     55.6592     25.2816
126          31     75.2582     279.319           0     70.6128     21.4276
126          32     74.7797     280.199           0     85.4989     23.3626
126          33     74.4119      281.13           0      90.824     26.2953
126          34     74.0988     282.081           0     85.1571     29.1846
126          35     73.7839     283.032           0     68.5843     42.2555
#1
127           0     100.796     318.308           0     64.9769     45.1084
127           1     100.246      319.15           0     76.9757     43.5157
127           2     99.6819     319.984           0     85.1859     42.9866
127           3     99.0943     320.801           0     89.5334     42.6816
127           4     98.4917     321.607           0     90.4212     41.8535
127           5     97.8928     322.416           0     90.6833      38.861
127           6     97.3196     323.243           0     85.9559     35.2624
127           7     96.7888     324.098           0     79.6831     31.1695
127           8     96.3086     324.983           0     72.0882     26.2934
127           9     95.8751     325.891           0     67.7427     21.6887
127          10     95.4744     326.814           0     63.8682     17.9452
127          11       95.09     327.745           0     65.7415     16.7411
127          12     94.7069     328.675           0     66.9061      16.667
127          13     94.3211     329.605           0      68.381     18.1649
127          14     93.9296     330.532           0     71.0858     19.9143
127          15     93.5322     331.457           0     69.7975     19.9736
127          16     93.1209     332.375           0     69.9444     18.9938
127          17     92.6833     333.282           0     65.8783     15.2397
127          18     92.2266     334.178           0      63.045     11.8387
127          19     91.7584     335.069           0     61.7181     10.2588
127          20     91.2918     335.961           0     62.0209     9.38867
127          21     90.8277     336.854           0     63.8931     8.63006
127          22      90.376     337.754           0     63.5348     7.50287
127          23     89.9459     338.663           0     66.0373     7.04065
127          24     89.5417     339.585           0     66.1906     6.41409
127          25     89.1758     340.523           0     68.6651     5.74673
127          26     88.8548     341.477           0     70.1913     5.85438
127          27     88.5844     342.446           0     68.9264      6.9698
127          28     88.3664     343.429           0     67.3052     7.87675
127          29     88.1836     344.418           0     63.3378     8.22241
127          30     87.9896     345.406           0     57.4693     8.31843
127          31     87.7318     346.379           0     50.4689     8.46515
127          32     87.3816     347.322           0     47.2508     8.59521
127          33      86.937     348.225           0     49.3966     10.2962
127          34     86.4352     349.098           0     52.7554     14.3659
127          35     85.9523     349.981           0     57.8032     20.5193
127          36     85.6056     350.925           0     55.8948     17.2694
127          37     85.4903     351.925           0     48.6351     10.1476
127          38     85.5993     352.926           0     38.8996     6.84945
127          39     85.8707     353.895           0     30.8917     5.25306
127          40     86.2407     354.831           0     26.9038     4.52621
127          41     86.6453     355.752           0     25.6612     6.19952
127          42     87.0101      356.69           0     25.3134      11.154
127          43     87.2636     357.664           0     24.2849     14.5241
127          44      87.366     358.666           0     22.0358     10.5548
127          45     87.3489     359.672           0     17.6402     5.96191
127          46     87.2804     360.676           0     13.1061     4.10438
127          47      87.219     361.681           0     10.9513     4.08166
127          48     87.1892     362.687           0     11.3082     5.08935
127          49     87.1909     363.693           0     13.8298     7.46885
127          50     87.1964       364.7           0     19.7002     11.3935
127          51     87.2059     365.706           0     26.5902     16.4649
127          52     87.2188     366.712           0     32.2796     21.8903
127          53     87.2303     367.719           0     35.0415     26.9633
127          54     87.2402     368.725           0     34.7946     31.4936
#1
128           0     244.156     209.154           0     62.3399     54.9462
128           1     244.057     210.145           0     53.9512     46.2391
128           2     243.964     211.137           0     33.5692     27.9078
128           3     243.875     212.129           0     18.6201     12.2209
128           4     243.797     213.122           0      18.572     5.40831
128           5     243.764     214.118           0     26.7948     5.50088
128           6     243.761     215.114           0     37.5963     7.82527
128           7     243.773      216.11           0     49.0488     10.7695
128           8      243.78     217.106           0     59.7199     16.6147
128           9     243.784     218.102           0     69.3246     24.0226
128          10     243.817     219.098           0     77.4885     32.2496
128          11     243.965     220.083           0     83.8771      35.211
128          12     244.332     221.009           0     81.2925     35.7028
128          13     244.931     221.805           0     70.6226     33.8514
128          14     245.681      222.46           0     59.1906     18.5178
128          15     246.499     223.029           0     52.2904     9.29774
128          16     247.339     223.565           0     47.0985     7.63848
128          17     248.177     224.103           0     47.7697     9.35635
128          18     249.019     224.635           0     49.6646      12.708
128          19     249.894     225.111           0     52.6244     16.3921
128          20     250.833     225.446           0      53.742     27.7327
128          21     251.822      225.56           0     51.2936     44.3448
128          22     252.815     225.487           0     45.1722     37.7925
128          23     253.801     225.343           0     37.7799     26.9512
128          24     254.791     225.236           0     31.5925     18.8623
128          25     255.787     225.216           0     26.4145     11.0137
128          26     256.781     225.285           0     23.5817     5.63139
128          27     257.766     225.436           0     23.0254     4.57198
128          28     258.736     225.662           0     25.1219     5.12667
128          29     259.688     225.955           0     30.0355     7.34878
128          30     260.618     226.311           0     38.2156      11.234
128          31     261.517      226.74           0     51.1839     20.9851
128          32     262.348      227.29           0     65.6858     40.2797
128          33     263.027     228.019           0     77.0068     32.5812
128          34     263.479     228.906           0       75.27     14.9131
128          35     263.802     229.848           0     67.7751     14.3251
128          36     264.144     230.784           0     58.5633     20.0749
128          37     264.581     231.679           0       51.83     22.0431
128          38     265.127     232.513           0     50.5843     22.9111
128          39     265.703     233.325           0     54.1208      28.419
128          40     266.249     234.158           0     59.6916     36.0086
128          41     266.717     235.038           0     63.8876     43.8607
#1
129           0     200.551     374.014           0     25.0825     20.7196
129           1      200.29     374.976           0     31.2665     16.9157
129           2     200.051     375.944           0     37.4667     11.7773
129           3     199.864     376.923           0     44.3373     8.05527
129           4      199.74     377.912           0      49.302     6.11351
129           5     199.655     378.906           0     53.8706     5.95547
129           6     199.551     379.897           0     54.9986     6.74578
129           7     199.377     380.879           0     54.4225     8.64511
129           8     199.088     381.833           0     50.6812     13.1922
129           9     198.684     382.745           0     43.3552     17.7719
129          10     198.209     383.621           0     38.1148     18.7499
129          11     197.716     384.488           0     34.6056     16.9864
129          12     197.246     385.367           0     32.9351      14.851
129          13     196.819     386.268           0     31.9826     13.3125
129          14     196.444     387.191           0     31.5998     12.2602
129          15     196.109      388.13           0     33.5311     11.8151
129          16       195.8     389.078           0     34.5401     12.0818
129          17     195.501      390.03           0     36.5876      12.972
129          18     195.182     390.974           0       40.98     13.6496
129          19     194.813       391.9           0     43.1464     13.3558
129          20     194.393     392.804           0     43.0118     12.4015
129          21     193.931     393.688           0     42.2647     11.7141
129          22     193.453     394.563           0     39.0837     11.0461
129          23      192.98      395.44           0      38.022     10.8204
129          24     192.528     396.329           0     35.5162     10.7172
129          25     192.104     397.231           0     35.3849     10.7721
129          26     191.709     398.147           0     34.2524     10.7693
129          27     191.338     399.072           0     33.6371     11.1234
129          28     190.981     400.003           0        34.9     11.1194
129          29     190.638     400.939           0     33.2697     11.0116
129          30     190.317     401.883           0     32.3976     11.1751
129          31     190.049     402.843           0     32.7779     11.0813
129          32      189.89     403.828           0     32.0056     11.1237
129          33     189.884     404.825           0     31.2508     12.1241
129          34     190.068     405.804           0     30.1422     15.1115
129          35     190.406     406.742           0     31.6465     19.3104
129          36     190.811     407.653           0     35.7998      20.653
129          37     191.219     408.563           0     38.5079     17.9117
#1
130           0      86.954     492.022           0     96.8152     88.2563
130           1     87.9297     491.844           0     89.1505     80.1612
130           2     88.8973     491.627           0      70.393     69.0608
130           3     89.8456     491.337           0     47.1969     48.5683
130           4     90.7788     491.002           0     26.2138     24.0233
130           5     91.7142     490.672           0      12.821     7.88136
130           6     92.6645     490.389           0     7.54315     2.25549
130           7     93.6276     490.153           0     7.47499    0.543497
130           8     94.6008     489.962           0     10.3803    0.178767
130           9     95.5798     489.804           0     13.5433     0.27022
130          10      96.561      489.66           0     17.0948    0.382571
130          11     97.5426     489.519           0     20.8888    0.563456
130          12     98.5236     489.374           0     24.8525    0.809501
130          13     99.5015     489.209           0     28.8777     1.00558
130          14     100.469      488.99           0      31.904     1.19539
130          15     101.408     488.672           0     31.7422     1.37974
130          16     102.288     488.216           0     29.7924     1.55105
130          17     103.081     487.619           0     26.7081     2.02202
130          18      103.78     486.916           0       25.01     1.91946
130          19     104.412     486.152           0     26.8965     5.41453
130          20     105.046     485.389           0     33.2745     12.6099
130          21     105.757     484.699           0     38.4849      17.859
130          22     106.565     484.124           0     39.9681     28.2326
#1
131           0     156.311     550.416           0      59.316     33.2952
131           1     155.826     551.281           0     79.3029     23.8135
131           2     155.354     552.154           0     97.1069     20.4604
131           3      154.92     553.046           0     114.164     21.2099
131           4     154.561     553.971           0     114.858     21.5711
131           5     154.267     554.918           0     118.734     18.4582
131           6     153.971     555.865           0     124.005     15.7244
131           7     153.655     556.805           0     120.472     13.3419
131           8     153.312     557.736           0     122.423     11.7698
131           9     152.944     558.657           0     126.884     12.1511
131          10     152.559     559.571           0     118.307     13.3688
131          11     152.133     560.467           0     111.175     15.2861
131          12     151.632     561.324           0     96.1756     16.9271
131          13     151.058     562.132           0     84.1759     19.7042
131          14     150.417      562.89           0     74.1982     23.6896
131          15     149.735      563.61           0     68.3393     27.1701
131          16     149.032      564.31           0     66.3269     29.1647
131          17      148.32     565.001           0     66.3202     29.0662
131          18     147.599     565.682           0     67.6999      27.089
131          19     146.877     566.362           0     72.6476     23.4806
131          20     146.163     567.051           0     81.9431     19.2284
131          21     145.484     567.774           0     94.8778     15.9084
131          22     144.875     568.557           0     109.456     14.2119
131          23      144.37     569.411           0     115.232     14.4628
131          24     143.951      570.31           0     115.229     16.0372
131          25     143.582     571.231           0     97.8211     17.4706
131          26     143.244     572.164           0     81.3116     20.8912
131          27     142.944     573.109           0     71.3972      24.876
131          28     142.699      574.07           0     72.8321     29.6639
131          29     142.475     575.037           0     89.7418     35.4537
131          30     142.187     575.986           0     107.887     42.9424
131          31     141.729     576.866           0     104.332     51.0324
131          32     141.083     577.619           0     84.5418      56.002
131          33     140.312     578.243           0     57.2493     59.4722
131          34     139.466     578.761           0     33.6794     56.3354
131          35     138.576     579.199           0     25.2229      46.042
131          36      137.66      579.58           0     31.0578     42.1643
131          37     136.752      579.98           0     43.1483     38.1712
131          38     135.891     580.472           0     54.1265     23.0729
131          39     135.094     581.062           0     59.3811     19.1227
#1
132           0     155.746     428.311           0     34.4071     13.9607
132           1     156.737     428.287           0     31.4885     6.74635
132           2     157.726     428.208           0     23.9468     1.96098
132           3     158.714     428.122           0     14.7026    0.421564
132           4     159.704      428.06           0     7.01217    0.025382
132           5     160.695     428.033           0     2.90399  0.00299524
132           6     161.687     428.052           0     3.37381    0.192406
132           7     162.677     428.105           0     7.99262     1.14486
132           8     163.662     428.219           0     16.6957     4.14366
132           9     164.627     428.452           0     29.7896     13.9872
132          10     165.522     428.878           0     43.8798     27.0841
132          11     166.266     429.533           0     54.1984     12.1532
132          12     166.846     430.338           0     60.0404      6.0757
132          13     167.418     431.148           0      59.301     12.1063
132          14     168.154     431.813           0     52.6499     24.9502
132          15     169.061     432.215           0     40.6541     24.1667
132          16     170.039     432.377           0     31.8426     20.3793
132          17     171.031     432.386           0     28.0071     17.7857
132          18     172.022     432.343           0     28.4315     19.3117
132          19     173.012     432.288           0     33.8373      24.157
132          20     174.001     432.208           0     44.0074     28.2428
132          21     174.981      432.06           0      53.874     25.4451
132          22     175.946     431.828           0     56.4849     27.3071
#1
133           0     217.815     355.691           0     40.1277     34.9138
133           1     217.397     356.601           0     41.9286     29.8997
133           2     216.977     357.511           0      44.964     24.9181
133           3     216.535      358.41           0     45.0127     21.4014
133           4      216.07     359.297           0     45.7773     19.5504
133           5     215.633     360.199           0     44.9612     17.9186
133           6     215.213     361.108           0     44.4587     16.6273
133           7     214.829     362.034           0     44.4365     15.0418
133           8     214.485     362.975           0     43.0114     12.4326
133           9     214.162     363.923           0     43.3242     11.1999
133          10     213.829     364.868           0     38.9888     11.1125
133          11     213.481     365.808           0     36.6966     10.9049
133          12     213.119     366.742           0     35.9629     10.5953
133          13     212.754     367.675           0      33.997     10.5367
133          14     212.388     368.608           0     32.0686     10.0906
133          15     212.018     369.539           0     31.9636     9.65786
133          16     211.642     370.468           0     31.3186     9.71298
133          17     211.265     371.396           0     32.0256     9.49056
133          18     210.896     372.328           0     33.2579     8.77426
133          19     210.545     373.266           0     34.2419     7.79419
133          20     210.219     374.213           0     35.5154     6.71921
133          21     209.929     375.172           0     35.6979     5.89633
133          22     209.687     376.145           0      34.443     5.24669
133          23     209.495     377.128           0     32.6807     5.23795
133          24      209.36     378.121           0     30.2777     5.47034
133          25     209.291      379.12           0     27.3481      5.8212
133          26     209.287     380.122           0      24.539     6.66492
133          27     209.326     381.123           0     23.3663     7.90265
133          28     209.355     382.125           0     23.8353     9.40024
133          29     209.326     383.126           0     24.9042     10.8771
133          30     209.205     384.121           0     26.6278     12.3547
133          31     208.987     385.099           0     28.1846     13.7601
133          32     208.692     386.056           0      29.822     15.9912
133          33     208.377     387.007           0     32.0265     18.0203
133          34     208.104     387.971           0     35.7847     18.7666
133          35     207.922     388.957           0     41.9739     18.0377
133          36     207.859     389.957           0     49.6714     17.3401
133          37     207.886     390.958           0     56.2722     17.0617
133          38     207.921      391.96           0     61.2536     19.4991
133          39     207.866      392.96           0     60.9346     27.5385
133          40     207.669     393.942           0     54.6349     34.1378
133          41     207.351     394.892           0     47.6196     33.4216
133          42     206.962     395.816           0     42.6888     29.2294
133          43     206.546     396.727           0     37.7448     24.7349
133          44     206.115     397.632           0     36.0035     21.3668
133          45     205.671      398.53           0     32.9534     18.5457
133          46     205.217     399.423           0     31.2109     16.7175
133          47     204.749     400.309           0      29.766     15.1248
133          48     204.273      401.19           0     29.4676     13.6987
133          49     203.791     402.069           0     29.3227     13.1678
133          50     203.311     402.948           0     29.9565     12.9362
133          51     202.834     403.829           0     31.3544     13.0705
133          52     202.363     404.714           0     32.0266     13.3354
133          53     201.897     405.601           0     34.8321     13.8387
133          54     201.435      406.49           0     35.5507     14.0879
133          55     200.969     407.377           0      37.843     14.0804
133          56     200.496      408.26           0     36.7383     13.8445
133          57     200.011     409.137           0     37.6727     14.1019
133          58     199.509     410.004           0     35.9927     13.6497
133          59     198.986     410.859           0     36.7924     13.8163
133          60     198.437     411.696           0     36.0997     14.0181
133          61     197.849     412.508           0     38.7997     14.0341
133          62     197.225     413.292           0     43.7087     13.9061
133          63     196.576     414.055           0     52.1974     13.6547
133          64     195.921     414.813           0     59.6138     13.2895
133          65     195.283     415.586           0     58.8259     13.0316
133          66     194.661     416.371           0     53.3221     12.9926
133          67     194.046     417.162           0     45.4209     12.5991
133          68     193.427     417.949           0      34.922     12.8823
133          69     192.804     418.734           0     28.2311     12.9943
133          70     192.171     419.511           0     23.2251     13.3658
133          71     191.522     420.275           0     19.5871     13.8933
133          72     190.862     421.028           0     16.6473     14.2963
133          73     190.195     421.776           0     14.3115      15.098
133          74     189.526     422.522           0     13.7462      16.417
133          75     188.861     423.271           0     15.3467     18.2872
133          76      188.21     424.033           0     17.6507     21.0123
133          77     187.583     424.814           0     21.5386     24.2291
133          78     186.992     425.623           0     25.2405     26.6051
133          79     186.493     426.492           0     26.2494     25.3162
133          80     185.981     427.353           0     26.2376     23.3634
133          81     185.434     428.193           0     23.7717     20.7626
133          82     184.874     429.024           0     20.6569     18.6814
#1
134           0     285.892     154.994           0      46.302     73.2925
134           1     286.334     155.914           0     41.3547     54.3953
134           2      286.66     156.881           0     29.8808     38.8465
134           3     286.917     157.869           0     21.1308     19.0025
134           4     287.166     158.859           0     16.1848     7.59797
134           5     287.438     159.843           0     13.8078     2.19718
134           6     287.735     160.819           0     12.8305    0.419299
134           7     288.034     161.795           0     14.5833    0.442187
134           8     288.325     162.774           0     17.0507    0.785118
134           9     288.606     163.755           0     20.4772     1.17436
134          10     288.885     164.737           0     24.5475     1.49174
134          11     289.169     165.717           0     27.2909     1.59865
134          12     289.466     166.694           0     29.7111     1.50722
134          13     289.783     167.664           0     31.3033     1.54877
134          14     290.131     168.624           0     30.8844     1.70734
134          15     290.519     169.568           0     28.6015     1.69177
134          16     290.954     170.491           0     25.5729     1.96097
134          17     291.434     171.392           0     20.6438     2.04283
134          18      291.95     172.273           0     16.2678     2.07298
134          19     292.489      173.14           0        12.6     2.09244
134          20     293.045     173.996           0     9.96342     1.86664
134          21     293.598     174.854           0      8.2053      1.7607
134          22     294.139     175.719           0     7.24169     1.88256
134          23     294.662     176.596           0     6.79892     3.66754
134          24      295.17     177.481           0     7.73313     8.14266
#1
135           0     285.838     337.755           0     63.2535     34.6154
135           1     286.536     338.472           0     62.1819     31.7427
135           2     287.171     339.246           0     59.3415     27.0446
135           3     287.778     340.042           0      54.978     23.4612
135           4       288.4     340.826           0     49.3471      19.032
135           5     289.009     341.621           0     45.1855       13.93
135           6     289.624     342.411           0     35.5927     8.40043
135           7     290.234     343.204           0     29.9409     3.90904
135           8     290.809     344.024           0     31.6396     2.18552
135           9     291.327     344.881           0     31.9422     2.40896
135          10     291.806     345.759           0     29.0864     3.05158
135          11       292.3      346.63           0     24.8341     3.61261
135          12     292.837     347.475           0     20.7894     4.12696
135          13     293.412     348.295           0     19.7269     5.72168
135          14     293.992     349.111           0     23.3956     7.64034
135          15     294.536     349.951           0      29.889     9.55897
135          16     295.027     350.823           0     37.9187     11.1036
135          17     295.463     351.724           0     41.4552     10.9279
135          18     295.887     352.631           0     43.0281     11.0576
135          19     296.343     353.522           0     39.0626     10.8936
135          20     296.851     354.385           0     36.4766     11.8824
135          21     297.405     355.219           0     35.1538     13.6967
135          22     297.989     356.032           0     37.9442     16.7231
135          23      298.58      356.84           0     39.2754     19.8005
135          24     299.171     357.647           0      39.768     21.7835
135          25      299.77      358.45           0      36.799     21.9019
135          26     300.394     359.233           0     30.9314     22.1509
135          27     301.057     359.983           0     25.8022     22.9892
135          28     301.774     360.681           0      25.078      25.614
135          29     302.559     361.303           0     31.3281      29.285
135          30      303.42     361.813           0     44.0113     33.8234
135          31     304.356     362.168           0     60.6125      41.831
135          32     305.333     362.387           0     81.7726     56.1809
135          33     306.327     362.506           0     109.149     76.1001
135          34     307.317     362.655           0     137.157     100.272
135          35     308.279     362.932           0      152.12     114.249
#1
136           0     165.915       583.3           0     157.764     117.643
136           1     166.914     583.225           0     141.399     91.7446
136           2     167.914     583.173           0      93.028     56.3245
136           3     168.913     583.098           0     60.2791       39.15
136           4     169.894     582.899           0     58.1298      31.506
136           5      170.87     582.673           0     69.4306     30.7703
136           6     171.729     582.158           0     75.5898     37.0243
136           7     172.384     581.401           0     72.3742     40.4219
136           8     172.882     580.532           0     69.8633     39.9751
136           9     173.294     579.619           0     65.4813     38.5795
136          10     173.654     578.685           0     64.8073     37.1761
136          11     173.986      577.74           0     70.4317     36.2236
136          12     174.311     576.792           0     78.7069     34.7944
136          13     174.669     575.857           0     95.4471     34.4851
136          14     175.071      574.94           0     112.867     36.2767
136          15     175.464     574.019           0     116.293     37.5201
136          16     175.795     573.074           0      108.67     39.0339
136          17     176.066      572.11           0     94.1826     40.3939
136          18     176.335     571.145           0     84.0562     41.1631
136          19     176.664     570.199           0     84.3983     37.9304
136          20     177.071     569.284           0     93.0922     29.7434
136          21     177.531     568.394           0     103.985     21.8885
136          22     178.022     567.522           0     118.744      19.261
136          23     178.511     566.648           0     128.377     19.3589
136          24     178.981     565.764           0     140.152     20.7644
136          25     179.408     564.858           0       140.6     21.0401
136          26     179.806     563.938           0     140.751     20.6032
136          27     180.192     563.015           0     137.893     17.9212
136          28     180.577      562.09           0     133.863     14.8662
136          29     180.969     561.169           0     137.985     12.7823
136          30     181.366     560.249           0     136.499     11.1477
136          31     181.778     559.336           0     140.879     11.1077
136          32     182.216     558.436           0     143.058     11.1655
136          33     182.657     557.537           0     144.045     11.7867
136          34     183.078     556.628           0     148.363     13.3039
136          35      183.42     555.687           0      145.97     14.4876
136          36     183.647     554.711           0     143.324     15.1887
136          37     183.761     553.716           0     139.567     15.3673
136          38     183.791     552.715           0     142.825     15.8046
136          39     183.811     551.714           0     162.034     16.0447
136          40     183.961     550.724           0     186.104     14.9825
136          41      184.41     549.829           0     179.171     13.5787
136          42     185.037     549.048           0     149.862     13.3218
136          43     185.683     548.282           0     112.344     13.4783
136          44     186.292     547.487           0     98.4353      15.429
136          45     186.859     546.662           0     102.913     21.6916
136          46     187.407     545.824           0     114.649     30.1877
136          47     187.961      544.99           0     132.478     40.0297
136          48     188.527     544.164           0      140.32      49.587
136          49     189.072     543.323           0     147.404      55.581
136          50     189.545      542.44           0     144.957     52.3837
136          51     189.925     541.514           0     139.288     46.7238
136          52     190.249     540.566           0     132.137     42.9308
136          53     190.549     539.611           0     135.862     40.9425
136          54     190.825     538.648           0     155.671     41.8469
136          55     191.047     537.672           0     188.044     50.4072
136          56     191.197     536.681           0     220.776     62.7083
136          57     191.368     535.695           0     234.311     66.4713
136          58     191.764     534.775           0     215.786     59.5766
136          59     192.306     533.933           0     174.879      55.057
136          60      192.89     533.119           0     137.611     51.1745
136          61     193.474     532.306           0     113.878     44.2575
136          62      194.05     531.486           0     103.962     35.9807
136          63     194.608     530.655           0      98.098     30.2979
136          64     195.155     529.816           0     97.1828     28.8884
136          65     195.715     528.986           0     97.4223     28.6356
136          66     196.325     528.191           0     96.7785     27.4999
136          67         197     527.451           0     92.8059     27.1352
136          68     197.721     526.757           0     83.8034     29.7313
136          69     198.464     526.085           0     73.2361     34.2127
136          70     199.214     525.422           0       64.56     39.5433
136          71     199.981     524.777           0     60.5718     44.2287
136          72     200.779     524.173           0     60.3654      45.787
136          73     201.614      523.62           0     62.4615     45.5499
136          74     202.475     523.108           0     64.7905     47.2491
136          75     203.335     522.594           0     65.2598     48.1324
136          76     204.163     522.031           0     63.5332     40.6195
136          77     204.936     521.395           0     59.8656      27.624
136          78     205.656     520.699           0     55.4531     17.0441
136          79     206.341     519.968           0     53.5024     10.3126
136          80     207.002     519.216           0      52.205     5.89846
136          81     207.639     518.443           0     50.1453     3.51156
136          82     208.257     517.655           0     48.8493     1.84522
136          83     208.854     516.851           0     48.0287     1.02811
136          84     209.428     516.031           0     46.9165     1.02615
136          85     209.972      515.19           0     51.5653      1.6412
136          86     210.488     514.331           0      55.632     2.28978
136          87     210.985     513.462           0     66.1079     3.06182
136          88     211.472     512.587           0     69.5127     4.25447
136          89     211.951     511.707           0     71.8744     6.38787
136          90     212.419     510.822           0     61.9784     10.4261
136          91     212.853     509.919           0     50.1087     17.6678
136          92     213.228     508.991           0     37.7926     25.9849
136          93     213.509      508.03           0     31.1787     34.9782
136          94     213.741     507.055           0     37.3598     45.2271
136          95     213.924     506.071           0      63.567     54.8006
136          96     214.095     505.084           0     100.135     62.3454
136          97     214.192     504.087           0     115.188     62.1383
#1
137           0     239.827     399.153           0     72.8062     63.9763
137           1     240.848     399.159           0     69.3213     44.6453
137           2     241.847     399.375           0     57.5196     50.0788
137           3     242.771     399.811           0     42.3119     36.2146
137           4      243.62     400.379           0     30.0951     24.2362
137           5     244.426     401.007           0     21.8434     17.8301
137           6     245.218     401.651           0     16.4572     13.2875
137           7     246.032      402.27           0     13.3746     9.69965
137           8     246.879      402.84           0     10.4212     7.29158
137           9     247.763     403.352           0      8.3906     5.50517
137          10     248.677     403.809           0           8     4.66361
137          11     249.614     404.216           0     8.74649     4.70906
137          12     250.565     404.588           0      11.284     4.92811
137          13     251.528     404.931           0     15.5329      5.9431
137          14     252.502     405.239           0     21.4884     7.27453
137          15      253.49     405.498           0     28.4234     9.50137
137          16     254.493     405.692           0     34.7029     11.9162
137          17     255.506     405.825           0      37.331     14.5185
137          18     256.524     405.913           0     37.8673     18.4302
137          19     257.543     405.982           0     37.9733     25.2618
137          20     258.563     406.045           0     44.8014     33.8242
137          21     259.581     406.124           0     81.5554     47.8359
137          22     260.592     406.275           0     135.079     69.4164
137          23     261.562     406.593           0     154.587     81.3276
#1
138           0     134.023     425.238           0     44.2099     22.5747
138           1     133.847     426.232           0      40.464     17.8663
138           2      133.58     427.204           0     35.9328     21.4265
138           3     133.214     428.144           0     35.1774     18.8184
138           4     132.795     429.062           0     39.1738     11.9673
138           5     132.368     429.975           0     43.4169     6.46854
138           6     131.944     430.891           0     48.3697     4.59007
138           7     131.536     431.813           0     51.4983     4.89436
138           8      131.14     432.741           0     57.5059     6.43032
138           9     130.742     433.668           0     62.0686     8.09502
138          10     130.327     434.587           0     66.0932     9.75649
138          11     129.885     435.494           0     70.4625     11.2177
138          12     129.417     436.387           0     72.4492     12.1937
138          13      128.93     437.271           0     76.6445     12.6762
138          14     128.426     438.145           0     76.6515      13.088
138          15     127.899     439.004           0     77.2732     13.1714
138          16     127.341     439.845           0     74.7305     13.5155
138          17     126.741     440.656           0     77.8455      14.788
138          18     126.112     441.444           0     88.8646     18.0247
138          19     125.476     442.227           0     110.491     24.6874
138          20     124.873     443.036           0     139.022     30.0199
138          21     124.353       443.9           0      160.54     29.6204
138          22     123.917      444.81           0     169.169     30.9976
138          23     123.491     445.724           0     148.249      36.102
138          24     122.991       446.6           0     117.138     32.5776
138          25     122.427     447.436           0     83.8019     20.9899
138          26     121.836     448.254           0     67.0279     11.7214
138          27     121.258     449.081           0     62.6979     6.93577
138          28     120.708     449.926           0     62.2757      5.0494
138          29     120.186     450.789           0     62.4177      4.4567
138          30     119.672     451.657           0     60.0317     4.23529
138          31     119.155     452.524           0     58.9467     3.64991
138          32     118.628     453.383           0      56.751     2.61478
138          33     118.089     454.236           0      55.881     1.78933
138          34     117.538     455.081           0     52.2225     1.70817
138          35      116.98     455.921           0     50.8498     2.18722
138          36      116.42      456.76           0     47.5482     2.80713
138          37     115.862       457.6           0     47.9028     3.64471
138          38     115.314     458.447           0     48.2174     4.64251
138          39     114.777     459.301           0     49.8208     5.56028
138          40     114.257     460.166           0     51.2612      6.5194
138          41     113.759     461.043           0     53.5147     7.34362
138          42     113.298      461.94           0     55.9935     8.11617
138          43     112.887     462.861           0     57.3431     8.81332
138          44     112.539     463.808           0     54.6979     9.35384
138          45     112.244     464.772           0     54.5875     10.2348
138          46     111.988     465.748           0     58.1642     11.3178
138          47     111.782     466.736           0     62.0121     12.5497
138          48     111.651     467.736           0     65.5439     13.6152
138          49     111.618     468.744           0     64.1506     14.4931
138          50     111.657     469.752           0     57.0703     15.2454
138          51     111.759     470.755           0     47.2644     15.7245
138          52     111.894     471.755           0     35.7531     15.2402
138          53     112.029     472.755           0     23.8649      13.676
138          54     112.146     473.756           0     13.3639     11.0681
#1
139           0     70.1387     337.583           0     85.8435     61.3541
139           1     70.2672     338.555           0     80.2436     52.5035
139           2     70.5879     339.482           0     67.8184     43.9067
139           3     71.0829     340.329           0      54.404     31.9243
139           4       71.67     341.114           0     45.2712     30.7724
139           5     72.2778     341.884           0     43.5428     30.5078
139           6     72.8509      342.68           0     46.5395     28.7626
139           7     73.3982     343.494           0     48.6908     27.5463
139           8     73.9378     344.313           0      50.525     26.6587
139           9     74.4969     345.119           0     52.7924     28.6239
139          10     75.1064     345.887           0     58.2162     37.7108
139          11     75.8039     346.577           0     68.9334      53.659
139          12     76.6305     347.105           0     78.6461     51.3362
139          13     77.5604     347.417           0     80.3926     41.4195
139          14      78.521     347.615           0     73.2764     32.0743
139          15     79.4689     347.867           0     58.0327     24.1488
139          16     80.3771     348.237           0     39.1333     19.4346
139          17     81.2478     348.689           0     25.4307     16.7967
139          18     82.0964      349.18           0     22.5739     15.6486
139          19     82.9562     349.652           0      29.263     16.9543
139          20     83.8354     350.087           0     43.1941     22.9171
139          21     84.7255     350.499           0     53.8901     30.5499
139          22     85.6103     350.922           0     55.8917     34.0671
#1
140           0       236.4     359.422           0     23.6084     18.8478
140           1      236.47     360.407           0     30.2512      19.808
140           2     236.595     361.386           0     34.5643     22.1523
140           3     236.802     362.352           0     37.1838     26.2005
140           4     237.046     363.309           0     40.9711     33.8939
140           5     237.199     364.284           0     47.7845     43.4878
140           6     237.168     365.271           0     53.9332     39.5595
140           7     236.941     366.232           0     56.6774     32.8163
140           8     236.628     367.168           0     55.4528     33.0476
140           9     236.387     368.125           0     52.5505     37.1222
140          10     236.325     369.111           0     47.4714     42.8708
140          11     236.448     370.091           0     42.4263     44.2069
140          12      236.68      371.05           0     39.6085     40.7746
140          13     236.906     372.011           0     39.0216     34.8183
140          14     236.995     372.995           0     40.9844     29.1659
140          15     236.868     373.974           0     43.5323     26.8951
140          16     236.534     374.903           0     43.0223     26.1306
140          17     236.074     375.776           0     41.9183     25.8298
140          18     235.555     376.616           0      40.255     25.2843
140          19     235.024     377.449           0     39.5078     24.6936
140          20     234.493     378.281           0     38.4971     24.2111
140          21     233.963     379.114           0      39.053     23.8831
140          22      233.42     379.939           0     40.4125     24.4332
140          23     232.872      380.76           0     42.4273     26.5909
140          24     232.327     381.584           0     45.7487     30.1958
140          25     231.814     382.427           0     54.1064     35.7902
140          26     231.237     383.228           0     64.7646     49.4091
140          27     230.525     383.912           0     73.9949     57.2633
140          28     229.671     384.408           0     75.1655     59.8698
#1
141           0     132.159     267.045           0     220.115     80.4329
141           1     133.071     267.425           0     189.163     57.1534
141           2     133.924     267.922           0     132.274      37.755
141           3     134.753     268.458           0     80.8566      30.536
141           4     135.575     269.006           0     52.1323     27.5362
141           5     136.376     269.583           0     35.2906     21.8789
141           6     137.154     270.192           0     27.4476     14.3115
141           7     137.919     270.816           0     24.8245     11.5175
141           8     138.671     271.456           0     23.5138     12.1575
141           9     139.404     272.119           0     25.3301     14.2033
141          10     140.108     272.811           0     28.0733     17.1309
141          11     140.784     273.531           0     30.5807     20.1336
141          12     141.439      274.27           0     30.6467     23.9094
141          13     142.084     275.018           0     31.8167     24.8684
141          14     142.719     275.774           0     30.9013     24.9477
141          15      143.32     276.558           0     29.6384     24.4886
141          16     143.846     277.394           0     28.9984     24.6354
141          17     144.242     278.298           0     27.7184       26.14
141          18     144.466      279.26           0     26.9493     28.7938
141          19     144.553     280.244           0     28.1932     30.6587
141          20     144.594      281.23           0     34.3472     29.4721
141          21     144.671     282.215           0     44.7403     24.6762
141          22     144.796     283.195           0     52.2001     25.9566
#1
142           0     147.952     605.764           0     9.86479     7.35537
142           1     148.621     605.036           0     26.9532     2.73256
142           2     149.298     604.315           0     56.2933     1.65751
142           3      149.93     603.553           0     85.3854     2.15964
142           4     150.454     602.715           0     94.6448     2.03628
142           5     150.843     601.805           0      97.276     2.15945
142           6     151.135      600.86           0     93.1936      1.9471
142           7     151.392     599.905           0     87.2627     1.98527
142           8     151.644     598.949           0     84.3797     1.63803
142           9     151.913     597.997           0     83.9496     1.33773
142          10     152.209     597.054           0     81.1297     1.15359
142          11     152.534      596.12           0     78.9634     1.13573
142          12     152.899       595.2           0      82.028     1.23826
142          13       153.3     594.296           0     82.7568     1.15417
142          14     153.718       593.4           0     86.8599     1.31745
142          15     154.145     592.508           0      91.038     1.78459
142          16     154.564     591.612           0     89.2727     1.72366
142          17      154.98     590.715           0     90.0253     2.76516
142          18     155.403     589.821           0     81.0199      3.7268
142          19     155.841     588.934           0     77.6169     5.67623
142          20     156.304      588.06           0     75.6088     8.47366
142          21      156.79     587.199           0      79.622     11.6088
142          22     157.296     586.349           0     84.5334     16.5034
142          23     157.814     585.507           0     89.0401       21.51
142          24     158.344     584.671           0     87.6227     27.6093
142          25     158.886     583.844           0     87.2725     33.6378
142          26     159.449     583.031           0     82.1373     40.9921
142          27     160.023     582.226           0     78.8842     48.9167
142          28     160.605     581.426           0     69.3816     58.0689
#1
143           0     312.137     204.965           0     7.10139     7.13613
143           1     312.044     205.945           0     7.94757     5.88412
143           2     311.933     206.924           0     8.91842     5.01705
143           3     311.797     207.899           0     9.89892     4.92195
143           4     311.641     208.871           0     11.7424     5.53737
143           5     311.528     209.849           0     12.8495     6.50513
143           6     311.355     210.819           0     13.2909     8.14413
143           7     311.037     211.751           0     13.0092     9.55245
143           8     310.544     212.603           0     11.3375     7.49572
143           9     309.909     213.356           0     9.19741     4.88045
143          10     309.191      214.03           0     7.15521     3.41532
143          11     308.446     214.674           0     6.32634     2.62619
143          12     307.711     215.329           0     5.67103     2.02168
143          13     307.008     216.019           0     4.98126     1.43871
143          14     306.345     216.747           0      4.7421     1.13608
143          15     305.717     217.506           0     4.49431     1.09283
143          16      305.11     218.281           0     4.24991     1.20923
143          17     304.505     219.058           0     5.02853     1.18233
143          18     303.884     219.822           0     5.80115     1.55784
143          19     303.237     220.564           0     6.99507     2.50505
143          20     302.557     221.277           0       9.119     3.73484
143          21     301.845     221.957           0      12.323      5.9542
143          22     301.126      222.63           0     18.7948     10.3315
143          23     300.398     223.293           0     28.4591      18.636
143          24     299.693     223.981           0     38.3517      30.434
143          25     299.047     224.724           0     41.6199     43.3897
[209.738, 213.473, 0]
[230.122, 208.742, 0]
[244.156, 209.154, 0]
[255.11, 210.473, 0]
[261.125, 210.767, 0]
[272.059, 212.194, 0]
[284.983, 226.348, 0]
[132.159, 267.045, 0]
[134.737, 256.923, 0]
[157.479, 235.632, 0]
[166.788, 232.077, 0]
[171.798, 232.338, 0]
[206.849, 225.013, 0]
[223.232, 226.045, 0]
[127.577, 274.011, 0]
[144.796, 283.195, 0]
[156.556, 288.683, 0]
[173.841, 293.729, 0]
[179.876, 298.115, 0]
[187.135, 304.159, 0]
[205.069, 315.434, 0]
[214.484, 168.202, 0]
[222.332, 161.196, 0]
[235.135, 143.392, 0]
[244.093, 119.08, 0]
[247.201, 103.066, 0]
[294.556, 79.9935, 0]
[183.392, 499.184, 0]
[190.676, 491.183, 0]
[220.569, 477.843, 0]
[226.757, 472.053, 0]
[230.81, 470.083, 0]
[245.989, 463.904, 0]
[259.889, 463.001, 0]
[287.444, 430.979, 0]
[290.655, 422.314, 0]
[290.512, 405.845, 0]
[150.143, 157.814, 0]
[146.647, 165.012, 0]
[108.163, 214.535, 0]
[103.069, 223.884, 0]
[108.572, 227.382, 0]
[151.806, 216.699, 0]
[157.925, 218.831, 0]
[223.556, 200.031, 0]
[256.28, 174.497, 0]
[272.89, 159.415, 0]
[285.892, 154.994, 0]
[309.789, 150.547, 0]
[318.634, 149.56, 0]
[337.119, 158.861, 0]
[349.861, 164.373, 0]
[356.646, 211.417, 0]
[50.6265, 336.73, 0]
[56.5199, 319.804, 0]
[96.751, 393.812, 0]
[134.023, 425.238, 0]
[145.993, 434.737, 0]
[168.706, 203.638, 0]
[181.891, 189.968, 0]
[187.878, 189.174, 0]
[196.766, 190.682, 0]
[214.132, 193.492, 0]
[248.67, 159.727, 0]
[286.967, 145.324, 0]
[292.698, 143.498, 0]
[306.684, 142.112, 0]
[55.9924, 240.865, 0]
[63.8009, 236.531, 0]
[263.031, 237.274, 0]
[283.79, 233.229, 0]
[293.11, 235.245, 0]
[302.833, 232.727, 0]
[314.465, 235.93, 0]
[143.39, 159.073, 0]
[156.997, 128.597, 0]
[175.254, 101.154, 0]
[207.872, 95.7312, 0]
[216.455, 81.9194, 0]
[194.216, 503.042, 0]
[214.192, 504.087, 0]
[219.972, 502.757, 0]
[226.22, 500.496, 0]
[233.171, 497.707, 0]
[238.609, 490.089, 0]
[58.9738, 302.718, 0]
[60.3669, 297.909, 0]
[65.2995, 282, 0]
[72.3541, 265.721, 0]
[83.2337, 258.303, 0]
[117.365, 236.158, 0]
[222.953, 293.115, 0]
[234.982, 282.504, 0]
[241.297, 275.157, 0]
[257.643, 281.131, 0]
[345.196, 237.341, 0]
[330.425, 223.516, 0]
[322.96, 217.349, 0]
[323.26, 206.241, 0]
[333.697, 202.557, 0]
[94.7931, 542.137, 0]
[98.6274, 570.499, 0]
[108.156, 570.344, 0]
[118.561, 568.766, 0]
[311.704, 211.532, 0]
[65.4407, 318.147, 0]
[78.2848, 321.38, 0]
[155.758, 320.016, 0]
[164.859, 306.883, 0]
[171.815, 306.545, 0]
[284.719, 290.619, 0]
[288.663, 308.532, 0]
[299.244, 318.521, 0]
[293.297, 326.473, 0]
[286.014, 330.784, 0]
[225.934, 380.217, 0]
[236.715, 366.644, 0]
[260.981, 367.85, 0]
[246.319, 389.91, 0]
[229.671, 384.408, 0]
[171.882, 492.545, 0]
[215.009, 397.317, 0]
[191.219, 408.563, 0]
[175.946, 431.828, 0]
[163.102, 468.701, 0]
[161.032, 482.18, 0]
[82.1857, 250.443, 0]
[234.841, 234.641, 0]
[252.238, 235.364, 0]
[69.1122, 338.176, 0]
[74.9701, 348.907, 0]
[78.6709, 372.507, 0]
[75.6368, 446.735, 0]
[252.232, 445.552, 0]
[229.411, 412.506, 0]
[233.497, 406.837, 0]
[239.827, 399.153, 0]
[226.351, 303.668, 0]
[236.304, 299.419, 0]
[250.079, 300.058, 0]
[257.404, 297.583, 0]
[257.768, 286.871, 0]
[86.954, 492.022, 0]
[268.372, 201.484, 0]
[283.741, 192.292, 0]
[292.472, 187.384, 0]
[301.816, 125.929, 0]
[294.425, 241.942, 0]
[305.959, 241.571, 0]
[316.391, 242.697, 0]
[311.258, 257.848, 0]
[307.884, 255.685, 0]
[296.956, 254.725, 0]
[287.663, 251.564, 0]
[275.883, 245.987, 0]
[224.326, 187.119, 0]
[243.89, 172.804, 0]
[267.856, 312.298, 0]
[46.4397, 320.944, 0]
[108.3, 317.287, 0]
[160.338, 544.213, 0]
[173.579, 519.664, 0]
[194.029, 519.893, 0]
[202.817, 522.99, 0]
[191.13, 535.811, 0]
[127.869, 497.675, 0]
[127.069, 505.038, 0]
[128.557, 509.767, 0]
[133.079, 525.713, 0]
[135.094, 581.062, 0]
[113, 253.557, 0]
[207.779, 462.78, 0]
[263.993, 401.116, 0]
[261.562, 406.593, 0]
[260.927, 411.574, 0]
[254.619, 438.949, 0]
[158.527, 616.536, 0]
[165.915, 583.3, 0]
[165.578, 554.626, 0]
[146.771, 463.338, 0]
[152.673, 465.308, 0]
[152.755, 539.14, 0]
[193.071, 584.005, 0]
[208.839, 565.049, 0]
[228.089, 510.276, 0]
[204.981, 277.52, 0]
[216.396, 285.626, 0]
[117.982, 272.119, 0]
[235.613, 347.687, 0]
[114.09, 486.893, 0]
[272.766, 126.456, 0]
[224.08, 246.172, 0]
[91.0592, 440.138, 0]
[239.353, 316.868, 0]
[234.418, 323.198, 0]
[206.058, 362.897, 0]
[361.777, 215.061, 0]
[151.999, 455.774, 0]
[167.03, 430.181, 0]
[197.29, 366.38, 0]
[192.881, 152.594, 0]
[312.942, 336.784, 0]
[308.771, 362.906, 0]
[315.888, 379.358, 0]
[318.434, 388.467, 0]
[155.746, 428.311, 0]
[152.797, 439.836, 0]
[217.815, 355.691, 0]
[288.135, 107.656, 0]
[106.565, 484.124, 0]
[189.457, 542.771, 0]
[310.802, 191.09, 0]
[76.0757, 292.817, 0]
[80.5566, 305.43, 0]
[93.6244, 430.453, 0]
[215.542, 322.631, 0]
[254.91, 252.815, 0]
[252.416, 259.241, 0]
[287.877, 216.138, 0]
[156.738, 500.637, 0]
[159.594, 517.389, 0]
[299.047, 224.724, 0]
[304.813, 275.266, 0]
[306.144, 279.077, 0]
[260.292, 301.365, 0]
[235.539, 310.109, 0]
[85.0954, 378.006, 0]
[250.333, 247.391, 0]
[166.193, 167.14, 0]
[322.798, 154.474, 0]
[282.15, 262.354, 0]
[166.299, 505.071, 0]
[179.132, 507.687, 0]
[123.983, 444.217, 0]
[135.222, 454.268, 0]
[223.555, 486.618, 0]
[73.171, 284.658, 0]
[85.6103, 350.922, 0]
[244.125, 220.28, 0]
[251.027, 225.671, 0]
[162.389, 202.322, 0]
[158.45, 208.025, 0]
[285.987, 337.264, 0]
[149.123, 562.903, 0]
[207.851, 393.072, 0]
[107.214, 520.431, 0]
[196.312, 528.216, 0]
